solid OpenSCAD_Model
  facet normal -0.8660254037844387 -0.5000000000000001 0
    outer loop
      vertex -32.5 -12.990381056766578 394.8
      vertex -32.5 -12.990381056766578 395.8
      vertex -40 0 395.8
    endloop
  endfacet
  facet normal -0.7528749052599654 -0.43467252921795513 0.49420559423489335
    outer loop
      vertex -32.5 -12.990381056766578 395.8
      vertex -13.5 -5.196152422706632 431.6
      vertex -40 0 395.8
    endloop
  endfacet
  facet normal -0.8660254037844387 -0.5000000000000001 -5.921189464667503e-17
    outer loop
      vertex -32.5 -12.990381056766578 394.8
      vertex -40 0 395.8
      vertex -40 0 394.8
    endloop
  endfacet
  facet normal -0.7528749052599655 -0.4346725292179549 0.49420559423489335
    outer loop
      vertex -40 0 395.8
      vertex -13.5 -5.196152422706632 431.6
      vertex -16.5 0 431.6
    endloop
  endfacet
  facet normal -0.7528749052599655 0.4346725292179549 0.49420559423489335
    outer loop
      vertex -40 0 395.8
      vertex -16.5 0 431.6
      vertex -13.5 5.196152422706632 431.6
    endloop
  endfacet
  facet normal 0 -1 0
    outer loop
      vertex -32.5 -12.990381056766578 394.8
      vertex 32.5 -12.990381056766578 395.8
      vertex -32.5 -12.990381056766578 395.8
    endloop
  endfacet
  facet normal 0 -0.9771104826470156 0.21273247213652235
    outer loop
      vertex -32.5 -12.990381056766578 395.8
      vertex 32.5 -12.990381056766578 395.8
      vertex -13.5 -5.196152422706632 431.6
    endloop
  endfacet
  facet normal 0 0 1
    outer loop
      vertex -13.5 -5.196152422706632 431.6
      vertex -15.879919137466292 -0.5343328840970449 431.6
      vertex -16.5 0 431.6
    endloop
  endfacet
  facet normal 0 0 1
    outer loop
      vertex -13.5 -5.196152422706632 431.6
      vertex -15.45 -0.8100000000000002 431.6
      vertex -15.879919137466292 -0.5343328840970449 431.6
    endloop
  endfacet
  facet normal 0 0 1
    outer loop
      vertex -13.5 -5.196152422706632 431.6
      vertex -5.549999999999999 -0.8100000000000002 431.6
      vertex -15.45 -0.8100000000000002 431.6
    endloop
  endfacet
  facet normal 0 0 1
    outer loop
      vertex -16.5 0 431.6
      vertex -15.879919137466292 -0.5343328840970449 431.6
      vertex -15.879919137466295 1.0676549865229037 431.6
    endloop
  endfacet
  facet normal 0 0 1
    outer loop
      vertex -16.5 0 431.6
      vertex -15.879919137466295 1.0676549865229037 431.6
      vertex -13.5 5.196152422706632 431.6
    endloop
  endfacet
  facet normal 0 0 1
    outer loop
      vertex -13.5 -5.196152422706632 431.6
      vertex -4.275 -1.08 431.6
      vertex -5.549999999999999 -0.8100000000000002 431.6
    endloop
  endfacet
  facet normal 0 0 1
    outer loop
      vertex -13.5 -5.196152422706632 431.6
      vertex 13.5 -5.196152422706632 431.6
      vertex -4.275 -1.08 431.6
    endloop
  endfacet
  facet normal 0 0 1
    outer loop
      vertex -5.549999999999999 -0.8100000000000002 431.6
      vertex -4.275 1.3296495956873262 431.6
      vertex -5.549999999999999 0.8100000000000002 431.6
    endloop
  endfacet
  facet normal 0 0 1
    outer loop
      vertex -5.549999999999999 0.8100000000000002 431.6
      vertex -4.275 1.3296495956873262 431.6
      vertex -5.979919137466293 1.0676549865229035 431.6
    endloop
  endfacet
  facet normal 0 0 1
    outer loop
      vertex -5.549999999999999 -0.8100000000000002 431.6
      vertex -4.275 -1.08 431.6
      vertex -4.275 1.3296495956873262 431.6
    endloop
  endfacet
  facet normal -0.8660254037844387 0.5000000000000001 0
    outer loop
      vertex -40 0 394.8
      vertex -40 0 395.8
      vertex -32.5 12.990381056766578 394.8
    endloop
  endfacet
  facet normal -0.8660254037844387 0.5000000000000001 5.921189464667503e-17
    outer loop
      vertex -40 0 395.8
      vertex -32.5 12.990381056766578 395.8
      vertex -32.5 12.990381056766578 394.8
    endloop
  endfacet
  facet normal -0.7528749052599654 0.43467252921795513 0.49420559423489335
    outer loop
      vertex -40 0 395.8
      vertex -13.5 5.196152422706632 431.6
      vertex -32.5 12.990381056766578 395.8
    endloop
  endfacet
  facet normal 0 1 0
    outer loop
      vertex -32.5 12.990381056766578 394.8
      vertex -32.5 12.990381056766578 395.8
      vertex -29.95 12.990381056766578 394.8
    endloop
  endfacet
  facet normal 0 1 0
    outer loop
      vertex -32.5 12.990381056766578 395.8
      vertex -20.05 12.990381056766578 394.8
      vertex -29.95 12.990381056766578 394.8
    endloop
  endfacet
  facet normal 0 0 1
    outer loop
      vertex -13.5 5.196152422706632 431.6
      vertex -15.879919137466295 1.0676549865229037 431.6
      vertex -5.979919137466293 1.0676549865229035 431.6
    endloop
  endfacet
  facet normal 0 0 1
    outer loop
      vertex -13.5 5.196152422706632 431.6
      vertex -5.979919137466293 1.0676549865229035 431.6
      vertex -4.275 1.3296495956873262 431.6
    endloop
  endfacet
  facet normal 0 0 1
    outer loop
      vertex -13.5 5.196152422706632 431.6
      vertex -4.275 1.3296495956873262 431.6
      vertex 4.275 1.329649595687324 431.6
    endloop
  endfacet
  facet normal 0 1 0
    outer loop
      vertex -4.275 12.990381056766578 394.8
      vertex -20.05 12.990381056766578 394.8
      vertex -32.5 12.990381056766578 395.8
    endloop
  endfacet
  facet normal 0 1 0
    outer loop
      vertex -4.275 12.990381056766578 394.8
      vertex -32.5 12.990381056766578 395.8
      vertex 4.275 12.990381056766578 394.8
    endloop
  endfacet
  facet normal 1.899636424808697e-17 0.9771104826470155 0.21273247213652235
    outer loop
      vertex -32.5 12.990381056766578 395.8
      vertex -13.5 5.196152422706632 431.6
      vertex 21.4 12.860145187190907 396.3981918608898
    endloop
  endfacet
  facet normal 0 1 0
    outer loop
      vertex 21.4 12.990381056766578 394.8
      vertex 4.275 12.990381056766578 394.8
      vertex -32.5 12.990381056766578 395.8
    endloop
  endfacet
  facet normal 0 -1 0
    outer loop
      vertex -32.5 -12.990381056766578 394.8
      vertex 32.5 -12.990381056766578 394.8
      vertex 32.5 -12.990381056766578 395.8
    endloop
  endfacet
  facet normal 0 -0.9771104826470155 0.21273247213652233
    outer loop
      vertex -13.5 -5.196152422706632 431.6
      vertex 32.5 -12.990381056766578 395.8
      vertex 13.5 -5.196152422706632 431.6
    endloop
  endfacet
  facet normal 0 0 1
    outer loop
      vertex 13.5 -5.196152422706632 431.6
      vertex 4.275 -1.08 431.6
      vertex -4.275 -1.08 431.6
    endloop
  endfacet
  facet normal 0 0 1
    outer loop
      vertex 13.5 -5.196152422706632 431.6
      vertex 6.9 -0.8100000000000002 431.6
      vertex 4.275 -1.08 431.6
    endloop
  endfacet
  facet normal 0 0 1
    outer loop
      vertex 4.275 -1.08 431.6
      vertex 6.9 -0.8100000000000002 431.6
      vertex 6.9 0.8100000000000002 431.6
    endloop
  endfacet
  facet normal 0 0 1
    outer loop
      vertex 4.275 1.329649595687324 431.6
      vertex 4.275 -1.08 431.6
      vertex 6.9 0.8100000000000002 431.6
    endloop
  endfacet
  facet normal 0 0 1
    outer loop
      vertex 4.275 1.329649595687324 431.6
      vertex 6.9 0.8100000000000002 431.6
      vertex 7.329919137466295 1.0676549865229032 431.6
    endloop
  endfacet
  facet normal 0 0 1
    outer loop
      vertex 13.5 -5.196152422706632 431.6
      vertex 14.100000000000001 -0.8100000000000002 431.6
      vertex 6.9 -0.8100000000000002 431.6
    endloop
  endfacet
  facet normal 0 0 1
    outer loop
      vertex 13.5 -5.196152422706632 431.6
      vertex 14.529919137466296 -0.5343328840970436 431.6
      vertex 14.100000000000001 -0.8100000000000002 431.6
    endloop
  endfacet
  facet normal 0 0 1
    outer loop
      vertex 13.5 -5.196152422706632 431.6
      vertex 16.5 0 431.6
      vertex 14.529919137466296 -0.5343328840970436 431.6
    endloop
  endfacet
  facet normal 0 0 1
    outer loop
      vertex 16.5 0 431.6
      vertex 13.5 5.196152422706632 431.6
      vertex 14.529919137466292 1.0676549865229013 431.6
    endloop
  endfacet
  facet normal 0 0 1
    outer loop
      vertex 16.5 0 431.6
      vertex 14.529919137466292 1.0676549865229013 431.6
      vertex 14.529919137466296 -0.5343328840970436 431.6
    endloop
  endfacet
  facet normal 0.7528749052599655 -0.434672529217955 0.49420559423489335
    outer loop
      vertex 13.5 -5.196152422706632 431.6
      vertex 32.5 -12.990381056766578 395.8
      vertex 16.5 0 431.6
    endloop
  endfacet
  facet normal 0.8660254037844387 -0.5000000000000001 0
    outer loop
      vertex 32.5 -12.990381056766578 394.8
      vertex 40 0 395.8
      vertex 32.5 -12.990381056766578 395.8
    endloop
  endfacet
  facet normal 0.7528749052599654 -0.43467252921795513 0.49420559423489335
    outer loop
      vertex 16.5 0 431.6
      vertex 32.5 -12.990381056766578 395.8
      vertex 40 0 395.8
    endloop
  endfacet
  facet normal 0.7528749052599655 0.434672529217955 0.49420559423489335
    outer loop
      vertex 16.5 0 431.6
      vertex 40 0 395.8
      vertex 13.5 5.196152422706632 431.6
    endloop
  endfacet
  facet normal 0.8660254037844387 -0.5000000000000001 5.921189464667503e-17
    outer loop
      vertex 32.5 -12.990381056766578 394.8
      vertex 40 0 394.8
      vertex 40 0 395.8
    endloop
  endfacet
  facet normal 0 0 1
    outer loop
      vertex -13.5 5.196152422706632 431.6
      vertex 4.275 1.329649595687324 431.6
      vertex 13.5 5.196152422706632 431.6
    endloop
  endfacet
  facet normal 0 0 1
    outer loop
      vertex 13.5 5.196152422706632 431.6
      vertex 4.275 1.329649595687324 431.6
      vertex 7.329919137466295 1.0676549865229032 431.6
    endloop
  endfacet
  facet normal 0 0 1
    outer loop
      vertex 13.5 5.196152422706632 431.6
      vertex 7.329919137466295 1.0676549865229032 431.6
      vertex 14.529919137466292 1.0676549865229013 431.6
    endloop
  endfacet
  facet normal 0 0.9771104826470155 0.21273247213652233
    outer loop
      vertex -13.5 5.196152422706632 431.6
      vertex 13.5 5.196152422706632 431.6
      vertex 32.5 12.990381056766578 395.8
    endloop
  endfacet
  facet normal 0 0.9771104826470152 0.212732472136524
    outer loop
      vertex -32.5 12.990381056766578 395.8
      vertex 21.4 12.860145187190907 396.3981918608898
      vertex 21.4 12.990381056766578 395.8
    endloop
  endfacet
  facet normal 0 1 0
    outer loop
      vertex -32.5 12.990381056766578 395.8
      vertex 21.4 12.990381056766578 395.8
      vertex 21.4 12.990381056766578 394.8
    endloop
  endfacet
  facet normal 1.6217283765311082e-17 0.9771104826470157 0.21273247213652224
    outer loop
      vertex -13.5 5.196152422706632 431.6
      vertex 28.6 12.860145187190907 396.3981918608898
      vertex 21.4 12.860145187190907 396.3981918608898
    endloop
  endfacet
  facet normal -4.842694208748006e-16 0.9771104826470157 0.21273247213652177
    outer loop
      vertex -13.5 5.196152422706632 431.6
      vertex 32.5 12.990381056766578 395.8
      vertex 28.6 12.860145187190907 396.3981918608898
    endloop
  endfacet
  facet normal 0.7528749052599654 0.43467252921795513 0.49420559423489335
    outer loop
      vertex 40 0 395.8
      vertex 32.5 12.990381056766578 395.8
      vertex 13.5 5.196152422706632 431.6
    endloop
  endfacet
  facet normal 0.8660254037844387 0.5000000000000001 0
    outer loop
      vertex 40 0 394.8
      vertex 32.5 12.990381056766578 395.8
      vertex 40 0 395.8
    endloop
  endfacet
  facet normal 0.8660254037844387 0.5000000000000001 -5.921189464667503e-17
    outer loop
      vertex 40 0 394.8
      vertex 32.5 12.990381056766578 394.8
      vertex 32.5 12.990381056766578 395.8
    endloop
  endfacet
  facet normal 0 0.9771104826470154 0.21273247213652405
    outer loop
      vertex 32.5 12.990381056766578 395.8
      vertex 28.6 12.990381056766578 395.8
      vertex 28.6 12.860145187190907 396.3981918608898
    endloop
  endfacet
  facet normal 0 1 0
    outer loop
      vertex 32.5 12.990381056766578 394.8
      vertex 28.6 12.990381056766578 394.8
      vertex 28.6 12.990381056766578 395.8
    endloop
  endfacet
  facet normal 0 1 0
    outer loop
      vertex 32.5 12.990381056766578 394.8
      vertex 28.6 12.990381056766578 395.8
      vertex 32.5 12.990381056766578 395.8
    endloop
  endfacet
  facet normal 0 0 -1
    outer loop
      vertex -32.5 -12.990381056766578 0
      vertex -33.89918693812442 -6.465637775217204 0
      vertex -32.36043666994744 -8.174593080251336 0
    endloop
  endfacet
  facet normal 0 0 -1
    outer loop
      vertex -32.5 -12.990381056766578 0
      vertex -32.36043666994744 -8.174593080251336 0
      vertex -30.5 -9.526279441628825 0
    endloop
  endfacet
  facet normal 0 0 -1
    outer loop
      vertex -32.5 -12.990381056766578 0
      vertex -30.5 -9.526279441628825 0
      vertex -28.399186938124423 -10.461621679246688 0
    endloop
  endfacet
  facet normal 0 0 -1
    outer loop
      vertex -32.5 -12.990381056766578 0
      vertex -40 0 0
      vertex -33.89918693812442 -6.465637775217204 0
    endloop
  endfacet
  facet normal 0 0 -1
    outer loop
      vertex -32.5 -12.990381056766578 0
      vertex -28.399186938124423 -10.461621679246688 0
      vertex -26.14981309594419 -10.939740849051006 0
    endloop
  endfacet
  facet normal 0 0 -1
    outer loop
      vertex -32.5 -12.990381056766578 0
      vertex -26.14981309594419 -10.939740849051006 0
      vertex -23.85018690405581 -10.939740849051006 0
    endloop
  endfacet
  facet normal 0 0 -1
    outer loop
      vertex -32.5 -12.990381056766578 0
      vertex -23.85018690405581 -10.939740849051006 0
      vertex -21.600813061875577 -10.461621679246688 0
    endloop
  endfacet
  facet normal 0 0 -1
    outer loop
      vertex -40 0 0
      vertex -35.04900003406861 -4.474103073833803 0
      vertex -33.89918693812442 -6.465637775217204 0
    endloop
  endfacet
  facet normal 0 0 -1
    outer loop
      vertex -40 0 0
      vertex -35.75962360807186 -2.2870285989953527 0
      vertex -35.04900003406861 -4.474103073833803 0
    endloop
  endfacet
  facet normal 0 0 -1
    outer loop
      vertex -40 0 0
      vertex -36 0 0
      vertex -35.75962360807186 -2.2870285989953527 0
    endloop
  endfacet
  facet normal 0 0 -1
    outer loop
      vertex -40 0 0
      vertex -35.75962360807186 2.2870285989953527 0
      vertex -36 0 0
    endloop
  endfacet
  facet normal 0 0 -1
    outer loop
      vertex -40 0 0
      vertex -35.04900003406861 4.474103073833803 0
      vertex -35.75962360807186 2.2870285989953527 0
    endloop
  endfacet
  facet normal -0.8660254037844386 -0.5 -1.499794697230877e-19
    outer loop
      vertex -32.5 -12.990381056766578 0
      vertex -40 0 394.8
      vertex -40 0 0
    endloop
  endfacet
  facet normal 0 0 -1
    outer loop
      vertex -32.5 -12.990381056766578 0
      vertex -21.600813061875577 -10.461621679246688 0
      vertex -2.9356614465620003 -9.035036904803958 0
    endloop
  endfacet
  facet normal 0 0 -1
    outer loop
      vertex -21.600813061875577 -10.461621679246688 0
      vertex -19.5 -9.526279441628825 0
      vertex -2.9356614465620003 -9.035036904803958 0
    endloop
  endfacet
  facet normal 0 0 -1
    outer loop
      vertex -32.5 -12.990381056766578 0
      vertex -2.9356614465620003 -9.035036904803958 0
      vertex -0.993020401042708 -9.447958005998597 0
    endloop
  endfacet
  facet normal 0 0 -1
    outer loop
      vertex -32.5 -12.990381056766578 0
      vertex -0.993020401042708 -9.447958005998597 0
      vertex 0.993020401042708 -9.447958005998597 0
    endloop
  endfacet
  facet normal 0 0 -1
    outer loop
      vertex -19.5 -9.526279441628825 0
      vertex -17.63956333005256 -8.174593080251336 0
      vertex -4.75 -8.227241335952167 0
    endloop
  endfacet
  facet normal 0 0 -1
    outer loop
      vertex -17.63956333005256 -8.174593080251336 0
      vertex -16.100813061875577 -6.465637775217204 0
      vertex -6.356740760409153 -7.059875842035245 0
    endloop
  endfacet
  facet normal 0 0 -1
    outer loop
      vertex -14.950999965931391 -4.474103073833803 0
      vertex -7.685661446562001 -5.583959896778495 0
      vertex -16.100813061875577 -6.465637775217204 0
    endloop
  endfacet
  facet normal 0 0 -1
    outer loop
      vertex -16.100813061875577 -6.465637775217204 0
      vertex -7.685661446562001 -5.583959896778495 0
      vertex -6.356740760409153 -7.059875842035245 0
    endloop
  endfacet
  facet normal 0 0 -1
    outer loop
      vertex -19.5 -9.526279441628825 0
      vertex -4.75 -8.227241335952167 0
      vertex -2.9356614465620003 -9.035036904803958 0
    endloop
  endfacet
  facet normal 0 0 -1
    outer loop
      vertex -17.63956333005256 -8.174593080251336 0
      vertex -6.356740760409153 -7.059875842035245 0
      vertex -4.75 -8.227241335952167 0
    endloop
  endfacet
  facet normal 0 -1 0
    outer loop
      vertex -32.5 -12.990381056766578 0
      vertex 32.5 -12.990381056766578 0
      vertex -32.5 -12.990381056766578 394.8
    endloop
  endfacet
  facet normal 0 0 -1
    outer loop
      vertex -8.678681847604707 -3.863998109220102 0
      vertex -14.950999965931391 -4.474103073833803 0
      vertex -14.240376391928137 -2.2870285989953527 0
    endloop
  endfacet
  facet normal 0 0 -1
    outer loop
      vertex -14.950999965931391 -4.474103073833803 0
      vertex -8.678681847604707 -3.863998109220102 0
      vertex -7.685661446562001 -5.583959896778495 0
    endloop
  endfacet
  facet normal 0 0 -1
    outer loop
      vertex -8.678681847604707 -3.863998109220102 0
      vertex -14.240376391928137 -2.2870285989953527 0
      vertex -9.292402206971154 -1.9751610627687137 0
    endloop
  endfacet
  facet normal 0 0 -1
    outer loop
      vertex -14.240376391928137 -2.2870285989953527 0
      vertex -14 0 0
      vertex -9.292402206971154 -1.9751610627687137 0
    endloop
  endfacet
  facet normal 0 0 -1
    outer loop
      vertex -14 0 0
      vertex -9.5 0 0
      vertex -9.292402206971154 -1.9751610627687137 0
    endloop
  endfacet
  facet normal 0 0 -1
    outer loop
      vertex -14 0 0
      vertex -14.240376391928137 2.2870285989953527 0
      vertex -9.5 0 0
    endloop
  endfacet
  facet normal 0 0 -1
    outer loop
      vertex -14.240376391928137 2.2870285989953527 0
      vertex -9.292402206971154 1.9751610627687137 0
      vertex -9.5 0 0
    endloop
  endfacet
  facet normal -0.8660254037844386 -0.5 0
    outer loop
      vertex -32.5 -12.990381056766578 0
      vertex -32.5 -12.990381056766578 394.8
      vertex -40 0 394.8
    endloop
  endfacet
  facet normal 0 0 -1
    outer loop
      vertex -40 0 0
      vertex -32.5 12.990381056766578 0
      vertex -35.04900003406861 4.474103073833803 0
    endloop
  endfacet
  facet normal 0 0 -1
    outer loop
      vertex -32.5 12.990381056766578 0
      vertex -33.89918693812442 6.465637775217204 0
      vertex -35.04900003406861 4.474103073833803 0
    endloop
  endfacet
  facet normal 0 0 -1
    outer loop
      vertex -32.5 12.990381056766578 0
      vertex -32.36043666994744 8.174593080251336 0
      vertex -33.89918693812442 6.465637775217204 0
    endloop
  endfacet
  facet normal -0.8660254037844386 0.5 1.499794697230877e-19
    outer loop
      vertex -40 0 0
      vertex -32.5 12.990381056766578 394.8
      vertex -32.5 12.990381056766578 0
    endloop
  endfacet
  facet normal 0 0 -1
    outer loop
      vertex -32.5 12.990381056766578 0
      vertex -30.5 9.526279441628825 0
      vertex -32.36043666994744 8.174593080251336 0
    endloop
  endfacet
  facet normal 0 0 -1
    outer loop
      vertex -32.5 12.990381056766578 0
      vertex -28.399186938124423 10.461621679246688 0
      vertex -30.5 9.526279441628825 0
    endloop
  endfacet
  facet normal 0 0 -1
    outer loop
      vertex -32.5 12.990381056766578 0
      vertex -26.14981309594419 10.939740849051006 0
      vertex -28.399186938124423 10.461621679246688 0
    endloop
  endfacet
  facet normal 0 0 -1
    outer loop
      vertex -32.5 12.990381056766578 0
      vertex -23.85018690405581 10.939740849051006 0
      vertex -26.14981309594419 10.939740849051006 0
    endloop
  endfacet
  facet normal 0 1 0
    outer loop
      vertex -32.5 12.990381056766578 0
      vertex -32.5 12.990381056766578 394.8
      vertex -3.42351660256832 12.990381056766578 200.39230908213784
    endloop
  endfacet
  facet normal 0 0 -1
    outer loop
      vertex -14.240376391928137 2.2870285989953527 0
      vertex -14.950999965931391 4.474103073833803 0
      vertex -8.678681847604707 3.863998109220102 0
    endloop
  endfacet
  facet normal 0 0 -1
    outer loop
      vertex -14.240376391928137 2.2870285989953527 0
      vertex -8.678681847604707 3.863998109220102 0
      vertex -9.292402206971154 1.9751610627687137 0
    endloop
  endfacet
  facet normal 0 0 -1
    outer loop
      vertex -14.950999965931391 4.474103073833803 0
      vertex -16.100813061875577 6.465637775217204 0
      vertex -7.685661446562001 5.583959896778495 0
    endloop
  endfacet
  facet normal 0 0 -1
    outer loop
      vertex -14.950999965931391 4.474103073833803 0
      vertex -7.685661446562001 5.583959896778495 0
      vertex -8.678681847604707 3.863998109220102 0
    endloop
  endfacet
  facet normal 0 0 -1
    outer loop
      vertex -17.63956333005256 8.174593080251336 0
      vertex -6.356740760409153 7.059875842035245 0
      vertex -16.100813061875577 6.465637775217204 0
    endloop
  endfacet
  facet normal 0 0 -1
    outer loop
      vertex -16.100813061875577 6.465637775217204 0
      vertex -6.356740760409153 7.059875842035245 0
      vertex -7.685661446562001 5.583959896778495 0
    endloop
  endfacet
  facet normal 0 0 -1
    outer loop
      vertex -17.63956333005256 8.174593080251336 0
      vertex -19.5 9.526279441628825 0
      vertex -4.75 8.227241335952167 0
    endloop
  endfacet
  facet normal 0 0 -1
    outer loop
      vertex -21.600813061875577 10.461621679246688 0
      vertex -2.9356614465620003 9.035036904803958 0
      vertex -19.5 9.526279441628825 0
    endloop
  endfacet
  facet normal 0 0 -1
    outer loop
      vertex -17.63956333005256 8.174593080251336 0
      vertex -4.75 8.227241335952167 0
      vertex -6.356740760409153 7.059875842035245 0
    endloop
  endfacet
  facet normal 0 0 -1
    outer loop
      vertex -19.5 9.526279441628825 0
      vertex -2.9356614465620003 9.035036904803958 0
      vertex -4.75 8.227241335952167 0
    endloop
  endfacet
  facet normal 0 0 -1
    outer loop
      vertex -32.5 12.990381056766578 0
      vertex -2.9356614465620003 9.035036904803958 0
      vertex -23.85018690405581 10.939740849051006 0
    endloop
  endfacet
  facet normal 0 0 -1
    outer loop
      vertex -23.85018690405581 10.939740849051006 0
      vertex -2.9356614465620003 9.035036904803958 0
      vertex -21.600813061875577 10.461621679246688 0
    endloop
  endfacet
  facet normal 0 0 -1
    outer loop
      vertex -32.5 12.990381056766578 0
      vertex -0.993020401042708 9.447958005998597 0
      vertex -2.9356614465620003 9.035036904803958 0
    endloop
  endfacet
  facet normal 0 0 -1
    outer loop
      vertex -32.5 12.990381056766578 0
      vertex 0.993020401042708 9.447958005998597 0
      vertex -0.993020401042708 9.447958005998597 0
    endloop
  endfacet
  facet normal 0 1 0
    outer loop
      vertex -32.5 12.990381056766578 0
      vertex -3.197409101749103 12.990381056766578 50.4664217492347
      vertex -2.831559480312316 12.990381056766578 49.832751616976346
    endloop
  endfacet
  facet normal 0 1 0
    outer loop
      vertex -32.5 12.990381056766578 0
      vertex -2.831559480312316 12.990381056766578 49.832751616976346
      vertex -2.341957122256004 12.990381056766578 49.28899311082912
    endloop
  endfacet
  facet normal 0 1 0
    outer loop
      vertex -32.5 12.990381056766578 0
      vertex -3.5 12.990381056766578 51.89
      vertex -3.42351660256832 12.990381056766578 51.162309082137845
    endloop
  endfacet
  facet normal 0 1 0
    outer loop
      vertex -32.5 12.990381056766578 0
      vertex -3.42351660256832 12.990381056766578 52.617690917862156
      vertex -3.5 12.990381056766578 51.89
    endloop
  endfacet
  facet normal 0 1 0
    outer loop
      vertex -32.5 12.990381056766578 0
      vertex -3.42351660256832 12.990381056766578 51.162309082137845
      vertex -3.197409101749103 12.990381056766578 50.4664217492347
    endloop
  endfacet
  facet normal 0 1 0
    outer loop
      vertex -32.5 12.990381056766578 0
      vertex -2.341957122256004 12.990381056766578 49.28899311082912
      vertex -1.75 12.990381056766578 48.85891108675447
    endloop
  endfacet
  facet normal 0 1 0
    outer loop
      vertex -32.5 12.990381056766578 0
      vertex -1.75 12.990381056766578 48.85891108675447
      vertex -1.0815594803123159 12.990381056766578 48.56130219296696
    endloop
  endfacet
  facet normal 0 1 0
    outer loop
      vertex -32.5 12.990381056766578 0
      vertex -1.0815594803123159 12.990381056766578 48.56130219296696
      vertex -0.3658496214367871 12.990381056766578 48.40917336621104
    endloop
  endfacet
  facet normal 0 1 0
    outer loop
      vertex -32.5 12.990381056766578 0
      vertex -0.3658496214367871 12.990381056766578 48.40917336621104
      vertex 0.3658496214367871 12.990381056766578 48.40917336621104
    endloop
  endfacet
  facet normal 0 1 0
    outer loop
      vertex -32.5 12.990381056766578 0
      vertex 0.3658496214367871 12.990381056766578 48.40917336621104
      vertex 1.0815594803123159 12.990381056766578 48.56130219296696
    endloop
  endfacet
  facet normal 0 1 0
    outer loop
      vertex -32.5 12.990381056766578 0
      vertex -3.42351660256832 12.990381056766578 109.73230908213783
      vertex -3.42351660256832 12.990381056766578 52.617690917862156
    endloop
  endfacet
  facet normal 0 1 0
    outer loop
      vertex -32.5 12.990381056766578 0
      vertex -3.5 12.990381056766578 110.46
      vertex -3.42351660256832 12.990381056766578 109.73230908213783
    endloop
  endfacet
  facet normal 0 1 0
    outer loop
      vertex -32.5 12.990381056766578 0
      vertex -3.5 12.990381056766578 127.83
      vertex -3.5 12.990381056766578 110.46
    endloop
  endfacet
  facet normal 0 1 0
    outer loop
      vertex -32.5 12.990381056766578 0
      vertex -3.42351660256832 12.990381056766578 128.55769091786215
      vertex -3.5 12.990381056766578 127.83
    endloop
  endfacet
  facet normal 0 1 0
    outer loop
      vertex -32.5 12.990381056766578 0
      vertex -3.42351660256832 12.990381056766578 158.98230908213785
      vertex -3.42351660256832 12.990381056766578 128.55769091786215
    endloop
  endfacet
  facet normal 0 1 0
    outer loop
      vertex -32.5 12.990381056766578 0
      vertex -3.5 12.990381056766578 159.71
      vertex -3.42351660256832 12.990381056766578 158.98230908213785
    endloop
  endfacet
  facet normal 0 1 0
    outer loop
      vertex -32.5 12.990381056766578 0
      vertex -3.42351660256832 12.990381056766578 160.43769091786217
      vertex -3.5 12.990381056766578 159.71
    endloop
  endfacet
  facet normal 0 1 0
    outer loop
      vertex -32.5 12.990381056766578 0
      vertex 1.0815594803123159 12.990381056766578 48.56130219296696
      vertex 1.75 12.990381056766578 48.85891108675447
    endloop
  endfacet
  facet normal 0 1 0
    outer loop
      vertex -3.42351660256832 12.990381056766578 52.617690917862156
      vertex -3.197409101749103 12.990381056766578 109.03642174923469
      vertex -3.197409101749103 12.990381056766578 53.3135782507653
    endloop
  endfacet
  facet normal 0 1 0
    outer loop
      vertex -2.831559480312316 12.990381056766578 53.947248383023656
      vertex -3.197409101749103 12.990381056766578 53.3135782507653
      vertex -2.831559480312316 12.990381056766578 108.40275161697633
    endloop
  endfacet
  facet normal 0 1 0
    outer loop
      vertex -2.831559480312316 12.990381056766578 53.947248383023656
      vertex -2.341957122256004 12.990381056766578 107.85899311082912
      vertex -2.341957122256004 12.990381056766578 54.49100688917088
    endloop
  endfacet
  facet normal 0 1 0
    outer loop
      vertex -2.341957122256004 12.990381056766578 54.49100688917088
      vertex -1.75 12.990381056766578 107.42891108675445
      vertex -1.75 12.990381056766578 54.92108891324553
    endloop
  endfacet
  facet normal 0 1 0
    outer loop
      vertex -1.0815594803123159 12.990381056766578 107.13130219296696
      vertex -1.0815594803123159 12.990381056766578 55.21869780703304
      vertex -1.75 12.990381056766578 54.92108891324553
    endloop
  endfacet
  facet normal 0 1 0
    outer loop
      vertex -1.0815594803123159 12.990381056766578 55.21869780703304
      vertex -0.3658496214367871 12.990381056766578 106.97917336621104
      vertex -0.3658496214367871 12.990381056766578 55.37082663378896
    endloop
  endfacet
  facet normal 0 1 0
    outer loop
      vertex -3.42351660256832 12.990381056766578 52.617690917862156
      vertex -3.42351660256832 12.990381056766578 109.73230908213783
      vertex -3.197409101749103 12.990381056766578 109.03642174923469
    endloop
  endfacet
  facet normal 0 1 0
    outer loop
      vertex -3.197409101749103 12.990381056766578 53.3135782507653
      vertex -3.197409101749103 12.990381056766578 109.03642174923469
      vertex -2.831559480312316 12.990381056766578 108.40275161697633
    endloop
  endfacet
  facet normal 0 1 0
    outer loop
      vertex -2.831559480312316 12.990381056766578 53.947248383023656
      vertex -2.831559480312316 12.990381056766578 108.40275161697633
      vertex -2.341957122256004 12.990381056766578 107.85899311082912
    endloop
  endfacet
  facet normal 0 1 0
    outer loop
      vertex -2.341957122256004 12.990381056766578 54.49100688917088
      vertex -2.341957122256004 12.990381056766578 107.85899311082912
      vertex -1.75 12.990381056766578 107.42891108675445
    endloop
  endfacet
  facet normal 0 1 0
    outer loop
      vertex -1.75 12.990381056766578 54.92108891324553
      vertex -1.75 12.990381056766578 107.42891108675445
      vertex -1.0815594803123159 12.990381056766578 107.13130219296696
    endloop
  endfacet
  facet normal 0 1 0
    outer loop
      vertex -1.0815594803123159 12.990381056766578 55.21869780703304
      vertex -1.0815594803123159 12.990381056766578 107.13130219296696
      vertex -0.3658496214367871 12.990381056766578 106.97917336621104
    endloop
  endfacet
  facet normal 0 1 0
    outer loop
      vertex 0.3658496214367871 12.990381056766578 106.97917336621104
      vertex -0.3658496214367871 12.990381056766578 55.37082663378896
      vertex -0.3658496214367871 12.990381056766578 106.97917336621104
    endloop
  endfacet
  facet normal 0 1 0
    outer loop
      vertex -32.5 12.990381056766578 0
      vertex -3.42351660256832 12.990381056766578 173.59230908213783
      vertex -3.42351660256832 12.990381056766578 160.43769091786217
    endloop
  endfacet
  facet normal 0 1 0
    outer loop
      vertex -32.5 12.990381056766578 0
      vertex -3.5 12.990381056766578 174.32
      vertex -3.42351660256832 12.990381056766578 173.59230908213783
    endloop
  endfacet
  facet normal 0 1 0
    outer loop
      vertex -32.5 12.990381056766578 0
      vertex -3.42351660256832 12.990381056766578 175.04769091786216
      vertex -3.5 12.990381056766578 174.32
    endloop
  endfacet
  facet normal 0 1 0
    outer loop
      vertex -32.5 12.990381056766578 0
      vertex -3.197409101749103 12.990381056766578 199.6964217492347
      vertex -2.831559480312316 12.990381056766578 199.06275161697636
    endloop
  endfacet
  facet normal 0 1 0
    outer loop
      vertex -32.5 12.990381056766578 0
      vertex -3.42351660256832 12.990381056766578 200.39230908213784
      vertex -3.197409101749103 12.990381056766578 199.6964217492347
    endloop
  endfacet
  facet normal 0 1 0
    outer loop
      vertex -32.5 12.990381056766578 0
      vertex -2.831559480312316 12.990381056766578 199.06275161697636
      vertex -2.341957122256004 12.990381056766578 198.51899311082911
    endloop
  endfacet
  facet normal 0 1 0
    outer loop
      vertex -32.5 12.990381056766578 0
      vertex -0.3658496214367871 12.990381056766578 197.63917336621105
      vertex -3.42351660256832 12.990381056766578 175.04769091786216
    endloop
  endfacet
  facet normal 0 1 0
    outer loop
      vertex -32.5 12.990381056766578 0
      vertex -2.341957122256004 12.990381056766578 198.51899311082911
      vertex -1.75 12.990381056766578 198.08891108675448
    endloop
  endfacet
  facet normal 0 1 0
    outer loop
      vertex -32.5 12.990381056766578 0
      vertex -1.75 12.990381056766578 198.08891108675448
      vertex -1.0815594803123159 12.990381056766578 197.79130219296698
    endloop
  endfacet
  facet normal 0 1 0
    outer loop
      vertex -32.5 12.990381056766578 0
      vertex -1.0815594803123159 12.990381056766578 197.79130219296698
      vertex -0.3658496214367871 12.990381056766578 197.63917336621105
    endloop
  endfacet
  facet normal 0 1 0
    outer loop
      vertex -3.5 12.990381056766578 110.46
      vertex -3.42351660256832 12.990381056766578 127.10230908213784
      vertex -3.42351660256832 12.990381056766578 111.18769091786216
    endloop
  endfacet
  facet normal 0 1 0
    outer loop
      vertex -3.42351660256832 12.990381056766578 111.18769091786216
      vertex -3.197409101749103 12.990381056766578 126.4064217492347
      vertex -3.197409101749103 12.990381056766578 111.8835782507653
    endloop
  endfacet
  facet normal 0 1 0
    outer loop
      vertex -2.831559480312316 12.990381056766578 112.51724838302366
      vertex -3.197409101749103 12.990381056766578 111.8835782507653
      vertex -2.831559480312316 12.990381056766578 125.77275161697634
    endloop
  endfacet
  facet normal 0 1 0
    outer loop
      vertex -2.831559480312316 12.990381056766578 112.51724838302366
      vertex -2.341957122256004 12.990381056766578 125.22899311082912
      vertex -2.341957122256004 12.990381056766578 113.06100688917087
    endloop
  endfacet
  facet normal 0 1 0
    outer loop
      vertex -3.197409101749103 12.990381056766578 111.8835782507653
      vertex -3.197409101749103 12.990381056766578 126.4064217492347
      vertex -2.831559480312316 12.990381056766578 125.77275161697634
    endloop
  endfacet
  facet normal 0 1 0
    outer loop
      vertex -2.831559480312316 12.990381056766578 112.51724838302366
      vertex -2.831559480312316 12.990381056766578 125.77275161697634
      vertex -2.341957122256004 12.990381056766578 125.22899311082912
    endloop
  endfacet
  facet normal 0 1 0
    outer loop
      vertex -3.5 12.990381056766578 110.46
      vertex -3.5 12.990381056766578 127.83
      vertex -3.42351660256832 12.990381056766578 127.10230908213784
    endloop
  endfacet
  facet normal 0 1 0
    outer loop
      vertex -3.42351660256832 12.990381056766578 111.18769091786216
      vertex -3.42351660256832 12.990381056766578 127.10230908213784
      vertex -3.197409101749103 12.990381056766578 126.4064217492347
    endloop
  endfacet
  facet normal 0 1 0
    outer loop
      vertex -2.341957122256004 12.990381056766578 113.06100688917087
      vertex -1.75 12.990381056766578 124.79891108675446
      vertex -1.75 12.990381056766578 113.49108891324553
    endloop
  endfacet
  facet normal 0 1 0
    outer loop
      vertex -1.75 12.990381056766578 124.79891108675446
      vertex -2.341957122256004 12.990381056766578 113.06100688917087
      vertex -2.341957122256004 12.990381056766578 125.22899311082912
    endloop
  endfacet
  facet normal 0 1 0
    outer loop
      vertex -1.0815594803123159 12.990381056766578 124.50130219296696
      vertex -1.0815594803123159 12.990381056766578 113.78869780703303
      vertex -1.75 12.990381056766578 113.49108891324553
    endloop
  endfacet
  facet normal 0 1 0
    outer loop
      vertex -1.75 12.990381056766578 113.49108891324553
      vertex -1.75 12.990381056766578 124.79891108675446
      vertex -1.0815594803123159 12.990381056766578 124.50130219296696
    endloop
  endfacet
  facet normal 0 1 0
    outer loop
      vertex -1.0815594803123159 12.990381056766578 113.78869780703303
      vertex -1.0815594803123159 12.990381056766578 124.50130219296696
      vertex -0.3658496214367871 12.990381056766578 124.34917336621105
    endloop
  endfacet
  facet normal 0 1 0
    outer loop
      vertex -1.0815594803123159 12.990381056766578 113.78869780703303
      vertex -0.3658496214367871 12.990381056766578 124.34917336621105
      vertex -0.3658496214367871 12.990381056766578 113.94082663378894
    endloop
  endfacet
  facet normal 0 1 0
    outer loop
      vertex 0.3658496214367871 12.990381056766578 124.34917336621105
      vertex -0.3658496214367871 12.990381056766578 113.94082663378894
      vertex -0.3658496214367871 12.990381056766578 124.34917336621105
    endloop
  endfacet
  facet normal 0 1 0
    outer loop
      vertex -3.197409101749103 12.990381056766578 129.2535782507653
      vertex -3.42351660256832 12.990381056766578 128.55769091786215
      vertex -3.197409101749103 12.990381056766578 158.2864217492347
    endloop
  endfacet
  facet normal 0 1 0
    outer loop
      vertex -2.831559480312316 12.990381056766578 129.88724838302366
      vertex -3.197409101749103 12.990381056766578 129.2535782507653
      vertex -2.831559480312316 12.990381056766578 157.65275161697636
    endloop
  endfacet
  facet normal 0 1 0
    outer loop
      vertex -2.831559480312316 12.990381056766578 129.88724838302366
      vertex -2.341957122256004 12.990381056766578 157.10899311082912
      vertex -2.341957122256004 12.990381056766578 130.43100688917087
    endloop
  endfacet
  facet normal 0 1 0
    outer loop
      vertex -2.831559480312316 12.990381056766578 129.88724838302366
      vertex -2.831559480312316 12.990381056766578 157.65275161697636
      vertex -2.341957122256004 12.990381056766578 157.10899311082912
    endloop
  endfacet
  facet normal 0 1 0
    outer loop
      vertex -3.42351660256832 12.990381056766578 158.98230908213785
      vertex -3.197409101749103 12.990381056766578 158.2864217492347
      vertex -3.42351660256832 12.990381056766578 128.55769091786215
    endloop
  endfacet
  facet normal 0 1 0
    outer loop
      vertex -3.197409101749103 12.990381056766578 129.2535782507653
      vertex -3.197409101749103 12.990381056766578 158.2864217492347
      vertex -2.831559480312316 12.990381056766578 157.65275161697636
    endloop
  endfacet
  facet normal 0 1 0
    outer loop
      vertex -2.341957122256004 12.990381056766578 130.43100688917087
      vertex -1.75 12.990381056766578 156.67891108675448
      vertex -1.75 12.990381056766578 130.86108891324554
    endloop
  endfacet
  facet normal 0 1 0
    outer loop
      vertex -1.0815594803123159 12.990381056766578 156.38130219296698
      vertex -1.0815594803123159 12.990381056766578 131.15869780703304
      vertex -1.75 12.990381056766578 130.86108891324554
    endloop
  endfacet
  facet normal 0 1 0
    outer loop
      vertex -1.75 12.990381056766578 156.67891108675448
      vertex -2.341957122256004 12.990381056766578 130.43100688917087
      vertex -2.341957122256004 12.990381056766578 157.10899311082912
    endloop
  endfacet
  facet normal 0 1 0
    outer loop
      vertex -1.75 12.990381056766578 130.86108891324554
      vertex -1.75 12.990381056766578 156.67891108675448
      vertex -1.0815594803123159 12.990381056766578 156.38130219296698
    endloop
  endfacet
  facet normal 0 1 0
    outer loop
      vertex -1.0815594803123159 12.990381056766578 131.15869780703304
      vertex -0.3658496214367871 12.990381056766578 156.22917336621106
      vertex -0.3658496214367871 12.990381056766578 131.31082663378896
    endloop
  endfacet
  facet normal 0 1 0
    outer loop
      vertex -1.0815594803123159 12.990381056766578 131.15869780703304
      vertex -1.0815594803123159 12.990381056766578 156.38130219296698
      vertex -0.3658496214367871 12.990381056766578 156.22917336621106
    endloop
  endfacet
  facet normal 0 1 0
    outer loop
      vertex 0.3658496214367871 12.990381056766578 156.22917336621106
      vertex -0.3658496214367871 12.990381056766578 131.31082663378896
      vertex -0.3658496214367871 12.990381056766578 156.22917336621106
    endloop
  endfacet
  facet normal 0 1 0
    outer loop
      vertex -3.42351660256832 12.990381056766578 160.43769091786217
      vertex -3.197409101749103 12.990381056766578 172.8964217492347
      vertex -3.197409101749103 12.990381056766578 161.1335782507653
    endloop
  endfacet
  facet normal 0 1 0
    outer loop
      vertex -2.831559480312316 12.990381056766578 161.76724838302366
      vertex -3.197409101749103 12.990381056766578 161.1335782507653
      vertex -2.831559480312316 12.990381056766578 172.26275161697635
    endloop
  endfacet
  facet normal 0 1 0
    outer loop
      vertex -2.831559480312316 12.990381056766578 161.76724838302366
      vertex -2.341957122256004 12.990381056766578 171.7189931108291
      vertex -2.341957122256004 12.990381056766578 162.3110068891709
    endloop
  endfacet
  facet normal 0 1 0
    outer loop
      vertex -2.831559480312316 12.990381056766578 161.76724838302366
      vertex -2.831559480312316 12.990381056766578 172.26275161697635
      vertex -2.341957122256004 12.990381056766578 171.7189931108291
    endloop
  endfacet
  facet normal 0 1 0
    outer loop
      vertex -3.42351660256832 12.990381056766578 160.43769091786217
      vertex -3.42351660256832 12.990381056766578 173.59230908213783
      vertex -3.197409101749103 12.990381056766578 172.8964217492347
    endloop
  endfacet
  facet normal 0 1 0
    outer loop
      vertex -3.197409101749103 12.990381056766578 161.1335782507653
      vertex -3.197409101749103 12.990381056766578 172.8964217492347
      vertex -2.831559480312316 12.990381056766578 172.26275161697635
    endloop
  endfacet
  facet normal 0 1 0
    outer loop
      vertex -2.341957122256004 12.990381056766578 162.3110068891709
      vertex -1.75 12.990381056766578 171.28891108675447
      vertex -1.75 12.990381056766578 162.74108891324553
    endloop
  endfacet
  facet normal 0 1 0
    outer loop
      vertex -1.75 12.990381056766578 171.28891108675447
      vertex -2.341957122256004 12.990381056766578 162.3110068891709
      vertex -2.341957122256004 12.990381056766578 171.7189931108291
    endloop
  endfacet
  facet normal 0 1 0
    outer loop
      vertex -1.0815594803123159 12.990381056766578 170.99130219296697
      vertex -1.0815594803123159 12.990381056766578 163.03869780703303
      vertex -1.75 12.990381056766578 162.74108891324553
    endloop
  endfacet
  facet normal 0 1 0
    outer loop
      vertex -1.75 12.990381056766578 162.74108891324553
      vertex -1.75 12.990381056766578 171.28891108675447
      vertex -1.0815594803123159 12.990381056766578 170.99130219296697
    endloop
  endfacet
  facet normal 0 1 0
    outer loop
      vertex -1.0815594803123159 12.990381056766578 163.03869780703303
      vertex -1.0815594803123159 12.990381056766578 170.99130219296697
      vertex -0.3658496214367871 12.990381056766578 170.83917336621104
    endloop
  endfacet
  facet normal 0 1 0
    outer loop
      vertex -1.0815594803123159 12.990381056766578 163.03869780703303
      vertex -0.3658496214367871 12.990381056766578 170.83917336621104
      vertex -0.3658496214367871 12.990381056766578 163.19082663378896
    endloop
  endfacet
  facet normal 0 1 0
    outer loop
      vertex 0.3658496214367871 12.990381056766578 170.83917336621104
      vertex -0.3658496214367871 12.990381056766578 163.19082663378896
      vertex -0.3658496214367871 12.990381056766578 170.83917336621104
    endloop
  endfacet
  facet normal 0 1 0
    outer loop
      vertex -0.3658496214367871 12.990381056766578 197.63917336621105
      vertex -3.197409101749103 12.990381056766578 175.7435782507653
      vertex -3.42351660256832 12.990381056766578 175.04769091786216
    endloop
  endfacet
  facet normal 0 1 0
    outer loop
      vertex -0.3658496214367871 12.990381056766578 197.63917336621105
      vertex -2.831559480312316 12.990381056766578 176.37724838302364
      vertex -3.197409101749103 12.990381056766578 175.7435782507653
    endloop
  endfacet
  facet normal 0 1 0
    outer loop
      vertex -0.3658496214367871 12.990381056766578 197.63917336621105
      vertex -2.341957122256004 12.990381056766578 176.92100688917088
      vertex -2.831559480312316 12.990381056766578 176.37724838302364
    endloop
  endfacet
  facet normal 0 1 0
    outer loop
      vertex -0.3658496214367871 12.990381056766578 197.63917336621105
      vertex -1.75 12.990381056766578 177.35108891324552
      vertex -2.341957122256004 12.990381056766578 176.92100688917088
    endloop
  endfacet
  facet normal 0 1 0
    outer loop
      vertex -0.3658496214367871 12.990381056766578 197.63917336621105
      vertex -1.0815594803123159 12.990381056766578 177.64869780703302
      vertex -1.75 12.990381056766578 177.35108891324552
    endloop
  endfacet
  facet normal 0 1 0
    outer loop
      vertex -0.3658496214367871 12.990381056766578 197.63917336621105
      vertex -0.3658496214367871 12.990381056766578 177.80082663378894
      vertex -1.0815594803123159 12.990381056766578 177.64869780703302
    endloop
  endfacet
  facet normal 0 1 0
    outer loop
      vertex -0.3658496214367871 12.990381056766578 197.63917336621105
      vertex 0.3658496214367871 12.990381056766578 197.63917336621105
      vertex -0.3658496214367871 12.990381056766578 177.80082663378894
    endloop
  endfacet
  facet normal -0.8660254037844386 0.5 0
    outer loop
      vertex -40 0 0
      vertex -40 0 394.8
      vertex -32.5 12.990381056766578 394.8
    endloop
  endfacet
  facet normal 0 1 0
    outer loop
      vertex -32.5 12.990381056766578 394.8
      vertex -29.95 12.990381056766578 389.6
      vertex -29.95 12.990381056766578 388.27634093396324
    endloop
  endfacet
  facet normal 0 1 0
    outer loop
      vertex -32.5 12.990381056766578 394.8
      vertex -29.95 12.990381056766578 394.8
      vertex -29.95 12.990381056766578 389.6
    endloop
  endfacet
  facet normal 0 1 0
    outer loop
      vertex -32.5 12.990381056766578 394.8
      vertex -29.95 12.990381056766578 388.27634093396324
      vertex -0.3658496214367871 12.990381056766578 204.60082663378896
    endloop
  endfacet
  facet normal 0 1 0
    outer loop
      vertex -32.5 12.990381056766578 394.8
      vertex -3.5 12.990381056766578 201.12
      vertex -3.42351660256832 12.990381056766578 200.39230908213784
    endloop
  endfacet
  facet normal 0 1 0
    outer loop
      vertex -32.5 12.990381056766578 394.8
      vertex -3.42351660256832 12.990381056766578 201.84769091786217
      vertex -3.5 12.990381056766578 201.12
    endloop
  endfacet
  facet normal 0 1 0
    outer loop
      vertex -32.5 12.990381056766578 394.8
      vertex -3.197409101749103 12.990381056766578 202.5435782507653
      vertex -3.42351660256832 12.990381056766578 201.84769091786217
    endloop
  endfacet
  facet normal 0 1 0
    outer loop
      vertex -32.5 12.990381056766578 394.8
      vertex -2.831559480312316 12.990381056766578 203.17724838302365
      vertex -3.197409101749103 12.990381056766578 202.5435782507653
    endloop
  endfacet
  facet normal 0 1 0
    outer loop
      vertex -32.5 12.990381056766578 394.8
      vertex -2.341957122256004 12.990381056766578 203.7210068891709
      vertex -2.831559480312316 12.990381056766578 203.17724838302365
    endloop
  endfacet
  facet normal 0 1 0
    outer loop
      vertex -32.5 12.990381056766578 394.8
      vertex -1.75 12.990381056766578 204.15108891324553
      vertex -2.341957122256004 12.990381056766578 203.7210068891709
    endloop
  endfacet
  facet normal 0 1 0
    outer loop
      vertex -32.5 12.990381056766578 394.8
      vertex -1.0815594803123159 12.990381056766578 204.44869780703303
      vertex -1.75 12.990381056766578 204.15108891324553
    endloop
  endfacet
  facet normal 0 1 0
    outer loop
      vertex -32.5 12.990381056766578 394.8
      vertex -0.3658496214367871 12.990381056766578 204.60082663378896
      vertex -1.0815594803123159 12.990381056766578 204.44869780703303
    endloop
  endfacet
  facet normal 0 1 0
    outer loop
      vertex -29.95 12.990381056766578 388.27634093396324
      vertex -3.5 12.990381056766578 225
      vertex -3.42351660256832 12.990381056766578 224.27230908213784
    endloop
  endfacet
  facet normal 0 1 0
    outer loop
      vertex -29.95 12.990381056766578 388.27634093396324
      vertex -3.42351660256832 12.990381056766578 225.72769091786216
      vertex -3.5 12.990381056766578 225
    endloop
  endfacet
  facet normal 0 1 0
    outer loop
      vertex -29.95 12.990381056766578 388.27634093396324
      vertex -3.197409101749103 12.990381056766578 226.4235782507653
      vertex -3.42351660256832 12.990381056766578 225.72769091786216
    endloop
  endfacet
  facet normal 0 1 0
    outer loop
      vertex -29.95 12.990381056766578 388.27634093396324
      vertex -2.831559480312316 12.990381056766578 227.05724838302365
      vertex -3.197409101749103 12.990381056766578 226.4235782507653
    endloop
  endfacet
  facet normal 0 1 0
    outer loop
      vertex -29.95 12.990381056766578 388.27634093396324
      vertex -2.341957122256004 12.990381056766578 227.6010068891709
      vertex -2.831559480312316 12.990381056766578 227.05724838302365
    endloop
  endfacet
  facet normal 0 1 0
    outer loop
      vertex -29.95 12.990381056766578 388.27634093396324
      vertex -1.75 12.990381056766578 228.03108891324553
      vertex -2.341957122256004 12.990381056766578 227.6010068891709
    endloop
  endfacet
  facet normal 0 1 0
    outer loop
      vertex -29.95 12.990381056766578 388.27634093396324
      vertex -3.42351660256832 12.990381056766578 224.27230908213784
      vertex -0.3658496214367871 12.990381056766578 204.60082663378896
    endloop
  endfacet
  facet normal 0 1 0
    outer loop
      vertex -29.95 12.990381056766578 388.27634093396324
      vertex -1.0815594803123159 12.990381056766578 228.32869780703302
      vertex -1.75 12.990381056766578 228.03108891324553
    endloop
  endfacet
  facet normal 0 1 0
    outer loop
      vertex -3.42351660256832 12.990381056766578 224.27230908213784
      vertex -3.197409101749103 12.990381056766578 223.5764217492347
      vertex -0.3658496214367871 12.990381056766578 204.60082663378896
    endloop
  endfacet
  facet normal 0 1 0
    outer loop
      vertex -3.197409101749103 12.990381056766578 223.5764217492347
      vertex -2.831559480312316 12.990381056766578 222.94275161697635
      vertex -0.3658496214367871 12.990381056766578 204.60082663378896
    endloop
  endfacet
  facet normal 0 1 0
    outer loop
      vertex -2.831559480312316 12.990381056766578 222.94275161697635
      vertex -2.341957122256004 12.990381056766578 222.3989931108291
      vertex -0.3658496214367871 12.990381056766578 204.60082663378896
    endloop
  endfacet
  facet normal 0 1 0
    outer loop
      vertex -1.75 12.990381056766578 221.96891108675447
      vertex -0.3658496214367871 12.990381056766578 204.60082663378896
      vertex -2.341957122256004 12.990381056766578 222.3989931108291
    endloop
  endfacet
  facet normal 0 1 0
    outer loop
      vertex -1.75 12.990381056766578 221.96891108675447
      vertex -1.0815594803123159 12.990381056766578 221.67130219296698
      vertex -0.3658496214367871 12.990381056766578 204.60082663378896
    endloop
  endfacet
  facet normal 0 1 0
    outer loop
      vertex -0.3658496214367871 12.990381056766578 204.60082663378896
      vertex -1.0815594803123159 12.990381056766578 221.67130219296698
      vertex -0.3658496214367871 12.990381056766578 221.51917336621105
    endloop
  endfacet
  facet normal 0 1 0
    outer loop
      vertex -0.3658496214367871 12.990381056766578 204.60082663378896
      vertex -0.3658496214367871 12.990381056766578 221.51917336621105
      vertex 0.3658496214367871 12.990381056766578 221.51917336621105
    endloop
  endfacet
  facet normal 0 1 0
    outer loop
      vertex -20.05 12.990381056766578 388.27634093396324
      vertex -0.3658496214367871 12.990381056766578 228.48082663378895
      vertex -1.0815594803123159 12.990381056766578 228.32869780703302
    endloop
  endfacet
  facet normal 0 1 0
    outer loop
      vertex -20.05 12.990381056766578 388.27634093396324
      vertex -1.0815594803123159 12.990381056766578 228.32869780703302
      vertex -29.95 12.990381056766578 388.27634093396324
    endloop
  endfacet
  facet normal 0 1 0
    outer loop
      vertex -20.05 12.990381056766578 389.6
      vertex -4.275 12.990381056766578 387.22602962664865
      vertex -20.05 12.990381056766578 388.27634093396324
    endloop
  endfacet
  facet normal 0 1 0
    outer loop
      vertex -20.05 12.990381056766578 389.6
      vertex -20.05 12.990381056766578 394.8
      vertex -4.275 12.990381056766578 387.22602962664865
    endloop
  endfacet
  facet normal 0 1 0
    outer loop
      vertex -20.05 12.990381056766578 388.27634093396324
      vertex -4.275 12.990381056766578 387.22602962664865
      vertex -0.3658496214367871 12.990381056766578 228.48082663378895
    endloop
  endfacet
  facet normal 0 1 0
    outer loop
      vertex -0.3658496214367871 12.990381056766578 228.48082663378895
      vertex -4.275 12.990381056766578 387.22602962664865
      vertex 4.275 12.990381056766578 387.22602962664865
    endloop
  endfacet
  facet normal 0 1 0
    outer loop
      vertex -4.275 12.990381056766578 394.44196594831743
      vertex -4.275 12.990381056766578 387.22602962664865
      vertex -20.05 12.990381056766578 394.8
    endloop
  endfacet
  facet normal 0 1 0
    outer loop
      vertex -4.275 12.990381056766578 394.8
      vertex -4.275 12.990381056766578 394.44196594831743
      vertex -20.05 12.990381056766578 394.8
    endloop
  endfacet
  facet normal 0 0 -1
    outer loop
      vertex -32.5 -12.990381056766578 0
      vertex 0.993020401042708 -9.447958005998597 0
      vertex 32.5 -12.990381056766578 0
    endloop
  endfacet
  facet normal 0 0 -1
    outer loop
      vertex 32.5 -12.990381056766578 0
      vertex 0.993020401042708 -9.447958005998597 0
      vertex 2.9356614465620003 -9.035036904803958 0
    endloop
  endfacet
  facet normal 0 0 -1
    outer loop
      vertex 32.5 -12.990381056766578 0
      vertex 2.9356614465620003 -9.035036904803958 0
      vertex 4.75 -8.227241335952167 0
    endloop
  endfacet
  facet normal 0 0 -1
    outer loop
      vertex 32.5 -12.990381056766578 0
      vertex 4.75 -8.227241335952167 0
      vertex 22.52786404500042 -7.608452130361228 0
    endloop
  endfacet
  facet normal 0 0 -1
    outer loop
      vertex 4.75 -8.227241335952167 0
      vertex 6.356740760409153 -7.059875842035245 0
      vertex 21 -6.928203230275509 0
    endloop
  endfacet
  facet normal 0 0 -1
    outer loop
      vertex 6.356740760409153 -7.059875842035245 0
      vertex 7.685661446562001 -5.583959896778495 0
      vertex 19.646955149129134 -5.945158603819154 0
    endloop
  endfacet
  facet normal 0 0 -1
    outer loop
      vertex 4.75 -8.227241335952167 0
      vertex 21 -6.928203230275509 0
      vertex 22.52786404500042 -7.608452130361228 0
    endloop
  endfacet
  facet normal 0 0 -1
    outer loop
      vertex 6.356740760409153 -7.059875842035245 0
      vertex 19.646955149129134 -5.945158603819154 0
      vertex 21 -6.928203230275509 0
    endloop
  endfacet
  facet normal 0 0 -1
    outer loop
      vertex 7.685661446562001 -5.583959896778495 0
      vertex 18.52786404500042 -4.702282018339785 0
      vertex 19.646955149129134 -5.945158603819154 0
    endloop
  endfacet
  facet normal 0 0 -1
    outer loop
      vertex 7.685661446562001 -5.583959896778495 0
      vertex 8.678681847604707 -3.863998109220102 0
      vertex 18.52786404500042 -4.702282018339785 0
    endloop
  endfacet
  facet normal 0 0 -1
    outer loop
      vertex 8.678681847604707 -3.863998109220102 0
      vertex 17.691636338859194 -3.2538931446064017 0
      vertex 18.52786404500042 -4.702282018339785 0
    endloop
  endfacet
  facet normal 0 0 -1
    outer loop
      vertex 9.292402206971154 -1.9751610627687137 0
      vertex 17.691636338859194 -3.2538931446064017 0
      vertex 8.678681847604707 -3.863998109220102 0
    endloop
  endfacet
  facet normal 0 0 -1
    outer loop
      vertex 9.292402206971154 -1.9751610627687137 0
      vertex 17.174819194129554 -1.6632935265420747 0
      vertex 17.691636338859194 -3.2538931446064017 0
    endloop
  endfacet
  facet normal 0 0 -1
    outer loop
      vertex 9.292402206971154 -1.9751610627687137 0
      vertex 9.5 0 0
      vertex 17.174819194129554 -1.6632935265420747 0
    endloop
  endfacet
  facet normal 0 0 -1
    outer loop
      vertex 9.5 0 0
      vertex 17 0 0
      vertex 17.174819194129554 -1.6632935265420747 0
    endloop
  endfacet
  facet normal 0 0 -1
    outer loop
      vertex 9.5 0 0
      vertex 9.292402206971154 1.9751610627687137 0
      vertex 17.174819194129554 1.6632935265420747 0
    endloop
  endfacet
  facet normal 0 0 -1
    outer loop
      vertex 9.5 0 0
      vertex 17.174819194129554 1.6632935265420747 0
      vertex 17 0 0
    endloop
  endfacet
  facet normal 0 0 -1
    outer loop
      vertex 32.5 -12.990381056766578 0
      vertex 22.52786404500042 -7.608452130361228 0
      vertex 24.163772293858774 -7.956175162946186 0
    endloop
  endfacet
  facet normal 0 0 -1
    outer loop
      vertex 32.5 -12.990381056766578 0
      vertex 24.163772293858774 -7.956175162946186 0
      vertex 25.836227706141226 -7.956175162946186 0
    endloop
  endfacet
  facet normal 0 0 -1
    outer loop
      vertex 32.5 -12.990381056766578 0
      vertex 25.836227706141226 -7.956175162946186 0
      vertex 27.47213595499958 -7.608452130361228 0
    endloop
  endfacet
  facet normal 0 0 -1
    outer loop
      vertex 32.5 -12.990381056766578 0
      vertex 27.47213595499958 -7.608452130361228 0
      vertex 29 -6.928203230275509 0
    endloop
  endfacet
  facet normal 0 0 -1
    outer loop
      vertex 32.5 -12.990381056766578 0
      vertex 29 -6.928203230275509 0
      vertex 30.353044850870866 -5.945158603819154 0
    endloop
  endfacet
  facet normal 0 0 -1
    outer loop
      vertex 32.5 -12.990381056766578 0
      vertex 30.353044850870866 -5.945158603819154 0
      vertex 31.47213595499958 -4.702282018339785 0
    endloop
  endfacet
  facet normal 0 0 -1
    outer loop
      vertex 32.5 -12.990381056766578 0
      vertex 31.47213595499958 -4.702282018339785 0
      vertex 32.30836366114081 -3.2538931446064017 0
    endloop
  endfacet
  facet normal 0 0 -1
    outer loop
      vertex 32.5 -12.990381056766578 0
      vertex 32.30836366114081 -3.2538931446064017 0
      vertex 32.825180805870446 -1.6632935265420747 0
    endloop
  endfacet
  facet normal 0.8660254037844386 -0.5 0
    outer loop
      vertex 32.5 -12.990381056766578 0
      vertex 40 0 0
      vertex 32.5 -12.990381056766578 394.8
    endloop
  endfacet
  facet normal 0 0 -1
    outer loop
      vertex 32.5 -12.990381056766578 0
      vertex 32.825180805870446 -1.6632935265420747 0
      vertex 40 0 0
    endloop
  endfacet
  facet normal 0 0 -1
    outer loop
      vertex 40 0 0
      vertex 32.825180805870446 -1.6632935265420747 0
      vertex 33 0 0
    endloop
  endfacet
  facet normal 0 0 -1
    outer loop
      vertex 40 0 0
      vertex 33 0 0
      vertex 32.825180805870446 1.6632935265420747 0
    endloop
  endfacet
  facet normal 0 0 -1
    outer loop
      vertex 40 0 0
      vertex 32.825180805870446 1.6632935265420747 0
      vertex 32.30836366114081 3.2538931446064017 0
    endloop
  endfacet
  facet normal 0 -1 0
    outer loop
      vertex -32.5 -12.990381056766578 394.8
      vertex 32.5 -12.990381056766578 0
      vertex 32.5 -12.990381056766578 394.8
    endloop
  endfacet
  facet normal 0.8660254037844386 -0.5 0
    outer loop
      vertex 40 0 0
      vertex 40 0 394.8
      vertex 32.5 -12.990381056766578 394.8
    endloop
  endfacet
  facet normal 0 0 -1
    outer loop
      vertex 8.678681847604707 3.863998109220102 0
      vertex 17.691636338859194 3.2538931446064017 0
      vertex 9.292402206971154 1.9751610627687137 0
    endloop
  endfacet
  facet normal 0 0 -1
    outer loop
      vertex 9.292402206971154 1.9751610627687137 0
      vertex 17.691636338859194 3.2538931446064017 0
      vertex 17.174819194129554 1.6632935265420747 0
    endloop
  endfacet
  facet normal 0 0 -1
    outer loop
      vertex 8.678681847604707 3.863998109220102 0
      vertex 18.52786404500042 4.702282018339785 0
      vertex 17.691636338859194 3.2538931446064017 0
    endloop
  endfacet
  facet normal 0 0 -1
    outer loop
      vertex 8.678681847604707 3.863998109220102 0
      vertex 19.646955149129134 5.945158603819154 0
      vertex 18.52786404500042 4.702282018339785 0
    endloop
  endfacet
  facet normal 0 0 -1
    outer loop
      vertex 8.678681847604707 3.863998109220102 0
      vertex 21 6.928203230275509 0
      vertex 19.646955149129134 5.945158603819154 0
    endloop
  endfacet
  facet normal 0 0 -1
    outer loop
      vertex 32.5 12.990381056766578 0
      vertex 6.356740760409153 7.059875842035245 0
      vertex 4.75 8.227241335952167 0
    endloop
  endfacet
  facet normal 0 0 -1
    outer loop
      vertex 8.678681847604707 3.863998109220102 0
      vertex 22.52786404500042 7.608452130361228 0
      vertex 21 6.928203230275509 0
    endloop
  endfacet
  facet normal 0 0 -1
    outer loop
      vertex 32.5 12.990381056766578 0
      vertex 8.678681847604707 3.863998109220102 0
      vertex 7.685661446562001 5.583959896778495 0
    endloop
  endfacet
  facet normal 0 0 -1
    outer loop
      vertex 32.5 12.990381056766578 0
      vertex 7.685661446562001 5.583959896778495 0
      vertex 6.356740760409153 7.059875842035245 0
    endloop
  endfacet
  facet normal 0 0 -1
    outer loop
      vertex -32.5 12.990381056766578 0
      vertex 32.5 12.990381056766578 0
      vertex 0.993020401042708 9.447958005998597 0
    endloop
  endfacet
  facet normal 0 1 0
    outer loop
      vertex -32.5 12.990381056766578 0
      vertex 1.75 12.990381056766578 48.85891108675447
      vertex 32.5 12.990381056766578 0
    endloop
  endfacet
  facet normal 0 1 0
    outer loop
      vertex -0.3658496214367871 12.990381056766578 55.37082663378896
      vertex 0.3658496214367871 12.990381056766578 106.97917336621104
      vertex 0.3658496214367871 12.990381056766578 55.37082663378896
    endloop
  endfacet
  facet normal 0 1 0
    outer loop
      vertex 1.0815594803123159 12.990381056766578 55.21869780703304
      vertex 0.3658496214367871 12.990381056766578 55.37082663378896
      vertex 1.0815594803123159 12.990381056766578 107.13130219296696
    endloop
  endfacet
  facet normal 0 1 0
    outer loop
      vertex 1.0815594803123159 12.990381056766578 55.21869780703304
      vertex 1.75 12.990381056766578 107.42891108675445
      vertex 1.75 12.990381056766578 54.92108891324553
    endloop
  endfacet
  facet normal 0 1 0
    outer loop
      vertex 1.75 12.990381056766578 54.92108891324553
      vertex 2.341957122256004 12.990381056766578 107.85899311082912
      vertex 2.341957122256004 12.990381056766578 54.49100688917088
    endloop
  endfacet
  facet normal 0 1 0
    outer loop
      vertex 2.831559480312316 12.990381056766578 53.947248383023656
      vertex 2.341957122256004 12.990381056766578 54.49100688917088
      vertex 2.831559480312316 12.990381056766578 108.40275161697633
    endloop
  endfacet
  facet normal 0 1 0
    outer loop
      vertex 2.831559480312316 12.990381056766578 53.947248383023656
      vertex 3.197409101749103 12.990381056766578 109.03642174923469
      vertex 3.197409101749103 12.990381056766578 53.3135782507653
    endloop
  endfacet
  facet normal 0 1 0
    outer loop
      vertex 3.42351660256832 12.990381056766578 52.617690917862156
      vertex 3.197409101749103 12.990381056766578 53.3135782507653
      vertex 3.42351660256832 12.990381056766578 109.73230908213783
    endloop
  endfacet
  facet normal 0 1 0
    outer loop
      vertex 0.3658496214367871 12.990381056766578 55.37082663378896
      vertex 0.3658496214367871 12.990381056766578 106.97917336621104
      vertex 1.0815594803123159 12.990381056766578 107.13130219296696
    endloop
  endfacet
  facet normal 0 1 0
    outer loop
      vertex 1.0815594803123159 12.990381056766578 55.21869780703304
      vertex 1.0815594803123159 12.990381056766578 107.13130219296696
      vertex 1.75 12.990381056766578 107.42891108675445
    endloop
  endfacet
  facet normal 0 1 0
    outer loop
      vertex 1.75 12.990381056766578 54.92108891324553
      vertex 1.75 12.990381056766578 107.42891108675445
      vertex 2.341957122256004 12.990381056766578 107.85899311082912
    endloop
  endfacet
  facet normal 0 1 0
    outer loop
      vertex 2.341957122256004 12.990381056766578 54.49100688917088
      vertex 2.341957122256004 12.990381056766578 107.85899311082912
      vertex 2.831559480312316 12.990381056766578 108.40275161697633
    endloop
  endfacet
  facet normal 0 1 0
    outer loop
      vertex 2.831559480312316 12.990381056766578 53.947248383023656
      vertex 2.831559480312316 12.990381056766578 108.40275161697633
      vertex 3.197409101749103 12.990381056766578 109.03642174923469
    endloop
  endfacet
  facet normal 0 1 0
    outer loop
      vertex 3.197409101749103 12.990381056766578 53.3135782507653
      vertex 3.197409101749103 12.990381056766578 109.03642174923469
      vertex 3.42351660256832 12.990381056766578 109.73230908213783
    endloop
  endfacet
  facet normal 0 0 -1
    outer loop
      vertex 32.5 12.990381056766578 0
      vertex 2.9356614465620003 9.035036904803958 0
      vertex 0.993020401042708 9.447958005998597 0
    endloop
  endfacet
  facet normal 0 0 -1
    outer loop
      vertex 32.5 12.990381056766578 0
      vertex 4.75 8.227241335952167 0
      vertex 2.9356614465620003 9.035036904803958 0
    endloop
  endfacet
  facet normal 0 1 0
    outer loop
      vertex 32.5 12.990381056766578 0
      vertex 1.75 12.990381056766578 48.85891108675447
      vertex 2.341957122256004 12.990381056766578 49.28899311082912
    endloop
  endfacet
  facet normal 0 1 0
    outer loop
      vertex 32.5 12.990381056766578 0
      vertex 2.341957122256004 12.990381056766578 49.28899311082912
      vertex 2.831559480312316 12.990381056766578 49.832751616976346
    endloop
  endfacet
  facet normal 0 1 0
    outer loop
      vertex 32.5 12.990381056766578 0
      vertex 2.831559480312316 12.990381056766578 49.832751616976346
      vertex 3.197409101749103 12.990381056766578 50.4664217492347
    endloop
  endfacet
  facet normal 0 1 0
    outer loop
      vertex 32.5 12.990381056766578 0
      vertex 3.197409101749103 12.990381056766578 50.4664217492347
      vertex 3.42351660256832 12.990381056766578 51.162309082137845
    endloop
  endfacet
  facet normal 0 1 0
    outer loop
      vertex 32.5 12.990381056766578 0
      vertex 3.42351660256832 12.990381056766578 51.162309082137845
      vertex 3.5 12.990381056766578 51.89
    endloop
  endfacet
  facet normal 0 1 0
    outer loop
      vertex 32.5 12.990381056766578 0
      vertex 3.5 12.990381056766578 51.89
      vertex 3.42351660256832 12.990381056766578 52.617690917862156
    endloop
  endfacet
  facet normal 0 1 0
    outer loop
      vertex 32.5 12.990381056766578 0
      vertex 3.42351660256832 12.990381056766578 52.617690917862156
      vertex 3.42351660256832 12.990381056766578 109.73230908213783
    endloop
  endfacet
  facet normal 0 1 0
    outer loop
      vertex 32.5 12.990381056766578 0
      vertex 3.42351660256832 12.990381056766578 109.73230908213783
      vertex 3.5 12.990381056766578 110.46
    endloop
  endfacet
  facet normal 0 1 0
    outer loop
      vertex 32.5 12.990381056766578 0
      vertex 3.5 12.990381056766578 110.46
      vertex 3.42351660256832 12.990381056766578 111.18769091786216
    endloop
  endfacet
  facet normal 0 1 0
    outer loop
      vertex 32.5 12.990381056766578 0
      vertex 3.42351660256832 12.990381056766578 111.18769091786216
      vertex 3.42351660256832 12.990381056766578 127.10230908213784
    endloop
  endfacet
  facet normal 0 1 0
    outer loop
      vertex 32.5 12.990381056766578 0
      vertex 3.42351660256832 12.990381056766578 127.10230908213784
      vertex 3.5 12.990381056766578 127.83
    endloop
  endfacet
  facet normal 0 1 0
    outer loop
      vertex 32.5 12.990381056766578 0
      vertex 3.5 12.990381056766578 127.83
      vertex 3.42351660256832 12.990381056766578 128.55769091786215
    endloop
  endfacet
  facet normal 0 1 0
    outer loop
      vertex 32.5 12.990381056766578 0
      vertex 3.42351660256832 12.990381056766578 128.55769091786215
      vertex 3.42351660256832 12.990381056766578 158.98230908213785
    endloop
  endfacet
  facet normal 0 1 0
    outer loop
      vertex 32.5 12.990381056766578 0
      vertex 3.42351660256832 12.990381056766578 158.98230908213785
      vertex 3.5 12.990381056766578 159.71
    endloop
  endfacet
  facet normal 0 1 0
    outer loop
      vertex 32.5 12.990381056766578 0
      vertex 3.5 12.990381056766578 159.71
      vertex 3.42351660256832 12.990381056766578 160.43769091786217
    endloop
  endfacet
  facet normal 0 1 0
    outer loop
      vertex -0.3658496214367871 12.990381056766578 113.94082663378894
      vertex 0.3658496214367871 12.990381056766578 124.34917336621105
      vertex 0.3658496214367871 12.990381056766578 113.94082663378894
    endloop
  endfacet
  facet normal 0 1 0
    outer loop
      vertex 0.3658496214367871 12.990381056766578 113.94082663378894
      vertex 0.3658496214367871 12.990381056766578 124.34917336621105
      vertex 1.0815594803123159 12.990381056766578 124.50130219296696
    endloop
  endfacet
  facet normal 0 1 0
    outer loop
      vertex 1.0815594803123159 12.990381056766578 113.78869780703303
      vertex 0.3658496214367871 12.990381056766578 113.94082663378894
      vertex 1.0815594803123159 12.990381056766578 124.50130219296696
    endloop
  endfacet
  facet normal 0 1 0
    outer loop
      vertex 1.0815594803123159 12.990381056766578 113.78869780703303
      vertex 1.75 12.990381056766578 124.79891108675446
      vertex 1.75 12.990381056766578 113.49108891324553
    endloop
  endfacet
  facet normal 0 1 0
    outer loop
      vertex 1.0815594803123159 12.990381056766578 113.78869780703303
      vertex 1.0815594803123159 12.990381056766578 124.50130219296696
      vertex 1.75 12.990381056766578 124.79891108675446
    endloop
  endfacet
  facet normal 0 1 0
    outer loop
      vertex 1.75 12.990381056766578 113.49108891324553
      vertex 2.341957122256004 12.990381056766578 125.22899311082912
      vertex 2.341957122256004 12.990381056766578 113.06100688917087
    endloop
  endfacet
  facet normal 0 1 0
    outer loop
      vertex 1.75 12.990381056766578 113.49108891324553
      vertex 1.75 12.990381056766578 124.79891108675446
      vertex 2.341957122256004 12.990381056766578 125.22899311082912
    endloop
  endfacet
  facet normal 0 1 0
    outer loop
      vertex 2.831559480312316 12.990381056766578 112.51724838302366
      vertex 2.341957122256004 12.990381056766578 113.06100688917087
      vertex 2.831559480312316 12.990381056766578 125.77275161697634
    endloop
  endfacet
  facet normal 0 1 0
    outer loop
      vertex 2.831559480312316 12.990381056766578 112.51724838302366
      vertex 3.197409101749103 12.990381056766578 126.4064217492347
      vertex 3.197409101749103 12.990381056766578 111.8835782507653
    endloop
  endfacet
  facet normal 0 1 0
    outer loop
      vertex 2.831559480312316 12.990381056766578 125.77275161697634
      vertex 2.341957122256004 12.990381056766578 113.06100688917087
      vertex 2.341957122256004 12.990381056766578 125.22899311082912
    endloop
  endfacet
  facet normal 0 1 0
    outer loop
      vertex 3.42351660256832 12.990381056766578 111.18769091786216
      vertex 3.197409101749103 12.990381056766578 111.8835782507653
      vertex 3.42351660256832 12.990381056766578 127.10230908213784
    endloop
  endfacet
  facet normal 0 1 0
    outer loop
      vertex 2.831559480312316 12.990381056766578 125.77275161697634
      vertex 3.197409101749103 12.990381056766578 126.4064217492347
      vertex 2.831559480312316 12.990381056766578 112.51724838302366
    endloop
  endfacet
  facet normal 0 1 0
    outer loop
      vertex 3.42351660256832 12.990381056766578 127.10230908213784
      vertex 3.197409101749103 12.990381056766578 111.8835782507653
      vertex 3.197409101749103 12.990381056766578 126.4064217492347
    endloop
  endfacet
  facet normal 0 1 0
    outer loop
      vertex -0.3658496214367871 12.990381056766578 131.31082663378896
      vertex 0.3658496214367871 12.990381056766578 156.22917336621106
      vertex 0.3658496214367871 12.990381056766578 131.31082663378896
    endloop
  endfacet
  facet normal 0 1 0
    outer loop
      vertex 1.0815594803123159 12.990381056766578 131.15869780703304
      vertex 0.3658496214367871 12.990381056766578 131.31082663378896
      vertex 1.0815594803123159 12.990381056766578 156.38130219296698
    endloop
  endfacet
  facet normal 0 1 0
    outer loop
      vertex 1.0815594803123159 12.990381056766578 156.38130219296698
      vertex 0.3658496214367871 12.990381056766578 131.31082663378896
      vertex 0.3658496214367871 12.990381056766578 156.22917336621106
    endloop
  endfacet
  facet normal 0 1 0
    outer loop
      vertex 1.0815594803123159 12.990381056766578 131.15869780703304
      vertex 1.75 12.990381056766578 156.67891108675448
      vertex 1.75 12.990381056766578 130.86108891324554
    endloop
  endfacet
  facet normal 0 1 0
    outer loop
      vertex 1.75 12.990381056766578 130.86108891324554
      vertex 2.341957122256004 12.990381056766578 157.10899311082912
      vertex 2.341957122256004 12.990381056766578 130.43100688917087
    endloop
  endfacet
  facet normal 0 1 0
    outer loop
      vertex 1.0815594803123159 12.990381056766578 131.15869780703304
      vertex 1.0815594803123159 12.990381056766578 156.38130219296698
      vertex 1.75 12.990381056766578 156.67891108675448
    endloop
  endfacet
  facet normal 0 1 0
    outer loop
      vertex 1.75 12.990381056766578 130.86108891324554
      vertex 1.75 12.990381056766578 156.67891108675448
      vertex 2.341957122256004 12.990381056766578 157.10899311082912
    endloop
  endfacet
  facet normal 0 1 0
    outer loop
      vertex 2.831559480312316 12.990381056766578 129.88724838302366
      vertex 2.341957122256004 12.990381056766578 130.43100688917087
      vertex 2.831559480312316 12.990381056766578 157.65275161697636
    endloop
  endfacet
  facet normal 0 1 0
    outer loop
      vertex 2.831559480312316 12.990381056766578 129.88724838302366
      vertex 3.197409101749103 12.990381056766578 158.2864217492347
      vertex 3.197409101749103 12.990381056766578 129.2535782507653
    endloop
  endfacet
  facet normal 0 1 0
    outer loop
      vertex 3.42351660256832 12.990381056766578 128.55769091786215
      vertex 3.197409101749103 12.990381056766578 129.2535782507653
      vertex 3.42351660256832 12.990381056766578 158.98230908213785
    endloop
  endfacet
  facet normal 0 1 0
    outer loop
      vertex 2.831559480312316 12.990381056766578 157.65275161697636
      vertex 2.341957122256004 12.990381056766578 130.43100688917087
      vertex 2.341957122256004 12.990381056766578 157.10899311082912
    endloop
  endfacet
  facet normal 0 1 0
    outer loop
      vertex 2.831559480312316 12.990381056766578 157.65275161697636
      vertex 3.197409101749103 12.990381056766578 158.2864217492347
      vertex 2.831559480312316 12.990381056766578 129.88724838302366
    endloop
  endfacet
  facet normal 0 1 0
    outer loop
      vertex 3.42351660256832 12.990381056766578 158.98230908213785
      vertex 3.197409101749103 12.990381056766578 129.2535782507653
      vertex 3.197409101749103 12.990381056766578 158.2864217492347
    endloop
  endfacet
  facet normal 0 1 0
    outer loop
      vertex -0.3658496214367871 12.990381056766578 163.19082663378896
      vertex 0.3658496214367871 12.990381056766578 170.83917336621104
      vertex 0.3658496214367871 12.990381056766578 163.19082663378896
    endloop
  endfacet
  facet normal 0 1 0
    outer loop
      vertex 1.0815594803123159 12.990381056766578 170.99130219296697
      vertex 0.3658496214367871 12.990381056766578 163.19082663378896
      vertex 0.3658496214367871 12.990381056766578 170.83917336621104
    endloop
  endfacet
  facet normal 0 1 0
    outer loop
      vertex 1.0815594803123159 12.990381056766578 163.03869780703303
      vertex 0.3658496214367871 12.990381056766578 163.19082663378896
      vertex 1.0815594803123159 12.990381056766578 170.99130219296697
    endloop
  endfacet
  facet normal 0 1 0
    outer loop
      vertex 1.0815594803123159 12.990381056766578 163.03869780703303
      vertex 1.75 12.990381056766578 171.28891108675447
      vertex 1.75 12.990381056766578 162.74108891324553
    endloop
  endfacet
  facet normal 0 1 0
    outer loop
      vertex 1.0815594803123159 12.990381056766578 163.03869780703303
      vertex 1.0815594803123159 12.990381056766578 170.99130219296697
      vertex 1.75 12.990381056766578 171.28891108675447
    endloop
  endfacet
  facet normal 0 1 0
    outer loop
      vertex 1.75 12.990381056766578 162.74108891324553
      vertex 2.341957122256004 12.990381056766578 171.7189931108291
      vertex 2.341957122256004 12.990381056766578 162.3110068891709
    endloop
  endfacet
  facet normal 0 1 0
    outer loop
      vertex 1.75 12.990381056766578 162.74108891324553
      vertex 1.75 12.990381056766578 171.28891108675447
      vertex 2.341957122256004 12.990381056766578 171.7189931108291
    endloop
  endfacet
  facet normal 0 1 0
    outer loop
      vertex -0.3658496214367871 12.990381056766578 177.80082663378894
      vertex 0.3658496214367871 12.990381056766578 197.63917336621105
      vertex 0.3658496214367871 12.990381056766578 177.80082663378894
    endloop
  endfacet
  facet normal 0 1 0
    outer loop
      vertex 1.0815594803123159 12.990381056766578 177.64869780703302
      vertex 0.3658496214367871 12.990381056766578 177.80082663378894
      vertex 1.0815594803123159 12.990381056766578 197.79130219296698
    endloop
  endfacet
  facet normal 0 1 0
    outer loop
      vertex 1.0815594803123159 12.990381056766578 177.64869780703302
      vertex 1.75 12.990381056766578 198.08891108675448
      vertex 1.75 12.990381056766578 177.35108891324552
    endloop
  endfacet
  facet normal 0 1 0
    outer loop
      vertex 1.75 12.990381056766578 177.35108891324552
      vertex 2.341957122256004 12.990381056766578 198.51899311082911
      vertex 2.341957122256004 12.990381056766578 176.92100688917088
    endloop
  endfacet
  facet normal 0 1 0
    outer loop
      vertex 2.831559480312316 12.990381056766578 161.76724838302366
      vertex 2.341957122256004 12.990381056766578 162.3110068891709
      vertex 2.831559480312316 12.990381056766578 172.26275161697635
    endloop
  endfacet
  facet normal 0 1 0
    outer loop
      vertex 2.831559480312316 12.990381056766578 161.76724838302366
      vertex 3.197409101749103 12.990381056766578 172.8964217492347
      vertex 3.197409101749103 12.990381056766578 161.1335782507653
    endloop
  endfacet
  facet normal 0 1 0
    outer loop
      vertex 3.42351660256832 12.990381056766578 160.43769091786217
      vertex 3.197409101749103 12.990381056766578 161.1335782507653
      vertex 3.42351660256832 12.990381056766578 173.59230908213783
    endloop
  endfacet
  facet normal 0 1 0
    outer loop
      vertex 2.831559480312316 12.990381056766578 172.26275161697635
      vertex 2.341957122256004 12.990381056766578 162.3110068891709
      vertex 2.341957122256004 12.990381056766578 171.7189931108291
    endloop
  endfacet
  facet normal 0 1 0
    outer loop
      vertex 2.831559480312316 12.990381056766578 172.26275161697635
      vertex 3.197409101749103 12.990381056766578 172.8964217492347
      vertex 2.831559480312316 12.990381056766578 161.76724838302366
    endloop
  endfacet
  facet normal 0 1 0
    outer loop
      vertex 3.42351660256832 12.990381056766578 173.59230908213783
      vertex 3.197409101749103 12.990381056766578 161.1335782507653
      vertex 3.197409101749103 12.990381056766578 172.8964217492347
    endloop
  endfacet
  facet normal 0 1 0
    outer loop
      vertex 2.831559480312316 12.990381056766578 176.37724838302364
      vertex 2.341957122256004 12.990381056766578 176.92100688917088
      vertex 2.831559480312316 12.990381056766578 199.06275161697636
    endloop
  endfacet
  facet normal 0 1 0
    outer loop
      vertex 2.831559480312316 12.990381056766578 176.37724838302364
      vertex 3.197409101749103 12.990381056766578 199.6964217492347
      vertex 3.197409101749103 12.990381056766578 175.7435782507653
    endloop
  endfacet
  facet normal 0 1 0
    outer loop
      vertex 3.42351660256832 12.990381056766578 175.04769091786216
      vertex 3.197409101749103 12.990381056766578 175.7435782507653
      vertex 3.42351660256832 12.990381056766578 200.39230908213784
    endloop
  endfacet
  facet normal 0 1 0
    outer loop
      vertex 1.0815594803123159 12.990381056766578 197.79130219296698
      vertex 0.3658496214367871 12.990381056766578 177.80082663378894
      vertex 0.3658496214367871 12.990381056766578 197.63917336621105
    endloop
  endfacet
  facet normal 0 1 0
    outer loop
      vertex 1.0815594803123159 12.990381056766578 177.64869780703302
      vertex 1.0815594803123159 12.990381056766578 197.79130219296698
      vertex 1.75 12.990381056766578 198.08891108675448
    endloop
  endfacet
  facet normal 0 1 0
    outer loop
      vertex 1.75 12.990381056766578 177.35108891324552
      vertex 1.75 12.990381056766578 198.08891108675448
      vertex 2.341957122256004 12.990381056766578 198.51899311082911
    endloop
  endfacet
  facet normal 0 1 0
    outer loop
      vertex 0.3658496214367871 12.990381056766578 204.60082663378896
      vertex -0.3658496214367871 12.990381056766578 204.60082663378896
      vertex 0.3658496214367871 12.990381056766578 221.51917336621105
    endloop
  endfacet
  facet normal 0 1 0
    outer loop
      vertex 2.831559480312316 12.990381056766578 199.06275161697636
      vertex 2.341957122256004 12.990381056766578 176.92100688917088
      vertex 2.341957122256004 12.990381056766578 198.51899311082911
    endloop
  endfacet
  facet normal 0 1 0
    outer loop
      vertex 2.831559480312316 12.990381056766578 199.06275161697636
      vertex 3.197409101749103 12.990381056766578 199.6964217492347
      vertex 2.831559480312316 12.990381056766578 176.37724838302364
    endloop
  endfacet
  facet normal 0 1 0
    outer loop
      vertex 3.42351660256832 12.990381056766578 200.39230908213784
      vertex 3.197409101749103 12.990381056766578 175.7435782507653
      vertex 3.197409101749103 12.990381056766578 199.6964217492347
    endloop
  endfacet
  facet normal 0 1 0
    outer loop
      vertex 32.5 12.990381056766578 0
      vertex 3.42351660256832 12.990381056766578 160.43769091786217
      vertex 3.42351660256832 12.990381056766578 173.59230908213783
    endloop
  endfacet
  facet normal 0 1 0
    outer loop
      vertex 32.5 12.990381056766578 0
      vertex 3.42351660256832 12.990381056766578 173.59230908213783
      vertex 3.5 12.990381056766578 174.32
    endloop
  endfacet
  facet normal 0 1 0
    outer loop
      vertex 32.5 12.990381056766578 0
      vertex 3.5 12.990381056766578 174.32
      vertex 3.42351660256832 12.990381056766578 175.04769091786216
    endloop
  endfacet
  facet normal 0 1 0
    outer loop
      vertex 32.5 12.990381056766578 0
      vertex 3.42351660256832 12.990381056766578 175.04769091786216
      vertex 3.42351660256832 12.990381056766578 200.39230908213784
    endloop
  endfacet
  facet normal 0 1 0
    outer loop
      vertex 32.5 12.990381056766578 0
      vertex 3.42351660256832 12.990381056766578 200.39230908213784
      vertex 3.5 12.990381056766578 201.12
    endloop
  endfacet
  facet normal 0 0 -1
    outer loop
      vertex 32.5 12.990381056766578 0
      vertex 22.52786404500042 7.608452130361228 0
      vertex 8.678681847604707 3.863998109220102 0
    endloop
  endfacet
  facet normal 0 0 -1
    outer loop
      vertex 32.5 12.990381056766578 0
      vertex 24.163772293858774 7.956175162946186 0
      vertex 22.52786404500042 7.608452130361228 0
    endloop
  endfacet
  facet normal 0 0 -1
    outer loop
      vertex 32.5 12.990381056766578 0
      vertex 25.836227706141226 7.956175162946186 0
      vertex 24.163772293858774 7.956175162946186 0
    endloop
  endfacet
  facet normal 0 0 -1
    outer loop
      vertex 32.5 12.990381056766578 0
      vertex 27.47213595499958 7.608452130361228 0
      vertex 25.836227706141226 7.956175162946186 0
    endloop
  endfacet
  facet normal 0 0 -1
    outer loop
      vertex 32.5 12.990381056766578 0
      vertex 29 6.928203230275509 0
      vertex 27.47213595499958 7.608452130361228 0
    endloop
  endfacet
  facet normal 0 0 -1
    outer loop
      vertex 40 0 0
      vertex 32.30836366114081 3.2538931446064017 0
      vertex 32.5 12.990381056766578 0
    endloop
  endfacet
  facet normal 0 0 -1
    outer loop
      vertex 32.5 12.990381056766578 0
      vertex 32.30836366114081 3.2538931446064017 0
      vertex 31.47213595499958 4.702282018339785 0
    endloop
  endfacet
  facet normal 0 0 -1
    outer loop
      vertex 32.5 12.990381056766578 0
      vertex 31.47213595499958 4.702282018339785 0
      vertex 30.353044850870866 5.945158603819154 0
    endloop
  endfacet
  facet normal 0 0 -1
    outer loop
      vertex 32.5 12.990381056766578 0
      vertex 30.353044850870866 5.945158603819154 0
      vertex 29 6.928203230275509 0
    endloop
  endfacet
  facet normal 0.8660254037844386 0.5 0
    outer loop
      vertex 40 0 0
      vertex 32.5 12.990381056766578 0
      vertex 40 0 394.8
    endloop
  endfacet
  facet normal 0 1 0
    outer loop
      vertex 32.5 12.990381056766578 0
      vertex 3.5 12.990381056766578 201.12
      vertex 32.5 12.990381056766578 394.8
    endloop
  endfacet
  facet normal 0 1 0
    outer loop
      vertex 0.3658496214367871 12.990381056766578 204.60082663378896
      vertex 0.3658496214367871 12.990381056766578 221.51917336621105
      vertex 1.0815594803123159 12.990381056766578 221.67130219296698
    endloop
  endfacet
  facet normal 0 1 0
    outer loop
      vertex 0.3658496214367871 12.990381056766578 204.60082663378896
      vertex 1.0815594803123159 12.990381056766578 221.67130219296698
      vertex 1.75 12.990381056766578 221.96891108675447
    endloop
  endfacet
  facet normal 0 1 0
    outer loop
      vertex 0.3658496214367871 12.990381056766578 204.60082663378896
      vertex 1.75 12.990381056766578 221.96891108675447
      vertex 2.341957122256004 12.990381056766578 222.3989931108291
    endloop
  endfacet
  facet normal 0 1 0
    outer loop
      vertex 0.3658496214367871 12.990381056766578 204.60082663378896
      vertex 2.341957122256004 12.990381056766578 222.3989931108291
      vertex 2.831559480312316 12.990381056766578 222.94275161697635
    endloop
  endfacet
  facet normal 0 1 0
    outer loop
      vertex 0.3658496214367871 12.990381056766578 204.60082663378896
      vertex 2.831559480312316 12.990381056766578 222.94275161697635
      vertex 3.197409101749103 12.990381056766578 223.5764217492347
    endloop
  endfacet
  facet normal 0 1 0
    outer loop
      vertex 0.3658496214367871 12.990381056766578 204.60082663378896
      vertex 3.197409101749103 12.990381056766578 223.5764217492347
      vertex 3.42351660256832 12.990381056766578 224.27230908213784
    endloop
  endfacet
  facet normal 0 1 0
    outer loop
      vertex -0.3658496214367871 12.990381056766578 228.48082663378895
      vertex 4.275 12.990381056766578 387.22602962664865
      vertex 0.3658496214367871 12.990381056766578 228.48082663378895
    endloop
  endfacet
  facet normal 0 1 0
    outer loop
      vertex 1.0815594803123159 12.990381056766578 228.32869780703302
      vertex 0.3658496214367871 12.990381056766578 228.48082663378895
      vertex 21.4 12.990381056766578 386.1757183193341
    endloop
  endfacet
  facet normal 0 1 0
    outer loop
      vertex 32.5 12.990381056766578 394.8
      vertex 1.0815594803123159 12.990381056766578 204.44869780703303
      vertex 0.3658496214367871 12.990381056766578 204.60082663378896
    endloop
  endfacet
  facet normal 0 1 0
    outer loop
      vertex 32.5 12.990381056766578 394.8
      vertex 1.75 12.990381056766578 204.15108891324553
      vertex 1.0815594803123159 12.990381056766578 204.44869780703303
    endloop
  endfacet
  facet normal 0 1 0
    outer loop
      vertex 32.5 12.990381056766578 394.8
      vertex 2.341957122256004 12.990381056766578 203.7210068891709
      vertex 1.75 12.990381056766578 204.15108891324553
    endloop
  endfacet
  facet normal 0 1 0
    outer loop
      vertex 32.5 12.990381056766578 394.8
      vertex 2.831559480312316 12.990381056766578 203.17724838302365
      vertex 2.341957122256004 12.990381056766578 203.7210068891709
    endloop
  endfacet
  facet normal 0 1 0
    outer loop
      vertex 32.5 12.990381056766578 394.8
      vertex 3.197409101749103 12.990381056766578 202.5435782507653
      vertex 2.831559480312316 12.990381056766578 203.17724838302365
    endloop
  endfacet
  facet normal 0 1 0
    outer loop
      vertex 32.5 12.990381056766578 394.8
      vertex 3.42351660256832 12.990381056766578 201.84769091786217
      vertex 3.197409101749103 12.990381056766578 202.5435782507653
    endloop
  endfacet
  facet normal 0 1 0
    outer loop
      vertex 32.5 12.990381056766578 394.8
      vertex 3.5 12.990381056766578 201.12
      vertex 3.42351660256832 12.990381056766578 201.84769091786217
    endloop
  endfacet
  facet normal 0 1 0
    outer loop
      vertex 1.0815594803123159 12.990381056766578 228.32869780703302
      vertex 28.6 12.990381056766578 386.1757183193341
      vertex 1.75 12.990381056766578 228.03108891324553
    endloop
  endfacet
  facet normal 0 1 0
    outer loop
      vertex 1.75 12.990381056766578 228.03108891324553
      vertex 28.6 12.990381056766578 386.1757183193341
      vertex 2.341957122256004 12.990381056766578 227.6010068891709
    endloop
  endfacet
  facet normal 0 1 0
    outer loop
      vertex 32.5 12.990381056766578 394.8
      vertex 0.3658496214367871 12.990381056766578 204.60082663378896
      vertex 3.42351660256832 12.990381056766578 224.27230908213784
    endloop
  endfacet
  facet normal 0 1 0
    outer loop
      vertex 3.42351660256832 12.990381056766578 225.72769091786216
      vertex 3.197409101749103 12.990381056766578 226.4235782507653
      vertex 28.6 12.990381056766578 386.1757183193341
    endloop
  endfacet
  facet normal 0 1 0
    outer loop
      vertex 2.831559480312316 12.990381056766578 227.05724838302365
      vertex 2.341957122256004 12.990381056766578 227.6010068891709
      vertex 28.6 12.990381056766578 386.1757183193341
    endloop
  endfacet
  facet normal 0 1 0
    outer loop
      vertex 2.831559480312316 12.990381056766578 227.05724838302365
      vertex 28.6 12.990381056766578 386.1757183193341
      vertex 3.197409101749103 12.990381056766578 226.4235782507653
    endloop
  endfacet
  facet normal 0 1 0
    outer loop
      vertex 32.5 12.990381056766578 394.8
      vertex 3.42351660256832 12.990381056766578 224.27230908213784
      vertex 3.5 12.990381056766578 225
    endloop
  endfacet
  facet normal 0 1 0
    outer loop
      vertex 32.5 12.990381056766578 394.8
      vertex 3.5 12.990381056766578 225
      vertex 3.42351660256832 12.990381056766578 225.72769091786216
    endloop
  endfacet
  facet normal 0 1 0
    outer loop
      vertex 0.3658496214367871 12.990381056766578 228.48082663378895
      vertex 4.275 12.990381056766578 387.22602962664865
      vertex 21.4 12.990381056766578 386.1757183193341
    endloop
  endfacet
  facet normal 0 1 0
    outer loop
      vertex 4.275 12.990381056766578 389.6
      vertex 21.4 12.990381056766578 386.1757183193341
      vertex 4.275 12.990381056766578 387.22602962664865
    endloop
  endfacet
  facet normal 0 1 0
    outer loop
      vertex 4.275 12.990381056766578 394.8
      vertex 21.4 12.990381056766578 386.1757183193341
      vertex 4.275 12.990381056766578 389.6
    endloop
  endfacet
  facet normal 0 1 0
    outer loop
      vertex 1.0815594803123159 12.990381056766578 228.32869780703302
      vertex 21.4 12.990381056766578 386.1757183193341
      vertex 28.6 12.990381056766578 386.1757183193341
    endloop
  endfacet
  facet normal 0 1 0
    outer loop
      vertex 4.275 12.990381056766578 394.8
      vertex 21.4 12.990381056766578 394.8
      vertex 21.4 12.990381056766578 386.1757183193341
    endloop
  endfacet
  facet normal 0.8660254037844386 0.5 -1.499794697230877e-19
    outer loop
      vertex 40 0 394.8
      vertex 32.5 12.990381056766578 0
      vertex 32.5 12.990381056766578 394.8
    endloop
  endfacet
  facet normal 0 1 0
    outer loop
      vertex 32.5 12.990381056766578 394.8
      vertex 3.42351660256832 12.990381056766578 225.72769091786216
      vertex 28.6 12.990381056766578 386.1757183193341
    endloop
  endfacet
  facet normal 0 1 0
    outer loop
      vertex 32.5 12.990381056766578 394.8
      vertex 28.6 12.990381056766578 386.1757183193341
      vertex 28.6 12.990381056766578 389.6
    endloop
  endfacet
  facet normal 0 1 0
    outer loop
      vertex 32.5 12.990381056766578 394.8
      vertex 28.6 12.990381056766578 389.6
      vertex 28.6 12.990381056766578 394.8
    endloop
  endfacet
  facet normal 0 -1 0
    outer loop
      vertex -6.5 14.5 51.89
      vertex -3.42351660256832 14.5 51.162309082137845
      vertex -3.5 14.5 51.89
    endloop
  endfacet
  facet normal 0 -1 0
    outer loop
      vertex -6.5 14.5 51.89
      vertex -3.5 14.5 51.89
      vertex -3.42351660256832 14.5 52.617690917862156
    endloop
  endfacet
  facet normal 0 -1 0
    outer loop
      vertex -6.5 14.5 51.89
      vertex -3.25 14.5 46.26083487540115
      vertex -3.197409101749103 14.5 50.4664217492347
    endloop
  endfacet
  facet normal 0 -1 0
    outer loop
      vertex -6.5 14.5 51.89
      vertex -3.197409101749103 14.5 50.4664217492347
      vertex -3.42351660256832 14.5 51.162309082137845
    endloop
  endfacet
  facet normal 0 -1 0
    outer loop
      vertex -6.5 14.5 51.89
      vertex -3.42351660256832 14.5 52.617690917862156
      vertex -3.197409101749103 14.5 53.3135782507653
    endloop
  endfacet
  facet normal 0 -1 0
    outer loop
      vertex -6.5 14.5 51.89
      vertex -3.197409101749103 14.5 53.3135782507653
      vertex -2.831559480312316 14.5 53.947248383023656
    endloop
  endfacet
  facet normal 0 -1 0
    outer loop
      vertex -6.5 14.5 51.89
      vertex -2.831559480312316 14.5 53.947248383023656
      vertex -2.341957122256004 14.5 54.49100688917088
    endloop
  endfacet
  facet normal 0 -1 0
    outer loop
      vertex -3.25 14.5 46.26083487540115
      vertex -2.831559480312316 14.5 49.832751616976346
      vertex -3.197409101749103 14.5 50.4664217492347
    endloop
  endfacet
  facet normal 0 -1 0
    outer loop
      vertex -3.25 14.5 46.26083487540115
      vertex -2.341957122256004 14.5 49.28899311082912
      vertex -2.831559480312316 14.5 49.832751616976346
    endloop
  endfacet
  facet normal -0.7729879516809972 0.4509096384805811 -0.44628480198336135
    outer loop
      vertex -6.5 14.5 51.89
      vertex -2.375 17.5 47.776379332023915
      vertex -3.25 14.5 46.26083487540115
    endloop
  endfacet
  facet normal 0 -1 0
    outer loop
      vertex -3.25 14.5 46.26083487540115
      vertex -1.75 14.5 48.85891108675447
      vertex -2.341957122256004 14.5 49.28899311082912
    endloop
  endfacet
  facet normal 0 -1 0
    outer loop
      vertex -3.25 14.5 46.26083487540115
      vertex -1.0815594803123159 14.5 48.56130219296696
      vertex -1.75 14.5 48.85891108675447
    endloop
  endfacet
  facet normal 0 -1 0
    outer loop
      vertex -3.25 14.5 46.26083487540115
      vertex -0.3658496214367871 14.5 48.40917336621104
      vertex -1.0815594803123159 14.5 48.56130219296696
    endloop
  endfacet
  facet normal 0 -1 0
    outer loop
      vertex -3.25 14.5 46.26083487540115
      vertex 0.3658496214367871 14.5 48.40917336621104
      vertex -0.3658496214367871 14.5 48.40917336621104
    endloop
  endfacet
  facet normal 0 0.45090963848058047 -0.8925696039667227
    outer loop
      vertex -3.25 14.5 46.26083487540115
      vertex -2.375 17.5 47.776379332023915
      vertex 3.25 14.5 46.26083487540115
    endloop
  endfacet
  facet normal -0.7729879516809972 0.4509096384805817 -0.4462848019833609
    outer loop
      vertex -6.5 14.5 51.89
      vertex -4.75 17.5 51.89
      vertex -2.375 17.5 47.776379332023915
    endloop
  endfacet
  facet normal -0.7729879516809972 0.4509096384805817 0.4462848019833609
    outer loop
      vertex -6.5 14.5 51.89
      vertex -2.375 17.5 56.00362066797609
      vertex -4.75 17.5 51.89
    endloop
  endfacet
  facet normal 0 1 0
    outer loop
      vertex -4.75 17.5 51.89
      vertex -3.42351660256832 17.5 51.162309082137845
      vertex -3.197409101749103 17.5 50.4664217492347
    endloop
  endfacet
  facet normal 0 1 0
    outer loop
      vertex -4.75 17.5 51.89
      vertex -3.5 17.5 51.89
      vertex -3.42351660256832 17.5 51.162309082137845
    endloop
  endfacet
  facet normal 0 1 0
    outer loop
      vertex -4.75 17.5 51.89
      vertex -3.42351660256832 17.5 52.617690917862156
      vertex -3.5 17.5 51.89
    endloop
  endfacet
  facet normal 0 1 0
    outer loop
      vertex -4.75 17.5 51.89
      vertex -3.197409101749103 17.5 53.3135782507653
      vertex -3.42351660256832 17.5 52.617690917862156
    endloop
  endfacet
  facet normal 0 1 0
    outer loop
      vertex -4.75 17.5 51.89
      vertex -2.831559480312316 17.5 49.832751616976346
      vertex -2.375 17.5 47.776379332023915
    endloop
  endfacet
  facet normal 0 1 0
    outer loop
      vertex -4.75 17.5 51.89
      vertex -3.197409101749103 17.5 50.4664217492347
      vertex -2.831559480312316 17.5 49.832751616976346
    endloop
  endfacet
  facet normal 0 1 0
    outer loop
      vertex -4.75 17.5 51.89
      vertex -2.375 17.5 56.00362066797609
      vertex -3.197409101749103 17.5 53.3135782507653
    endloop
  endfacet
  facet normal 0 1 0
    outer loop
      vertex -2.375 17.5 47.776379332023915
      vertex -2.831559480312316 17.5 49.832751616976346
      vertex -2.341957122256004 17.5 49.28899311082912
    endloop
  endfacet
  facet normal 0 1 0
    outer loop
      vertex -2.375 17.5 47.776379332023915
      vertex -2.341957122256004 17.5 49.28899311082912
      vertex -1.75 17.5 48.85891108675447
    endloop
  endfacet
  facet normal 0 1 0
    outer loop
      vertex -2.375 17.5 47.776379332023915
      vertex -1.75 17.5 48.85891108675447
      vertex -1.0815594803123159 17.5 48.56130219296696
    endloop
  endfacet
  facet normal 0 1 0
    outer loop
      vertex -2.375 17.5 47.776379332023915
      vertex -1.0815594803123159 17.5 48.56130219296696
      vertex -0.3658496214367871 17.5 48.40917336621104
    endloop
  endfacet
  facet normal 0 1 0
    outer loop
      vertex -2.375 17.5 47.776379332023915
      vertex -0.3658496214367871 17.5 48.40917336621104
      vertex 0.3658496214367871 17.5 48.40917336621104
    endloop
  endfacet
  facet normal 0 -1 0
    outer loop
      vertex -6.5 14.5 51.89
      vertex -2.341957122256004 14.5 54.49100688917088
      vertex -3.25 14.5 57.51916512459885
    endloop
  endfacet
  facet normal -0.7729879516809972 0.45090963848058113 0.44628480198336135
    outer loop
      vertex -6.5 14.5 51.89
      vertex -3.25 14.5 57.51916512459885
      vertex -2.375 17.5 56.00362066797609
    endloop
  endfacet
  facet normal 0 -1 0
    outer loop
      vertex -3.25 14.5 57.51916512459885
      vertex -2.341957122256004 14.5 54.49100688917088
      vertex -1.75 14.5 54.92108891324553
    endloop
  endfacet
  facet normal 0 -1 0
    outer loop
      vertex -3.25 14.5 57.51916512459885
      vertex -1.75 14.5 54.92108891324553
      vertex -1.0815594803123159 14.5 55.21869780703304
    endloop
  endfacet
  facet normal 0 -1 0
    outer loop
      vertex -3.25 14.5 57.51916512459885
      vertex -1.0815594803123159 14.5 55.21869780703304
      vertex -0.3658496214367871 14.5 55.37082663378896
    endloop
  endfacet
  facet normal 0 -1 0
    outer loop
      vertex -3.25 14.5 57.51916512459885
      vertex -0.3658496214367871 14.5 55.37082663378896
      vertex 3.25 14.5 57.51916512459885
    endloop
  endfacet
  facet normal 0 0.45090963848058047 0.8925696039667227
    outer loop
      vertex -3.25 14.5 57.51916512459885
      vertex 3.25 14.5 57.51916512459885
      vertex -2.375 17.5 56.00362066797609
    endloop
  endfacet
  facet normal 0 1 0
    outer loop
      vertex -2.375 17.5 56.00362066797609
      vertex -2.831559480312316 17.5 53.947248383023656
      vertex -3.197409101749103 17.5 53.3135782507653
    endloop
  endfacet
  facet normal 0 1 0
    outer loop
      vertex -2.375 17.5 56.00362066797609
      vertex -2.341957122256004 17.5 54.49100688917088
      vertex -2.831559480312316 17.5 53.947248383023656
    endloop
  endfacet
  facet normal 0 1 0
    outer loop
      vertex -2.375 17.5 56.00362066797609
      vertex -1.75 17.5 54.92108891324553
      vertex -2.341957122256004 17.5 54.49100688917088
    endloop
  endfacet
  facet normal 0 1 0
    outer loop
      vertex -2.375 17.5 56.00362066797609
      vertex -1.0815594803123159 17.5 55.21869780703304
      vertex -1.75 17.5 54.92108891324553
    endloop
  endfacet
  facet normal 0 1 0
    outer loop
      vertex -2.375 17.5 56.00362066797609
      vertex -0.3658496214367871 17.5 55.37082663378896
      vertex -1.0815594803123159 17.5 55.21869780703304
    endloop
  endfacet
  facet normal 0 1 0
    outer loop
      vertex -2.375 17.5 56.00362066797609
      vertex 2.375 17.5 56.00362066797609
      vertex -0.3658496214367871 17.5 55.37082663378896
    endloop
  endfacet
  facet normal 0 -1 0
    outer loop
      vertex -3.25 14.5 46.26083487540115
      vertex 3.25 14.5 46.26083487540115
      vertex 0.3658496214367871 14.5 48.40917336621104
    endloop
  endfacet
  facet normal 0 -1 0
    outer loop
      vertex 3.25 14.5 46.26083487540115
      vertex 1.0815594803123159 14.5 48.56130219296696
      vertex 0.3658496214367871 14.5 48.40917336621104
    endloop
  endfacet
  facet normal 0 -1 0
    outer loop
      vertex 3.25 14.5 46.26083487540115
      vertex 1.75 14.5 48.85891108675447
      vertex 1.0815594803123159 14.5 48.56130219296696
    endloop
  endfacet
  facet normal 0 -1 0
    outer loop
      vertex 3.25 14.5 46.26083487540115
      vertex 2.341957122256004 14.5 49.28899311082912
      vertex 1.75 14.5 48.85891108675447
    endloop
  endfacet
  facet normal 0 -1 0
    outer loop
      vertex 6.5 14.5 51.89
      vertex 2.831559480312316 14.5 49.832751616976346
      vertex 2.341957122256004 14.5 49.28899311082912
    endloop
  endfacet
  facet normal 0 -1 0
    outer loop
      vertex 3.25 14.5 46.26083487540115
      vertex 6.5 14.5 51.89
      vertex 2.341957122256004 14.5 49.28899311082912
    endloop
  endfacet
  facet normal 0 -1 0
    outer loop
      vertex 6.5 14.5 51.89
      vertex 3.197409101749103 14.5 50.4664217492347
      vertex 2.831559480312316 14.5 49.832751616976346
    endloop
  endfacet
  facet normal 0 -1 0
    outer loop
      vertex 6.5 14.5 51.89
      vertex 3.42351660256832 14.5 51.162309082137845
      vertex 3.197409101749103 14.5 50.4664217492347
    endloop
  endfacet
  facet normal 0 -1 0
    outer loop
      vertex 6.5 14.5 51.89
      vertex 3.197409101749103 14.5 53.3135782507653
      vertex 3.42351660256832 14.5 52.617690917862156
    endloop
  endfacet
  facet normal 0 -1 0
    outer loop
      vertex 6.5 14.5 51.89
      vertex 3.5 14.5 51.89
      vertex 3.42351660256832 14.5 51.162309082137845
    endloop
  endfacet
  facet normal 0 -1 0
    outer loop
      vertex 6.5 14.5 51.89
      vertex 3.42351660256832 14.5 52.617690917862156
      vertex 3.5 14.5 51.89
    endloop
  endfacet
  facet normal 0.7729879516809972 0.45090963848058113 -0.44628480198336135
    outer loop
      vertex 3.25 14.5 46.26083487540115
      vertex 2.375 17.5 47.776379332023915
      vertex 6.5 14.5 51.89
    endloop
  endfacet
  facet normal 0 0.45090963848058047 -0.8925696039667227
    outer loop
      vertex -2.375 17.5 47.776379332023915
      vertex 2.375 17.5 47.776379332023915
      vertex 3.25 14.5 46.26083487540115
    endloop
  endfacet
  facet normal 0 1 0
    outer loop
      vertex -2.375 17.5 47.776379332023915
      vertex 0.3658496214367871 17.5 48.40917336621104
      vertex 2.375 17.5 47.776379332023915
    endloop
  endfacet
  facet normal 0 1 0
    outer loop
      vertex 2.375 17.5 47.776379332023915
      vertex 0.3658496214367871 17.5 48.40917336621104
      vertex 1.0815594803123159 17.5 48.56130219296696
    endloop
  endfacet
  facet normal 0 1 0
    outer loop
      vertex 2.375 17.5 47.776379332023915
      vertex 1.0815594803123159 17.5 48.56130219296696
      vertex 1.75 17.5 48.85891108675447
    endloop
  endfacet
  facet normal 0 1 0
    outer loop
      vertex 2.375 17.5 47.776379332023915
      vertex 1.75 17.5 48.85891108675447
      vertex 2.341957122256004 17.5 49.28899311082912
    endloop
  endfacet
  facet normal 0.7729879516809972 0.45090963848058163 -0.4462848019833609
    outer loop
      vertex 2.375 17.5 47.776379332023915
      vertex 4.75 17.5 51.89
      vertex 6.5 14.5 51.89
    endloop
  endfacet
  facet normal 0.7729879516809972 0.4509096384805817 0.4462848019833609
    outer loop
      vertex 4.75 17.5 51.89
      vertex 2.375 17.5 56.00362066797609
      vertex 6.5 14.5 51.89
    endloop
  endfacet
  facet normal 0 1 0
    outer loop
      vertex 2.375 17.5 47.776379332023915
      vertex 2.341957122256004 17.5 49.28899311082912
      vertex 2.831559480312316 17.5 49.832751616976346
    endloop
  endfacet
  facet normal 0 1 0
    outer loop
      vertex 2.375 17.5 47.776379332023915
      vertex 2.831559480312316 17.5 49.832751616976346
      vertex 3.197409101749103 17.5 50.4664217492347
    endloop
  endfacet
  facet normal 0 1 0
    outer loop
      vertex 2.375 17.5 47.776379332023915
      vertex 3.197409101749103 17.5 50.4664217492347
      vertex 4.75 17.5 51.89
    endloop
  endfacet
  facet normal 0 1 0
    outer loop
      vertex 4.75 17.5 51.89
      vertex 2.831559480312316 17.5 53.947248383023656
      vertex 2.375 17.5 56.00362066797609
    endloop
  endfacet
  facet normal 0 1 0
    outer loop
      vertex 4.75 17.5 51.89
      vertex 3.197409101749103 17.5 53.3135782507653
      vertex 2.831559480312316 17.5 53.947248383023656
    endloop
  endfacet
  facet normal 0 1 0
    outer loop
      vertex 4.75 17.5 51.89
      vertex 3.197409101749103 17.5 50.4664217492347
      vertex 3.42351660256832 17.5 51.162309082137845
    endloop
  endfacet
  facet normal 0 1 0
    outer loop
      vertex 4.75 17.5 51.89
      vertex 3.42351660256832 17.5 51.162309082137845
      vertex 3.5 17.5 51.89
    endloop
  endfacet
  facet normal 0 1 0
    outer loop
      vertex 4.75 17.5 51.89
      vertex 3.5 17.5 51.89
      vertex 3.42351660256832 17.5 52.617690917862156
    endloop
  endfacet
  facet normal 0 1 0
    outer loop
      vertex 4.75 17.5 51.89
      vertex 3.42351660256832 17.5 52.617690917862156
      vertex 3.197409101749103 17.5 53.3135782507653
    endloop
  endfacet
  facet normal 0 -1 0
    outer loop
      vertex 3.25 14.5 57.51916512459885
      vertex -0.3658496214367871 14.5 55.37082663378896
      vertex 0.3658496214367871 14.5 55.37082663378896
    endloop
  endfacet
  facet normal 0 -1 0
    outer loop
      vertex 3.25 14.5 57.51916512459885
      vertex 0.3658496214367871 14.5 55.37082663378896
      vertex 1.0815594803123159 14.5 55.21869780703304
    endloop
  endfacet
  facet normal 0 -1 0
    outer loop
      vertex 3.25 14.5 57.51916512459885
      vertex 1.0815594803123159 14.5 55.21869780703304
      vertex 1.75 14.5 54.92108891324553
    endloop
  endfacet
  facet normal 0 -1 0
    outer loop
      vertex 3.25 14.5 57.51916512459885
      vertex 1.75 14.5 54.92108891324553
      vertex 2.341957122256004 14.5 54.49100688917088
    endloop
  endfacet
  facet normal 0 -1 0
    outer loop
      vertex 3.25 14.5 57.51916512459885
      vertex 2.341957122256004 14.5 54.49100688917088
      vertex 2.831559480312316 14.5 53.947248383023656
    endloop
  endfacet
  facet normal 0 -1 0
    outer loop
      vertex 3.25 14.5 57.51916512459885
      vertex 2.831559480312316 14.5 53.947248383023656
      vertex 3.197409101749103 14.5 53.3135782507653
    endloop
  endfacet
  facet normal 0 -1 0
    outer loop
      vertex 6.5 14.5 51.89
      vertex 3.25 14.5 57.51916512459885
      vertex 3.197409101749103 14.5 53.3135782507653
    endloop
  endfacet
  facet normal 0.7729879516809972 0.4509096384805811 0.44628480198336135
    outer loop
      vertex 6.5 14.5 51.89
      vertex 2.375 17.5 56.00362066797609
      vertex 3.25 14.5 57.51916512459885
    endloop
  endfacet
  facet normal 0 0.45090963848058047 0.8925696039667227
    outer loop
      vertex -2.375 17.5 56.00362066797609
      vertex 3.25 14.5 57.51916512459885
      vertex 2.375 17.5 56.00362066797609
    endloop
  endfacet
  facet normal 0 1 0
    outer loop
      vertex 2.375 17.5 56.00362066797609
      vertex 0.3658496214367871 17.5 55.37082663378896
      vertex -0.3658496214367871 17.5 55.37082663378896
    endloop
  endfacet
  facet normal 0 1 0
    outer loop
      vertex 2.375 17.5 56.00362066797609
      vertex 1.0815594803123159 17.5 55.21869780703304
      vertex 0.3658496214367871 17.5 55.37082663378896
    endloop
  endfacet
  facet normal 0 1 0
    outer loop
      vertex 2.375 17.5 56.00362066797609
      vertex 1.75 17.5 54.92108891324553
      vertex 1.0815594803123159 17.5 55.21869780703304
    endloop
  endfacet
  facet normal 0 1 0
    outer loop
      vertex 2.375 17.5 56.00362066797609
      vertex 2.341957122256004 17.5 54.49100688917088
      vertex 1.75 17.5 54.92108891324553
    endloop
  endfacet
  facet normal 0 1 0
    outer loop
      vertex 2.375 17.5 56.00362066797609
      vertex 2.831559480312316 17.5 53.947248383023656
      vertex 2.341957122256004 17.5 54.49100688917088
    endloop
  endfacet
  facet normal 0 -1 0
    outer loop
      vertex -3.25 14.5 104.83083487540114
      vertex -2.831559480312316 14.5 108.40275161697633
      vertex -3.197409101749103 14.5 109.03642174923469
    endloop
  endfacet
  facet normal 0 -1 0
    outer loop
      vertex -3.25 14.5 104.83083487540114
      vertex -2.341957122256004 14.5 107.85899311082912
      vertex -2.831559480312316 14.5 108.40275161697633
    endloop
  endfacet
  facet normal -0.7729879516809967 0.45090963848058263 -0.44628480198336046
    outer loop
      vertex -3.25 14.5 104.83083487540114
      vertex -6.5 14.5 110.46
      vertex -2.375 17.5 106.34637933202391
    endloop
  endfacet
  facet normal 0 -1 0
    outer loop
      vertex -3.25 14.5 104.83083487540114
      vertex -1.75 14.5 107.42891108675445
      vertex -2.341957122256004 14.5 107.85899311082912
    endloop
  endfacet
  facet normal 0 -1 0
    outer loop
      vertex -3.25 14.5 104.83083487540114
      vertex -1.0815594803123159 14.5 107.13130219296696
      vertex -1.75 14.5 107.42891108675445
    endloop
  endfacet
  facet normal 0 -1 0
    outer loop
      vertex -3.25 14.5 104.83083487540114
      vertex -0.3658496214367871 14.5 106.97917336621104
      vertex -1.0815594803123159 14.5 107.13130219296696
    endloop
  endfacet
  facet normal 0 -1 0
    outer loop
      vertex -3.25 14.5 104.83083487540114
      vertex 0.3658496214367871 14.5 106.97917336621104
      vertex -0.3658496214367871 14.5 106.97917336621104
    endloop
  endfacet
  facet normal 0 0.45090963848058385 -0.8925696039667209
    outer loop
      vertex -3.25 14.5 104.83083487540114
      vertex -2.375 17.5 106.34637933202391
      vertex 3.25 14.5 104.83083487540114
    endloop
  endfacet
  facet normal 0 1 0
    outer loop
      vertex -2.375 17.5 106.34637933202391
      vertex -2.831559480312316 17.5 108.40275161697633
      vertex -2.341957122256004 17.5 107.85899311082912
    endloop
  endfacet
  facet normal 0 1 0
    outer loop
      vertex -2.375 17.5 106.34637933202391
      vertex -2.341957122256004 17.5 107.85899311082912
      vertex -1.75 17.5 107.42891108675445
    endloop
  endfacet
  facet normal 0 1 0
    outer loop
      vertex -2.375 17.5 106.34637933202391
      vertex -1.75 17.5 107.42891108675445
      vertex -1.0815594803123159 17.5 107.13130219296696
    endloop
  endfacet
  facet normal 0 1 0
    outer loop
      vertex -2.375 17.5 106.34637933202391
      vertex -1.0815594803123159 17.5 107.13130219296696
      vertex -0.3658496214367871 17.5 106.97917336621104
    endloop
  endfacet
  facet normal 0 1 0
    outer loop
      vertex -2.375 17.5 106.34637933202391
      vertex -0.3658496214367871 17.5 106.97917336621104
      vertex 0.3658496214367871 17.5 106.97917336621104
    endloop
  endfacet
  facet normal 0 -1 0
    outer loop
      vertex -6.5 14.5 110.46
      vertex -3.42351660256832 14.5 109.73230908213783
      vertex -3.5 14.5 110.46
    endloop
  endfacet
  facet normal 0 -1 0
    outer loop
      vertex -6.5 14.5 110.46
      vertex -3.5 14.5 110.46
      vertex -3.42351660256832 14.5 111.18769091786216
    endloop
  endfacet
  facet normal 0 -1 0
    outer loop
      vertex -3.25 14.5 104.83083487540114
      vertex -3.197409101749103 14.5 109.03642174923469
      vertex -6.5 14.5 110.46
    endloop
  endfacet
  facet normal 0 -1 0
    outer loop
      vertex -6.5 14.5 110.46
      vertex -3.197409101749103 14.5 109.03642174923469
      vertex -3.42351660256832 14.5 109.73230908213783
    endloop
  endfacet
  facet normal 0 -1 0
    outer loop
      vertex -6.5 14.5 110.46
      vertex -3.42351660256832 14.5 111.18769091786216
      vertex -3.197409101749103 14.5 111.8835782507653
    endloop
  endfacet
  facet normal 0 -1 0
    outer loop
      vertex -6.5 14.5 110.46
      vertex -3.197409101749103 14.5 111.8835782507653
      vertex -2.831559480312316 14.5 112.51724838302366
    endloop
  endfacet
  facet normal 0 -1 0
    outer loop
      vertex -6.5 14.5 110.46
      vertex -2.831559480312316 14.5 112.51724838302366
      vertex -2.341957122256004 14.5 113.06100688917087
    endloop
  endfacet
  facet normal 0 -1 0
    outer loop
      vertex -6.5 14.5 110.46
      vertex -2.341957122256004 14.5 113.06100688917087
      vertex -3.25 14.5 116.08916512459885
    endloop
  endfacet
  facet normal -0.7729879516809967 0.45090963848058263 0.44628480198336046
    outer loop
      vertex -6.5 14.5 110.46
      vertex -3.25 14.5 116.08916512459885
      vertex -2.375 17.5 114.57362066797607
    endloop
  endfacet
  facet normal 0 -1 0
    outer loop
      vertex -3.25 14.5 116.08916512459885
      vertex -2.341957122256004 14.5 113.06100688917087
      vertex -1.75 14.5 113.49108891324553
    endloop
  endfacet
  facet normal 0 -1 0
    outer loop
      vertex -3.25 14.5 116.08916512459885
      vertex -1.75 14.5 113.49108891324553
      vertex -1.0815594803123159 14.5 113.78869780703303
    endloop
  endfacet
  facet normal 0 -1 0
    outer loop
      vertex -3.25 14.5 116.08916512459885
      vertex -1.0815594803123159 14.5 113.78869780703303
      vertex -0.3658496214367871 14.5 113.94082663378894
    endloop
  endfacet
  facet normal 0 -1 0
    outer loop
      vertex -3.25 14.5 116.08916512459885
      vertex -0.3658496214367871 14.5 113.94082663378894
      vertex 3.25 14.5 116.08916512459885
    endloop
  endfacet
  facet normal 0 0.45090963848058385 0.8925696039667209
    outer loop
      vertex -3.25 14.5 116.08916512459885
      vertex 3.25 14.5 116.08916512459885
      vertex -2.375 17.5 114.57362066797607
    endloop
  endfacet
  facet normal -0.7729879516809969 0.4509096384805815 -0.44628480198336146
    outer loop
      vertex -2.375 17.5 106.34637933202391
      vertex -6.5 14.5 110.46
      vertex -4.75 17.5 110.46
    endloop
  endfacet
  facet normal -0.7729879516809969 0.4509096384805815 0.44628480198336146
    outer loop
      vertex -6.5 14.5 110.46
      vertex -2.375 17.5 114.57362066797607
      vertex -4.75 17.5 110.46
    endloop
  endfacet
  facet normal 0 1 0
    outer loop
      vertex -4.75 17.5 110.46
      vertex -3.5 17.5 110.46
      vertex -3.42351660256832 17.5 109.73230908213783
    endloop
  endfacet
  facet normal 0 1 0
    outer loop
      vertex -4.75 17.5 110.46
      vertex -3.42351660256832 17.5 109.73230908213783
      vertex -3.197409101749103 17.5 109.03642174923469
    endloop
  endfacet
  facet normal 0 1 0
    outer loop
      vertex -4.75 17.5 110.46
      vertex -3.42351660256832 17.5 111.18769091786216
      vertex -3.5 17.5 110.46
    endloop
  endfacet
  facet normal 0 1 0
    outer loop
      vertex -4.75 17.5 110.46
      vertex -3.197409101749103 17.5 111.8835782507653
      vertex -3.42351660256832 17.5 111.18769091786216
    endloop
  endfacet
  facet normal 0 1 0
    outer loop
      vertex -4.75 17.5 110.46
      vertex -3.197409101749103 17.5 109.03642174923469
      vertex -2.831559480312316 17.5 108.40275161697633
    endloop
  endfacet
  facet normal 0 1 0
    outer loop
      vertex -2.375 17.5 106.34637933202391
      vertex -4.75 17.5 110.46
      vertex -2.831559480312316 17.5 108.40275161697633
    endloop
  endfacet
  facet normal 0 1 0
    outer loop
      vertex -4.75 17.5 110.46
      vertex -2.375 17.5 114.57362066797607
      vertex -3.197409101749103 17.5 111.8835782507653
    endloop
  endfacet
  facet normal 0 1 0
    outer loop
      vertex -2.375 17.5 114.57362066797607
      vertex -2.831559480312316 17.5 112.51724838302366
      vertex -3.197409101749103 17.5 111.8835782507653
    endloop
  endfacet
  facet normal 0 1 0
    outer loop
      vertex -2.375 17.5 114.57362066797607
      vertex -2.341957122256004 17.5 113.06100688917087
      vertex -2.831559480312316 17.5 112.51724838302366
    endloop
  endfacet
  facet normal 0 1 0
    outer loop
      vertex -2.375 17.5 114.57362066797607
      vertex -1.75 17.5 113.49108891324553
      vertex -2.341957122256004 17.5 113.06100688917087
    endloop
  endfacet
  facet normal 0 1 0
    outer loop
      vertex -2.375 17.5 114.57362066797607
      vertex -1.0815594803123159 17.5 113.78869780703303
      vertex -1.75 17.5 113.49108891324553
    endloop
  endfacet
  facet normal 0 1 0
    outer loop
      vertex -2.375 17.5 114.57362066797607
      vertex -0.3658496214367871 17.5 113.94082663378894
      vertex -1.0815594803123159 17.5 113.78869780703303
    endloop
  endfacet
  facet normal 0 1 0
    outer loop
      vertex -2.375 17.5 114.57362066797607
      vertex 2.375 17.5 114.57362066797607
      vertex -0.3658496214367871 17.5 113.94082663378894
    endloop
  endfacet
  facet normal 0 -1 0
    outer loop
      vertex -3.25 14.5 104.83083487540114
      vertex 3.25 14.5 104.83083487540114
      vertex 0.3658496214367871 14.5 106.97917336621104
    endloop
  endfacet
  facet normal 0 -1 0
    outer loop
      vertex 3.25 14.5 104.83083487540114
      vertex 1.0815594803123159 14.5 107.13130219296696
      vertex 0.3658496214367871 14.5 106.97917336621104
    endloop
  endfacet
  facet normal 0 -1 0
    outer loop
      vertex 3.25 14.5 104.83083487540114
      vertex 1.75 14.5 107.42891108675445
      vertex 1.0815594803123159 14.5 107.13130219296696
    endloop
  endfacet
  facet normal 0 -1 0
    outer loop
      vertex 3.25 14.5 104.83083487540114
      vertex 2.341957122256004 14.5 107.85899311082912
      vertex 1.75 14.5 107.42891108675445
    endloop
  endfacet
  facet normal 0 -1 0
    outer loop
      vertex 3.25 14.5 104.83083487540114
      vertex 6.5 14.5 110.46
      vertex 2.341957122256004 14.5 107.85899311082912
    endloop
  endfacet
  facet normal 0.7729879516809967 0.45090963848058263 -0.44628480198336046
    outer loop
      vertex 3.25 14.5 104.83083487540114
      vertex 2.375 17.5 106.34637933202391
      vertex 6.5 14.5 110.46
    endloop
  endfacet
  facet normal 0 0.45090963848058385 -0.8925696039667209
    outer loop
      vertex -2.375 17.5 106.34637933202391
      vertex 2.375 17.5 106.34637933202391
      vertex 3.25 14.5 104.83083487540114
    endloop
  endfacet
  facet normal 0 1 0
    outer loop
      vertex -2.375 17.5 106.34637933202391
      vertex 0.3658496214367871 17.5 106.97917336621104
      vertex 2.375 17.5 106.34637933202391
    endloop
  endfacet
  facet normal 0 1 0
    outer loop
      vertex 2.375 17.5 106.34637933202391
      vertex 0.3658496214367871 17.5 106.97917336621104
      vertex 1.0815594803123159 17.5 107.13130219296696
    endloop
  endfacet
  facet normal 0 1 0
    outer loop
      vertex 2.375 17.5 106.34637933202391
      vertex 1.0815594803123159 17.5 107.13130219296696
      vertex 1.75 17.5 107.42891108675445
    endloop
  endfacet
  facet normal 0 1 0
    outer loop
      vertex 2.375 17.5 106.34637933202391
      vertex 1.75 17.5 107.42891108675445
      vertex 2.341957122256004 17.5 107.85899311082912
    endloop
  endfacet
  facet normal 0 1 0
    outer loop
      vertex 2.375 17.5 106.34637933202391
      vertex 2.341957122256004 17.5 107.85899311082912
      vertex 2.831559480312316 17.5 108.40275161697633
    endloop
  endfacet
  facet normal 0 -1 0
    outer loop
      vertex 3.25 14.5 116.08916512459885
      vertex -0.3658496214367871 14.5 113.94082663378894
      vertex 0.3658496214367871 14.5 113.94082663378894
    endloop
  endfacet
  facet normal 0 -1 0
    outer loop
      vertex 3.25 14.5 116.08916512459885
      vertex 0.3658496214367871 14.5 113.94082663378894
      vertex 1.0815594803123159 14.5 113.78869780703303
    endloop
  endfacet
  facet normal 0 -1 0
    outer loop
      vertex 3.25 14.5 116.08916512459885
      vertex 1.0815594803123159 14.5 113.78869780703303
      vertex 1.75 14.5 113.49108891324553
    endloop
  endfacet
  facet normal 0 -1 0
    outer loop
      vertex 3.25 14.5 116.08916512459885
      vertex 1.75 14.5 113.49108891324553
      vertex 2.341957122256004 14.5 113.06100688917087
    endloop
  endfacet
  facet normal 0 -1 0
    outer loop
      vertex 3.25 14.5 116.08916512459885
      vertex 2.341957122256004 14.5 113.06100688917087
      vertex 2.831559480312316 14.5 112.51724838302366
    endloop
  endfacet
  facet normal 0 -1 0
    outer loop
      vertex 3.25 14.5 116.08916512459885
      vertex 2.831559480312316 14.5 112.51724838302366
      vertex 3.197409101749103 14.5 111.8835782507653
    endloop
  endfacet
  facet normal 0 -1 0
    outer loop
      vertex 6.5 14.5 110.46
      vertex 2.831559480312316 14.5 108.40275161697633
      vertex 2.341957122256004 14.5 107.85899311082912
    endloop
  endfacet
  facet normal 0 -1 0
    outer loop
      vertex 6.5 14.5 110.46
      vertex 3.197409101749103 14.5 109.03642174923469
      vertex 2.831559480312316 14.5 108.40275161697633
    endloop
  endfacet
  facet normal 0 -1 0
    outer loop
      vertex 6.5 14.5 110.46
      vertex 3.42351660256832 14.5 109.73230908213783
      vertex 3.197409101749103 14.5 109.03642174923469
    endloop
  endfacet
  facet normal 0 -1 0
    outer loop
      vertex 6.5 14.5 110.46
      vertex 3.197409101749103 14.5 111.8835782507653
      vertex 3.42351660256832 14.5 111.18769091786216
    endloop
  endfacet
  facet normal 0 -1 0
    outer loop
      vertex 3.25 14.5 116.08916512459885
      vertex 3.197409101749103 14.5 111.8835782507653
      vertex 6.5 14.5 110.46
    endloop
  endfacet
  facet normal 0 -1 0
    outer loop
      vertex 6.5 14.5 110.46
      vertex 3.5 14.5 110.46
      vertex 3.42351660256832 14.5 109.73230908213783
    endloop
  endfacet
  facet normal 0 -1 0
    outer loop
      vertex 6.5 14.5 110.46
      vertex 3.42351660256832 14.5 111.18769091786216
      vertex 3.5 14.5 110.46
    endloop
  endfacet
  facet normal 0.7729879516809967 0.45090963848058263 0.44628480198336046
    outer loop
      vertex 3.25 14.5 116.08916512459885
      vertex 6.5 14.5 110.46
      vertex 2.375 17.5 114.57362066797607
    endloop
  endfacet
  facet normal 0 0.45090963848058385 0.8925696039667209
    outer loop
      vertex -2.375 17.5 114.57362066797607
      vertex 3.25 14.5 116.08916512459885
      vertex 2.375 17.5 114.57362066797607
    endloop
  endfacet
  facet normal 0 1 0
    outer loop
      vertex 2.375 17.5 114.57362066797607
      vertex 0.3658496214367871 17.5 113.94082663378894
      vertex -0.3658496214367871 17.5 113.94082663378894
    endloop
  endfacet
  facet normal 0 1 0
    outer loop
      vertex 2.375 17.5 114.57362066797607
      vertex 1.0815594803123159 17.5 113.78869780703303
      vertex 0.3658496214367871 17.5 113.94082663378894
    endloop
  endfacet
  facet normal 0 1 0
    outer loop
      vertex 2.375 17.5 114.57362066797607
      vertex 1.75 17.5 113.49108891324553
      vertex 1.0815594803123159 17.5 113.78869780703303
    endloop
  endfacet
  facet normal 0 1 0
    outer loop
      vertex 2.375 17.5 114.57362066797607
      vertex 2.341957122256004 17.5 113.06100688917087
      vertex 1.75 17.5 113.49108891324553
    endloop
  endfacet
  facet normal 0.7729879516809969 0.4509096384805815 -0.44628480198336146
    outer loop
      vertex 2.375 17.5 106.34637933202391
      vertex 4.75 17.5 110.46
      vertex 6.5 14.5 110.46
    endloop
  endfacet
  facet normal 0.7729879516809969 0.4509096384805815 0.44628480198336146
    outer loop
      vertex 2.375 17.5 114.57362066797607
      vertex 6.5 14.5 110.46
      vertex 4.75 17.5 110.46
    endloop
  endfacet
  facet normal 0 1 0
    outer loop
      vertex 2.375 17.5 106.34637933202391
      vertex 2.831559480312316 17.5 108.40275161697633
      vertex 3.197409101749103 17.5 109.03642174923469
    endloop
  endfacet
  facet normal 0 1 0
    outer loop
      vertex 2.375 17.5 114.57362066797607
      vertex 2.831559480312316 17.5 112.51724838302366
      vertex 2.341957122256004 17.5 113.06100688917087
    endloop
  endfacet
  facet normal 0 1 0
    outer loop
      vertex 2.375 17.5 106.34637933202391
      vertex 3.197409101749103 17.5 109.03642174923469
      vertex 4.75 17.5 110.46
    endloop
  endfacet
  facet normal 0 1 0
    outer loop
      vertex 2.375 17.5 114.57362066797607
      vertex 4.75 17.5 110.46
      vertex 2.831559480312316 17.5 112.51724838302366
    endloop
  endfacet
  facet normal 0 1 0
    outer loop
      vertex 4.75 17.5 110.46
      vertex 3.197409101749103 17.5 111.8835782507653
      vertex 2.831559480312316 17.5 112.51724838302366
    endloop
  endfacet
  facet normal 0 1 0
    outer loop
      vertex 4.75 17.5 110.46
      vertex 3.197409101749103 17.5 109.03642174923469
      vertex 3.42351660256832 17.5 109.73230908213783
    endloop
  endfacet
  facet normal 0 1 0
    outer loop
      vertex 4.75 17.5 110.46
      vertex 3.42351660256832 17.5 109.73230908213783
      vertex 3.5 17.5 110.46
    endloop
  endfacet
  facet normal 0 1 0
    outer loop
      vertex 4.75 17.5 110.46
      vertex 3.42351660256832 17.5 111.18769091786216
      vertex 3.197409101749103 17.5 111.8835782507653
    endloop
  endfacet
  facet normal 0 1 0
    outer loop
      vertex 4.75 17.5 110.46
      vertex 3.5 17.5 110.46
      vertex 3.42351660256832 17.5 111.18769091786216
    endloop
  endfacet
  facet normal 0 -1 0
    outer loop
      vertex -6.5 14.5 127.83
      vertex -3.42351660256832 14.5 127.10230908213784
      vertex -3.5 14.5 127.83
    endloop
  endfacet
  facet normal 0 -1 0
    outer loop
      vertex -6.5 14.5 127.83
      vertex -3.5 14.5 127.83
      vertex -3.42351660256832 14.5 128.55769091786215
    endloop
  endfacet
  facet normal 0 -1 0
    outer loop
      vertex -6.5 14.5 127.83
      vertex -3.25 14.5 122.20083487540114
      vertex -3.197409101749103 14.5 126.4064217492347
    endloop
  endfacet
  facet normal 0 -1 0
    outer loop
      vertex -6.5 14.5 127.83
      vertex -3.197409101749103 14.5 126.4064217492347
      vertex -3.42351660256832 14.5 127.10230908213784
    endloop
  endfacet
  facet normal 0 -1 0
    outer loop
      vertex -6.5 14.5 127.83
      vertex -3.42351660256832 14.5 128.55769091786215
      vertex -3.197409101749103 14.5 129.2535782507653
    endloop
  endfacet
  facet normal 0 -1 0
    outer loop
      vertex -6.5 14.5 127.83
      vertex -3.197409101749103 14.5 129.2535782507653
      vertex -2.831559480312316 14.5 129.88724838302366
    endloop
  endfacet
  facet normal 0 -1 0
    outer loop
      vertex -6.5 14.5 127.83
      vertex -2.831559480312316 14.5 129.88724838302366
      vertex -2.341957122256004 14.5 130.43100688917087
    endloop
  endfacet
  facet normal 0 -1 0
    outer loop
      vertex -6.5 14.5 127.83
      vertex -2.341957122256004 14.5 130.43100688917087
      vertex -3.25 14.5 133.45916512459885
    endloop
  endfacet
  facet normal 0 -1 0
    outer loop
      vertex -3.25 14.5 122.20083487540114
      vertex -2.341957122256004 14.5 125.22899311082912
      vertex -2.831559480312316 14.5 125.77275161697634
    endloop
  endfacet
  facet normal 0 -1 0
    outer loop
      vertex -3.25 14.5 122.20083487540114
      vertex -2.831559480312316 14.5 125.77275161697634
      vertex -3.197409101749103 14.5 126.4064217492347
    endloop
  endfacet
  facet normal -0.7729879516809968 0.45090963848058263 -0.44628480198336057
    outer loop
      vertex -6.5 14.5 127.83
      vertex -2.375 17.5 123.71637933202392
      vertex -3.25 14.5 122.20083487540114
    endloop
  endfacet
  facet normal -0.7729879516809974 0.45090963848058097 0.4462848019833609
    outer loop
      vertex -6.5 14.5 127.83
      vertex -3.25 14.5 133.45916512459885
      vertex -2.375 17.5 131.9436206679761
    endloop
  endfacet
  facet normal 0 -1 0
    outer loop
      vertex -3.25 14.5 122.20083487540114
      vertex -1.75 14.5 124.79891108675446
      vertex -2.341957122256004 14.5 125.22899311082912
    endloop
  endfacet
  facet normal 0 -1 0
    outer loop
      vertex -3.25 14.5 122.20083487540114
      vertex -1.0815594803123159 14.5 124.50130219296696
      vertex -1.75 14.5 124.79891108675446
    endloop
  endfacet
  facet normal 0 -1 0
    outer loop
      vertex -3.25 14.5 122.20083487540114
      vertex -0.3658496214367871 14.5 124.34917336621105
      vertex -1.0815594803123159 14.5 124.50130219296696
    endloop
  endfacet
  facet normal 0 -1 0
    outer loop
      vertex -3.25 14.5 133.45916512459885
      vertex -2.341957122256004 14.5 130.43100688917087
      vertex -1.75 14.5 130.86108891324554
    endloop
  endfacet
  facet normal 0 -1 0
    outer loop
      vertex -3.25 14.5 133.45916512459885
      vertex -1.75 14.5 130.86108891324554
      vertex -1.0815594803123159 14.5 131.15869780703304
    endloop
  endfacet
  facet normal 0 -1 0
    outer loop
      vertex -3.25 14.5 133.45916512459885
      vertex -1.0815594803123159 14.5 131.15869780703304
      vertex -0.3658496214367871 14.5 131.31082663378896
    endloop
  endfacet
  facet normal 0 -1 0
    outer loop
      vertex -3.25 14.5 122.20083487540114
      vertex 0.3658496214367871 14.5 124.34917336621105
      vertex -0.3658496214367871 14.5 124.34917336621105
    endloop
  endfacet
  facet normal 0 -1 0
    outer loop
      vertex -3.25 14.5 133.45916512459885
      vertex -0.3658496214367871 14.5 131.31082663378896
      vertex 3.25 14.5 133.45916512459885
    endloop
  endfacet
  facet normal 0 0.45090963848058385 -0.8925696039667209
    outer loop
      vertex -3.25 14.5 122.20083487540114
      vertex -2.375 17.5 123.71637933202392
      vertex 3.25 14.5 122.20083487540114
    endloop
  endfacet
  facet normal 0 0.45090963848058047 0.8925696039667227
    outer loop
      vertex -3.25 14.5 133.45916512459885
      vertex 3.25 14.5 133.45916512459885
      vertex -2.375 17.5 131.9436206679761
    endloop
  endfacet
  facet normal -0.7729879516809969 0.4509096384805815 -0.44628480198336146
    outer loop
      vertex -6.5 14.5 127.83
      vertex -4.75 17.5 127.83
      vertex -2.375 17.5 123.71637933202392
    endloop
  endfacet
  facet normal -0.7729879516809974 0.4509096384805818 0.44628480198336024
    outer loop
      vertex -6.5 14.5 127.83
      vertex -2.375 17.5 131.9436206679761
      vertex -4.75 17.5 127.83
    endloop
  endfacet
  facet normal 0 1 0
    outer loop
      vertex -4.75 17.5 127.83
      vertex -3.42351660256832 17.5 127.10230908213784
      vertex -3.197409101749103 17.5 126.4064217492347
    endloop
  endfacet
  facet normal 0 1 0
    outer loop
      vertex -4.75 17.5 127.83
      vertex -3.5 17.5 127.83
      vertex -3.42351660256832 17.5 127.10230908213784
    endloop
  endfacet
  facet normal 0 1 0
    outer loop
      vertex -4.75 17.5 127.83
      vertex -3.42351660256832 17.5 128.55769091786215
      vertex -3.5 17.5 127.83
    endloop
  endfacet
  facet normal 0 1 0
    outer loop
      vertex -4.75 17.5 127.83
      vertex -3.197409101749103 17.5 129.2535782507653
      vertex -3.42351660256832 17.5 128.55769091786215
    endloop
  endfacet
  facet normal 0 1 0
    outer loop
      vertex -4.75 17.5 127.83
      vertex -3.197409101749103 17.5 126.4064217492347
      vertex -2.831559480312316 17.5 125.77275161697634
    endloop
  endfacet
  facet normal 0 1 0
    outer loop
      vertex -4.75 17.5 127.83
      vertex -2.831559480312316 17.5 125.77275161697634
      vertex -2.375 17.5 123.71637933202392
    endloop
  endfacet
  facet normal 0 1 0
    outer loop
      vertex -2.375 17.5 123.71637933202392
      vertex -2.831559480312316 17.5 125.77275161697634
      vertex -2.341957122256004 17.5 125.22899311082912
    endloop
  endfacet
  facet normal 0 1 0
    outer loop
      vertex -4.75 17.5 127.83
      vertex -2.375 17.5 131.9436206679761
      vertex -3.197409101749103 17.5 129.2535782507653
    endloop
  endfacet
  facet normal 0 1 0
    outer loop
      vertex -2.375 17.5 131.9436206679761
      vertex -2.831559480312316 17.5 129.88724838302366
      vertex -3.197409101749103 17.5 129.2535782507653
    endloop
  endfacet
  facet normal 0 1 0
    outer loop
      vertex -2.375 17.5 131.9436206679761
      vertex -2.341957122256004 17.5 130.43100688917087
      vertex -2.831559480312316 17.5 129.88724838302366
    endloop
  endfacet
  facet normal 0 1 0
    outer loop
      vertex -2.375 17.5 123.71637933202392
      vertex -2.341957122256004 17.5 125.22899311082912
      vertex -1.75 17.5 124.79891108675446
    endloop
  endfacet
  facet normal 0 1 0
    outer loop
      vertex -2.375 17.5 123.71637933202392
      vertex -1.75 17.5 124.79891108675446
      vertex -1.0815594803123159 17.5 124.50130219296696
    endloop
  endfacet
  facet normal 0 1 0
    outer loop
      vertex -2.375 17.5 123.71637933202392
      vertex -1.0815594803123159 17.5 124.50130219296696
      vertex -0.3658496214367871 17.5 124.34917336621105
    endloop
  endfacet
  facet normal 0 1 0
    outer loop
      vertex -2.375 17.5 131.9436206679761
      vertex -1.75 17.5 130.86108891324554
      vertex -2.341957122256004 17.5 130.43100688917087
    endloop
  endfacet
  facet normal 0 1 0
    outer loop
      vertex -2.375 17.5 131.9436206679761
      vertex -1.0815594803123159 17.5 131.15869780703304
      vertex -1.75 17.5 130.86108891324554
    endloop
  endfacet
  facet normal 0 1 0
    outer loop
      vertex -2.375 17.5 131.9436206679761
      vertex -0.3658496214367871 17.5 131.31082663378896
      vertex -1.0815594803123159 17.5 131.15869780703304
    endloop
  endfacet
  facet normal 0 1 0
    outer loop
      vertex -2.375 17.5 123.71637933202392
      vertex -0.3658496214367871 17.5 124.34917336621105
      vertex 0.3658496214367871 17.5 124.34917336621105
    endloop
  endfacet
  facet normal 0 1 0
    outer loop
      vertex -2.375 17.5 131.9436206679761
      vertex 2.375 17.5 131.9436206679761
      vertex -0.3658496214367871 17.5 131.31082663378896
    endloop
  endfacet
  facet normal 0 -1 0
    outer loop
      vertex -3.25 14.5 122.20083487540114
      vertex 3.25 14.5 122.20083487540114
      vertex 0.3658496214367871 14.5 124.34917336621105
    endloop
  endfacet
  facet normal 0 -1 0
    outer loop
      vertex 3.25 14.5 133.45916512459885
      vertex -0.3658496214367871 14.5 131.31082663378896
      vertex 0.3658496214367871 14.5 131.31082663378896
    endloop
  endfacet
  facet normal 0 -1 0
    outer loop
      vertex 3.25 14.5 122.20083487540114
      vertex 1.0815594803123159 14.5 124.50130219296696
      vertex 0.3658496214367871 14.5 124.34917336621105
    endloop
  endfacet
  facet normal 0 -1 0
    outer loop
      vertex 3.25 14.5 122.20083487540114
      vertex 1.75 14.5 124.79891108675446
      vertex 1.0815594803123159 14.5 124.50130219296696
    endloop
  endfacet
  facet normal 0 -1 0
    outer loop
      vertex 3.25 14.5 122.20083487540114
      vertex 2.341957122256004 14.5 125.22899311082912
      vertex 1.75 14.5 124.79891108675446
    endloop
  endfacet
  facet normal 0 -1 0
    outer loop
      vertex 3.25 14.5 133.45916512459885
      vertex 0.3658496214367871 14.5 131.31082663378896
      vertex 1.0815594803123159 14.5 131.15869780703304
    endloop
  endfacet
  facet normal 0 -1 0
    outer loop
      vertex 3.25 14.5 133.45916512459885
      vertex 1.0815594803123159 14.5 131.15869780703304
      vertex 1.75 14.5 130.86108891324554
    endloop
  endfacet
  facet normal 0 -1 0
    outer loop
      vertex 3.25 14.5 133.45916512459885
      vertex 1.75 14.5 130.86108891324554
      vertex 2.341957122256004 14.5 130.43100688917087
    endloop
  endfacet
  facet normal 0 -1 0
    outer loop
      vertex 3.25 14.5 133.45916512459885
      vertex 2.341957122256004 14.5 130.43100688917087
      vertex 2.831559480312316 14.5 129.88724838302366
    endloop
  endfacet
  facet normal 0 -1 0
    outer loop
      vertex 3.25 14.5 133.45916512459885
      vertex 2.831559480312316 14.5 129.88724838302366
      vertex 3.197409101749103 14.5 129.2535782507653
    endloop
  endfacet
  facet normal 0 -1 0
    outer loop
      vertex 6.5 14.5 127.83
      vertex 2.831559480312316 14.5 125.77275161697634
      vertex 2.341957122256004 14.5 125.22899311082912
    endloop
  endfacet
  facet normal 0 -1 0
    outer loop
      vertex 3.25 14.5 122.20083487540114
      vertex 6.5 14.5 127.83
      vertex 2.341957122256004 14.5 125.22899311082912
    endloop
  endfacet
  facet normal 0 -1 0
    outer loop
      vertex 6.5 14.5 127.83
      vertex 3.197409101749103 14.5 126.4064217492347
      vertex 2.831559480312316 14.5 125.77275161697634
    endloop
  endfacet
  facet normal 0 -1 0
    outer loop
      vertex 6.5 14.5 127.83
      vertex 3.42351660256832 14.5 127.10230908213784
      vertex 3.197409101749103 14.5 126.4064217492347
    endloop
  endfacet
  facet normal 0 -1 0
    outer loop
      vertex 6.5 14.5 127.83
      vertex 3.5 14.5 127.83
      vertex 3.42351660256832 14.5 127.10230908213784
    endloop
  endfacet
  facet normal 0 -1 0
    outer loop
      vertex 6.5 14.5 127.83
      vertex 3.42351660256832 14.5 128.55769091786215
      vertex 3.5 14.5 127.83
    endloop
  endfacet
  facet normal 0 -1 0
    outer loop
      vertex 6.5 14.5 127.83
      vertex 3.197409101749103 14.5 129.2535782507653
      vertex 3.42351660256832 14.5 128.55769091786215
    endloop
  endfacet
  facet normal 0 -1 0
    outer loop
      vertex 3.25 14.5 133.45916512459885
      vertex 3.197409101749103 14.5 129.2535782507653
      vertex 6.5 14.5 127.83
    endloop
  endfacet
  facet normal 0.7729879516809967 0.45090963848058263 -0.44628480198336046
    outer loop
      vertex 3.25 14.5 122.20083487540114
      vertex 2.375 17.5 123.71637933202392
      vertex 6.5 14.5 127.83
    endloop
  endfacet
  facet normal 0.7729879516809974 0.45090963848058097 0.4462848019833609
    outer loop
      vertex 3.25 14.5 133.45916512459885
      vertex 6.5 14.5 127.83
      vertex 2.375 17.5 131.9436206679761
    endloop
  endfacet
  facet normal 0 0.45090963848058385 -0.8925696039667209
    outer loop
      vertex -2.375 17.5 123.71637933202392
      vertex 2.375 17.5 123.71637933202392
      vertex 3.25 14.5 122.20083487540114
    endloop
  endfacet
  facet normal 0 0.45090963848058047 0.8925696039667227
    outer loop
      vertex -2.375 17.5 131.9436206679761
      vertex 3.25 14.5 133.45916512459885
      vertex 2.375 17.5 131.9436206679761
    endloop
  endfacet
  facet normal 0 1 0
    outer loop
      vertex -2.375 17.5 123.71637933202392
      vertex 0.3658496214367871 17.5 124.34917336621105
      vertex 2.375 17.5 123.71637933202392
    endloop
  endfacet
  facet normal 0 1 0
    outer loop
      vertex 2.375 17.5 131.9436206679761
      vertex 0.3658496214367871 17.5 131.31082663378896
      vertex -0.3658496214367871 17.5 131.31082663378896
    endloop
  endfacet
  facet normal 0 1 0
    outer loop
      vertex 2.375 17.5 123.71637933202392
      vertex 0.3658496214367871 17.5 124.34917336621105
      vertex 1.0815594803123159 17.5 124.50130219296696
    endloop
  endfacet
  facet normal 0 1 0
    outer loop
      vertex 2.375 17.5 123.71637933202392
      vertex 1.0815594803123159 17.5 124.50130219296696
      vertex 1.75 17.5 124.79891108675446
    endloop
  endfacet
  facet normal 0 1 0
    outer loop
      vertex 2.375 17.5 123.71637933202392
      vertex 1.75 17.5 124.79891108675446
      vertex 2.341957122256004 17.5 125.22899311082912
    endloop
  endfacet
  facet normal 0 1 0
    outer loop
      vertex 2.375 17.5 131.9436206679761
      vertex 1.0815594803123159 17.5 131.15869780703304
      vertex 0.3658496214367871 17.5 131.31082663378896
    endloop
  endfacet
  facet normal 0 1 0
    outer loop
      vertex 2.375 17.5 131.9436206679761
      vertex 1.75 17.5 130.86108891324554
      vertex 1.0815594803123159 17.5 131.15869780703304
    endloop
  endfacet
  facet normal 0 1 0
    outer loop
      vertex 2.375 17.5 131.9436206679761
      vertex 2.341957122256004 17.5 130.43100688917087
      vertex 1.75 17.5 130.86108891324554
    endloop
  endfacet
  facet normal 0.7729879516809969 0.4509096384805815 -0.44628480198336146
    outer loop
      vertex 2.375 17.5 123.71637933202392
      vertex 4.75 17.5 127.83
      vertex 6.5 14.5 127.83
    endloop
  endfacet
  facet normal 0.7729879516809974 0.45090963848058174 0.4462848019833603
    outer loop
      vertex 2.375 17.5 131.9436206679761
      vertex 6.5 14.5 127.83
      vertex 4.75 17.5 127.83
    endloop
  endfacet
  facet normal 0 1 0
    outer loop
      vertex 2.375 17.5 123.71637933202392
      vertex 2.341957122256004 17.5 125.22899311082912
      vertex 2.831559480312316 17.5 125.77275161697634
    endloop
  endfacet
  facet normal 0 1 0
    outer loop
      vertex 2.375 17.5 123.71637933202392
      vertex 2.831559480312316 17.5 125.77275161697634
      vertex 3.197409101749103 17.5 126.4064217492347
    endloop
  endfacet
  facet normal 0 1 0
    outer loop
      vertex 2.375 17.5 123.71637933202392
      vertex 3.197409101749103 17.5 126.4064217492347
      vertex 4.75 17.5 127.83
    endloop
  endfacet
  facet normal 0 1 0
    outer loop
      vertex 2.375 17.5 131.9436206679761
      vertex 2.831559480312316 17.5 129.88724838302366
      vertex 2.341957122256004 17.5 130.43100688917087
    endloop
  endfacet
  facet normal 0 1 0
    outer loop
      vertex 2.375 17.5 131.9436206679761
      vertex 4.75 17.5 127.83
      vertex 2.831559480312316 17.5 129.88724838302366
    endloop
  endfacet
  facet normal 0 1 0
    outer loop
      vertex 4.75 17.5 127.83
      vertex 3.197409101749103 17.5 129.2535782507653
      vertex 2.831559480312316 17.5 129.88724838302366
    endloop
  endfacet
  facet normal 0 1 0
    outer loop
      vertex 4.75 17.5 127.83
      vertex 3.197409101749103 17.5 126.4064217492347
      vertex 3.42351660256832 17.5 127.10230908213784
    endloop
  endfacet
  facet normal 0 1 0
    outer loop
      vertex 4.75 17.5 127.83
      vertex 3.42351660256832 17.5 127.10230908213784
      vertex 3.5 17.5 127.83
    endloop
  endfacet
  facet normal 0 1 0
    outer loop
      vertex 4.75 17.5 127.83
      vertex 3.5 17.5 127.83
      vertex 3.42351660256832 17.5 128.55769091786215
    endloop
  endfacet
  facet normal 0 1 0
    outer loop
      vertex 4.75 17.5 127.83
      vertex 3.42351660256832 17.5 128.55769091786215
      vertex 3.197409101749103 17.5 129.2535782507653
    endloop
  endfacet
  facet normal 0 -1 0
    outer loop
      vertex -6.5 14.5 159.71
      vertex -3.42351660256832 14.5 158.98230908213785
      vertex -3.5 14.5 159.71
    endloop
  endfacet
  facet normal 0 -1 0
    outer loop
      vertex -6.5 14.5 159.71
      vertex -3.5 14.5 159.71
      vertex -3.42351660256832 14.5 160.43769091786217
    endloop
  endfacet
  facet normal 0 -1 0
    outer loop
      vertex -6.5 14.5 159.71
      vertex -3.25 14.5 154.08083487540117
      vertex -3.197409101749103 14.5 158.2864217492347
    endloop
  endfacet
  facet normal 0 -1 0
    outer loop
      vertex -6.5 14.5 159.71
      vertex -3.197409101749103 14.5 158.2864217492347
      vertex -3.42351660256832 14.5 158.98230908213785
    endloop
  endfacet
  facet normal 0 -1 0
    outer loop
      vertex -6.5 14.5 159.71
      vertex -3.42351660256832 14.5 160.43769091786217
      vertex -3.197409101749103 14.5 161.1335782507653
    endloop
  endfacet
  facet normal 0 -1 0
    outer loop
      vertex -6.5 14.5 159.71
      vertex -3.197409101749103 14.5 161.1335782507653
      vertex -2.831559480312316 14.5 161.76724838302366
    endloop
  endfacet
  facet normal 0 -1 0
    outer loop
      vertex -6.5 14.5 159.71
      vertex -2.831559480312316 14.5 161.76724838302366
      vertex -2.341957122256004 14.5 162.3110068891709
    endloop
  endfacet
  facet normal 0 -1 0
    outer loop
      vertex -3.25 14.5 154.08083487540117
      vertex -2.831559480312316 14.5 157.65275161697636
      vertex -3.197409101749103 14.5 158.2864217492347
    endloop
  endfacet
  facet normal 0 -1 0
    outer loop
      vertex -3.25 14.5 154.08083487540117
      vertex -2.341957122256004 14.5 157.10899311082912
      vertex -2.831559480312316 14.5 157.65275161697636
    endloop
  endfacet
  facet normal -0.7729879516809969 0.4509096384805812 -0.44628480198336173
    outer loop
      vertex -6.5 14.5 159.71
      vertex -2.375 17.5 155.59637933202393
      vertex -3.25 14.5 154.08083487540117
    endloop
  endfacet
  facet normal 0 -1 0
    outer loop
      vertex -3.25 14.5 154.08083487540117
      vertex -1.75 14.5 156.67891108675448
      vertex -2.341957122256004 14.5 157.10899311082912
    endloop
  endfacet
  facet normal 0 -1 0
    outer loop
      vertex -3.25 14.5 154.08083487540117
      vertex -1.0815594803123159 14.5 156.38130219296698
      vertex -1.75 14.5 156.67891108675448
    endloop
  endfacet
  facet normal 0 -1 0
    outer loop
      vertex -3.25 14.5 154.08083487540117
      vertex -0.3658496214367871 14.5 156.22917336621106
      vertex -1.0815594803123159 14.5 156.38130219296698
    endloop
  endfacet
  facet normal 0 -1 0
    outer loop
      vertex -3.25 14.5 154.08083487540117
      vertex 0.3658496214367871 14.5 156.22917336621106
      vertex -0.3658496214367871 14.5 156.22917336621106
    endloop
  endfacet
  facet normal 0 0.45090963848058047 -0.8925696039667227
    outer loop
      vertex -3.25 14.5 154.08083487540117
      vertex -2.375 17.5 155.59637933202393
      vertex 3.25 14.5 154.08083487540117
    endloop
  endfacet
  facet normal -0.7729879516809969 0.4509096384805815 -0.44628480198336146
    outer loop
      vertex -6.5 14.5 159.71
      vertex -4.75 17.5 159.71
      vertex -2.375 17.5 155.59637933202393
    endloop
  endfacet
  facet normal -0.7729879516809969 0.4509096384805815 0.44628480198336146
    outer loop
      vertex -6.5 14.5 159.71
      vertex -2.375 17.5 163.8236206679761
      vertex -4.75 17.5 159.71
    endloop
  endfacet
  facet normal 0 1 0
    outer loop
      vertex -4.75 17.5 159.71
      vertex -3.42351660256832 17.5 158.98230908213785
      vertex -3.197409101749103 17.5 158.2864217492347
    endloop
  endfacet
  facet normal 0 1 0
    outer loop
      vertex -4.75 17.5 159.71
      vertex -3.5 17.5 159.71
      vertex -3.42351660256832 17.5 158.98230908213785
    endloop
  endfacet
  facet normal 0 1 0
    outer loop
      vertex -4.75 17.5 159.71
      vertex -3.42351660256832 17.5 160.43769091786217
      vertex -3.5 17.5 159.71
    endloop
  endfacet
  facet normal 0 1 0
    outer loop
      vertex -4.75 17.5 159.71
      vertex -3.197409101749103 17.5 161.1335782507653
      vertex -3.42351660256832 17.5 160.43769091786217
    endloop
  endfacet
  facet normal 0 1 0
    outer loop
      vertex -4.75 17.5 159.71
      vertex -2.831559480312316 17.5 157.65275161697636
      vertex -2.375 17.5 155.59637933202393
    endloop
  endfacet
  facet normal 0 1 0
    outer loop
      vertex -4.75 17.5 159.71
      vertex -3.197409101749103 17.5 158.2864217492347
      vertex -2.831559480312316 17.5 157.65275161697636
    endloop
  endfacet
  facet normal 0 1 0
    outer loop
      vertex -4.75 17.5 159.71
      vertex -2.375 17.5 163.8236206679761
      vertex -3.197409101749103 17.5 161.1335782507653
    endloop
  endfacet
  facet normal 0 1 0
    outer loop
      vertex -2.375 17.5 155.59637933202393
      vertex -2.831559480312316 17.5 157.65275161697636
      vertex -2.341957122256004 17.5 157.10899311082912
    endloop
  endfacet
  facet normal 0 1 0
    outer loop
      vertex -2.375 17.5 155.59637933202393
      vertex -2.341957122256004 17.5 157.10899311082912
      vertex -1.75 17.5 156.67891108675448
    endloop
  endfacet
  facet normal 0 1 0
    outer loop
      vertex -2.375 17.5 155.59637933202393
      vertex -1.75 17.5 156.67891108675448
      vertex -1.0815594803123159 17.5 156.38130219296698
    endloop
  endfacet
  facet normal 0 1 0
    outer loop
      vertex -2.375 17.5 155.59637933202393
      vertex -1.0815594803123159 17.5 156.38130219296698
      vertex -0.3658496214367871 17.5 156.22917336621106
    endloop
  endfacet
  facet normal 0 1 0
    outer loop
      vertex -2.375 17.5 155.59637933202393
      vertex -0.3658496214367871 17.5 156.22917336621106
      vertex 0.3658496214367871 17.5 156.22917336621106
    endloop
  endfacet
  facet normal 0 -1 0
    outer loop
      vertex -6.5 14.5 159.71
      vertex -2.341957122256004 14.5 162.3110068891709
      vertex -3.25 14.5 165.33916512459885
    endloop
  endfacet
  facet normal -0.7729879516809969 0.4509096384805812 0.44628480198336173
    outer loop
      vertex -6.5 14.5 159.71
      vertex -3.25 14.5 165.33916512459885
      vertex -2.375 17.5 163.8236206679761
    endloop
  endfacet
  facet normal 0 -1 0
    outer loop
      vertex -3.25 14.5 165.33916512459885
      vertex -2.341957122256004 14.5 162.3110068891709
      vertex -1.75 14.5 162.74108891324553
    endloop
  endfacet
  facet normal 0 -1 0
    outer loop
      vertex -3.25 14.5 165.33916512459885
      vertex -1.75 14.5 162.74108891324553
      vertex -1.0815594803123159 14.5 163.03869780703303
    endloop
  endfacet
  facet normal 0 -1 0
    outer loop
      vertex -3.25 14.5 165.33916512459885
      vertex -1.0815594803123159 14.5 163.03869780703303
      vertex -0.3658496214367871 14.5 163.19082663378896
    endloop
  endfacet
  facet normal 0 -1 0
    outer loop
      vertex -3.25 14.5 165.33916512459885
      vertex -0.3658496214367871 14.5 163.19082663378896
      vertex 3.25 14.5 165.33916512459885
    endloop
  endfacet
  facet normal 0 0.45090963848058047 0.8925696039667227
    outer loop
      vertex -3.25 14.5 165.33916512459885
      vertex 3.25 14.5 165.33916512459885
      vertex -2.375 17.5 163.8236206679761
    endloop
  endfacet
  facet normal 0 1 0
    outer loop
      vertex -2.375 17.5 163.8236206679761
      vertex -2.831559480312316 17.5 161.76724838302366
      vertex -3.197409101749103 17.5 161.1335782507653
    endloop
  endfacet
  facet normal 0 1 0
    outer loop
      vertex -2.375 17.5 163.8236206679761
      vertex -2.341957122256004 17.5 162.3110068891709
      vertex -2.831559480312316 17.5 161.76724838302366
    endloop
  endfacet
  facet normal 0 1 0
    outer loop
      vertex -2.375 17.5 163.8236206679761
      vertex -1.75 17.5 162.74108891324553
      vertex -2.341957122256004 17.5 162.3110068891709
    endloop
  endfacet
  facet normal 0 1 0
    outer loop
      vertex -2.375 17.5 163.8236206679761
      vertex -1.0815594803123159 17.5 163.03869780703303
      vertex -1.75 17.5 162.74108891324553
    endloop
  endfacet
  facet normal 0 1 0
    outer loop
      vertex -2.375 17.5 163.8236206679761
      vertex -0.3658496214367871 17.5 163.19082663378896
      vertex -1.0815594803123159 17.5 163.03869780703303
    endloop
  endfacet
  facet normal 0 1 0
    outer loop
      vertex -2.375 17.5 163.8236206679761
      vertex 2.375 17.5 163.8236206679761
      vertex -0.3658496214367871 17.5 163.19082663378896
    endloop
  endfacet
  facet normal 0 -1 0
    outer loop
      vertex -3.25 14.5 154.08083487540117
      vertex 3.25 14.5 154.08083487540117
      vertex 0.3658496214367871 14.5 156.22917336621106
    endloop
  endfacet
  facet normal 0 -1 0
    outer loop
      vertex 3.25 14.5 154.08083487540117
      vertex 1.0815594803123159 14.5 156.38130219296698
      vertex 0.3658496214367871 14.5 156.22917336621106
    endloop
  endfacet
  facet normal 0 -1 0
    outer loop
      vertex 3.25 14.5 154.08083487540117
      vertex 1.75 14.5 156.67891108675448
      vertex 1.0815594803123159 14.5 156.38130219296698
    endloop
  endfacet
  facet normal 0 -1 0
    outer loop
      vertex 3.25 14.5 154.08083487540117
      vertex 2.341957122256004 14.5 157.10899311082912
      vertex 1.75 14.5 156.67891108675448
    endloop
  endfacet
  facet normal 0 -1 0
    outer loop
      vertex 6.5 14.5 159.71
      vertex 2.831559480312316 14.5 157.65275161697636
      vertex 2.341957122256004 14.5 157.10899311082912
    endloop
  endfacet
  facet normal 0 -1 0
    outer loop
      vertex 3.25 14.5 154.08083487540117
      vertex 6.5 14.5 159.71
      vertex 2.341957122256004 14.5 157.10899311082912
    endloop
  endfacet
  facet normal 0 -1 0
    outer loop
      vertex 6.5 14.5 159.71
      vertex 3.197409101749103 14.5 158.2864217492347
      vertex 2.831559480312316 14.5 157.65275161697636
    endloop
  endfacet
  facet normal 0 -1 0
    outer loop
      vertex 6.5 14.5 159.71
      vertex 3.42351660256832 14.5 158.98230908213785
      vertex 3.197409101749103 14.5 158.2864217492347
    endloop
  endfacet
  facet normal 0 -1 0
    outer loop
      vertex 6.5 14.5 159.71
      vertex 3.197409101749103 14.5 161.1335782507653
      vertex 3.42351660256832 14.5 160.43769091786217
    endloop
  endfacet
  facet normal 0 -1 0
    outer loop
      vertex 6.5 14.5 159.71
      vertex 3.5 14.5 159.71
      vertex 3.42351660256832 14.5 158.98230908213785
    endloop
  endfacet
  facet normal 0 -1 0
    outer loop
      vertex 6.5 14.5 159.71
      vertex 3.42351660256832 14.5 160.43769091786217
      vertex 3.5 14.5 159.71
    endloop
  endfacet
  facet normal 0.7729879516809969 0.4509096384805812 -0.44628480198336173
    outer loop
      vertex 3.25 14.5 154.08083487540117
      vertex 2.375 17.5 155.59637933202393
      vertex 6.5 14.5 159.71
    endloop
  endfacet
  facet normal 0 0.45090963848058047 -0.8925696039667227
    outer loop
      vertex -2.375 17.5 155.59637933202393
      vertex 2.375 17.5 155.59637933202393
      vertex 3.25 14.5 154.08083487540117
    endloop
  endfacet
  facet normal 0 1 0
    outer loop
      vertex -2.375 17.5 155.59637933202393
      vertex 0.3658496214367871 17.5 156.22917336621106
      vertex 2.375 17.5 155.59637933202393
    endloop
  endfacet
  facet normal 0 1 0
    outer loop
      vertex 2.375 17.5 155.59637933202393
      vertex 0.3658496214367871 17.5 156.22917336621106
      vertex 1.0815594803123159 17.5 156.38130219296698
    endloop
  endfacet
  facet normal 0 1 0
    outer loop
      vertex 2.375 17.5 155.59637933202393
      vertex 1.0815594803123159 17.5 156.38130219296698
      vertex 1.75 17.5 156.67891108675448
    endloop
  endfacet
  facet normal 0 1 0
    outer loop
      vertex 2.375 17.5 155.59637933202393
      vertex 1.75 17.5 156.67891108675448
      vertex 2.341957122256004 17.5 157.10899311082912
    endloop
  endfacet
  facet normal 0.7729879516809969 0.4509096384805815 -0.44628480198336146
    outer loop
      vertex 2.375 17.5 155.59637933202393
      vertex 4.75 17.5 159.71
      vertex 6.5 14.5 159.71
    endloop
  endfacet
  facet normal 0.7729879516809969 0.4509096384805815 0.44628480198336146
    outer loop
      vertex 4.75 17.5 159.71
      vertex 2.375 17.5 163.8236206679761
      vertex 6.5 14.5 159.71
    endloop
  endfacet
  facet normal 0 1 0
    outer loop
      vertex 2.375 17.5 155.59637933202393
      vertex 2.341957122256004 17.5 157.10899311082912
      vertex 2.831559480312316 17.5 157.65275161697636
    endloop
  endfacet
  facet normal 0 1 0
    outer loop
      vertex 2.375 17.5 155.59637933202393
      vertex 2.831559480312316 17.5 157.65275161697636
      vertex 3.197409101749103 17.5 158.2864217492347
    endloop
  endfacet
  facet normal 0 1 0
    outer loop
      vertex 2.375 17.5 155.59637933202393
      vertex 3.197409101749103 17.5 158.2864217492347
      vertex 4.75 17.5 159.71
    endloop
  endfacet
  facet normal 0 1 0
    outer loop
      vertex 4.75 17.5 159.71
      vertex 2.831559480312316 17.5 161.76724838302366
      vertex 2.375 17.5 163.8236206679761
    endloop
  endfacet
  facet normal 0 1 0
    outer loop
      vertex 4.75 17.5 159.71
      vertex 3.197409101749103 17.5 161.1335782507653
      vertex 2.831559480312316 17.5 161.76724838302366
    endloop
  endfacet
  facet normal 0 1 0
    outer loop
      vertex 4.75 17.5 159.71
      vertex 3.197409101749103 17.5 158.2864217492347
      vertex 3.42351660256832 17.5 158.98230908213785
    endloop
  endfacet
  facet normal 0 1 0
    outer loop
      vertex 4.75 17.5 159.71
      vertex 3.42351660256832 17.5 158.98230908213785
      vertex 3.5 17.5 159.71
    endloop
  endfacet
  facet normal 0 1 0
    outer loop
      vertex 4.75 17.5 159.71
      vertex 3.5 17.5 159.71
      vertex 3.42351660256832 17.5 160.43769091786217
    endloop
  endfacet
  facet normal 0 1 0
    outer loop
      vertex 4.75 17.5 159.71
      vertex 3.42351660256832 17.5 160.43769091786217
      vertex 3.197409101749103 17.5 161.1335782507653
    endloop
  endfacet
  facet normal 0 -1 0
    outer loop
      vertex 3.25 14.5 165.33916512459885
      vertex -0.3658496214367871 14.5 163.19082663378896
      vertex 0.3658496214367871 14.5 163.19082663378896
    endloop
  endfacet
  facet normal 0 -1 0
    outer loop
      vertex 3.25 14.5 165.33916512459885
      vertex 0.3658496214367871 14.5 163.19082663378896
      vertex 1.0815594803123159 14.5 163.03869780703303
    endloop
  endfacet
  facet normal 0 -1 0
    outer loop
      vertex 3.25 14.5 165.33916512459885
      vertex 1.0815594803123159 14.5 163.03869780703303
      vertex 1.75 14.5 162.74108891324553
    endloop
  endfacet
  facet normal 0 -1 0
    outer loop
      vertex 3.25 14.5 165.33916512459885
      vertex 1.75 14.5 162.74108891324553
      vertex 2.341957122256004 14.5 162.3110068891709
    endloop
  endfacet
  facet normal 0 -1 0
    outer loop
      vertex 3.25 14.5 165.33916512459885
      vertex 2.341957122256004 14.5 162.3110068891709
      vertex 2.831559480312316 14.5 161.76724838302366
    endloop
  endfacet
  facet normal 0 -1 0
    outer loop
      vertex 3.25 14.5 165.33916512459885
      vertex 2.831559480312316 14.5 161.76724838302366
      vertex 3.197409101749103 14.5 161.1335782507653
    endloop
  endfacet
  facet normal 0 -1 0
    outer loop
      vertex 6.5 14.5 159.71
      vertex 3.25 14.5 165.33916512459885
      vertex 3.197409101749103 14.5 161.1335782507653
    endloop
  endfacet
  facet normal 0.7729879516809969 0.4509096384805812 0.44628480198336173
    outer loop
      vertex 6.5 14.5 159.71
      vertex 2.375 17.5 163.8236206679761
      vertex 3.25 14.5 165.33916512459885
    endloop
  endfacet
  facet normal 0 0.45090963848058047 0.8925696039667227
    outer loop
      vertex -2.375 17.5 163.8236206679761
      vertex 3.25 14.5 165.33916512459885
      vertex 2.375 17.5 163.8236206679761
    endloop
  endfacet
  facet normal 0 1 0
    outer loop
      vertex 2.375 17.5 163.8236206679761
      vertex 0.3658496214367871 17.5 163.19082663378896
      vertex -0.3658496214367871 17.5 163.19082663378896
    endloop
  endfacet
  facet normal 0 1 0
    outer loop
      vertex 2.375 17.5 163.8236206679761
      vertex 1.0815594803123159 17.5 163.03869780703303
      vertex 0.3658496214367871 17.5 163.19082663378896
    endloop
  endfacet
  facet normal 0 1 0
    outer loop
      vertex 2.375 17.5 163.8236206679761
      vertex 1.75 17.5 162.74108891324553
      vertex 1.0815594803123159 17.5 163.03869780703303
    endloop
  endfacet
  facet normal 0 1 0
    outer loop
      vertex 2.375 17.5 163.8236206679761
      vertex 2.341957122256004 17.5 162.3110068891709
      vertex 1.75 17.5 162.74108891324553
    endloop
  endfacet
  facet normal 0 1 0
    outer loop
      vertex 2.375 17.5 163.8236206679761
      vertex 2.831559480312316 17.5 161.76724838302366
      vertex 2.341957122256004 17.5 162.3110068891709
    endloop
  endfacet
  facet normal 0 -1 0
    outer loop
      vertex -6.5 14.5 174.32
      vertex -3.42351660256832 14.5 173.59230908213783
      vertex -3.5 14.5 174.32
    endloop
  endfacet
  facet normal 0 -1 0
    outer loop
      vertex -6.5 14.5 174.32
      vertex -3.5 14.5 174.32
      vertex -3.42351660256832 14.5 175.04769091786216
    endloop
  endfacet
  facet normal 0 -1 0
    outer loop
      vertex -6.5 14.5 174.32
      vertex -3.25 14.5 168.69083487540115
      vertex -3.197409101749103 14.5 172.8964217492347
    endloop
  endfacet
  facet normal 0 -1 0
    outer loop
      vertex -6.5 14.5 174.32
      vertex -3.197409101749103 14.5 172.8964217492347
      vertex -3.42351660256832 14.5 173.59230908213783
    endloop
  endfacet
  facet normal 0 -1 0
    outer loop
      vertex -6.5 14.5 174.32
      vertex -3.42351660256832 14.5 175.04769091786216
      vertex -3.197409101749103 14.5 175.7435782507653
    endloop
  endfacet
  facet normal 0 -1 0
    outer loop
      vertex -3.25 14.5 168.69083487540115
      vertex -2.831559480312316 14.5 172.26275161697635
      vertex -3.197409101749103 14.5 172.8964217492347
    endloop
  endfacet
  facet normal 0 -1 0
    outer loop
      vertex -3.25 14.5 168.69083487540115
      vertex -2.341957122256004 14.5 171.7189931108291
      vertex -2.831559480312316 14.5 172.26275161697635
    endloop
  endfacet
  facet normal 0 -1 0
    outer loop
      vertex -6.5 14.5 174.32
      vertex -3.197409101749103 14.5 175.7435782507653
      vertex -2.831559480312316 14.5 176.37724838302364
    endloop
  endfacet
  facet normal 0 -1 0
    outer loop
      vertex -6.5 14.5 174.32
      vertex -2.831559480312316 14.5 176.37724838302364
      vertex -2.341957122256004 14.5 176.92100688917088
    endloop
  endfacet
  facet normal 0 -1 0
    outer loop
      vertex -6.5 14.5 174.32
      vertex -2.341957122256004 14.5 176.92100688917088
      vertex -3.25 14.5 179.94916512459884
    endloop
  endfacet
  facet normal -0.7729879516809969 0.4509096384805812 -0.44628480198336173
    outer loop
      vertex -6.5 14.5 174.32
      vertex -2.375 17.5 170.20637933202391
      vertex -3.25 14.5 168.69083487540115
    endloop
  endfacet
  facet normal -0.7729879516809969 0.4509096384805812 0.44628480198336173
    outer loop
      vertex -6.5 14.5 174.32
      vertex -3.25 14.5 179.94916512459884
      vertex -2.375 17.5 178.43362066797607
    endloop
  endfacet
  facet normal 0 -1 0
    outer loop
      vertex -3.25 14.5 168.69083487540115
      vertex -1.75 14.5 171.28891108675447
      vertex -2.341957122256004 14.5 171.7189931108291
    endloop
  endfacet
  facet normal 0 -1 0
    outer loop
      vertex -3.25 14.5 168.69083487540115
      vertex -1.0815594803123159 14.5 170.99130219296697
      vertex -1.75 14.5 171.28891108675447
    endloop
  endfacet
  facet normal 0 -1 0
    outer loop
      vertex -3.25 14.5 168.69083487540115
      vertex -0.3658496214367871 14.5 170.83917336621104
      vertex -1.0815594803123159 14.5 170.99130219296697
    endloop
  endfacet
  facet normal 0 -1 0
    outer loop
      vertex -3.25 14.5 168.69083487540115
      vertex 0.3658496214367871 14.5 170.83917336621104
      vertex -0.3658496214367871 14.5 170.83917336621104
    endloop
  endfacet
  facet normal 0 -1 0
    outer loop
      vertex -3.25 14.5 179.94916512459884
      vertex -2.341957122256004 14.5 176.92100688917088
      vertex -1.75 14.5 177.35108891324552
    endloop
  endfacet
  facet normal 0 -1 0
    outer loop
      vertex -3.25 14.5 179.94916512459884
      vertex -1.75 14.5 177.35108891324552
      vertex -1.0815594803123159 14.5 177.64869780703302
    endloop
  endfacet
  facet normal 0 -1 0
    outer loop
      vertex -3.25 14.5 179.94916512459884
      vertex -1.0815594803123159 14.5 177.64869780703302
      vertex -0.3658496214367871 14.5 177.80082663378894
    endloop
  endfacet
  facet normal 0 -1 0
    outer loop
      vertex -3.25 14.5 179.94916512459884
      vertex -0.3658496214367871 14.5 177.80082663378894
      vertex 3.25 14.5 179.94916512459884
    endloop
  endfacet
  facet normal 0 0.45090963848058047 -0.8925696039667227
    outer loop
      vertex -3.25 14.5 168.69083487540115
      vertex -2.375 17.5 170.20637933202391
      vertex 3.25 14.5 168.69083487540115
    endloop
  endfacet
  facet normal 0 0.45090963848058047 0.8925696039667227
    outer loop
      vertex -3.25 14.5 179.94916512459884
      vertex 3.25 14.5 179.94916512459884
      vertex -2.375 17.5 178.43362066797607
    endloop
  endfacet
  facet normal -0.7729879516809969 0.4509096384805815 -0.44628480198336146
    outer loop
      vertex -6.5 14.5 174.32
      vertex -4.75 17.5 174.32
      vertex -2.375 17.5 170.20637933202391
    endloop
  endfacet
  facet normal -0.7729879516809969 0.4509096384805815 0.44628480198336146
    outer loop
      vertex -6.5 14.5 174.32
      vertex -2.375 17.5 178.43362066797607
      vertex -4.75 17.5 174.32
    endloop
  endfacet
  facet normal 0 1 0
    outer loop
      vertex -4.75 17.5 174.32
      vertex -3.42351660256832 17.5 173.59230908213783
      vertex -3.197409101749103 17.5 172.8964217492347
    endloop
  endfacet
  facet normal 0 1 0
    outer loop
      vertex -4.75 17.5 174.32
      vertex -3.5 17.5 174.32
      vertex -3.42351660256832 17.5 173.59230908213783
    endloop
  endfacet
  facet normal 0 1 0
    outer loop
      vertex -4.75 17.5 174.32
      vertex -3.42351660256832 17.5 175.04769091786216
      vertex -3.5 17.5 174.32
    endloop
  endfacet
  facet normal 0 1 0
    outer loop
      vertex -4.75 17.5 174.32
      vertex -3.197409101749103 17.5 175.7435782507653
      vertex -3.42351660256832 17.5 175.04769091786216
    endloop
  endfacet
  facet normal 0 1 0
    outer loop
      vertex -4.75 17.5 174.32
      vertex -3.197409101749103 17.5 172.8964217492347
      vertex -2.831559480312316 17.5 172.26275161697635
    endloop
  endfacet
  facet normal 0 1 0
    outer loop
      vertex -4.75 17.5 174.32
      vertex -2.831559480312316 17.5 172.26275161697635
      vertex -2.375 17.5 170.20637933202391
    endloop
  endfacet
  facet normal 0 1 0
    outer loop
      vertex -2.375 17.5 170.20637933202391
      vertex -2.831559480312316 17.5 172.26275161697635
      vertex -2.341957122256004 17.5 171.7189931108291
    endloop
  endfacet
  facet normal 0 1 0
    outer loop
      vertex -4.75 17.5 174.32
      vertex -2.375 17.5 178.43362066797607
      vertex -3.197409101749103 17.5 175.7435782507653
    endloop
  endfacet
  facet normal 0 1 0
    outer loop
      vertex -2.375 17.5 178.43362066797607
      vertex -2.831559480312316 17.5 176.37724838302364
      vertex -3.197409101749103 17.5 175.7435782507653
    endloop
  endfacet
  facet normal 0 1 0
    outer loop
      vertex -2.375 17.5 178.43362066797607
      vertex -2.341957122256004 17.5 176.92100688917088
      vertex -2.831559480312316 17.5 176.37724838302364
    endloop
  endfacet
  facet normal 0 1 0
    outer loop
      vertex -2.375 17.5 170.20637933202391
      vertex -2.341957122256004 17.5 171.7189931108291
      vertex -1.75 17.5 171.28891108675447
    endloop
  endfacet
  facet normal 0 1 0
    outer loop
      vertex -2.375 17.5 170.20637933202391
      vertex -1.75 17.5 171.28891108675447
      vertex -1.0815594803123159 17.5 170.99130219296697
    endloop
  endfacet
  facet normal 0 1 0
    outer loop
      vertex -2.375 17.5 170.20637933202391
      vertex -1.0815594803123159 17.5 170.99130219296697
      vertex -0.3658496214367871 17.5 170.83917336621104
    endloop
  endfacet
  facet normal 0 1 0
    outer loop
      vertex -2.375 17.5 170.20637933202391
      vertex -0.3658496214367871 17.5 170.83917336621104
      vertex 0.3658496214367871 17.5 170.83917336621104
    endloop
  endfacet
  facet normal 0 1 0
    outer loop
      vertex -2.375 17.5 178.43362066797607
      vertex -1.75 17.5 177.35108891324552
      vertex -2.341957122256004 17.5 176.92100688917088
    endloop
  endfacet
  facet normal 0 1 0
    outer loop
      vertex -2.375 17.5 178.43362066797607
      vertex -1.0815594803123159 17.5 177.64869780703302
      vertex -1.75 17.5 177.35108891324552
    endloop
  endfacet
  facet normal 0 1 0
    outer loop
      vertex -2.375 17.5 178.43362066797607
      vertex -0.3658496214367871 17.5 177.80082663378894
      vertex -1.0815594803123159 17.5 177.64869780703302
    endloop
  endfacet
  facet normal 0 1 0
    outer loop
      vertex -2.375 17.5 178.43362066797607
      vertex 2.375 17.5 178.43362066797607
      vertex -0.3658496214367871 17.5 177.80082663378894
    endloop
  endfacet
  facet normal 0 -1 0
    outer loop
      vertex -3.25 14.5 168.69083487540115
      vertex 3.25 14.5 168.69083487540115
      vertex 0.3658496214367871 14.5 170.83917336621104
    endloop
  endfacet
  facet normal 0 -1 0
    outer loop
      vertex 3.25 14.5 168.69083487540115
      vertex 1.0815594803123159 14.5 170.99130219296697
      vertex 0.3658496214367871 14.5 170.83917336621104
    endloop
  endfacet
  facet normal 0 -1 0
    outer loop
      vertex 3.25 14.5 168.69083487540115
      vertex 1.75 14.5 171.28891108675447
      vertex 1.0815594803123159 14.5 170.99130219296697
    endloop
  endfacet
  facet normal 0 -1 0
    outer loop
      vertex 3.25 14.5 168.69083487540115
      vertex 2.341957122256004 14.5 171.7189931108291
      vertex 1.75 14.5 171.28891108675447
    endloop
  endfacet
  facet normal 0 -1 0
    outer loop
      vertex 3.25 14.5 179.94916512459884
      vertex -0.3658496214367871 14.5 177.80082663378894
      vertex 0.3658496214367871 14.5 177.80082663378894
    endloop
  endfacet
  facet normal 0 -1 0
    outer loop
      vertex 3.25 14.5 179.94916512459884
      vertex 0.3658496214367871 14.5 177.80082663378894
      vertex 1.0815594803123159 14.5 177.64869780703302
    endloop
  endfacet
  facet normal 0 -1 0
    outer loop
      vertex 3.25 14.5 179.94916512459884
      vertex 1.0815594803123159 14.5 177.64869780703302
      vertex 1.75 14.5 177.35108891324552
    endloop
  endfacet
  facet normal 0 -1 0
    outer loop
      vertex 3.25 14.5 179.94916512459884
      vertex 1.75 14.5 177.35108891324552
      vertex 2.341957122256004 14.5 176.92100688917088
    endloop
  endfacet
  facet normal 0 -1 0
    outer loop
      vertex 3.25 14.5 168.69083487540115
      vertex 6.5 14.5 174.32
      vertex 2.341957122256004 14.5 171.7189931108291
    endloop
  endfacet
  facet normal 0 -1 0
    outer loop
      vertex 6.5 14.5 174.32
      vertex 2.831559480312316 14.5 172.26275161697635
      vertex 2.341957122256004 14.5 171.7189931108291
    endloop
  endfacet
  facet normal 0 -1 0
    outer loop
      vertex 6.5 14.5 174.32
      vertex 3.197409101749103 14.5 172.8964217492347
      vertex 2.831559480312316 14.5 172.26275161697635
    endloop
  endfacet
  facet normal 0 -1 0
    outer loop
      vertex 6.5 14.5 174.32
      vertex 3.42351660256832 14.5 173.59230908213783
      vertex 3.197409101749103 14.5 172.8964217492347
    endloop
  endfacet
  facet normal 0 -1 0
    outer loop
      vertex 6.5 14.5 174.32
      vertex 3.197409101749103 14.5 175.7435782507653
      vertex 3.42351660256832 14.5 175.04769091786216
    endloop
  endfacet
  facet normal 0 -1 0
    outer loop
      vertex 6.5 14.5 174.32
      vertex 3.5 14.5 174.32
      vertex 3.42351660256832 14.5 173.59230908213783
    endloop
  endfacet
  facet normal 0 -1 0
    outer loop
      vertex 6.5 14.5 174.32
      vertex 3.42351660256832 14.5 175.04769091786216
      vertex 3.5 14.5 174.32
    endloop
  endfacet
  facet normal 0 -1 0
    outer loop
      vertex 3.25 14.5 179.94916512459884
      vertex 2.341957122256004 14.5 176.92100688917088
      vertex 2.831559480312316 14.5 176.37724838302364
    endloop
  endfacet
  facet normal 0 -1 0
    outer loop
      vertex 3.25 14.5 179.94916512459884
      vertex 2.831559480312316 14.5 176.37724838302364
      vertex 3.197409101749103 14.5 175.7435782507653
    endloop
  endfacet
  facet normal 0 -1 0
    outer loop
      vertex 3.25 14.5 179.94916512459884
      vertex 3.197409101749103 14.5 175.7435782507653
      vertex 6.5 14.5 174.32
    endloop
  endfacet
  facet normal 0.7729879516809969 0.4509096384805812 -0.44628480198336173
    outer loop
      vertex 3.25 14.5 168.69083487540115
      vertex 2.375 17.5 170.20637933202391
      vertex 6.5 14.5 174.32
    endloop
  endfacet
  facet normal 0.7729879516809969 0.4509096384805812 0.44628480198336173
    outer loop
      vertex 3.25 14.5 179.94916512459884
      vertex 6.5 14.5 174.32
      vertex 2.375 17.5 178.43362066797607
    endloop
  endfacet
  facet normal 0 0.45090963848058047 -0.8925696039667227
    outer loop
      vertex -2.375 17.5 170.20637933202391
      vertex 2.375 17.5 170.20637933202391
      vertex 3.25 14.5 168.69083487540115
    endloop
  endfacet
  facet normal 0 0.45090963848058047 0.8925696039667227
    outer loop
      vertex -2.375 17.5 178.43362066797607
      vertex 3.25 14.5 179.94916512459884
      vertex 2.375 17.5 178.43362066797607
    endloop
  endfacet
  facet normal 0 1 0
    outer loop
      vertex -2.375 17.5 170.20637933202391
      vertex 0.3658496214367871 17.5 170.83917336621104
      vertex 2.375 17.5 170.20637933202391
    endloop
  endfacet
  facet normal 0 1 0
    outer loop
      vertex 2.375 17.5 170.20637933202391
      vertex 0.3658496214367871 17.5 170.83917336621104
      vertex 1.0815594803123159 17.5 170.99130219296697
    endloop
  endfacet
  facet normal 0 1 0
    outer loop
      vertex 2.375 17.5 170.20637933202391
      vertex 1.0815594803123159 17.5 170.99130219296697
      vertex 1.75 17.5 171.28891108675447
    endloop
  endfacet
  facet normal 0 1 0
    outer loop
      vertex 2.375 17.5 170.20637933202391
      vertex 1.75 17.5 171.28891108675447
      vertex 2.341957122256004 17.5 171.7189931108291
    endloop
  endfacet
  facet normal 0 1 0
    outer loop
      vertex 2.375 17.5 178.43362066797607
      vertex 0.3658496214367871 17.5 177.80082663378894
      vertex -0.3658496214367871 17.5 177.80082663378894
    endloop
  endfacet
  facet normal 0 1 0
    outer loop
      vertex 2.375 17.5 178.43362066797607
      vertex 1.0815594803123159 17.5 177.64869780703302
      vertex 0.3658496214367871 17.5 177.80082663378894
    endloop
  endfacet
  facet normal 0 1 0
    outer loop
      vertex 2.375 17.5 178.43362066797607
      vertex 1.75 17.5 177.35108891324552
      vertex 1.0815594803123159 17.5 177.64869780703302
    endloop
  endfacet
  facet normal 0 1 0
    outer loop
      vertex 2.375 17.5 178.43362066797607
      vertex 2.341957122256004 17.5 176.92100688917088
      vertex 1.75 17.5 177.35108891324552
    endloop
  endfacet
  facet normal 0.7729879516809969 0.4509096384805815 -0.44628480198336146
    outer loop
      vertex 2.375 17.5 170.20637933202391
      vertex 4.75 17.5 174.32
      vertex 6.5 14.5 174.32
    endloop
  endfacet
  facet normal 0.7729879516809969 0.4509096384805815 0.44628480198336146
    outer loop
      vertex 2.375 17.5 178.43362066797607
      vertex 6.5 14.5 174.32
      vertex 4.75 17.5 174.32
    endloop
  endfacet
  facet normal 0 1 0
    outer loop
      vertex 2.375 17.5 170.20637933202391
      vertex 2.341957122256004 17.5 171.7189931108291
      vertex 2.831559480312316 17.5 172.26275161697635
    endloop
  endfacet
  facet normal 0 1 0
    outer loop
      vertex 2.375 17.5 170.20637933202391
      vertex 2.831559480312316 17.5 172.26275161697635
      vertex 3.197409101749103 17.5 172.8964217492347
    endloop
  endfacet
  facet normal 0 1 0
    outer loop
      vertex 2.375 17.5 170.20637933202391
      vertex 3.197409101749103 17.5 172.8964217492347
      vertex 4.75 17.5 174.32
    endloop
  endfacet
  facet normal 0 1 0
    outer loop
      vertex 4.75 17.5 174.32
      vertex 3.197409101749103 17.5 172.8964217492347
      vertex 3.42351660256832 17.5 173.59230908213783
    endloop
  endfacet
  facet normal 0 1 0
    outer loop
      vertex 4.75 17.5 174.32
      vertex 3.42351660256832 17.5 173.59230908213783
      vertex 3.5 17.5 174.32
    endloop
  endfacet
  facet normal 0 1 0
    outer loop
      vertex 4.75 17.5 174.32
      vertex 3.42351660256832 17.5 175.04769091786216
      vertex 3.197409101749103 17.5 175.7435782507653
    endloop
  endfacet
  facet normal 0 1 0
    outer loop
      vertex 4.75 17.5 174.32
      vertex 3.5 17.5 174.32
      vertex 3.42351660256832 17.5 175.04769091786216
    endloop
  endfacet
  facet normal 0 1 0
    outer loop
      vertex 2.375 17.5 178.43362066797607
      vertex 2.831559480312316 17.5 176.37724838302364
      vertex 2.341957122256004 17.5 176.92100688917088
    endloop
  endfacet
  facet normal 0 1 0
    outer loop
      vertex 2.375 17.5 178.43362066797607
      vertex 4.75 17.5 174.32
      vertex 2.831559480312316 17.5 176.37724838302364
    endloop
  endfacet
  facet normal 0 1 0
    outer loop
      vertex 4.75 17.5 174.32
      vertex 3.197409101749103 17.5 175.7435782507653
      vertex 2.831559480312316 17.5 176.37724838302364
    endloop
  endfacet
  facet normal 0 -1 0
    outer loop
      vertex -6.5 14.5 201.12
      vertex -3.42351660256832 14.5 200.39230908213784
      vertex -3.5 14.5 201.12
    endloop
  endfacet
  facet normal 0 -1 0
    outer loop
      vertex -6.5 14.5 201.12
      vertex -3.5 14.5 201.12
      vertex -3.42351660256832 14.5 201.84769091786217
    endloop
  endfacet
  facet normal 0 -1 0
    outer loop
      vertex -6.5 14.5 201.12
      vertex -3.25 14.5 195.49083487540116
      vertex -3.197409101749103 14.5 199.6964217492347
    endloop
  endfacet
  facet normal 0 -1 0
    outer loop
      vertex -6.5 14.5 201.12
      vertex -3.197409101749103 14.5 199.6964217492347
      vertex -3.42351660256832 14.5 200.39230908213784
    endloop
  endfacet
  facet normal 0 -1 0
    outer loop
      vertex -6.5 14.5 201.12
      vertex -3.42351660256832 14.5 201.84769091786217
      vertex -3.197409101749103 14.5 202.5435782507653
    endloop
  endfacet
  facet normal 0 -1 0
    outer loop
      vertex -6.5 14.5 201.12
      vertex -3.197409101749103 14.5 202.5435782507653
      vertex -2.831559480312316 14.5 203.17724838302365
    endloop
  endfacet
  facet normal 0 -1 0
    outer loop
      vertex -3.25 14.5 195.49083487540116
      vertex -2.831559480312316 14.5 199.06275161697636
      vertex -3.197409101749103 14.5 199.6964217492347
    endloop
  endfacet
  facet normal 0 -1 0
    outer loop
      vertex -3.25 14.5 195.49083487540116
      vertex -2.341957122256004 14.5 198.51899311082911
      vertex -2.831559480312316 14.5 199.06275161697636
    endloop
  endfacet
  facet normal 0 -1 0
    outer loop
      vertex -6.5 14.5 201.12
      vertex -2.341957122256004 14.5 203.7210068891709
      vertex -3.25 14.5 206.74916512459885
    endloop
  endfacet
  facet normal 0 -1 0
    outer loop
      vertex -6.5 14.5 201.12
      vertex -2.831559480312316 14.5 203.17724838302365
      vertex -2.341957122256004 14.5 203.7210068891709
    endloop
  endfacet
  facet normal -0.7729879516809969 0.4509096384805812 -0.44628480198336173
    outer loop
      vertex -6.5 14.5 201.12
      vertex -2.375 17.5 197.00637933202393
      vertex -3.25 14.5 195.49083487540116
    endloop
  endfacet
  facet normal -0.7729879516809969 0.4509096384805812 0.44628480198336173
    outer loop
      vertex -6.5 14.5 201.12
      vertex -3.25 14.5 206.74916512459885
      vertex -2.375 17.5 205.23362066797608
    endloop
  endfacet
  facet normal 0 -1 0
    outer loop
      vertex -3.25 14.5 195.49083487540116
      vertex -1.75 14.5 198.08891108675448
      vertex -2.341957122256004 14.5 198.51899311082911
    endloop
  endfacet
  facet normal 0 -1 0
    outer loop
      vertex -3.25 14.5 195.49083487540116
      vertex -1.0815594803123159 14.5 197.79130219296698
      vertex -1.75 14.5 198.08891108675448
    endloop
  endfacet
  facet normal 0 -1 0
    outer loop
      vertex -3.25 14.5 195.49083487540116
      vertex -0.3658496214367871 14.5 197.63917336621105
      vertex -1.0815594803123159 14.5 197.79130219296698
    endloop
  endfacet
  facet normal 0 -1 0
    outer loop
      vertex -3.25 14.5 195.49083487540116
      vertex 0.3658496214367871 14.5 197.63917336621105
      vertex -0.3658496214367871 14.5 197.63917336621105
    endloop
  endfacet
  facet normal 0 -1 0
    outer loop
      vertex -3.25 14.5 206.74916512459885
      vertex -2.341957122256004 14.5 203.7210068891709
      vertex -1.75 14.5 204.15108891324553
    endloop
  endfacet
  facet normal 0 -1 0
    outer loop
      vertex -3.25 14.5 206.74916512459885
      vertex -1.75 14.5 204.15108891324553
      vertex -1.0815594803123159 14.5 204.44869780703303
    endloop
  endfacet
  facet normal 0 -1 0
    outer loop
      vertex -3.25 14.5 206.74916512459885
      vertex -1.0815594803123159 14.5 204.44869780703303
      vertex -0.3658496214367871 14.5 204.60082663378896
    endloop
  endfacet
  facet normal 0 -1 0
    outer loop
      vertex -3.25 14.5 206.74916512459885
      vertex -0.3658496214367871 14.5 204.60082663378896
      vertex 3.25 14.5 206.74916512459885
    endloop
  endfacet
  facet normal 0 0.45090963848058047 -0.8925696039667227
    outer loop
      vertex -3.25 14.5 195.49083487540116
      vertex -2.375 17.5 197.00637933202393
      vertex 3.25 14.5 195.49083487540116
    endloop
  endfacet
  facet normal 0 0.45090963848058047 0.8925696039667227
    outer loop
      vertex -3.25 14.5 206.74916512459885
      vertex 3.25 14.5 206.74916512459885
      vertex -2.375 17.5 205.23362066797608
    endloop
  endfacet
  facet normal -0.7729879516809969 0.4509096384805815 -0.44628480198336146
    outer loop
      vertex -6.5 14.5 201.12
      vertex -4.75 17.5 201.12
      vertex -2.375 17.5 197.00637933202393
    endloop
  endfacet
  facet normal -0.7729879516809969 0.4509096384805815 0.44628480198336146
    outer loop
      vertex -6.5 14.5 201.12
      vertex -2.375 17.5 205.23362066797608
      vertex -4.75 17.5 201.12
    endloop
  endfacet
  facet normal 0 1 0
    outer loop
      vertex -4.75 17.5 201.12
      vertex -3.42351660256832 17.5 200.39230908213784
      vertex -3.197409101749103 17.5 199.6964217492347
    endloop
  endfacet
  facet normal 0 1 0
    outer loop
      vertex -4.75 17.5 201.12
      vertex -3.5 17.5 201.12
      vertex -3.42351660256832 17.5 200.39230908213784
    endloop
  endfacet
  facet normal 0 1 0
    outer loop
      vertex -4.75 17.5 201.12
      vertex -3.42351660256832 17.5 201.84769091786217
      vertex -3.5 17.5 201.12
    endloop
  endfacet
  facet normal 0 1 0
    outer loop
      vertex -4.75 17.5 201.12
      vertex -3.197409101749103 17.5 202.5435782507653
      vertex -3.42351660256832 17.5 201.84769091786217
    endloop
  endfacet
  facet normal 0 1 0
    outer loop
      vertex -4.75 17.5 201.12
      vertex -3.197409101749103 17.5 199.6964217492347
      vertex -2.831559480312316 17.5 199.06275161697636
    endloop
  endfacet
  facet normal 0 1 0
    outer loop
      vertex -4.75 17.5 201.12
      vertex -2.831559480312316 17.5 199.06275161697636
      vertex -2.375 17.5 197.00637933202393
    endloop
  endfacet
  facet normal 0 1 0
    outer loop
      vertex -2.375 17.5 197.00637933202393
      vertex -2.831559480312316 17.5 199.06275161697636
      vertex -2.341957122256004 17.5 198.51899311082911
    endloop
  endfacet
  facet normal 0 1 0
    outer loop
      vertex -4.75 17.5 201.12
      vertex -2.375 17.5 205.23362066797608
      vertex -3.197409101749103 17.5 202.5435782507653
    endloop
  endfacet
  facet normal 0 1 0
    outer loop
      vertex -2.375 17.5 205.23362066797608
      vertex -2.831559480312316 17.5 203.17724838302365
      vertex -3.197409101749103 17.5 202.5435782507653
    endloop
  endfacet
  facet normal 0 1 0
    outer loop
      vertex -2.375 17.5 205.23362066797608
      vertex -2.341957122256004 17.5 203.7210068891709
      vertex -2.831559480312316 17.5 203.17724838302365
    endloop
  endfacet
  facet normal 0 1 0
    outer loop
      vertex -2.375 17.5 197.00637933202393
      vertex -2.341957122256004 17.5 198.51899311082911
      vertex -1.75 17.5 198.08891108675448
    endloop
  endfacet
  facet normal 0 1 0
    outer loop
      vertex -2.375 17.5 197.00637933202393
      vertex -1.75 17.5 198.08891108675448
      vertex -1.0815594803123159 17.5 197.79130219296698
    endloop
  endfacet
  facet normal 0 1 0
    outer loop
      vertex -2.375 17.5 197.00637933202393
      vertex -1.0815594803123159 17.5 197.79130219296698
      vertex -0.3658496214367871 17.5 197.63917336621105
    endloop
  endfacet
  facet normal 0 1 0
    outer loop
      vertex -2.375 17.5 197.00637933202393
      vertex -0.3658496214367871 17.5 197.63917336621105
      vertex 0.3658496214367871 17.5 197.63917336621105
    endloop
  endfacet
  facet normal 0 1 0
    outer loop
      vertex -2.375 17.5 205.23362066797608
      vertex -1.75 17.5 204.15108891324553
      vertex -2.341957122256004 17.5 203.7210068891709
    endloop
  endfacet
  facet normal 0 1 0
    outer loop
      vertex -2.375 17.5 205.23362066797608
      vertex -1.0815594803123159 17.5 204.44869780703303
      vertex -1.75 17.5 204.15108891324553
    endloop
  endfacet
  facet normal 0 1 0
    outer loop
      vertex -2.375 17.5 205.23362066797608
      vertex -0.3658496214367871 17.5 204.60082663378896
      vertex -1.0815594803123159 17.5 204.44869780703303
    endloop
  endfacet
  facet normal 0 1 0
    outer loop
      vertex -2.375 17.5 205.23362066797608
      vertex 2.375 17.5 205.23362066797608
      vertex -0.3658496214367871 17.5 204.60082663378896
    endloop
  endfacet
  facet normal 0 -1 0
    outer loop
      vertex -3.25 14.5 195.49083487540116
      vertex 3.25 14.5 195.49083487540116
      vertex 0.3658496214367871 14.5 197.63917336621105
    endloop
  endfacet
  facet normal 0 -1 0
    outer loop
      vertex 3.25 14.5 195.49083487540116
      vertex 1.0815594803123159 14.5 197.79130219296698
      vertex 0.3658496214367871 14.5 197.63917336621105
    endloop
  endfacet
  facet normal 0 -1 0
    outer loop
      vertex 3.25 14.5 195.49083487540116
      vertex 1.75 14.5 198.08891108675448
      vertex 1.0815594803123159 14.5 197.79130219296698
    endloop
  endfacet
  facet normal 0 -1 0
    outer loop
      vertex 3.25 14.5 195.49083487540116
      vertex 2.341957122256004 14.5 198.51899311082911
      vertex 1.75 14.5 198.08891108675448
    endloop
  endfacet
  facet normal 0 -1 0
    outer loop
      vertex 3.25 14.5 206.74916512459885
      vertex -0.3658496214367871 14.5 204.60082663378896
      vertex 0.3658496214367871 14.5 204.60082663378896
    endloop
  endfacet
  facet normal 0 -1 0
    outer loop
      vertex 3.25 14.5 206.74916512459885
      vertex 0.3658496214367871 14.5 204.60082663378896
      vertex 1.0815594803123159 14.5 204.44869780703303
    endloop
  endfacet
  facet normal 0 -1 0
    outer loop
      vertex 3.25 14.5 206.74916512459885
      vertex 1.0815594803123159 14.5 204.44869780703303
      vertex 1.75 14.5 204.15108891324553
    endloop
  endfacet
  facet normal 0 -1 0
    outer loop
      vertex 3.25 14.5 206.74916512459885
      vertex 1.75 14.5 204.15108891324553
      vertex 2.341957122256004 14.5 203.7210068891709
    endloop
  endfacet
  facet normal 0 -1 0
    outer loop
      vertex 3.25 14.5 195.49083487540116
      vertex 6.5 14.5 201.12
      vertex 2.341957122256004 14.5 198.51899311082911
    endloop
  endfacet
  facet normal 0 -1 0
    outer loop
      vertex 6.5 14.5 201.12
      vertex 2.831559480312316 14.5 199.06275161697636
      vertex 2.341957122256004 14.5 198.51899311082911
    endloop
  endfacet
  facet normal 0 -1 0
    outer loop
      vertex 6.5 14.5 201.12
      vertex 3.197409101749103 14.5 199.6964217492347
      vertex 2.831559480312316 14.5 199.06275161697636
    endloop
  endfacet
  facet normal 0 -1 0
    outer loop
      vertex 6.5 14.5 201.12
      vertex 3.42351660256832 14.5 200.39230908213784
      vertex 3.197409101749103 14.5 199.6964217492347
    endloop
  endfacet
  facet normal 0 -1 0
    outer loop
      vertex 6.5 14.5 201.12
      vertex 3.197409101749103 14.5 202.5435782507653
      vertex 3.42351660256832 14.5 201.84769091786217
    endloop
  endfacet
  facet normal 0 -1 0
    outer loop
      vertex 6.5 14.5 201.12
      vertex 3.5 14.5 201.12
      vertex 3.42351660256832 14.5 200.39230908213784
    endloop
  endfacet
  facet normal 0 -1 0
    outer loop
      vertex 6.5 14.5 201.12
      vertex 3.42351660256832 14.5 201.84769091786217
      vertex 3.5 14.5 201.12
    endloop
  endfacet
  facet normal 0 -1 0
    outer loop
      vertex 3.25 14.5 206.74916512459885
      vertex 2.341957122256004 14.5 203.7210068891709
      vertex 2.831559480312316 14.5 203.17724838302365
    endloop
  endfacet
  facet normal 0 -1 0
    outer loop
      vertex 3.25 14.5 206.74916512459885
      vertex 2.831559480312316 14.5 203.17724838302365
      vertex 3.197409101749103 14.5 202.5435782507653
    endloop
  endfacet
  facet normal 0 -1 0
    outer loop
      vertex 3.25 14.5 206.74916512459885
      vertex 3.197409101749103 14.5 202.5435782507653
      vertex 6.5 14.5 201.12
    endloop
  endfacet
  facet normal 0.7729879516809969 0.4509096384805812 -0.44628480198336173
    outer loop
      vertex 3.25 14.5 195.49083487540116
      vertex 2.375 17.5 197.00637933202393
      vertex 6.5 14.5 201.12
    endloop
  endfacet
  facet normal 0.7729879516809969 0.4509096384805812 0.44628480198336173
    outer loop
      vertex 3.25 14.5 206.74916512459885
      vertex 6.5 14.5 201.12
      vertex 2.375 17.5 205.23362066797608
    endloop
  endfacet
  facet normal 0 0.45090963848058047 -0.8925696039667227
    outer loop
      vertex -2.375 17.5 197.00637933202393
      vertex 2.375 17.5 197.00637933202393
      vertex 3.25 14.5 195.49083487540116
    endloop
  endfacet
  facet normal 0 0.45090963848058047 0.8925696039667227
    outer loop
      vertex -2.375 17.5 205.23362066797608
      vertex 3.25 14.5 206.74916512459885
      vertex 2.375 17.5 205.23362066797608
    endloop
  endfacet
  facet normal 0 1 0
    outer loop
      vertex -2.375 17.5 197.00637933202393
      vertex 0.3658496214367871 17.5 197.63917336621105
      vertex 2.375 17.5 197.00637933202393
    endloop
  endfacet
  facet normal 0 1 0
    outer loop
      vertex 2.375 17.5 197.00637933202393
      vertex 0.3658496214367871 17.5 197.63917336621105
      vertex 1.0815594803123159 17.5 197.79130219296698
    endloop
  endfacet
  facet normal 0 1 0
    outer loop
      vertex 2.375 17.5 197.00637933202393
      vertex 1.0815594803123159 17.5 197.79130219296698
      vertex 1.75 17.5 198.08891108675448
    endloop
  endfacet
  facet normal 0 1 0
    outer loop
      vertex 2.375 17.5 197.00637933202393
      vertex 1.75 17.5 198.08891108675448
      vertex 2.341957122256004 17.5 198.51899311082911
    endloop
  endfacet
  facet normal 0 1 0
    outer loop
      vertex 2.375 17.5 205.23362066797608
      vertex 0.3658496214367871 17.5 204.60082663378896
      vertex -0.3658496214367871 17.5 204.60082663378896
    endloop
  endfacet
  facet normal 0 1 0
    outer loop
      vertex 2.375 17.5 205.23362066797608
      vertex 1.0815594803123159 17.5 204.44869780703303
      vertex 0.3658496214367871 17.5 204.60082663378896
    endloop
  endfacet
  facet normal 0 1 0
    outer loop
      vertex 2.375 17.5 205.23362066797608
      vertex 1.75 17.5 204.15108891324553
      vertex 1.0815594803123159 17.5 204.44869780703303
    endloop
  endfacet
  facet normal 0 1 0
    outer loop
      vertex 2.375 17.5 205.23362066797608
      vertex 2.341957122256004 17.5 203.7210068891709
      vertex 1.75 17.5 204.15108891324553
    endloop
  endfacet
  facet normal 0.7729879516809969 0.4509096384805815 -0.44628480198336146
    outer loop
      vertex 2.375 17.5 197.00637933202393
      vertex 4.75 17.5 201.12
      vertex 6.5 14.5 201.12
    endloop
  endfacet
  facet normal 0.7729879516809969 0.4509096384805815 0.44628480198336146
    outer loop
      vertex 2.375 17.5 205.23362066797608
      vertex 6.5 14.5 201.12
      vertex 4.75 17.5 201.12
    endloop
  endfacet
  facet normal 0 1 0
    outer loop
      vertex 2.375 17.5 197.00637933202393
      vertex 2.341957122256004 17.5 198.51899311082911
      vertex 2.831559480312316 17.5 199.06275161697636
    endloop
  endfacet
  facet normal 0 1 0
    outer loop
      vertex 2.375 17.5 197.00637933202393
      vertex 2.831559480312316 17.5 199.06275161697636
      vertex 3.197409101749103 17.5 199.6964217492347
    endloop
  endfacet
  facet normal 0 1 0
    outer loop
      vertex 2.375 17.5 197.00637933202393
      vertex 3.197409101749103 17.5 199.6964217492347
      vertex 4.75 17.5 201.12
    endloop
  endfacet
  facet normal 0 1 0
    outer loop
      vertex 4.75 17.5 201.12
      vertex 3.197409101749103 17.5 202.5435782507653
      vertex 2.831559480312316 17.5 203.17724838302365
    endloop
  endfacet
  facet normal 0 1 0
    outer loop
      vertex 4.75 17.5 201.12
      vertex 3.197409101749103 17.5 199.6964217492347
      vertex 3.42351660256832 17.5 200.39230908213784
    endloop
  endfacet
  facet normal 0 1 0
    outer loop
      vertex 4.75 17.5 201.12
      vertex 3.42351660256832 17.5 200.39230908213784
      vertex 3.5 17.5 201.12
    endloop
  endfacet
  facet normal 0 1 0
    outer loop
      vertex 4.75 17.5 201.12
      vertex 3.5 17.5 201.12
      vertex 3.42351660256832 17.5 201.84769091786217
    endloop
  endfacet
  facet normal 0 1 0
    outer loop
      vertex 4.75 17.5 201.12
      vertex 3.42351660256832 17.5 201.84769091786217
      vertex 3.197409101749103 17.5 202.5435782507653
    endloop
  endfacet
  facet normal 0 1 0
    outer loop
      vertex 2.375 17.5 205.23362066797608
      vertex 2.831559480312316 17.5 203.17724838302365
      vertex 2.341957122256004 17.5 203.7210068891709
    endloop
  endfacet
  facet normal 0 1 0
    outer loop
      vertex 2.375 17.5 205.23362066797608
      vertex 4.75 17.5 201.12
      vertex 2.831559480312316 17.5 203.17724838302365
    endloop
  endfacet
  facet normal 0 -1 0
    outer loop
      vertex -6.5 14.5 225
      vertex -3.42351660256832 14.5 224.27230908213784
      vertex -3.5 14.5 225
    endloop
  endfacet
  facet normal 0 -1 0
    outer loop
      vertex -6.5 14.5 225
      vertex -3.5 14.5 225
      vertex -3.42351660256832 14.5 225.72769091786216
    endloop
  endfacet
  facet normal 0 -1 0
    outer loop
      vertex -6.5 14.5 225
      vertex -3.25 14.5 219.37083487540116
      vertex -3.197409101749103 14.5 223.5764217492347
    endloop
  endfacet
  facet normal 0 -1 0
    outer loop
      vertex -6.5 14.5 225
      vertex -3.197409101749103 14.5 223.5764217492347
      vertex -3.42351660256832 14.5 224.27230908213784
    endloop
  endfacet
  facet normal 0 -1 0
    outer loop
      vertex -6.5 14.5 225
      vertex -3.42351660256832 14.5 225.72769091786216
      vertex -3.197409101749103 14.5 226.4235782507653
    endloop
  endfacet
  facet normal 0 -1 0
    outer loop
      vertex -6.5 14.5 225
      vertex -3.197409101749103 14.5 226.4235782507653
      vertex -2.831559480312316 14.5 227.05724838302365
    endloop
  endfacet
  facet normal 0 -1 0
    outer loop
      vertex -6.5 14.5 225
      vertex -2.831559480312316 14.5 227.05724838302365
      vertex -2.341957122256004 14.5 227.6010068891709
    endloop
  endfacet
  facet normal 0 -1 0
    outer loop
      vertex -6.5 14.5 225
      vertex -2.341957122256004 14.5 227.6010068891709
      vertex -3.25 14.5 230.62916512459884
    endloop
  endfacet
  facet normal 0 -1 0
    outer loop
      vertex -3.25 14.5 219.37083487540116
      vertex -2.831559480312316 14.5 222.94275161697635
      vertex -3.197409101749103 14.5 223.5764217492347
    endloop
  endfacet
  facet normal 0 -1 0
    outer loop
      vertex -3.25 14.5 219.37083487540116
      vertex -2.341957122256004 14.5 222.3989931108291
      vertex -2.831559480312316 14.5 222.94275161697635
    endloop
  endfacet
  facet normal -0.7729879516809969 0.4509096384805812 -0.44628480198336173
    outer loop
      vertex -6.5 14.5 225
      vertex -2.375 17.5 220.88637933202392
      vertex -3.25 14.5 219.37083487540116
    endloop
  endfacet
  facet normal -0.7729879516809969 0.4509096384805812 0.44628480198336173
    outer loop
      vertex -6.5 14.5 225
      vertex -3.25 14.5 230.62916512459884
      vertex -2.375 17.5 229.11362066797608
    endloop
  endfacet
  facet normal 0 -1 0
    outer loop
      vertex -3.25 14.5 219.37083487540116
      vertex -1.75 14.5 221.96891108675447
      vertex -2.341957122256004 14.5 222.3989931108291
    endloop
  endfacet
  facet normal 0 -1 0
    outer loop
      vertex -3.25 14.5 219.37083487540116
      vertex -1.0815594803123159 14.5 221.67130219296698
      vertex -1.75 14.5 221.96891108675447
    endloop
  endfacet
  facet normal 0 -1 0
    outer loop
      vertex -3.25 14.5 219.37083487540116
      vertex -0.3658496214367871 14.5 221.51917336621105
      vertex -1.0815594803123159 14.5 221.67130219296698
    endloop
  endfacet
  facet normal 0 -1 0
    outer loop
      vertex -3.25 14.5 230.62916512459884
      vertex -2.341957122256004 14.5 227.6010068891709
      vertex -1.75 14.5 228.03108891324553
    endloop
  endfacet
  facet normal 0 -1 0
    outer loop
      vertex -3.25 14.5 230.62916512459884
      vertex -1.75 14.5 228.03108891324553
      vertex -1.0815594803123159 14.5 228.32869780703302
    endloop
  endfacet
  facet normal 0 -1 0
    outer loop
      vertex -3.25 14.5 230.62916512459884
      vertex -1.0815594803123159 14.5 228.32869780703302
      vertex -0.3658496214367871 14.5 228.48082663378895
    endloop
  endfacet
  facet normal 0 -1 0
    outer loop
      vertex -3.25 14.5 219.37083487540116
      vertex 0.3658496214367871 14.5 221.51917336621105
      vertex -0.3658496214367871 14.5 221.51917336621105
    endloop
  endfacet
  facet normal 0 -1 0
    outer loop
      vertex -3.25 14.5 230.62916512459884
      vertex -0.3658496214367871 14.5 228.48082663378895
      vertex 3.25 14.5 230.62916512459884
    endloop
  endfacet
  facet normal 0 0.45090963848058047 -0.8925696039667227
    outer loop
      vertex -3.25 14.5 219.37083487540116
      vertex -2.375 17.5 220.88637933202392
      vertex 3.25 14.5 219.37083487540116
    endloop
  endfacet
  facet normal 0 0.45090963848058047 0.8925696039667227
    outer loop
      vertex -3.25 14.5 230.62916512459884
      vertex 3.25 14.5 230.62916512459884
      vertex -2.375 17.5 229.11362066797608
    endloop
  endfacet
  facet normal -0.7729879516809969 0.4509096384805815 -0.44628480198336146
    outer loop
      vertex -6.5 14.5 225
      vertex -4.75 17.5 225
      vertex -2.375 17.5 220.88637933202392
    endloop
  endfacet
  facet normal -0.7729879516809969 0.4509096384805815 0.44628480198336146
    outer loop
      vertex -6.5 14.5 225
      vertex -2.375 17.5 229.11362066797608
      vertex -4.75 17.5 225
    endloop
  endfacet
  facet normal 0 1 0
    outer loop
      vertex -4.75 17.5 225
      vertex -3.5 17.5 225
      vertex -3.42351660256832 17.5 224.27230908213784
    endloop
  endfacet
  facet normal 0 1 0
    outer loop
      vertex -4.75 17.5 225
      vertex -3.42351660256832 17.5 224.27230908213784
      vertex -3.197409101749103 17.5 223.5764217492347
    endloop
  endfacet
  facet normal 0 1 0
    outer loop
      vertex -4.75 17.5 225
      vertex -3.42351660256832 17.5 225.72769091786216
      vertex -3.5 17.5 225
    endloop
  endfacet
  facet normal 0 1 0
    outer loop
      vertex -4.75 17.5 225
      vertex -3.197409101749103 17.5 226.4235782507653
      vertex -3.42351660256832 17.5 225.72769091786216
    endloop
  endfacet
  facet normal 0 1 0
    outer loop
      vertex -2.375 17.5 220.88637933202392
      vertex -2.831559480312316 17.5 222.94275161697635
      vertex -2.341957122256004 17.5 222.3989931108291
    endloop
  endfacet
  facet normal 0 1 0
    outer loop
      vertex -4.75 17.5 225
      vertex -3.197409101749103 17.5 223.5764217492347
      vertex -2.831559480312316 17.5 222.94275161697635
    endloop
  endfacet
  facet normal 0 1 0
    outer loop
      vertex -4.75 17.5 225
      vertex -2.831559480312316 17.5 222.94275161697635
      vertex -2.375 17.5 220.88637933202392
    endloop
  endfacet
  facet normal 0 1 0
    outer loop
      vertex -4.75 17.5 225
      vertex -2.375 17.5 229.11362066797608
      vertex -3.197409101749103 17.5 226.4235782507653
    endloop
  endfacet
  facet normal 0 1 0
    outer loop
      vertex -2.375 17.5 229.11362066797608
      vertex -2.831559480312316 17.5 227.05724838302365
      vertex -3.197409101749103 17.5 226.4235782507653
    endloop
  endfacet
  facet normal 0 1 0
    outer loop
      vertex -2.375 17.5 229.11362066797608
      vertex -2.341957122256004 17.5 227.6010068891709
      vertex -2.831559480312316 17.5 227.05724838302365
    endloop
  endfacet
  facet normal 0 1 0
    outer loop
      vertex -2.375 17.5 220.88637933202392
      vertex -2.341957122256004 17.5 222.3989931108291
      vertex -1.75 17.5 221.96891108675447
    endloop
  endfacet
  facet normal 0 1 0
    outer loop
      vertex -2.375 17.5 220.88637933202392
      vertex -1.75 17.5 221.96891108675447
      vertex -1.0815594803123159 17.5 221.67130219296698
    endloop
  endfacet
  facet normal 0 1 0
    outer loop
      vertex -2.375 17.5 220.88637933202392
      vertex -1.0815594803123159 17.5 221.67130219296698
      vertex -0.3658496214367871 17.5 221.51917336621105
    endloop
  endfacet
  facet normal 0 1 0
    outer loop
      vertex -2.375 17.5 229.11362066797608
      vertex -1.75 17.5 228.03108891324553
      vertex -2.341957122256004 17.5 227.6010068891709
    endloop
  endfacet
  facet normal 0 1 0
    outer loop
      vertex -2.375 17.5 229.11362066797608
      vertex -1.0815594803123159 17.5 228.32869780703302
      vertex -1.75 17.5 228.03108891324553
    endloop
  endfacet
  facet normal 0 1 0
    outer loop
      vertex -2.375 17.5 229.11362066797608
      vertex -0.3658496214367871 17.5 228.48082663378895
      vertex -1.0815594803123159 17.5 228.32869780703302
    endloop
  endfacet
  facet normal 0 1 0
    outer loop
      vertex -2.375 17.5 220.88637933202392
      vertex -0.3658496214367871 17.5 221.51917336621105
      vertex 0.3658496214367871 17.5 221.51917336621105
    endloop
  endfacet
  facet normal 0 1 0
    outer loop
      vertex -2.375 17.5 229.11362066797608
      vertex 2.375 17.5 229.11362066797608
      vertex -0.3658496214367871 17.5 228.48082663378895
    endloop
  endfacet
  facet normal 0 -1 0
    outer loop
      vertex -3.25 14.5 219.37083487540116
      vertex 3.25 14.5 219.37083487540116
      vertex 0.3658496214367871 14.5 221.51917336621105
    endloop
  endfacet
  facet normal 0 -1 0
    outer loop
      vertex 3.25 14.5 230.62916512459884
      vertex -0.3658496214367871 14.5 228.48082663378895
      vertex 0.3658496214367871 14.5 228.48082663378895
    endloop
  endfacet
  facet normal 0 -1 0
    outer loop
      vertex 3.25 14.5 219.37083487540116
      vertex 1.0815594803123159 14.5 221.67130219296698
      vertex 0.3658496214367871 14.5 221.51917336621105
    endloop
  endfacet
  facet normal 0 -1 0
    outer loop
      vertex 3.25 14.5 219.37083487540116
      vertex 1.75 14.5 221.96891108675447
      vertex 1.0815594803123159 14.5 221.67130219296698
    endloop
  endfacet
  facet normal 0 -1 0
    outer loop
      vertex 3.25 14.5 219.37083487540116
      vertex 2.341957122256004 14.5 222.3989931108291
      vertex 1.75 14.5 221.96891108675447
    endloop
  endfacet
  facet normal 0 -1 0
    outer loop
      vertex 3.25 14.5 230.62916512459884
      vertex 0.3658496214367871 14.5 228.48082663378895
      vertex 1.0815594803123159 14.5 228.32869780703302
    endloop
  endfacet
  facet normal 0 -1 0
    outer loop
      vertex 3.25 14.5 230.62916512459884
      vertex 1.0815594803123159 14.5 228.32869780703302
      vertex 1.75 14.5 228.03108891324553
    endloop
  endfacet
  facet normal 0 -1 0
    outer loop
      vertex 3.25 14.5 230.62916512459884
      vertex 1.75 14.5 228.03108891324553
      vertex 2.341957122256004 14.5 227.6010068891709
    endloop
  endfacet
  facet normal 0 -1 0
    outer loop
      vertex 3.25 14.5 230.62916512459884
      vertex 2.341957122256004 14.5 227.6010068891709
      vertex 2.831559480312316 14.5 227.05724838302365
    endloop
  endfacet
  facet normal 0 -1 0
    outer loop
      vertex 3.25 14.5 230.62916512459884
      vertex 2.831559480312316 14.5 227.05724838302365
      vertex 3.197409101749103 14.5 226.4235782507653
    endloop
  endfacet
  facet normal 0 -1 0
    outer loop
      vertex 3.25 14.5 219.37083487540116
      vertex 6.5 14.5 225
      vertex 2.341957122256004 14.5 222.3989931108291
    endloop
  endfacet
  facet normal 0 -1 0
    outer loop
      vertex 6.5 14.5 225
      vertex 2.831559480312316 14.5 222.94275161697635
      vertex 2.341957122256004 14.5 222.3989931108291
    endloop
  endfacet
  facet normal 0 -1 0
    outer loop
      vertex 6.5 14.5 225
      vertex 3.197409101749103 14.5 223.5764217492347
      vertex 2.831559480312316 14.5 222.94275161697635
    endloop
  endfacet
  facet normal 0 -1 0
    outer loop
      vertex 6.5 14.5 225
      vertex 3.42351660256832 14.5 224.27230908213784
      vertex 3.197409101749103 14.5 223.5764217492347
    endloop
  endfacet
  facet normal 0 -1 0
    outer loop
      vertex 6.5 14.5 225
      vertex 3.197409101749103 14.5 226.4235782507653
      vertex 3.42351660256832 14.5 225.72769091786216
    endloop
  endfacet
  facet normal 0 -1 0
    outer loop
      vertex 3.25 14.5 230.62916512459884
      vertex 3.197409101749103 14.5 226.4235782507653
      vertex 6.5 14.5 225
    endloop
  endfacet
  facet normal 0 -1 0
    outer loop
      vertex 6.5 14.5 225
      vertex 3.5 14.5 225
      vertex 3.42351660256832 14.5 224.27230908213784
    endloop
  endfacet
  facet normal 0 -1 0
    outer loop
      vertex 6.5 14.5 225
      vertex 3.42351660256832 14.5 225.72769091786216
      vertex 3.5 14.5 225
    endloop
  endfacet
  facet normal 0.7729879516809969 0.4509096384805812 -0.44628480198336173
    outer loop
      vertex 3.25 14.5 219.37083487540116
      vertex 2.375 17.5 220.88637933202392
      vertex 6.5 14.5 225
    endloop
  endfacet
  facet normal 0.7729879516809969 0.4509096384805812 0.44628480198336173
    outer loop
      vertex 3.25 14.5 230.62916512459884
      vertex 6.5 14.5 225
      vertex 2.375 17.5 229.11362066797608
    endloop
  endfacet
  facet normal 0 0.45090963848058047 -0.8925696039667227
    outer loop
      vertex -2.375 17.5 220.88637933202392
      vertex 2.375 17.5 220.88637933202392
      vertex 3.25 14.5 219.37083487540116
    endloop
  endfacet
  facet normal 0 0.45090963848058047 0.8925696039667227
    outer loop
      vertex -2.375 17.5 229.11362066797608
      vertex 3.25 14.5 230.62916512459884
      vertex 2.375 17.5 229.11362066797608
    endloop
  endfacet
  facet normal 0 1 0
    outer loop
      vertex -2.375 17.5 220.88637933202392
      vertex 0.3658496214367871 17.5 221.51917336621105
      vertex 2.375 17.5 220.88637933202392
    endloop
  endfacet
  facet normal 0 1 0
    outer loop
      vertex 2.375 17.5 229.11362066797608
      vertex 0.3658496214367871 17.5 228.48082663378895
      vertex -0.3658496214367871 17.5 228.48082663378895
    endloop
  endfacet
  facet normal 0 1 0
    outer loop
      vertex 2.375 17.5 220.88637933202392
      vertex 0.3658496214367871 17.5 221.51917336621105
      vertex 1.0815594803123159 17.5 221.67130219296698
    endloop
  endfacet
  facet normal 0 1 0
    outer loop
      vertex 2.375 17.5 220.88637933202392
      vertex 1.0815594803123159 17.5 221.67130219296698
      vertex 1.75 17.5 221.96891108675447
    endloop
  endfacet
  facet normal 0 1 0
    outer loop
      vertex 2.375 17.5 220.88637933202392
      vertex 1.75 17.5 221.96891108675447
      vertex 2.341957122256004 17.5 222.3989931108291
    endloop
  endfacet
  facet normal 0 1 0
    outer loop
      vertex 2.375 17.5 229.11362066797608
      vertex 1.0815594803123159 17.5 228.32869780703302
      vertex 0.3658496214367871 17.5 228.48082663378895
    endloop
  endfacet
  facet normal 0 1 0
    outer loop
      vertex 2.375 17.5 229.11362066797608
      vertex 1.75 17.5 228.03108891324553
      vertex 1.0815594803123159 17.5 228.32869780703302
    endloop
  endfacet
  facet normal 0 1 0
    outer loop
      vertex 2.375 17.5 229.11362066797608
      vertex 2.341957122256004 17.5 227.6010068891709
      vertex 1.75 17.5 228.03108891324553
    endloop
  endfacet
  facet normal 0.7729879516809969 0.4509096384805815 -0.44628480198336146
    outer loop
      vertex 2.375 17.5 220.88637933202392
      vertex 4.75 17.5 225
      vertex 6.5 14.5 225
    endloop
  endfacet
  facet normal 0.7729879516809969 0.4509096384805815 0.44628480198336146
    outer loop
      vertex 2.375 17.5 229.11362066797608
      vertex 6.5 14.5 225
      vertex 4.75 17.5 225
    endloop
  endfacet
  facet normal 0 1 0
    outer loop
      vertex 2.375 17.5 220.88637933202392
      vertex 2.341957122256004 17.5 222.3989931108291
      vertex 2.831559480312316 17.5 222.94275161697635
    endloop
  endfacet
  facet normal 0 1 0
    outer loop
      vertex 2.375 17.5 220.88637933202392
      vertex 2.831559480312316 17.5 222.94275161697635
      vertex 3.197409101749103 17.5 223.5764217492347
    endloop
  endfacet
  facet normal 0 1 0
    outer loop
      vertex 2.375 17.5 229.11362066797608
      vertex 2.831559480312316 17.5 227.05724838302365
      vertex 2.341957122256004 17.5 227.6010068891709
    endloop
  endfacet
  facet normal 0 1 0
    outer loop
      vertex 2.375 17.5 220.88637933202392
      vertex 3.197409101749103 17.5 223.5764217492347
      vertex 4.75 17.5 225
    endloop
  endfacet
  facet normal 0 1 0
    outer loop
      vertex 2.375 17.5 229.11362066797608
      vertex 4.75 17.5 225
      vertex 2.831559480312316 17.5 227.05724838302365
    endloop
  endfacet
  facet normal 0 1 0
    outer loop
      vertex 4.75 17.5 225
      vertex 3.197409101749103 17.5 226.4235782507653
      vertex 2.831559480312316 17.5 227.05724838302365
    endloop
  endfacet
  facet normal 0 1 0
    outer loop
      vertex 4.75 17.5 225
      vertex 3.197409101749103 17.5 223.5764217492347
      vertex 3.42351660256832 17.5 224.27230908213784
    endloop
  endfacet
  facet normal 0 1 0
    outer loop
      vertex 4.75 17.5 225
      vertex 3.42351660256832 17.5 224.27230908213784
      vertex 3.5 17.5 225
    endloop
  endfacet
  facet normal 0 1 0
    outer loop
      vertex 4.75 17.5 225
      vertex 3.42351660256832 17.5 225.72769091786216
      vertex 3.197409101749103 17.5 226.4235782507653
    endloop
  endfacet
  facet normal 0 1 0
    outer loop
      vertex 4.75 17.5 225
      vertex 3.5 17.5 225
      vertex 3.42351660256832 17.5 225.72769091786216
    endloop
  endfacet
  facet normal 0.5877852522924734 0.8090169943749472 1.4304309396014504e-19
    outer loop
      vertex -32.36043666994744 -8.174593080251336 34.80000000000001
      vertex -30.5 -9.526279441628825 389.65000000000003
      vertex -30.5 -9.526279441628825 34.80000000000001
    endloop
  endfacet
  facet normal 0.7431448254773937 0.6691306063588587 -1.0661729092708647e-19
    outer loop
      vertex -32.36043666994744 -8.174593080251336 34.80000000000001
      vertex -33.89918693812442 -6.465637775217204 34.80000000000001
      vertex -33.89918693812442 -6.465637775217204 389.65000000000003
    endloop
  endfacet
  facet normal 0.4067366430758002 0.913545457642601 -3.789957726125516e-20
    outer loop
      vertex -30.5 -9.526279441628825 34.80000000000001
      vertex -28.399186938124423 -10.461621679246688 389.65000000000003
      vertex -28.399186938124423 -10.461621679246688 34.80000000000001
    endloop
  endfacet
  facet normal 0.20791169081775943 0.9781476007338056 -7.040478364790484e-20
    outer loop
      vertex -28.399186938124423 -10.461621679246688 34.80000000000001
      vertex -26.14981309594419 -10.939740849051006 389.65000000000003
      vertex -26.14981309594419 -10.939740849051006 34.80000000000001
    endloop
  endfacet
  facet normal 0 1 0
    outer loop
      vertex -26.14981309594419 -10.939740849051006 34.80000000000001
      vertex -23.85018690405581 -10.939740849051006 389.65000000000003
      vertex -23.85018690405581 -10.939740849051006 34.80000000000001
    endloop
  endfacet
  facet normal -0.20791169081775943 0.9781476007338056 7.040478364790484e-20
    outer loop
      vertex -23.85018690405581 -10.939740849051006 34.80000000000001
      vertex -21.600813061875577 -10.461621679246688 389.65000000000003
      vertex -21.600813061875577 -10.461621679246688 34.80000000000001
    endloop
  endfacet
  facet normal -0.4067366430758002 0.913545457642601 3.789957726125516e-20
    outer loop
      vertex -21.600813061875577 -10.461621679246688 34.80000000000001
      vertex -19.5 -9.526279441628825 389.65000000000003
      vertex -19.5 -9.526279441628825 34.80000000000001
    endloop
  endfacet
  facet normal 0.9510565162951538 0.3090169943749466 3.4972077518412685e-20
    outer loop
      vertex -35.04900003406861 -4.474103073833803 34.80000000000001
      vertex -35.75962360807186 -2.2870285989953527 34.80000000000001
      vertex -35.75962360807186 -2.2870285989953527 389.65000000000003
    endloop
  endfacet
  facet normal 0.8660254037844384 0.5000000000000004 -1.7731833661993941e-19
    outer loop
      vertex -33.89918693812442 -6.465637775217204 34.80000000000001
      vertex -35.04900003406861 -4.474103073833803 34.80000000000001
      vertex -35.04900003406861 -4.474103073833803 389.65000000000003
    endloop
  endfacet
  facet normal 0.9945218953682734 0.10452846326765323 -5.4943259400483e-21
    outer loop
      vertex -35.75962360807186 -2.2870285989953527 34.80000000000001
      vertex -36 0 34.80000000000001
      vertex -36 0 389.65000000000003
    endloop
  endfacet
  facet normal 0.9945218953682734 -0.10452846326765323 5.4943259400483e-21
    outer loop
      vertex -36 0 34.80000000000001
      vertex -35.75962360807186 2.2870285989953527 34.80000000000001
      vertex -35.75962360807186 2.2870285989953527 389.65000000000003
    endloop
  endfacet
  facet normal -0.5877852522924734 0.8090169943749472 -1.4304309396014504e-19
    outer loop
      vertex -19.5 -9.526279441628825 34.80000000000001
      vertex -17.63956333005256 -8.174593080251336 389.65000000000003
      vertex -17.63956333005256 -8.174593080251336 34.80000000000001
    endloop
  endfacet
  facet normal -0.7431448254773937 0.6691306063588587 0
    outer loop
      vertex -17.63956333005256 -8.174593080251336 34.80000000000001
      vertex -17.63956333005256 -8.174593080251336 389.65000000000003
      vertex -16.100813061875577 -6.465637775217204 34.80000000000001
    endloop
  endfacet
  facet normal -0.866025403784439 0.4999999999999993 0
    outer loop
      vertex -16.100813061875577 -6.465637775217204 34.80000000000001
      vertex -16.100813061875577 -6.465637775217204 389.65000000000003
      vertex -14.950999965931391 -4.474103073833803 34.80000000000001
    endloop
  endfacet
  facet normal -0.9510565162951534 0.30901699437494806 0
    outer loop
      vertex -14.950999965931391 -4.474103073833803 34.80000000000001
      vertex -14.950999965931391 -4.474103073833803 389.65000000000003
      vertex -14.240376391928137 -2.2870285989953527 34.80000000000001
    endloop
  endfacet
  facet normal -0.9945218953682734 0.10452846326765323 0
    outer loop
      vertex -14.240376391928137 -2.2870285989953527 34.80000000000001
      vertex -14.240376391928137 -2.2870285989953527 389.65000000000003
      vertex -14 0 34.80000000000001
    endloop
  endfacet
  facet normal -0.9945218953682734 -0.10452846326765323 0
    outer loop
      vertex -14 0 34.80000000000001
      vertex -14 0 389.65000000000003
      vertex -14.240376391928137 2.2870285989953527 34.80000000000001
    endloop
  endfacet
  facet normal 0.7431448254773937 0.6691306063588587 0
    outer loop
      vertex -32.36043666994744 -8.174593080251336 34.80000000000001
      vertex -33.89918693812442 -6.465637775217204 389.65000000000003
      vertex -32.36043666994744 -8.174593080251336 389.65000000000003
    endloop
  endfacet
  facet normal 0.5877852522924734 0.8090169943749472 0
    outer loop
      vertex -32.36043666994744 -8.174593080251336 34.80000000000001
      vertex -32.36043666994744 -8.174593080251336 389.65000000000003
      vertex -30.5 -9.526279441628825 389.65000000000003
    endloop
  endfacet
  facet normal 0.8660254037844384 0.5000000000000004 0
    outer loop
      vertex -33.89918693812442 -6.465637775217204 34.80000000000001
      vertex -35.04900003406861 -4.474103073833803 389.65000000000003
      vertex -33.89918693812442 -6.465637775217204 389.65000000000003
    endloop
  endfacet
  facet normal 0.20791169081775943 0.9781476007338056 0
    outer loop
      vertex -28.399186938124423 -10.461621679246688 34.80000000000001
      vertex -28.399186938124423 -10.461621679246688 389.65000000000003
      vertex -26.14981309594419 -10.939740849051006 389.65000000000003
    endloop
  endfacet
  facet normal 0.4067366430758002 0.913545457642601 0
    outer loop
      vertex -30.5 -9.526279441628825 34.80000000000001
      vertex -30.5 -9.526279441628825 389.65000000000003
      vertex -28.399186938124423 -10.461621679246688 389.65000000000003
    endloop
  endfacet
  facet normal 0 1 0
    outer loop
      vertex -26.14981309594419 -10.939740849051006 34.80000000000001
      vertex -26.14981309594419 -10.939740849051006 389.65000000000003
      vertex -23.85018690405581 -10.939740849051006 389.65000000000003
    endloop
  endfacet
  facet normal -0.20791169081775943 0.9781476007338056 0
    outer loop
      vertex -23.85018690405581 -10.939740849051006 34.80000000000001
      vertex -23.85018690405581 -10.939740849051006 389.65000000000003
      vertex -21.600813061875577 -10.461621679246688 389.65000000000003
    endloop
  endfacet
  facet normal -0.4067366430758002 0.913545457642601 0
    outer loop
      vertex -21.600813061875577 -10.461621679246688 34.80000000000001
      vertex -21.600813061875577 -10.461621679246688 389.65000000000003
      vertex -19.5 -9.526279441628825 389.65000000000003
    endloop
  endfacet
  facet normal 0.9510565162951538 0.3090169943749466 0
    outer loop
      vertex -35.04900003406861 -4.474103073833803 34.80000000000001
      vertex -35.75962360807186 -2.2870285989953527 389.65000000000003
      vertex -35.04900003406861 -4.474103073833803 389.65000000000003
    endloop
  endfacet
  facet normal 0.9945218953682734 0.10452846326765323 0
    outer loop
      vertex -35.75962360807186 -2.2870285989953527 34.80000000000001
      vertex -36 0 389.65000000000003
      vertex -35.75962360807186 -2.2870285989953527 389.65000000000003
    endloop
  endfacet
  facet normal 0.9945218953682734 -0.10452846326765323 0
    outer loop
      vertex -36 0 34.80000000000001
      vertex -35.75962360807186 2.2870285989953527 389.65000000000003
      vertex -36 0 389.65000000000003
    endloop
  endfacet
  facet normal 0 0 -1
    outer loop
      vertex -32.36043666994744 -8.174593080251336 389.65000000000003
      vertex -33.89918693812442 -6.465637775217204 389.65000000000003
      vertex -33.89918693812442 6.465637775217204 389.65000000000003
    endloop
  endfacet
  facet normal 0 0 -1
    outer loop
      vertex -33.89918693812442 -6.465637775217204 389.65000000000003
      vertex -35.04900003406861 -4.474103073833803 389.65000000000003
      vertex -35.04900003406861 4.474103073833803 389.65000000000003
    endloop
  endfacet
  facet normal 0 0 -1
    outer loop
      vertex -32.36043666994744 -8.174593080251336 389.65000000000003
      vertex -32.36043666994744 8.174593080251336 389.65000000000003
      vertex -30.5 -9.526279441628825 389.65000000000003
    endloop
  endfacet
  facet normal 0 0 -1
    outer loop
      vertex -35.04900003406861 -4.474103073833803 389.65000000000003
      vertex -35.75962360807186 -2.2870285989953527 389.65000000000003
      vertex -35.75962360807186 2.2870285989953527 389.65000000000003
    endloop
  endfacet
  facet normal 0 0 -1
    outer loop
      vertex -35.75962360807186 -2.2870285989953527 389.65000000000003
      vertex -36 0 389.65000000000003
      vertex -35.75962360807186 2.2870285989953527 389.65000000000003
    endloop
  endfacet
  facet normal 0 0 -1
    outer loop
      vertex -35.04900003406861 -4.474103073833803 389.65000000000003
      vertex -35.75962360807186 2.2870285989953527 389.65000000000003
      vertex -35.04900003406861 4.474103073833803 389.65000000000003
    endloop
  endfacet
  facet normal 0 0 -1
    outer loop
      vertex -33.89918693812442 -6.465637775217204 389.65000000000003
      vertex -35.04900003406861 4.474103073833803 389.65000000000003
      vertex -33.89918693812442 6.465637775217204 389.65000000000003
    endloop
  endfacet
  facet normal 0 0 -1
    outer loop
      vertex -32.36043666994744 -8.174593080251336 389.65000000000003
      vertex -33.89918693812442 6.465637775217204 389.65000000000003
      vertex -32.36043666994744 8.174593080251336 389.65000000000003
    endloop
  endfacet
  facet normal 0 0 -1
    outer loop
      vertex -30.5 -9.526279441628825 389.65000000000003
      vertex -30.5 9.526279441628825 389.65000000000003
      vertex -28.399186938124423 -10.461621679246688 389.65000000000003
    endloop
  endfacet
  facet normal 0 0 -1
    outer loop
      vertex -28.399186938124423 -10.461621679246688 389.65000000000003
      vertex -29.95 9.450000000000001 389.65000000000003
      vertex -26.14981309594419 -10.939740849051006 389.65000000000003
    endloop
  endfacet
  facet normal 0 0 -1
    outer loop
      vertex -26.14981309594419 -10.939740849051006 389.65000000000003
      vertex -29.95 9.450000000000001 389.65000000000003
      vertex -23.85018690405581 -10.939740849051006 389.65000000000003
    endloop
  endfacet
  facet normal 0 0 -1
    outer loop
      vertex -23.85018690405581 -10.939740849051006 389.65000000000003
      vertex -29.95 9.450000000000001 389.65000000000003
      vertex -21.600813061875577 -10.461621679246688 389.65000000000003
    endloop
  endfacet
  facet normal 0 0 -1
    outer loop
      vertex -21.600813061875577 -10.461621679246688 389.65000000000003
      vertex -29.95 9.450000000000001 389.65000000000003
      vertex -19.5 -9.526279441628825 389.65000000000003
    endloop
  endfacet
  facet normal -0.5877852522924734 0.8090169943749472 0
    outer loop
      vertex -19.5 -9.526279441628825 34.80000000000001
      vertex -19.5 -9.526279441628825 389.65000000000003
      vertex -17.63956333005256 -8.174593080251336 389.65000000000003
    endloop
  endfacet
  facet normal -0.7431448254773937 0.6691306063588587 0
    outer loop
      vertex -16.100813061875577 -6.465637775217204 34.80000000000001
      vertex -17.63956333005256 -8.174593080251336 389.65000000000003
      vertex -16.100813061875577 -6.465637775217204 389.65000000000003
    endloop
  endfacet
  facet normal -0.866025403784439 0.4999999999999993 0
    outer loop
      vertex -14.950999965931391 -4.474103073833803 34.80000000000001
      vertex -16.100813061875577 -6.465637775217204 389.65000000000003
      vertex -14.950999965931391 -4.474103073833803 389.65000000000003
    endloop
  endfacet
  facet normal -0.9510565162951534 0.30901699437494806 0
    outer loop
      vertex -14.240376391928137 -2.2870285989953527 34.80000000000001
      vertex -14.950999965931391 -4.474103073833803 389.65000000000003
      vertex -14.240376391928137 -2.2870285989953527 389.65000000000003
    endloop
  endfacet
  facet normal -0.9945218953682734 0.10452846326765323 0
    outer loop
      vertex -14 0 34.80000000000001
      vertex -14.240376391928137 -2.2870285989953527 389.65000000000003
      vertex -14 0 389.65000000000003
    endloop
  endfacet
  facet normal -0.9945218953682734 -0.10452846326765323 0
    outer loop
      vertex -14.240376391928137 2.2870285989953527 34.80000000000001
      vertex -14 0 389.65000000000003
      vertex -14.240376391928137 2.2870285989953527 389.65000000000003
    endloop
  endfacet
  facet normal 0 0 -1
    outer loop
      vertex -19.5 -9.526279441628825 389.65000000000003
      vertex -19.5 9.526279441628825 389.65000000000003
      vertex -17.63956333005256 -8.174593080251336 389.65000000000003
    endloop
  endfacet
  facet normal 0 0 -1
    outer loop
      vertex -17.63956333005256 -8.174593080251336 389.65000000000003
      vertex -17.63956333005256 8.174593080251336 389.65000000000003
      vertex -16.100813061875577 -6.465637775217204 389.65000000000003
    endloop
  endfacet
  facet normal 0 0 -1
    outer loop
      vertex -16.100813061875577 -6.465637775217204 389.65000000000003
      vertex -16.100813061875577 6.465637775217204 389.65000000000003
      vertex -14.950999965931391 -4.474103073833803 389.65000000000003
    endloop
  endfacet
  facet normal 0 0 -1
    outer loop
      vertex -14.950999965931391 -4.474103073833803 389.65000000000003
      vertex -16.100813061875577 6.465637775217204 389.65000000000003
      vertex -14.950999965931391 4.474103073833803 389.65000000000003
    endloop
  endfacet
  facet normal 0 0 -1
    outer loop
      vertex -14.950999965931391 -4.474103073833803 389.65000000000003
      vertex -14.950999965931391 4.474103073833803 389.65000000000003
      vertex -14.240376391928137 -2.2870285989953527 389.65000000000003
    endloop
  endfacet
  facet normal 0 0 -1
    outer loop
      vertex -14.240376391928137 -2.2870285989953527 389.65000000000003
      vertex -14.240376391928137 2.2870285989953527 389.65000000000003
      vertex -14 0 389.65000000000003
    endloop
  endfacet
  facet normal 0 0 -1
    outer loop
      vertex -14.240376391928137 -2.2870285989953527 389.65000000000003
      vertex -14.950999965931391 4.474103073833803 389.65000000000003
      vertex -14.240376391928137 2.2870285989953527 389.65000000000003
    endloop
  endfacet
  facet normal 0.9510565162951538 -0.3090169943749466 -3.4972077518412685e-20
    outer loop
      vertex -35.75962360807186 2.2870285989953527 34.80000000000001
      vertex -35.04900003406861 4.474103073833803 34.80000000000001
      vertex -35.04900003406861 4.474103073833803 389.65000000000003
    endloop
  endfacet
  facet normal 0.8660254037844384 -0.5000000000000004 1.7731833661993941e-19
    outer loop
      vertex -35.04900003406861 4.474103073833803 34.80000000000001
      vertex -33.89918693812442 6.465637775217204 34.80000000000001
      vertex -33.89918693812442 6.465637775217204 389.65000000000003
    endloop
  endfacet
  facet normal 0.7431448254773937 -0.6691306063588587 1.0661729092708647e-19
    outer loop
      vertex -33.89918693812442 6.465637775217204 34.80000000000001
      vertex -32.36043666994744 8.174593080251336 34.80000000000001
      vertex -32.36043666994744 8.174593080251336 389.65000000000003
    endloop
  endfacet
  facet normal 0.5877852522924734 -0.8090169943749472 0
    outer loop
      vertex -32.36043666994744 8.174593080251336 34.80000000000001
      vertex -30.5 9.526279441628825 34.80000000000001
      vertex -32.36043666994744 8.174593080251336 389.65000000000003
    endloop
  endfacet
  facet normal 0.4067366430758002 -0.913545457642601 0
    outer loop
      vertex -30.5 9.526279441628825 34.80000000000001
      vertex -28.399186938124423 10.461621679246688 34.80000000000001
      vertex -30.5 9.526279441628825 389.65000000000003
    endloop
  endfacet
  facet normal 0.20791169081775943 -0.9781476007338056 7.041470540433775e-20
    outer loop
      vertex -28.399186938124423 10.461621679246688 34.80000000000001
      vertex -26.14981309594419 10.939740849051006 34.80000000000001
      vertex -26.14981309594419 10.939740849051006 389.6
    endloop
  endfacet
  facet normal 0 -1 0
    outer loop
      vertex -26.14981309594419 10.939740849051006 34.80000000000001
      vertex -23.85018690405581 10.939740849051006 34.80000000000001
      vertex -23.85018690405581 10.939740849051006 389.6
    endloop
  endfacet
  facet normal -0.20791169081775943 -0.9781476007338056 -7.041470540433775e-20
    outer loop
      vertex -23.85018690405581 10.939740849051006 34.80000000000001
      vertex -21.600813061875577 10.461621679246688 34.80000000000001
      vertex -21.600813061875577 10.461621679246688 389.6
    endloop
  endfacet
  facet normal -0.40673664307580015 -0.9135454576426009 -1.615544427730391e-20
    outer loop
      vertex -21.600813061875577 10.461621679246688 34.80000000000001
      vertex -19.5 9.526279441628825 34.80000000000001
      vertex -20.05 9.77115521854852 389.6
    endloop
  endfacet
  facet normal -0.866025403784439 -0.4999999999999993 0
    outer loop
      vertex -14.950999965931391 4.474103073833803 34.80000000000001
      vertex -14.950999965931391 4.474103073833803 389.65000000000003
      vertex -16.100813061875577 6.465637775217204 34.80000000000001
    endloop
  endfacet
  facet normal -0.9510565162951534 -0.30901699437494806 3.6824684930878297e-20
    outer loop
      vertex -14.950999965931391 4.474103073833803 34.80000000000001
      vertex -14.240376391928137 2.2870285989953527 34.80000000000001
      vertex -14.240376391928137 2.2870285989953527 389.65000000000003
    endloop
  endfacet
  facet normal -0.7431448254773937 -0.6691306063588587 -1.0661729092708647e-19
    outer loop
      vertex -17.63956333005256 8.174593080251336 34.80000000000001
      vertex -16.100813061875577 6.465637775217204 34.80000000000001
      vertex -16.100813061875577 6.465637775217204 389.65000000000003
    endloop
  endfacet
  facet normal -0.5877852522924734 -0.8090169943749472 0
    outer loop
      vertex -19.5 9.526279441628825 34.80000000000001
      vertex -17.63956333005256 8.174593080251336 34.80000000000001
      vertex -19.5 9.526279441628825 389.65000000000003
    endloop
  endfacet
  facet normal 0.9510565162951538 -0.3090169943749466 0
    outer loop
      vertex -35.75962360807186 2.2870285989953527 34.80000000000001
      vertex -35.04900003406861 4.474103073833803 389.65000000000003
      vertex -35.75962360807186 2.2870285989953527 389.65000000000003
    endloop
  endfacet
  facet normal 0.8660254037844384 -0.5000000000000004 0
    outer loop
      vertex -35.04900003406861 4.474103073833803 34.80000000000001
      vertex -33.89918693812442 6.465637775217204 389.65000000000003
      vertex -35.04900003406861 4.474103073833803 389.65000000000003
    endloop
  endfacet
  facet normal 0.7431448254773937 -0.6691306063588587 0
    outer loop
      vertex -33.89918693812442 6.465637775217204 34.80000000000001
      vertex -32.36043666994744 8.174593080251336 389.65000000000003
      vertex -33.89918693812442 6.465637775217204 389.65000000000003
    endloop
  endfacet
  facet normal 0.5877852522924734 -0.8090169943749472 0
    outer loop
      vertex -30.5 9.526279441628825 34.80000000000001
      vertex -30.5 9.526279441628825 389.65000000000003
      vertex -32.36043666994744 8.174593080251336 389.65000000000003
    endloop
  endfacet
  facet normal 0 0 -1
    outer loop
      vertex -30.5 -9.526279441628825 389.65000000000003
      vertex -32.36043666994744 8.174593080251336 389.65000000000003
      vertex -30.5 9.526279441628825 389.65000000000003
    endloop
  endfacet
  facet normal 0 0 -1
    outer loop
      vertex -30.5 9.526279441628825 389.65000000000003
      vertex -29.95 9.77115521854852 389.65000000000003
      vertex -29.95 9.450000000000001 389.65000000000003
    endloop
  endfacet
  facet normal 0.40673664307580026 -0.913545457642601 2.4786151782707753e-16
    outer loop
      vertex -30.5 9.526279441628825 389.65000000000003
      vertex -29.95 9.77115521854852 389.6
      vertex -29.95 9.77115521854852 389.65000000000003
    endloop
  endfacet
  facet normal 0 0 -1
    outer loop
      vertex -28.399186938124423 -10.461621679246688 389.65000000000003
      vertex -30.5 9.526279441628825 389.65000000000003
      vertex -29.95 9.450000000000001 389.65000000000003
    endloop
  endfacet
  facet normal 0 0 -1
    outer loop
      vertex -19.5 -9.526279441628825 389.65000000000003
      vertex -29.95 9.450000000000001 389.65000000000003
      vertex -20.05 9.450000000000001 389.65000000000003
    endloop
  endfacet
  facet normal 0.40673664307580026 -0.9135454576426009 3.6000433482982364e-19
    outer loop
      vertex -28.399186938124423 10.461621679246688 34.80000000000001
      vertex -29.95 9.77115521854852 389.6
      vertex -30.5 9.526279441628825 389.65000000000003
    endloop
  endfacet
  facet normal 0.40673664307580015 -0.913545457642601 0
    outer loop
      vertex -28.399186938124423 10.461621679246688 34.80000000000001
      vertex -28.399186938124423 10.461621679246688 389.6
      vertex -29.95 9.77115521854852 389.6
    endloop
  endfacet
  facet normal 0.20791169081775943 -0.9781476007338056 0
    outer loop
      vertex -28.399186938124423 10.461621679246688 34.80000000000001
      vertex -26.14981309594419 10.939740849051006 389.6
      vertex -28.399186938124423 10.461621679246688 389.6
    endloop
  endfacet
  facet normal 0 -1 0
    outer loop
      vertex -26.14981309594419 10.939740849051006 34.80000000000001
      vertex -23.85018690405581 10.939740849051006 389.6
      vertex -26.14981309594419 10.939740849051006 389.6
    endloop
  endfacet
  facet normal -0.20791169081775943 -0.9781476007338056 0
    outer loop
      vertex -23.85018690405581 10.939740849051006 34.80000000000001
      vertex -21.600813061875577 10.461621679246688 389.6
      vertex -23.85018690405581 10.939740849051006 389.6
    endloop
  endfacet
  facet normal -0.40673664307580015 -0.913545457642601 0
    outer loop
      vertex -21.600813061875577 10.461621679246688 34.80000000000001
      vertex -20.05 9.77115521854852 389.6
      vertex -21.600813061875577 10.461621679246688 389.6
    endloop
  endfacet
  facet normal -0.866025403784439 -0.4999999999999993 0
    outer loop
      vertex -16.100813061875577 6.465637775217204 34.80000000000001
      vertex -14.950999965931391 4.474103073833803 389.65000000000003
      vertex -16.100813061875577 6.465637775217204 389.65000000000003
    endloop
  endfacet
  facet normal -0.9510565162951534 -0.30901699437494806 0
    outer loop
      vertex -14.950999965931391 4.474103073833803 34.80000000000001
      vertex -14.240376391928137 2.2870285989953527 389.65000000000003
      vertex -14.950999965931391 4.474103073833803 389.65000000000003
    endloop
  endfacet
  facet normal -0.7431448254773937 -0.6691306063588587 0
    outer loop
      vertex -17.63956333005256 8.174593080251336 34.80000000000001
      vertex -16.100813061875577 6.465637775217204 389.65000000000003
      vertex -17.63956333005256 8.174593080251336 389.65000000000003
    endloop
  endfacet
  facet normal -0.5877852522924734 -0.8090169943749472 0
    outer loop
      vertex -17.63956333005256 8.174593080251336 34.80000000000001
      vertex -17.63956333005256 8.174593080251336 389.65000000000003
      vertex -19.5 9.526279441628825 389.65000000000003
    endloop
  endfacet
  facet normal -0.40673664307580015 -0.9135454576426009 0
    outer loop
      vertex -19.5 9.526279441628825 34.80000000000001
      vertex -19.5 9.526279441628825 389.65000000000003
      vertex -20.05 9.77115521854852 389.6
    endloop
  endfacet
  facet normal 0 0 -1
    outer loop
      vertex -19.5 -9.526279441628825 389.65000000000003
      vertex -20.05 9.450000000000001 389.65000000000003
      vertex -19.5 9.526279441628825 389.65000000000003
    endloop
  endfacet
  facet normal 0 0 -1
    outer loop
      vertex -19.5 9.526279441628825 389.65000000000003
      vertex -17.63956333005256 8.174593080251336 389.65000000000003
      vertex -17.63956333005256 -8.174593080251336 389.65000000000003
    endloop
  endfacet
  facet normal 0 0 -1
    outer loop
      vertex -16.100813061875577 -6.465637775217204 389.65000000000003
      vertex -17.63956333005256 8.174593080251336 389.65000000000003
      vertex -16.100813061875577 6.465637775217204 389.65000000000003
    endloop
  endfacet
  facet normal 0 0 -1
    outer loop
      vertex -20.05 9.450000000000001 389.65000000000003
      vertex -20.05 9.77115521854852 389.65000000000003
      vertex -19.5 9.526279441628825 389.65000000000003
    endloop
  endfacet
  facet normal -0.40673664307580026 -0.913545457642601 0
    outer loop
      vertex -20.05 9.77115521854852 389.65000000000003
      vertex -20.05 9.77115521854852 389.6
      vertex -19.5 9.526279441628825 389.65000000000003
    endloop
  endfacet
  facet normal 0.20791169081776 0.9781476007338054 2.2284996930250718e-20
    outer loop
      vertex -2.9356614465620003 -9.035036904803958 30
      vertex -0.993020401042708 -9.447958005998597 389.65000000000003
      vertex -0.993020401042708 -9.447958005998597 30
    endloop
  endfacet
  facet normal 0.5877852522924731 0.8090169943749473 8.034568805711516e-20
    outer loop
      vertex -6.356740760409153 -7.059875842035245 30
      vertex -4.75 -8.227241335952167 389.65000000000003
      vertex -4.75 -8.227241335952167 30
    endloop
  endfacet
  facet normal 0.7431448254773939 0.6691306063588587 -1.1865744861336412e-19
    outer loop
      vertex -6.356740760409153 -7.059875842035245 30
      vertex -7.685661446562001 -5.583959896778495 30
      vertex -7.685661446562001 -5.583959896778495 389.65000000000003
    endloop
  endfacet
  facet normal 0.40673664307579993 0.9135454576426011 -1.7479144150278672e-20
    outer loop
      vertex -4.75 -8.227241335952167 30
      vertex -2.9356614465620003 -9.035036904803958 389.65000000000003
      vertex -2.9356614465620003 -9.035036904803958 30
    endloop
  endfacet
  facet normal 0.866025403784439 0.4999999999999992 7.022080152149183e-20
    outer loop
      vertex -7.685661446562001 -5.583959896778495 30
      vertex -8.678681847604707 -3.863998109220102 30
      vertex -8.678681847604707 -3.863998109220102 389.65000000000003
    endloop
  endfacet
  facet normal 0.9510565162951533 0.3090169943749481 5.52666041696237e-20
    outer loop
      vertex -8.678681847604707 -3.863998109220102 30
      vertex -9.292402206971154 -1.9751610627687137 30
      vertex -9.292402206971154 -1.9751610627687137 389.65000000000003
    endloop
  endfacet
  facet normal 0.9945218953682733 0.10452846326765322 -2.1988974004324367e-21
    outer loop
      vertex -9.292402206971154 -1.9751610627687137 30
      vertex -9.5 0 30
      vertex -9.5 0 389.65000000000003
    endloop
  endfacet
  facet normal 0.9945218953682733 -0.10452846326765322 2.1988974004324367e-21
    outer loop
      vertex -9.5 0 30
      vertex -9.292402206971154 1.9751610627687137 30
      vertex -9.292402206971154 1.9751610627687137 389.65000000000003
    endloop
  endfacet
  facet normal 0 1 0
    outer loop
      vertex -0.993020401042708 -9.447958005998597 30
      vertex -0.993020401042708 -9.447958005998597 389.65000000000003
      vertex 0.993020401042708 -9.447958005998597 389.65000000000003
    endloop
  endfacet
  facet normal 0.5877852522924731 0.8090169943749473 0
    outer loop
      vertex -6.356740760409153 -7.059875842035245 30
      vertex -6.356740760409153 -7.059875842035245 389.65000000000003
      vertex -4.75 -8.227241335952167 389.65000000000003
    endloop
  endfacet
  facet normal 0.7431448254773939 0.6691306063588587 0
    outer loop
      vertex -6.356740760409153 -7.059875842035245 30
      vertex -7.685661446562001 -5.583959896778495 389.65000000000003
      vertex -6.356740760409153 -7.059875842035245 389.65000000000003
    endloop
  endfacet
  facet normal 0.40673664307579993 0.9135454576426011 0
    outer loop
      vertex -4.75 -8.227241335952167 30
      vertex -4.75 -8.227241335952167 389.65000000000003
      vertex -2.9356614465620003 -9.035036904803958 389.65000000000003
    endloop
  endfacet
  facet normal 0.20791169081776 0.9781476007338054 0
    outer loop
      vertex -2.9356614465620003 -9.035036904803958 30
      vertex -2.9356614465620003 -9.035036904803958 389.65000000000003
      vertex -0.993020401042708 -9.447958005998597 389.65000000000003
    endloop
  endfacet
  facet normal 0.866025403784439 0.4999999999999992 0
    outer loop
      vertex -7.685661446562001 -5.583959896778495 30
      vertex -8.678681847604707 -3.863998109220102 389.65000000000003
      vertex -7.685661446562001 -5.583959896778495 389.65000000000003
    endloop
  endfacet
  facet normal 0.9510565162951533 0.3090169943749481 0
    outer loop
      vertex -8.678681847604707 -3.863998109220102 30
      vertex -9.292402206971154 -1.9751610627687137 389.65000000000003
      vertex -8.678681847604707 -3.863998109220102 389.65000000000003
    endloop
  endfacet
  facet normal 0.9945218953682733 0.10452846326765322 0
    outer loop
      vertex -9.292402206971154 -1.9751610627687137 30
      vertex -9.5 0 389.65000000000003
      vertex -9.292402206971154 -1.9751610627687137 389.65000000000003
    endloop
  endfacet
  facet normal 0.9945218953682733 -0.10452846326765322 0
    outer loop
      vertex -9.5 0 30
      vertex -9.292402206971154 1.9751610627687137 389.65000000000003
      vertex -9.5 0 389.65000000000003
    endloop
  endfacet
  facet normal 0 0 -1
    outer loop
      vertex -7.685661446562001 -5.583959896778495 389.65000000000003
      vertex -8.678681847604707 -3.863998109220102 389.65000000000003
      vertex -8.678681847604707 3.863998109220102 389.65000000000003
    endloop
  endfacet
  facet normal 0 0 -1
    outer loop
      vertex -6.356740760409153 -7.059875842035245 389.65000000000003
      vertex -6.356740760409153 7.059875842035245 389.65000000000003
      vertex -4.75 -8.227241335952167 389.65000000000003
    endloop
  endfacet
  facet normal 0 0 -1
    outer loop
      vertex -6.356740760409153 -7.059875842035245 389.65000000000003
      vertex -7.685661446562001 -5.583959896778495 389.65000000000003
      vertex -7.685661446562001 5.583959896778495 389.65000000000003
    endloop
  endfacet
  facet normal 0 0 -1
    outer loop
      vertex -2.9356614465620003 -9.035036904803958 389.65000000000003
      vertex -4.275 7.95 389.65000000000003
      vertex -0.993020401042708 -9.447958005998597 389.65000000000003
    endloop
  endfacet
  facet normal 0 0 -1
    outer loop
      vertex -4.275 7.95 389.65000000000003
      vertex 0.993020401042708 -9.447958005998597 389.65000000000003
      vertex -0.993020401042708 -9.447958005998597 389.65000000000003
    endloop
  endfacet
  facet normal 0 0 -1
    outer loop
      vertex -4.275 7.95 389.65000000000003
      vertex 2.9356614465620003 -9.035036904803958 389.65000000000003
      vertex 0.993020401042708 -9.447958005998597 389.65000000000003
    endloop
  endfacet
  facet normal 0 0 -1
    outer loop
      vertex -4.75 -8.227241335952167 389.65000000000003
      vertex -4.75 8.227241335952167 389.65000000000003
      vertex -2.9356614465620003 -9.035036904803958 389.65000000000003
    endloop
  endfacet
  facet normal 0 0 -1
    outer loop
      vertex -8.678681847604707 -3.863998109220102 389.65000000000003
      vertex -9.292402206971154 -1.9751610627687137 389.65000000000003
      vertex -9.292402206971154 1.9751610627687137 389.65000000000003
    endloop
  endfacet
  facet normal 0 0 -1
    outer loop
      vertex -9.292402206971154 -1.9751610627687137 389.65000000000003
      vertex -9.5 0 389.65000000000003
      vertex -9.292402206971154 1.9751610627687137 389.65000000000003
    endloop
  endfacet
  facet normal 0 0 -1
    outer loop
      vertex -8.678681847604707 -3.863998109220102 389.65000000000003
      vertex -9.292402206971154 1.9751610627687137 389.65000000000003
      vertex -8.678681847604707 3.863998109220102 389.65000000000003
    endloop
  endfacet
  facet normal 0 0 -1
    outer loop
      vertex -7.685661446562001 -5.583959896778495 389.65000000000003
      vertex -8.678681847604707 3.863998109220102 389.65000000000003
      vertex -7.685661446562001 5.583959896778495 389.65000000000003
    endloop
  endfacet
  facet normal 0 0 -1
    outer loop
      vertex -6.356740760409153 -7.059875842035245 389.65000000000003
      vertex -7.685661446562001 5.583959896778495 389.65000000000003
      vertex -6.356740760409153 7.059875842035245 389.65000000000003
    endloop
  endfacet
  facet normal 0.4067366430757999 -0.9135454576426011 1.600731324977048e-17
    outer loop
      vertex -4.75 8.227241335952167 30
      vertex -2.9356614465620003 9.035036904803958 30
      vertex -3.197409101749103 8.918499340402413 50.4664217492347
    endloop
  endfacet
  facet normal 0.40673664307579693 -0.9135454576426022 1.8998740913505356e-16
    outer loop
      vertex -4.75 8.227241335952167 30
      vertex -3.42351660256832 8.817829795074273 51.162309082137845
      vertex -3.5 8.783777192587836 51.89
    endloop
  endfacet
  facet normal 0.4067366430758031 -0.9135454576425996 -2.93190860094176e-16
    outer loop
      vertex -4.75 8.227241335952167 30
      vertex -3.197409101749103 8.918499340402413 50.4664217492347
      vertex -3.42351660256832 8.817829795074273 51.162309082137845
    endloop
  endfacet
  facet normal 0.40673664307579865 -0.9135454576426015 0
    outer loop
      vertex -2.9356614465620003 9.035036904803958 30
      vertex -2.9356614465620003 9.035036904803958 50.01306151168862
      vertex -3.197409101749103 8.918499340402413 50.4664217492347
    endloop
  endfacet
  facet normal 0.20791169081776792 -0.9781476007338039 0
    outer loop
      vertex -2.9356614465620003 9.035036904803958 30
      vertex -2.831559480312316 9.05716446081308 49.832751616976346
      vertex -2.9356614465620003 9.035036904803958 50.01306151168862
    endloop
  endfacet
  facet normal 0.20791169081776 -0.9781476007338055 4.321789187842016e-17
    outer loop
      vertex -2.9356614465620003 9.035036904803958 30
      vertex -2.341957122256004 9.161232654627065 49.28899311082912
      vertex -2.831559480312316 9.05716446081308 49.832751616976346
    endloop
  endfacet
  facet normal 0.20791169081776004 -0.9781476007338054 4.059664257708233e-17
    outer loop
      vertex -2.9356614465620003 9.035036904803958 30
      vertex -0.993020401042708 9.447958005998597 30
      vertex -1.75 9.287057025189883 48.85891108675447
    endloop
  endfacet
  facet normal 0.20791169081775995 -0.9781476007338056 4.5848335785221273e-17
    outer loop
      vertex -2.9356614465620003 9.035036904803958 30
      vertex -1.75 9.287057025189883 48.85891108675447
      vertex -2.341957122256004 9.161232654627065 49.28899311082912
    endloop
  endfacet
  facet normal 0.20791169081775804 -0.9781476007338059 -4.305339261102306e-17
    outer loop
      vertex -1.75 9.287057025189883 48.85891108675447
      vertex -0.993020401042708 9.447958005998597 30
      vertex -1.0815594803123159 9.429138443735619 48.56130219296696
    endloop
  endfacet
  facet normal 0.20791169081776675 -0.978147600733804 0
    outer loop
      vertex -0.993020401042708 9.447958005998597 30
      vertex -0.993020401042708 9.447958005998597 48.54248263070399
      vertex -1.0815594803123159 9.429138443735619 48.56130219296696
    endloop
  endfacet
  facet normal 0 -1 0
    outer loop
      vertex -0.993020401042708 9.447958005998597 30
      vertex -0.3658496214367871 9.447958005998597 48.40917336621104
      vertex -0.993020401042708 9.447958005998597 48.54248263070399
    endloop
  endfacet
  facet normal 0 -1 0
    outer loop
      vertex -0.993020401042708 9.447958005998597 30
      vertex 0.3658496214367871 9.447958005998597 48.40917336621104
      vertex -0.3658496214367871 9.447958005998597 48.40917336621104
    endloop
  endfacet
  facet normal 0.406736643075804 -0.9135454576425993 0
    outer loop
      vertex -3.42351660256832 8.817829795074273 52.617690917862156
      vertex -3.197409101749103 8.918499340402413 53.3135782507653
      vertex -3.42351660256832 8.817829795074273 109.73230908213783
    endloop
  endfacet
  facet normal 0.40673664307579865 -0.9135454576426015 -2.519926801571083e-17
    outer loop
      vertex -3.197409101749103 8.918499340402413 53.3135782507653
      vertex -2.9356614465620003 9.035036904803958 53.76693848831138
      vertex -3.42351660256832 8.817829795074273 109.73230908213783
    endloop
  endfacet
  facet normal 0.20791169081776792 -0.9781476007338038 0
    outer loop
      vertex -2.9356614465620003 9.035036904803958 53.76693848831138
      vertex -2.831559480312316 9.05716446081308 53.947248383023656
      vertex -2.9356614465620003 9.035036904803958 108.58306151168861
    endloop
  endfacet
  facet normal 0.20791169081776 -0.9781476007338056 0
    outer loop
      vertex -2.831559480312316 9.05716446081308 53.947248383023656
      vertex -2.341957122256004 9.161232654627065 54.49100688917088
      vertex -2.831559480312316 9.05716446081308 108.40275161697633
    endloop
  endfacet
  facet normal 0.20791169081775993 -0.9781476007338055 0
    outer loop
      vertex -2.341957122256004 9.161232654627065 54.49100688917088
      vertex -1.75 9.287057025189883 54.92108891324553
      vertex -2.341957122256004 9.161232654627065 107.85899311082912
    endloop
  endfacet
  facet normal 0.20791169081775807 -0.9781476007338058 0
    outer loop
      vertex -1.75 9.287057025189883 54.92108891324553
      vertex -1.0815594803123159 9.429138443735619 55.21869780703304
      vertex -1.75 9.287057025189883 107.42891108675445
    endloop
  endfacet
  facet normal 0.20791169081776678 -0.978147600733804 0
    outer loop
      vertex -1.0815594803123159 9.429138443735619 55.21869780703304
      vertex -0.993020401042708 9.447958005998597 55.237517369296015
      vertex -1.0815594803123159 9.429138443735619 107.13130219296696
    endloop
  endfacet
  facet normal 0 -1 0
    outer loop
      vertex -0.993020401042708 9.447958005998597 55.237517369296015
      vertex -0.3658496214367871 9.447958005998597 55.37082663378896
      vertex -0.993020401042708 9.447958005998597 107.11248263070398
    endloop
  endfacet
  facet normal 0 -1 0
    outer loop
      vertex -0.3658496214367871 9.447958005998597 55.37082663378896
      vertex 0.3658496214367871 9.447958005998597 55.37082663378896
      vertex -0.3658496214367871 9.447958005998597 106.97917336621104
    endloop
  endfacet
  facet normal 0.4067366430757954 -0.9135454576426031 0
    outer loop
      vertex -3.42351660256832 8.817829795074273 52.617690917862156
      vertex -3.42351660256832 8.817829795074273 109.73230908213783
      vertex -3.5 8.783777192587836 110.46
    endloop
  endfacet
  facet normal 0.40673664307580404 -0.9135454576425992 3.059820393001058e-17
    outer loop
      vertex -2.9356614465620003 9.035036904803958 53.76693848831138
      vertex -3.197409101749103 8.918499340402413 109.03642174923469
      vertex -3.42351660256832 8.817829795074273 109.73230908213783
    endloop
  endfacet
  facet normal 0.40673664307579865 -0.9135454576426015 0
    outer loop
      vertex -2.9356614465620003 9.035036904803958 53.76693848831138
      vertex -2.9356614465620003 9.035036904803958 108.58306151168861
      vertex -3.197409101749103 8.918499340402413 109.03642174923469
    endloop
  endfacet
  facet normal 0.20791169081776792 -0.9781476007338037 0
    outer loop
      vertex -2.831559480312316 9.05716446081308 53.947248383023656
      vertex -2.831559480312316 9.05716446081308 108.40275161697633
      vertex -2.9356614465620003 9.035036904803958 108.58306151168861
    endloop
  endfacet
  facet normal 0.20791169081776 -0.9781476007338055 0
    outer loop
      vertex -2.341957122256004 9.161232654627065 54.49100688917088
      vertex -2.341957122256004 9.161232654627065 107.85899311082912
      vertex -2.831559480312316 9.05716446081308 108.40275161697633
    endloop
  endfacet
  facet normal 0.20791169081775993 -0.9781476007338055 0
    outer loop
      vertex -1.75 9.287057025189883 54.92108891324553
      vertex -1.75 9.287057025189883 107.42891108675445
      vertex -2.341957122256004 9.161232654627065 107.85899311082912
    endloop
  endfacet
  facet normal 0.20791169081775807 -0.9781476007338058 -9.187102806309102e-20
    outer loop
      vertex -1.75 9.287057025189883 107.42891108675445
      vertex -1.0815594803123159 9.429138443735619 55.21869780703304
      vertex -1.0815594803123159 9.429138443735619 107.13130219296696
    endloop
  endfacet
  facet normal 0.20791169081776678 -0.9781476007338041 0
    outer loop
      vertex -0.993020401042708 9.447958005998597 55.237517369296015
      vertex -0.993020401042708 9.447958005998597 107.11248263070398
      vertex -1.0815594803123159 9.429138443735619 107.13130219296696
    endloop
  endfacet
  facet normal 0 -1 0
    outer loop
      vertex -0.3658496214367871 9.447958005998597 55.37082663378896
      vertex -0.3658496214367871 9.447958005998597 106.97917336621104
      vertex -0.993020401042708 9.447958005998597 107.11248263070398
    endloop
  endfacet
  facet normal 0.9510565162951533 -0.3090169943749481 -5.52666041696237e-20
    outer loop
      vertex -9.292402206971154 1.9751610627687137 30
      vertex -8.678681847604707 3.863998109220102 30
      vertex -8.678681847604707 3.863998109220102 389.65000000000003
    endloop
  endfacet
  facet normal 0.866025403784439 -0.4999999999999992 -7.022080152149183e-20
    outer loop
      vertex -8.678681847604707 3.863998109220102 30
      vertex -7.685661446562001 5.583959896778495 30
      vertex -7.685661446562001 5.583959896778495 389.65000000000003
    endloop
  endfacet
  facet normal 0.7431448254773939 -0.6691306063588587 1.1865744861336412e-19
    outer loop
      vertex -7.685661446562001 5.583959896778495 30
      vertex -6.356740760409153 7.059875842035245 30
      vertex -6.356740760409153 7.059875842035245 389.65000000000003
    endloop
  endfacet
  facet normal 0.5877852522924731 -0.8090169943749473 0
    outer loop
      vertex -6.356740760409153 7.059875842035245 30
      vertex -4.75 8.227241335952167 30
      vertex -6.356740760409153 7.059875842035245 389.65000000000003
    endloop
  endfacet
  facet normal 0.4067366430757953 -0.9135454576426031 0
    outer loop
      vertex -3.5 8.783777192587836 110.46
      vertex -3.42351660256832 8.817829795074273 111.18769091786216
      vertex -3.5 8.783777192587836 127.83
    endloop
  endfacet
  facet normal 0.4067366430758038 -0.9135454576425992 4.650658907917025e-17
    outer loop
      vertex -3.42351660256832 8.817829795074273 111.18769091786216
      vertex -3.197409101749103 8.918499340402413 111.8835782507653
      vertex -3.5 8.783777192587836 127.83
    endloop
  endfacet
  facet normal 0.40673664307579377 -0.9135454576426038 -1.7777173874120231e-16
    outer loop
      vertex -3.197409101749103 8.918499340402413 111.8835782507653
      vertex -3.42351660256832 8.817829795074273 127.10230908213784
      vertex -3.5 8.783777192587836 127.83
    endloop
  endfacet
  facet normal 0.4067366430758039 -0.9135454576425992 0
    outer loop
      vertex -3.197409101749103 8.918499340402413 111.8835782507653
      vertex -3.197409101749103 8.918499340402413 126.4064217492347
      vertex -3.42351660256832 8.817829795074273 127.10230908213784
    endloop
  endfacet
  facet normal 0.4067366430757987 -0.9135454576426016 0
    outer loop
      vertex -3.197409101749103 8.918499340402413 111.8835782507653
      vertex -2.9356614465620003 9.035036904803958 112.33693848831138
      vertex -3.197409101749103 8.918499340402413 126.4064217492347
    endloop
  endfacet
  facet normal 0.20791169081776792 -0.9781476007338038 0
    outer loop
      vertex -2.9356614465620003 9.035036904803958 112.33693848831138
      vertex -2.831559480312316 9.05716446081308 112.51724838302366
      vertex -2.9356614465620003 9.035036904803958 125.95306151168862
    endloop
  endfacet
  facet normal 0.20791169081775998 -0.9781476007338055 0
    outer loop
      vertex -2.831559480312316 9.05716446081308 112.51724838302366
      vertex -2.341957122256004 9.161232654627065 113.06100688917087
      vertex -2.831559480312316 9.05716446081308 125.77275161697634
    endloop
  endfacet
  facet normal 0.20791169081775995 -0.9781476007338055 0
    outer loop
      vertex -2.341957122256004 9.161232654627065 113.06100688917087
      vertex -2.341957122256004 9.161232654627065 125.22899311082912
      vertex -2.831559480312316 9.05716446081308 125.77275161697634
    endloop
  endfacet
  facet normal 0.4067366430757986 -0.9135454576426015 0
    outer loop
      vertex -2.9356614465620003 9.035036904803958 112.33693848831138
      vertex -2.9356614465620003 9.035036904803958 125.95306151168862
      vertex -3.197409101749103 8.918499340402413 126.4064217492347
    endloop
  endfacet
  facet normal 0.20791169081776792 -0.9781476007338038 0
    outer loop
      vertex -2.831559480312316 9.05716446081308 112.51724838302366
      vertex -2.831559480312316 9.05716446081308 125.77275161697634
      vertex -2.9356614465620003 9.035036904803958 125.95306151168862
    endloop
  endfacet
  facet normal 0.20791169081775993 -0.9781476007338056 0
    outer loop
      vertex -2.341957122256004 9.161232654627065 113.06100688917087
      vertex -1.75 9.287057025189883 113.49108891324553
      vertex -2.341957122256004 9.161232654627065 125.22899311082912
    endloop
  endfacet
  facet normal 0.20791169081775993 -0.9781476007338055 0
    outer loop
      vertex -1.75 9.287057025189883 113.49108891324553
      vertex -1.75 9.287057025189883 124.79891108675446
      vertex -2.341957122256004 9.161232654627065 125.22899311082912
    endloop
  endfacet
  facet normal 0.2079116908177581 -0.9781476007338059 0
    outer loop
      vertex -1.75 9.287057025189883 113.49108891324553
      vertex -1.0815594803123159 9.429138443735619 113.78869780703303
      vertex -1.75 9.287057025189883 124.79891108675446
    endloop
  endfacet
  facet normal 0.2079116908177581 -0.978147600733806 -4.452012006184518e-19
    outer loop
      vertex -1.75 9.287057025189883 124.79891108675446
      vertex -1.0815594803123159 9.429138443735619 113.78869780703303
      vertex -1.0815594803123159 9.429138443735619 124.50130219296696
    endloop
  endfacet
  facet normal 0.20791169081776678 -0.9781476007338041 0
    outer loop
      vertex -1.0815594803123159 9.429138443735619 113.78869780703303
      vertex -0.993020401042708 9.447958005998597 113.80751736929601
      vertex -1.0815594803123159 9.429138443735619 124.50130219296696
    endloop
  endfacet
  facet normal 0 -1 0
    outer loop
      vertex -0.993020401042708 9.447958005998597 113.80751736929601
      vertex -0.3658496214367871 9.447958005998597 113.94082663378894
      vertex -0.993020401042708 9.447958005998597 124.48248263070398
    endloop
  endfacet
  facet normal 0.20791169081776678 -0.9781476007338041 0
    outer loop
      vertex -0.993020401042708 9.447958005998597 113.80751736929601
      vertex -0.993020401042708 9.447958005998597 124.48248263070398
      vertex -1.0815594803123159 9.429138443735619 124.50130219296696
    endloop
  endfacet
  facet normal 0 -1 0
    outer loop
      vertex -0.3658496214367871 9.447958005998597 113.94082663378894
      vertex 0.3658496214367871 9.447958005998597 113.94082663378894
      vertex -0.3658496214367871 9.447958005998597 124.34917336621105
    endloop
  endfacet
  facet normal 0 -1 0
    outer loop
      vertex -0.3658496214367871 9.447958005998597 113.94082663378894
      vertex -0.3658496214367871 9.447958005998597 124.34917336621105
      vertex -0.993020401042708 9.447958005998597 124.48248263070398
    endloop
  endfacet
  facet normal 0.40673664307580387 -0.9135454576425992 -2.9796871233762815e-20
    outer loop
      vertex -3.42351660256832 8.817829795074273 128.55769091786215
      vertex -3.197409101749103 8.918499340402413 129.2535782507653
      vertex -3.197409101749103 8.918499340402413 158.2864217492347
    endloop
  endfacet
  facet normal 0.4067366430757996 -0.9135454576426011 0
    outer loop
      vertex -4.75 8.227241335952167 30
      vertex -3.5 8.783777192587836 51.89
      vertex -4.75 8.227241335952167 389.65000000000003
    endloop
  endfacet
  facet normal 0.4067366430757954 -0.9135454576426031 0
    outer loop
      vertex -3.42351660256832 8.817829795074273 128.55769091786215
      vertex -3.42351660256832 8.817829795074273 158.98230908213785
      vertex -3.5 8.783777192587836 159.71
    endloop
  endfacet
  facet normal 0.40673664307580387 -0.9135454576425992 0
    outer loop
      vertex -3.42351660256832 8.817829795074273 128.55769091786215
      vertex -3.197409101749103 8.918499340402413 158.2864217492347
      vertex -3.42351660256832 8.817829795074273 158.98230908213785
    endloop
  endfacet
  facet normal 0.4067366430757986 -0.9135454576426015 0
    outer loop
      vertex -3.197409101749103 8.918499340402413 129.2535782507653
      vertex -2.9356614465620003 9.035036904803958 129.70693848831138
      vertex -3.197409101749103 8.918499340402413 158.2864217492347
    endloop
  endfacet
  facet normal 0.20791169081776792 -0.9781476007338038 0
    outer loop
      vertex -2.9356614465620003 9.035036904803958 129.70693848831138
      vertex -2.831559480312316 9.05716446081308 129.88724838302366
      vertex -2.9356614465620003 9.035036904803958 157.83306151168864
    endloop
  endfacet
  facet normal 0.20791169081775998 -0.9781476007338055 0
    outer loop
      vertex -2.831559480312316 9.05716446081308 129.88724838302366
      vertex -2.341957122256004 9.161232654627065 130.43100688917087
      vertex -2.831559480312316 9.05716446081308 157.65275161697636
    endloop
  endfacet
  facet normal 0.40673664307579865 -0.9135454576426016 0
    outer loop
      vertex -2.9356614465620003 9.035036904803958 129.70693848831138
      vertex -2.9356614465620003 9.035036904803958 157.83306151168864
      vertex -3.197409101749103 8.918499340402413 158.2864217492347
    endloop
  endfacet
  facet normal 0.2079116908177679 -0.9781476007338038 0
    outer loop
      vertex -2.831559480312316 9.05716446081308 129.88724838302366
      vertex -2.831559480312316 9.05716446081308 157.65275161697636
      vertex -2.9356614465620003 9.035036904803958 157.83306151168864
    endloop
  endfacet
  facet normal 0.20791169081776 -0.9781476007338055 0
    outer loop
      vertex -2.341957122256004 9.161232654627065 130.43100688917087
      vertex -2.341957122256004 9.161232654627065 157.10899311082912
      vertex -2.831559480312316 9.05716446081308 157.65275161697636
    endloop
  endfacet
  facet normal 0.20791169081775993 -0.9781476007338056 0
    outer loop
      vertex -2.341957122256004 9.161232654627065 130.43100688917087
      vertex -1.75 9.287057025189883 130.86108891324554
      vertex -2.341957122256004 9.161232654627065 157.10899311082912
    endloop
  endfacet
  facet normal 0.20791169081775807 -0.9781476007338059 0
    outer loop
      vertex -1.75 9.287057025189883 130.86108891324554
      vertex -1.0815594803123159 9.429138443735619 131.15869780703304
      vertex -1.75 9.287057025189883 156.67891108675448
    endloop
  endfacet
  facet normal 0.20791169081775993 -0.9781476007338056 0
    outer loop
      vertex -1.75 9.287057025189883 130.86108891324554
      vertex -1.75 9.287057025189883 156.67891108675448
      vertex -2.341957122256004 9.161232654627065 157.10899311082912
    endloop
  endfacet
  facet normal 0.2079116908177581 -0.9781476007338059 -1.890869103520485e-19
    outer loop
      vertex -1.75 9.287057025189883 156.67891108675448
      vertex -1.0815594803123159 9.429138443735619 131.15869780703304
      vertex -1.0815594803123159 9.429138443735619 156.38130219296698
    endloop
  endfacet
  facet normal 0.2079116908177668 -0.9781476007338041 0
    outer loop
      vertex -1.0815594803123159 9.429138443735619 131.15869780703304
      vertex -0.993020401042708 9.447958005998597 131.17751736929603
      vertex -1.0815594803123159 9.429138443735619 156.38130219296698
    endloop
  endfacet
  facet normal 0 -1 0
    outer loop
      vertex -0.993020401042708 9.447958005998597 131.17751736929603
      vertex -0.3658496214367871 9.447958005998597 131.31082663378896
      vertex -0.993020401042708 9.447958005998597 156.362482630704
    endloop
  endfacet
  facet normal 0 -1 0
    outer loop
      vertex -0.3658496214367871 9.447958005998597 131.31082663378896
      vertex 0.3658496214367871 9.447958005998597 131.31082663378896
      vertex -0.3658496214367871 9.447958005998597 156.22917336621106
    endloop
  endfacet
  facet normal 0.20791169081776678 -0.978147600733804 0
    outer loop
      vertex -0.993020401042708 9.447958005998597 131.17751736929603
      vertex -0.993020401042708 9.447958005998597 156.362482630704
      vertex -1.0815594803123159 9.429138443735619 156.38130219296698
    endloop
  endfacet
  facet normal 0 -1 0
    outer loop
      vertex -0.3658496214367871 9.447958005998597 131.31082663378896
      vertex -0.3658496214367871 9.447958005998597 156.22917336621106
      vertex -0.993020401042708 9.447958005998597 156.362482630704
    endloop
  endfacet
  facet normal 0.40673664307579555 -0.913545457642603 -1.835630472742468e-17
    outer loop
      vertex -3.5 8.783777192587836 51.89
      vertex -3.42351660256832 8.817829795074273 52.617690917862156
      vertex -4.75 8.227241335952167 389.65000000000003
    endloop
  endfacet
  facet normal 0.4067366430757954 -0.9135454576426031 0
    outer loop
      vertex -3.5 8.783777192587836 159.71
      vertex -3.42351660256832 8.817829795074273 160.43769091786217
      vertex -3.5 8.783777192587836 174.32
    endloop
  endfacet
  facet normal 0.4067366430758039 -0.9135454576425992 0
    outer loop
      vertex -3.42351660256832 8.817829795074273 160.43769091786217
      vertex -3.197409101749103 8.918499340402413 161.1335782507653
      vertex -3.42351660256832 8.817829795074273 173.59230908213783
    endloop
  endfacet
  facet normal 0.4067366430757953 -0.913545457642603 0
    outer loop
      vertex -3.42351660256832 8.817829795074273 160.43769091786217
      vertex -3.42351660256832 8.817829795074273 173.59230908213783
      vertex -3.5 8.783777192587836 174.32
    endloop
  endfacet
  facet normal 0.4067366430758039 -0.9135454576425991 0
    outer loop
      vertex -3.197409101749103 8.918499340402413 161.1335782507653
      vertex -3.197409101749103 8.918499340402413 172.8964217492347
      vertex -3.42351660256832 8.817829795074273 173.59230908213783
    endloop
  endfacet
  facet normal 0.4067366430758013 -0.9135454576426003 9.611082848892045e-18
    outer loop
      vertex -3.42351660256832 8.817829795074273 52.617690917862156
      vertex -3.5 8.783777192587836 110.46
      vertex -4.75 8.227241335952167 389.65000000000003
    endloop
  endfacet
  facet normal 0.4067366430757953 -0.9135454576426031 0
    outer loop
      vertex -3.5 8.783777192587836 174.32
      vertex -3.42351660256832 8.817829795074273 175.04769091786216
      vertex -3.5 8.783777192587836 201.12
    endloop
  endfacet
  facet normal 0.4067366430758039 -0.9135454576425992 0
    outer loop
      vertex -3.42351660256832 8.817829795074273 175.04769091786216
      vertex -3.197409101749103 8.918499340402413 175.7435782507653
      vertex -3.42351660256832 8.817829795074273 200.39230908213784
    endloop
  endfacet
  facet normal 0.40673664307579865 -0.9135454576426016 0
    outer loop
      vertex -3.197409101749103 8.918499340402413 161.1335782507653
      vertex -2.9356614465620003 9.035036904803958 161.58693848831138
      vertex -3.197409101749103 8.918499340402413 172.8964217492347
    endloop
  endfacet
  facet normal 0.2079116908177679 -0.9781476007338038 0
    outer loop
      vertex -2.9356614465620003 9.035036904803958 161.58693848831138
      vertex -2.831559480312316 9.05716446081308 161.76724838302366
      vertex -2.9356614465620003 9.035036904803958 172.44306151168863
    endloop
  endfacet
  facet normal 0.20791169081776 -0.9781476007338055 0
    outer loop
      vertex -2.831559480312316 9.05716446081308 161.76724838302366
      vertex -2.341957122256004 9.161232654627065 162.3110068891709
      vertex -2.831559480312316 9.05716446081308 172.26275161697635
    endloop
  endfacet
  facet normal 0.40673664307579854 -0.9135454576426015 0
    outer loop
      vertex -2.9356614465620003 9.035036904803958 161.58693848831138
      vertex -2.9356614465620003 9.035036904803958 172.44306151168863
      vertex -3.197409101749103 8.918499340402413 172.8964217492347
    endloop
  endfacet
  facet normal 0.2079116908177679 -0.9781476007338038 0
    outer loop
      vertex -2.831559480312316 9.05716446081308 161.76724838302366
      vertex -2.831559480312316 9.05716446081308 172.26275161697635
      vertex -2.9356614465620003 9.035036904803958 172.44306151168863
    endloop
  endfacet
  facet normal 0.20791169081775998 -0.9781476007338056 4.871865487740892e-20
    outer loop
      vertex -2.831559480312316 9.05716446081308 172.26275161697635
      vertex -2.341957122256004 9.161232654627065 162.3110068891709
      vertex -2.341957122256004 9.161232654627065 171.7189931108291
    endloop
  endfacet
  facet normal 0.40673664307579865 -0.9135454576426015 0
    outer loop
      vertex -3.197409101749103 8.918499340402413 175.7435782507653
      vertex -2.9356614465620003 9.035036904803958 176.19693848831136
      vertex -3.197409101749103 8.918499340402413 199.6964217492347
    endloop
  endfacet
  facet normal 0.20791169081776795 -0.9781476007338039 0
    outer loop
      vertex -2.9356614465620003 9.035036904803958 176.19693848831136
      vertex -2.831559480312316 9.05716446081308 176.37724838302364
      vertex -2.9356614465620003 9.035036904803958 199.24306151168864
    endloop
  endfacet
  facet normal 0.20791169081776 -0.9781476007338056 0
    outer loop
      vertex -2.831559480312316 9.05716446081308 176.37724838302364
      vertex -2.341957122256004 9.161232654627065 176.92100688917088
      vertex -2.831559480312316 9.05716446081308 199.06275161697636
    endloop
  endfacet
  facet normal 0.20791169081775995 -0.9781476007338056 0
    outer loop
      vertex -2.341957122256004 9.161232654627065 162.3110068891709
      vertex -1.75 9.287057025189883 162.74108891324553
      vertex -2.341957122256004 9.161232654627065 171.7189931108291
    endloop
  endfacet
  facet normal 0.20791169081775815 -0.9781476007338059 -1.2395369648828268e-16
    outer loop
      vertex -1.75 9.287057025189883 162.74108891324553
      vertex -1.0815594803123159 9.429138443735619 163.03869780703303
      vertex -2.341957122256004 9.161232654627065 171.7189931108291
    endloop
  endfacet
  facet normal 0.20791169081775807 -0.9781476007338059 -5.997110006885102e-19
    outer loop
      vertex -1.75 9.287057025189883 171.28891108675447
      vertex -1.0815594803123159 9.429138443735619 163.03869780703303
      vertex -1.0815594803123159 9.429138443735619 170.99130219296697
    endloop
  endfacet
  facet normal 0.20791169081776004 -0.9781476007338055 1.692848980792859e-16
    outer loop
      vertex -2.341957122256004 9.161232654627065 171.7189931108291
      vertex -1.0815594803123159 9.429138443735619 163.03869780703303
      vertex -1.75 9.287057025189883 171.28891108675447
    endloop
  endfacet
  facet normal 0.20791169081776678 -0.978147600733804 -6.003472389883254e-20
    outer loop
      vertex -1.0815594803123159 9.429138443735619 163.03869780703303
      vertex -0.993020401042708 9.447958005998597 163.05751736929602
      vertex -0.993020401042708 9.447958005998597 170.97248263070398
    endloop
  endfacet
  facet normal 0.20791169081776678 -0.978147600733804 0
    outer loop
      vertex -1.0815594803123159 9.429138443735619 163.03869780703303
      vertex -0.993020401042708 9.447958005998597 170.97248263070398
      vertex -1.0815594803123159 9.429138443735619 170.99130219296697
    endloop
  endfacet
  facet normal 0 -1 0
    outer loop
      vertex -0.993020401042708 9.447958005998597 163.05751736929602
      vertex -0.3658496214367871 9.447958005998597 163.19082663378896
      vertex -0.993020401042708 9.447958005998597 170.97248263070398
    endloop
  endfacet
  facet normal 0 -1 0
    outer loop
      vertex -0.993020401042708 9.447958005998597 170.97248263070398
      vertex -0.3658496214367871 9.447958005998597 163.19082663378896
      vertex -0.3658496214367871 9.447958005998597 170.83917336621104
    endloop
  endfacet
  facet normal 0 -1 0
    outer loop
      vertex -0.3658496214367871 9.447958005998597 163.19082663378896
      vertex 0.3658496214367871 9.447958005998597 163.19082663378896
      vertex -0.3658496214367871 9.447958005998597 170.83917336621104
    endloop
  endfacet
  facet normal 0.20791169081775993 -0.9781476007338055 0
    outer loop
      vertex -2.341957122256004 9.161232654627065 176.92100688917088
      vertex -1.75 9.287057025189883 177.35108891324552
      vertex -2.341957122256004 9.161232654627065 198.51899311082911
    endloop
  endfacet
  facet normal 0.2079116908177581 -0.9781476007338059 0
    outer loop
      vertex -1.75 9.287057025189883 177.35108891324552
      vertex -1.0815594803123159 9.429138443735619 177.64869780703302
      vertex -1.75 9.287057025189883 198.08891108675448
    endloop
  endfacet
  facet normal 0.20791169081776678 -0.978147600733804 0
    outer loop
      vertex -1.0815594803123159 9.429138443735619 177.64869780703302
      vertex -0.993020401042708 9.447958005998597 177.667517369296
      vertex -1.0815594803123159 9.429138443735619 197.79130219296698
    endloop
  endfacet
  facet normal 0 -1 0
    outer loop
      vertex -0.993020401042708 9.447958005998597 177.667517369296
      vertex -0.3658496214367871 9.447958005998597 177.80082663378894
      vertex -0.993020401042708 9.447958005998597 197.772482630704
    endloop
  endfacet
  facet normal 0 -1 0
    outer loop
      vertex -0.3658496214367871 9.447958005998597 177.80082663378894
      vertex 0.3658496214367871 9.447958005998597 177.80082663378894
      vertex -0.3658496214367871 9.447958005998597 197.63917336621105
    endloop
  endfacet
  facet normal 0.4067366430757954 -0.9135454576426031 0
    outer loop
      vertex -3.42351660256832 8.817829795074273 175.04769091786216
      vertex -3.42351660256832 8.817829795074273 200.39230908213784
      vertex -3.5 8.783777192587836 201.12
    endloop
  endfacet
  facet normal 0.406736643075804 -0.9135454576425992 0
    outer loop
      vertex -3.197409101749103 8.918499340402413 175.7435782507653
      vertex -3.197409101749103 8.918499340402413 199.6964217492347
      vertex -3.42351660256832 8.817829795074273 200.39230908213784
    endloop
  endfacet
  facet normal 0.40673664307579965 -0.9135454576426011 0
    outer loop
      vertex -3.5 8.783777192587836 110.46
      vertex -3.5 8.783777192587836 127.83
      vertex -4.75 8.227241335952167 389.65000000000003
    endloop
  endfacet
  facet normal 0.40673664307579555 -0.913545457642603 -2.344915017973082e-17
    outer loop
      vertex -3.5 8.783777192587836 127.83
      vertex -3.42351660256832 8.817829795074273 128.55769091786215
      vertex -4.75 8.227241335952167 389.65000000000003
    endloop
  endfacet
  facet normal 0.4067366430757954 -0.9135454576426031 0
    outer loop
      vertex -3.5 8.783777192587836 201.12
      vertex -3.42351660256832 8.817829795074273 201.84769091786217
      vertex -3.5 8.783777192587836 225
    endloop
  endfacet
  facet normal 0.4067366430758039 -0.9135454576425992 0
    outer loop
      vertex -3.42351660256832 8.817829795074273 201.84769091786217
      vertex -3.197409101749103 8.918499340402413 202.5435782507653
      vertex -3.42351660256832 8.817829795074273 224.27230908213784
    endloop
  endfacet
  facet normal 0.40673664307579865 -0.9135454576426015 0
    outer loop
      vertex -2.9356614465620003 9.035036904803958 176.19693848831136
      vertex -2.9356614465620003 9.035036904803958 199.24306151168864
      vertex -3.197409101749103 8.918499340402413 199.6964217492347
    endloop
  endfacet
  facet normal 0.2079116908177679 -0.9781476007338039 0
    outer loop
      vertex -2.831559480312316 9.05716446081308 176.37724838302364
      vertex -2.831559480312316 9.05716446081308 199.06275161697636
      vertex -2.9356614465620003 9.035036904803958 199.24306151168864
    endloop
  endfacet
  facet normal 0.20791169081775998 -0.9781476007338055 0
    outer loop
      vertex -2.341957122256004 9.161232654627065 176.92100688917088
      vertex -2.341957122256004 9.161232654627065 198.51899311082911
      vertex -2.831559480312316 9.05716446081308 199.06275161697636
    endloop
  endfacet
  facet normal 0.4067366430757987 -0.9135454576426016 0
    outer loop
      vertex -3.197409101749103 8.918499340402413 202.5435782507653
      vertex -2.9356614465620003 9.035036904803958 202.99693848831137
      vertex -3.197409101749103 8.918499340402413 223.5764217492347
    endloop
  endfacet
  facet normal 0.20791169081776795 -0.9781476007338039 0
    outer loop
      vertex -2.9356614465620003 9.035036904803958 202.99693848831137
      vertex -2.831559480312316 9.05716446081308 203.17724838302365
      vertex -2.9356614465620003 9.035036904803958 223.12306151168863
    endloop
  endfacet
  facet normal 0.20791169081776 -0.9781476007338056 0
    outer loop
      vertex -2.831559480312316 9.05716446081308 203.17724838302365
      vertex -2.341957122256004 9.161232654627065 203.7210068891709
      vertex -2.831559480312316 9.05716446081308 222.94275161697635
    endloop
  endfacet
  facet normal 0.20791169081775993 -0.9781476007338056 0
    outer loop
      vertex -1.75 9.287057025189883 177.35108891324552
      vertex -1.75 9.287057025189883 198.08891108675448
      vertex -2.341957122256004 9.161232654627065 198.51899311082911
    endloop
  endfacet
  facet normal 0.2079116908177581 -0.9781476007338059 -2.3677495933439284e-19
    outer loop
      vertex -1.75 9.287057025189883 198.08891108675448
      vertex -1.0815594803123159 9.429138443735619 177.64869780703302
      vertex -1.0815594803123159 9.429138443735619 197.79130219296698
    endloop
  endfacet
  facet normal 0.20791169081776678 -0.9781476007338041 0
    outer loop
      vertex -0.993020401042708 9.447958005998597 177.667517369296
      vertex -0.993020401042708 9.447958005998597 197.772482630704
      vertex -1.0815594803123159 9.429138443735619 197.79130219296698
    endloop
  endfacet
  facet normal 0 -1 0
    outer loop
      vertex -0.3658496214367871 9.447958005998597 177.80082663378894
      vertex -0.3658496214367871 9.447958005998597 197.63917336621105
      vertex -0.993020401042708 9.447958005998597 197.772482630704
    endloop
  endfacet
  facet normal 0.20791169081775995 -0.9781476007338055 0
    outer loop
      vertex -2.341957122256004 9.161232654627065 203.7210068891709
      vertex -1.75 9.287057025189883 204.15108891324553
      vertex -2.341957122256004 9.161232654627065 222.3989931108291
    endloop
  endfacet
  facet normal 0.20791169081775804 -0.9781476007338059 0
    outer loop
      vertex -1.75 9.287057025189883 204.15108891324553
      vertex -1.0815594803123159 9.429138443735619 204.44869780703303
      vertex -1.75 9.287057025189883 221.96891108675447
    endloop
  endfacet
  facet normal 0.20791169081776678 -0.978147600733804 0
    outer loop
      vertex -1.0815594803123159 9.429138443735619 204.44869780703303
      vertex -0.993020401042708 9.447958005998597 204.46751736929602
      vertex -1.0815594803123159 9.429138443735619 221.67130219296698
    endloop
  endfacet
  facet normal 0 -1 0
    outer loop
      vertex -0.993020401042708 9.447958005998597 204.46751736929602
      vertex -0.3658496214367871 9.447958005998597 204.60082663378896
      vertex -0.993020401042708 9.447958005998597 221.652482630704
    endloop
  endfacet
  facet normal 0 -1 0
    outer loop
      vertex -0.3658496214367871 9.447958005998597 204.60082663378896
      vertex 0.3658496214367871 9.447958005998597 204.60082663378896
      vertex -0.3658496214367871 9.447958005998597 221.51917336621105
    endloop
  endfacet
  facet normal 0.9510565162951533 -0.3090169943749481 0
    outer loop
      vertex -9.292402206971154 1.9751610627687137 30
      vertex -8.678681847604707 3.863998109220102 389.65000000000003
      vertex -9.292402206971154 1.9751610627687137 389.65000000000003
    endloop
  endfacet
  facet normal 0.866025403784439 -0.4999999999999992 0
    outer loop
      vertex -8.678681847604707 3.863998109220102 30
      vertex -7.685661446562001 5.583959896778495 389.65000000000003
      vertex -8.678681847604707 3.863998109220102 389.65000000000003
    endloop
  endfacet
  facet normal 0.4067366430758032 -0.9135454576425995 2.29317440385147e-17
    outer loop
      vertex -3.42351660256832 8.817829795074273 128.55769091786215
      vertex -3.5 8.783777192587836 159.71
      vertex -4.75 8.227241335952167 389.65000000000003
    endloop
  endfacet
  facet normal 0.4067366430757954 -0.9135454576426031 0
    outer loop
      vertex -3.42351660256832 8.817829795074273 201.84769091786217
      vertex -3.42351660256832 8.817829795074273 224.27230908213784
      vertex -3.5 8.783777192587836 225
    endloop
  endfacet
  facet normal 0.406736643075804 -0.9135454576425992 0
    outer loop
      vertex -3.197409101749103 8.918499340402413 202.5435782507653
      vertex -3.197409101749103 8.918499340402413 223.5764217492347
      vertex -3.42351660256832 8.817829795074273 224.27230908213784
    endloop
  endfacet
  facet normal 0.40673664307579965 -0.9135454576426011 0
    outer loop
      vertex -3.5 8.783777192587836 159.71
      vertex -3.5 8.783777192587836 174.32
      vertex -4.75 8.227241335952167 389.65000000000003
    endloop
  endfacet
  facet normal 0.40673664307579865 -0.9135454576426015 0
    outer loop
      vertex -2.9356614465620003 9.035036904803958 202.99693848831137
      vertex -2.9356614465620003 9.035036904803958 223.12306151168863
      vertex -3.197409101749103 8.918499340402413 223.5764217492347
    endloop
  endfacet
  facet normal 0.2079116908177679 -0.9781476007338038 0
    outer loop
      vertex -2.831559480312316 9.05716446081308 203.17724838302365
      vertex -2.831559480312316 9.05716446081308 222.94275161697635
      vertex -2.9356614465620003 9.035036904803958 223.12306151168863
    endloop
  endfacet
  facet normal 0.20791169081776004 -0.9781476007338056 0
    outer loop
      vertex -2.341957122256004 9.161232654627065 203.7210068891709
      vertex -2.341957122256004 9.161232654627065 222.3989931108291
      vertex -2.831559480312316 9.05716446081308 222.94275161697635
    endloop
  endfacet
  facet normal 0.20791169081775993 -0.9781476007338055 0
    outer loop
      vertex -1.75 9.287057025189883 204.15108891324553
      vertex -1.75 9.287057025189883 221.96891108675447
      vertex -2.341957122256004 9.161232654627065 222.3989931108291
    endloop
  endfacet
  facet normal 0.2079116908177581 -0.9781476007338059 -2.769188809947601e-19
    outer loop
      vertex -1.75 9.287057025189883 221.96891108675447
      vertex -1.0815594803123159 9.429138443735619 204.44869780703303
      vertex -1.0815594803123159 9.429138443735619 221.67130219296698
    endloop
  endfacet
  facet normal 0.20791169081776678 -0.9781476007338041 0
    outer loop
      vertex -0.993020401042708 9.447958005998597 204.46751736929602
      vertex -0.993020401042708 9.447958005998597 221.652482630704
      vertex -1.0815594803123159 9.429138443735619 221.67130219296698
    endloop
  endfacet
  facet normal 0 -1 0
    outer loop
      vertex -0.3658496214367871 9.447958005998597 204.60082663378896
      vertex -0.3658496214367871 9.447958005998597 221.51917336621105
      vertex -0.993020401042708 9.447958005998597 221.652482630704
    endloop
  endfacet
  facet normal 0.40673664307579965 -0.9135454576426011 0
    outer loop
      vertex -3.5 8.783777192587836 174.32
      vertex -3.5 8.783777192587836 201.12
      vertex -4.75 8.227241335952167 389.65000000000003
    endloop
  endfacet
  facet normal 0.7431448254773939 -0.6691306063588587 0
    outer loop
      vertex -7.685661446562001 5.583959896778495 30
      vertex -6.356740760409153 7.059875842035245 389.65000000000003
      vertex -7.685661446562001 5.583959896778495 389.65000000000003
    endloop
  endfacet
  facet normal 0.5877852522924731 -0.8090169943749473 0
    outer loop
      vertex -4.75 8.227241335952167 30
      vertex -4.75 8.227241335952167 389.65000000000003
      vertex -6.356740760409153 7.059875842035245 389.65000000000003
    endloop
  endfacet
  facet normal 0.40673664307579965 -0.9135454576426012 0
    outer loop
      vertex -3.5 8.783777192587836 201.12
      vertex -3.5 8.783777192587836 225
      vertex -4.75 8.227241335952167 389.65000000000003
    endloop
  endfacet
  facet normal 0.40673664307579566 -0.913545457642603 -3.635566302039557e-17
    outer loop
      vertex -3.5 8.783777192587836 225
      vertex -3.42351660256832 8.817829795074273 225.72769091786216
      vertex -4.75 8.227241335952167 389.65000000000003
    endloop
  endfacet
  facet normal 0.40673664307580387 -0.9135454576425993 4.3262718950380996e-17
    outer loop
      vertex -3.42351660256832 8.817829795074273 225.72769091786216
      vertex -3.197409101749103 8.918499340402413 226.4235782507653
      vertex -4.75 8.227241335952167 389.65000000000003
    endloop
  endfacet
  facet normal 0.4067366430757987 -0.9135454576426015 -1.558470669885933e-17
    outer loop
      vertex -3.197409101749103 8.918499340402413 226.4235782507653
      vertex -2.9356614465620003 9.035036904803958 226.87693848831137
      vertex -4.75 8.227241335952167 389.65000000000003
    endloop
  endfacet
  facet normal 0.20791169081776792 -0.9781476007338039 0
    outer loop
      vertex -2.9356614465620003 9.035036904803958 226.87693848831137
      vertex -2.831559480312316 9.05716446081308 227.05724838302365
      vertex -2.9356614465620003 9.035036904803958 389.6
    endloop
  endfacet
  facet normal 0.20791169081775998 -0.9781476007338055 -4.8687059518667585e-18
    outer loop
      vertex -2.831559480312316 9.05716446081308 227.05724838302365
      vertex -2.341957122256004 9.161232654627065 227.6010068891709
      vertex -0.993020401042708 9.447958005998597 389.6
    endloop
  endfacet
  facet normal 0.20791169081775993 -0.9781476007338055 -4.060632424108395e-18
    outer loop
      vertex -2.341957122256004 9.161232654627065 227.6010068891709
      vertex -1.75 9.287057025189883 228.03108891324553
      vertex -0.993020401042708 9.447958005998597 389.6
    endloop
  endfacet
  facet normal 0.20791169081775807 -0.9781476007338059 4.961754946650248e-18
    outer loop
      vertex -1.75 9.287057025189883 228.03108891324553
      vertex -1.0815594803123159 9.429138443735619 228.32869780703302
      vertex -0.993020401042708 9.447958005998597 389.6
    endloop
  endfacet
  facet normal 0.20791169081776678 -0.9781476007338041 -2.9467624087729877e-21
    outer loop
      vertex -1.0815594803123159 9.429138443735619 228.32869780703302
      vertex -0.993020401042708 9.447958005998597 228.347517369296
      vertex -0.993020401042708 9.447958005998597 389.6
    endloop
  endfacet
  facet normal 0 -1 0
    outer loop
      vertex -0.993020401042708 9.447958005998597 228.347517369296
      vertex -0.3658496214367871 9.447958005998597 228.48082663378895
      vertex -0.993020401042708 9.447958005998597 389.6
    endloop
  endfacet
  facet normal 0 0 -1
    outer loop
      vertex -4.75 -8.227241335952167 389.65000000000003
      vertex -6.356740760409153 7.059875842035245 389.65000000000003
      vertex -4.75 8.227241335952167 389.65000000000003
    endloop
  endfacet
  facet normal 0 0 -1
    outer loop
      vertex -2.9356614465620003 -9.035036904803958 389.65000000000003
      vertex -4.75 8.227241335952167 389.65000000000003
      vertex -4.275 7.95 389.65000000000003
    endloop
  endfacet
  facet normal 0.40673664307579954 -0.9135454576426013 -8.014731334609249e-18
    outer loop
      vertex -2.9356614465620003 9.035036904803958 226.87693848831137
      vertex -4.275 8.43872496147372 389.6
      vertex -4.75 8.227241335952167 389.65000000000003
    endloop
  endfacet
  facet normal 0.40673664307580004 -0.913545457642601 0
    outer loop
      vertex -2.9356614465620003 9.035036904803958 226.87693848831137
      vertex -2.9356614465620003 9.035036904803958 389.6
      vertex -4.275 8.43872496147372 389.6
    endloop
  endfacet
  facet normal 0.20791169081776006 -0.9781476007338056 -5.272144992052527e-18
    outer loop
      vertex -2.831559480312316 9.05716446081308 227.05724838302365
      vertex -0.993020401042708 9.447958005998597 389.6
      vertex -2.9356614465620003 9.035036904803958 389.6
    endloop
  endfacet
  facet normal 0 -1 0
    outer loop
      vertex -0.3658496214367871 9.447958005998597 228.48082663378895
      vertex 0.993020401042708 9.447958005998597 389.6
      vertex -0.993020401042708 9.447958005998597 389.6
    endloop
  endfacet
  facet normal 0 0 -1
    outer loop
      vertex -4.75 8.227241335952167 389.65000000000003
      vertex -4.275 8.43872496147372 389.65000000000003
      vertex -4.275 7.95 389.65000000000003
    endloop
  endfacet
  facet normal 0.4067366430757994 -0.9135454576426012 -1.1422512062533145e-16
    outer loop
      vertex -4.75 8.227241335952167 389.65000000000003
      vertex -4.275 8.43872496147372 389.6
      vertex -4.275 8.43872496147372 389.65000000000003
    endloop
  endfacet
  facet normal 0 1 0
    outer loop
      vertex -0.993020401042708 -9.447958005998597 30
      vertex 0.993020401042708 -9.447958005998597 389.65000000000003
      vertex 0.993020401042708 -9.447958005998597 30
    endloop
  endfacet
  facet normal -0.20791169081776 0.9781476007338054 -2.2284996930250718e-20
    outer loop
      vertex 0.993020401042708 -9.447958005998597 30
      vertex 2.9356614465620003 -9.035036904803958 389.65000000000003
      vertex 2.9356614465620003 -9.035036904803958 30
    endloop
  endfacet
  facet normal -0.40673664307579993 0.9135454576426011 1.7479144150278672e-20
    outer loop
      vertex 2.9356614465620003 -9.035036904803958 30
      vertex 4.75 -8.227241335952167 389.65000000000003
      vertex 4.75 -8.227241335952167 30
    endloop
  endfacet
  facet normal -0.5877852522924731 0.8090169943749473 -8.034568805711516e-20
    outer loop
      vertex 4.75 -8.227241335952167 30
      vertex 6.356740760409153 -7.059875842035245 389.65000000000003
      vertex 6.356740760409153 -7.059875842035245 30
    endloop
  endfacet
  facet normal -0.7431448254773939 0.6691306063588587 0
    outer loop
      vertex 6.356740760409153 -7.059875842035245 30
      vertex 6.356740760409153 -7.059875842035245 389.65000000000003
      vertex 7.685661446562001 -5.583959896778495 30
    endloop
  endfacet
  facet normal -0.866025403784439 0.4999999999999992 0
    outer loop
      vertex 7.685661446562001 -5.583959896778495 30
      vertex 7.685661446562001 -5.583959896778495 389.65000000000003
      vertex 8.678681847604707 -3.863998109220102 30
    endloop
  endfacet
  facet normal -0.9510565162951533 0.3090169943749481 0
    outer loop
      vertex 8.678681847604707 -3.863998109220102 30
      vertex 8.678681847604707 -3.863998109220102 389.65000000000003
      vertex 9.292402206971154 -1.9751610627687137 30
    endloop
  endfacet
  facet normal -0.9945218953682733 0.10452846326765322 0
    outer loop
      vertex 9.292402206971154 -1.9751610627687137 30
      vertex 9.292402206971154 -1.9751610627687137 389.65000000000003
      vertex 9.5 0 30
    endloop
  endfacet
  facet normal -0.9945218953682733 -0.10452846326765322 0
    outer loop
      vertex 9.5 0 30
      vertex 9.5 0 389.65000000000003
      vertex 9.292402206971154 1.9751610627687137 30
    endloop
  endfacet
  facet normal -0.20791169081776 0.9781476007338054 0
    outer loop
      vertex 0.993020401042708 -9.447958005998597 30
      vertex 0.993020401042708 -9.447958005998597 389.65000000000003
      vertex 2.9356614465620003 -9.035036904803958 389.65000000000003
    endloop
  endfacet
  facet normal -0.40673664307579993 0.9135454576426011 0
    outer loop
      vertex 2.9356614465620003 -9.035036904803958 30
      vertex 2.9356614465620003 -9.035036904803958 389.65000000000003
      vertex 4.75 -8.227241335952167 389.65000000000003
    endloop
  endfacet
  facet normal -0.5877852522924731 0.8090169943749473 0
    outer loop
      vertex 4.75 -8.227241335952167 30
      vertex 4.75 -8.227241335952167 389.65000000000003
      vertex 6.356740760409153 -7.059875842035245 389.65000000000003
    endloop
  endfacet
  facet normal -0.7431448254773939 0.6691306063588587 0
    outer loop
      vertex 7.685661446562001 -5.583959896778495 30
      vertex 6.356740760409153 -7.059875842035245 389.65000000000003
      vertex 7.685661446562001 -5.583959896778495 389.65000000000003
    endloop
  endfacet
  facet normal -0.866025403784439 0.4999999999999992 0
    outer loop
      vertex 8.678681847604707 -3.863998109220102 30
      vertex 7.685661446562001 -5.583959896778495 389.65000000000003
      vertex 8.678681847604707 -3.863998109220102 389.65000000000003
    endloop
  endfacet
  facet normal -0.9510565162951533 0.3090169943749481 0
    outer loop
      vertex 9.292402206971154 -1.9751610627687137 30
      vertex 8.678681847604707 -3.863998109220102 389.65000000000003
      vertex 9.292402206971154 -1.9751610627687137 389.65000000000003
    endloop
  endfacet
  facet normal -0.9945218953682733 0.10452846326765322 0
    outer loop
      vertex 9.5 0 30
      vertex 9.292402206971154 -1.9751610627687137 389.65000000000003
      vertex 9.5 0 389.65000000000003
    endloop
  endfacet
  facet normal -0.9945218953682733 -0.10452846326765322 0
    outer loop
      vertex 9.292402206971154 1.9751610627687137 30
      vertex 9.5 0 389.65000000000003
      vertex 9.292402206971154 1.9751610627687137 389.65000000000003
    endloop
  endfacet
  facet normal 0 0 -1
    outer loop
      vertex -4.275 7.95 389.65000000000003
      vertex 4.75 -8.227241335952167 389.65000000000003
      vertex 2.9356614465620003 -9.035036904803958 389.65000000000003
    endloop
  endfacet
  facet normal 0 0 -1
    outer loop
      vertex 4.75 -8.227241335952167 389.65000000000003
      vertex 4.75 8.227241335952167 389.65000000000003
      vertex 6.356740760409153 -7.059875842035245 389.65000000000003
    endloop
  endfacet
  facet normal 0 0 -1
    outer loop
      vertex 6.356740760409153 -7.059875842035245 389.65000000000003
      vertex 6.356740760409153 7.059875842035245 389.65000000000003
      vertex 7.685661446562001 -5.583959896778495 389.65000000000003
    endloop
  endfacet
  facet normal 0 0 -1
    outer loop
      vertex 7.685661446562001 -5.583959896778495 389.65000000000003
      vertex 7.685661446562001 5.583959896778495 389.65000000000003
      vertex 8.678681847604707 -3.863998109220102 389.65000000000003
    endloop
  endfacet
  facet normal 0 0 -1
    outer loop
      vertex 8.678681847604707 -3.863998109220102 389.65000000000003
      vertex 8.678681847604707 3.863998109220102 389.65000000000003
      vertex 9.292402206971154 -1.9751610627687137 389.65000000000003
    endloop
  endfacet
  facet normal 0 0 -1
    outer loop
      vertex 9.292402206971154 -1.9751610627687137 389.65000000000003
      vertex 9.292402206971154 1.9751610627687137 389.65000000000003
      vertex 9.5 0 389.65000000000003
    endloop
  endfacet
  facet normal 0 0 -1
    outer loop
      vertex 9.292402206971154 -1.9751610627687137 389.65000000000003
      vertex 8.678681847604707 3.863998109220102 389.65000000000003
      vertex 9.292402206971154 1.9751610627687137 389.65000000000003
    endloop
  endfacet
  facet normal 0 0 -1
    outer loop
      vertex 8.678681847604707 -3.863998109220102 389.65000000000003
      vertex 7.685661446562001 5.583959896778495 389.65000000000003
      vertex 8.678681847604707 3.863998109220102 389.65000000000003
    endloop
  endfacet
  facet normal 0 -1 0
    outer loop
      vertex -0.993020401042708 9.447958005998597 30
      vertex 0.993020401042708 9.447958005998597 30
      vertex 0.3658496214367871 9.447958005998597 48.40917336621104
    endloop
  endfacet
  facet normal -0.20791169081776006 -0.9781476007338055 0
    outer loop
      vertex 0.993020401042708 9.447958005998597 30
      vertex 2.9356614465620003 9.035036904803958 30
      vertex 0.993020401042708 9.447958005998597 48.54248263070399
    endloop
  endfacet
  facet normal 0 -1 0
    outer loop
      vertex 0.3658496214367871 9.447958005998597 48.40917336621104
      vertex 0.993020401042708 9.447958005998597 30
      vertex 0.993020401042708 9.447958005998597 48.54248263070399
    endloop
  endfacet
  facet normal -0.20791169081776664 -0.9781476007338041 -7.222301081889555e-16
    outer loop
      vertex 0.993020401042708 9.447958005998597 48.54248263070399
      vertex 2.9356614465620003 9.035036904803958 30
      vertex 1.0815594803123159 9.429138443735619 48.56130219296696
    endloop
  endfacet
  facet normal -0.20791169081775998 -0.9781476007338056 4.629430345774369e-17
    outer loop
      vertex 1.75 9.287057025189883 48.85891108675447
      vertex 2.9356614465620003 9.035036904803958 30
      vertex 2.341957122256004 9.161232654627065 49.28899311082912
    endloop
  endfacet
  facet normal -0.20791169081775812 -0.9781476007338058 1.654779969247691e-16
    outer loop
      vertex 1.0815594803123159 9.429138443735619 48.56130219296696
      vertex 2.9356614465620003 9.035036904803958 30
      vertex 1.75 9.287057025189883 48.85891108675447
    endloop
  endfacet
  facet normal -0.4067366430757999 -0.913545457642601 -3.1411356977922503e-19
    outer loop
      vertex 4.75 8.227241335952167 30
      vertex 2.9356614465620003 9.035036904803958 50.01306151168862
      vertex 2.9356614465620003 9.035036904803958 30
    endloop
  endfacet
  facet normal -0.40673664307579876 -0.9135454576426014 1.158845046815323e-16
    outer loop
      vertex 4.75 8.227241335952167 30
      vertex 3.197409101749103 8.918499340402413 50.4664217492347
      vertex 2.9356614465620003 9.035036904803958 50.01306151168862
    endloop
  endfacet
  facet normal -0.406736643075797 -0.9135454576426023 1.9626623137602265e-16
    outer loop
      vertex 4.75 8.227241335952167 30
      vertex 3.5 8.783777192587836 51.89
      vertex 3.42351660256832 8.817829795074273 51.162309082137845
    endloop
  endfacet
  facet normal -0.4067366430758034 -0.9135454576425995 -2.946108943394083e-16
    outer loop
      vertex 4.75 8.227241335952167 30
      vertex 3.42351660256832 8.817829795074273 51.162309082137845
      vertex 3.197409101749103 8.918499340402413 50.4664217492347
    endloop
  endfacet
  facet normal -0.20791169081776 -0.9781476007338055 4.3238576709597277e-17
    outer loop
      vertex 2.341957122256004 9.161232654627065 49.28899311082912
      vertex 2.9356614465620003 9.035036904803958 30
      vertex 2.831559480312316 9.05716446081308 49.832751616976346
    endloop
  endfacet
  facet normal -0.20791169081776792 -0.9781476007338039 0
    outer loop
      vertex 2.9356614465620003 9.035036904803958 30
      vertex 2.9356614465620003 9.035036904803958 50.01306151168862
      vertex 2.831559480312316 9.05716446081308 49.832751616976346
    endloop
  endfacet
  facet normal 0 -1 0
    outer loop
      vertex 0.3658496214367871 9.447958005998597 55.37082663378896
      vertex 0.993020401042708 9.447958005998597 55.237517369296015
      vertex 0.3658496214367871 9.447958005998597 106.97917336621104
    endloop
  endfacet
  facet normal -0.20791169081776678 -0.9781476007338041 0
    outer loop
      vertex 0.993020401042708 9.447958005998597 55.237517369296015
      vertex 1.0815594803123159 9.429138443735619 55.21869780703304
      vertex 0.993020401042708 9.447958005998597 107.11248263070398
    endloop
  endfacet
  facet normal -0.20791169081775807 -0.9781476007338058 0
    outer loop
      vertex 1.0815594803123159 9.429138443735619 55.21869780703304
      vertex 1.75 9.287057025189883 54.92108891324553
      vertex 1.0815594803123159 9.429138443735619 107.13130219296696
    endloop
  endfacet
  facet normal -0.20791169081775993 -0.9781476007338055 0
    outer loop
      vertex 1.75 9.287057025189883 54.92108891324553
      vertex 2.341957122256004 9.161232654627065 54.49100688917088
      vertex 1.75 9.287057025189883 107.42891108675445
    endloop
  endfacet
  facet normal -0.40673664307579965 -0.9135454576426011 0
    outer loop
      vertex 4.75 8.227241335952167 30
      vertex 3.5 8.783777192587836 110.46
      vertex 3.5 8.783777192587836 51.89
    endloop
  endfacet
  facet normal -0.4067366430758039 -0.9135454576425991 1.5524834070925396e-20
    outer loop
      vertex 3.42351660256832 8.817829795074273 52.617690917862156
      vertex 3.197409101749103 8.918499340402413 109.03642174923469
      vertex 3.197409101749103 8.918499340402413 53.3135782507653
    endloop
  endfacet
  facet normal -0.4067366430757954 -0.9135454576426031 0
    outer loop
      vertex 3.42351660256832 8.817829795074273 52.617690917862156
      vertex 3.5 8.783777192587836 51.89
      vertex 3.42351660256832 8.817829795074273 109.73230908213783
    endloop
  endfacet
  facet normal -0.20791169081776 -0.9781476007338055 0
    outer loop
      vertex 2.341957122256004 9.161232654627065 54.49100688917088
      vertex 2.831559480312316 9.05716446081308 53.947248383023656
      vertex 2.341957122256004 9.161232654627065 107.85899311082912
    endloop
  endfacet
  facet normal -0.20791169081776803 -0.9781476007338038 -7.618135757472992e-17
    outer loop
      vertex 2.831559480312316 9.05716446081308 53.947248383023656
      vertex 2.9356614465620003 9.035036904803958 53.76693848831138
      vertex 2.341957122256004 9.161232654627065 107.85899311082912
    endloop
  endfacet
  facet normal -0.40673664307579865 -0.9135454576426015 0
    outer loop
      vertex 2.9356614465620003 9.035036904803958 53.76693848831138
      vertex 3.197409101749103 8.918499340402413 53.3135782507653
      vertex 2.9356614465620003 9.035036904803958 108.58306151168861
    endloop
  endfacet
  facet normal 0 -1 0
    outer loop
      vertex 0.3658496214367871 9.447958005998597 55.37082663378896
      vertex 0.3658496214367871 9.447958005998597 106.97917336621104
      vertex -0.3658496214367871 9.447958005998597 106.97917336621104
    endloop
  endfacet
  facet normal 0 -1 0
    outer loop
      vertex 0.993020401042708 9.447958005998597 55.237517369296015
      vertex 0.993020401042708 9.447958005998597 107.11248263070398
      vertex 0.3658496214367871 9.447958005998597 106.97917336621104
    endloop
  endfacet
  facet normal -0.20791169081776678 -0.978147600733804 0
    outer loop
      vertex 1.0815594803123159 9.429138443735619 55.21869780703304
      vertex 1.0815594803123159 9.429138443735619 107.13130219296696
      vertex 0.993020401042708 9.447958005998597 107.11248263070398
    endloop
  endfacet
  facet normal -0.20791169081775807 -0.9781476007338058 0
    outer loop
      vertex 1.75 9.287057025189883 54.92108891324553
      vertex 1.75 9.287057025189883 107.42891108675445
      vertex 1.0815594803123159 9.429138443735619 107.13130219296696
    endloop
  endfacet
  facet normal -0.20791169081775993 -0.9781476007338055 0
    outer loop
      vertex 2.341957122256004 9.161232654627065 54.49100688917088
      vertex 2.341957122256004 9.161232654627065 107.85899311082912
      vertex 1.75 9.287057025189883 107.42891108675445
    endloop
  endfacet
  facet normal -0.406736643075804 -0.9135454576425993 0
    outer loop
      vertex 3.42351660256832 8.817829795074273 52.617690917862156
      vertex 3.42351660256832 8.817829795074273 109.73230908213783
      vertex 3.197409101749103 8.918499340402413 109.03642174923469
    endloop
  endfacet
  facet normal -0.4067366430757954 -0.9135454576426031 0
    outer loop
      vertex 3.5 8.783777192587836 51.89
      vertex 3.5 8.783777192587836 110.46
      vertex 3.42351660256832 8.817829795074273 109.73230908213783
    endloop
  endfacet
  facet normal -0.4067366430757995 -0.9135454576426012 0
    outer loop
      vertex 4.75 8.227241335952167 30
      vertex 3.5 8.783777192587836 127.83
      vertex 3.5 8.783777192587836 110.46
    endloop
  endfacet
  facet normal -0.4067366430757995 -0.9135454576426012 0
    outer loop
      vertex 4.75 8.227241335952167 30
      vertex 3.5 8.783777192587836 159.71
      vertex 3.5 8.783777192587836 127.83
    endloop
  endfacet
  facet normal -0.20791169081776 -0.9781476007338056 1.574496433323235e-17
    outer loop
      vertex 2.9356614465620003 9.035036904803958 53.76693848831138
      vertex 2.831559480312316 9.05716446081308 108.40275161697633
      vertex 2.341957122256004 9.161232654627065 107.85899311082912
    endloop
  endfacet
  facet normal -0.20791169081776792 -0.9781476007338038 0
    outer loop
      vertex 2.9356614465620003 9.035036904803958 53.76693848831138
      vertex 2.9356614465620003 9.035036904803958 108.58306151168861
      vertex 2.831559480312316 9.05716446081308 108.40275161697633
    endloop
  endfacet
  facet normal -0.40673664307579865 -0.9135454576426016 0
    outer loop
      vertex 3.197409101749103 8.918499340402413 53.3135782507653
      vertex 3.197409101749103 8.918499340402413 109.03642174923469
      vertex 2.9356614465620003 9.035036904803958 108.58306151168861
    endloop
  endfacet
  facet normal -0.9510565162951533 -0.3090169943749481 5.52666041696237e-20
    outer loop
      vertex 8.678681847604707 3.863998109220102 30
      vertex 9.292402206971154 1.9751610627687137 30
      vertex 9.292402206971154 1.9751610627687137 389.65000000000003
    endloop
  endfacet
  facet normal -0.866025403784439 -0.4999999999999992 0
    outer loop
      vertex 8.678681847604707 3.863998109220102 30
      vertex 8.678681847604707 3.863998109220102 389.65000000000003
      vertex 7.685661446562001 5.583959896778495 30
    endloop
  endfacet
  facet normal 0 -1 0
    outer loop
      vertex 0.3658496214367871 9.447958005998597 113.94082663378894
      vertex 0.993020401042708 9.447958005998597 113.80751736929601
      vertex 0.3658496214367871 9.447958005998597 124.34917336621105
    endloop
  endfacet
  facet normal 0 -1 0
    outer loop
      vertex 0.3658496214367871 9.447958005998597 113.94082663378894
      vertex 0.3658496214367871 9.447958005998597 124.34917336621105
      vertex -0.3658496214367871 9.447958005998597 124.34917336621105
    endloop
  endfacet
  facet normal -0.20791169081776678 -0.9781476007338041 0
    outer loop
      vertex 0.993020401042708 9.447958005998597 113.80751736929601
      vertex 1.0815594803123159 9.429138443735619 113.78869780703303
      vertex 0.993020401042708 9.447958005998597 124.48248263070398
    endloop
  endfacet
  facet normal 0 -1 0
    outer loop
      vertex 0.3658496214367871 9.447958005998597 124.34917336621105
      vertex 0.993020401042708 9.447958005998597 113.80751736929601
      vertex 0.993020401042708 9.447958005998597 124.48248263070398
    endloop
  endfacet
  facet normal -0.20791169081776678 -0.9781476007338041 0
    outer loop
      vertex 1.0815594803123159 9.429138443735619 113.78869780703303
      vertex 1.0815594803123159 9.429138443735619 124.50130219296696
      vertex 0.993020401042708 9.447958005998597 124.48248263070398
    endloop
  endfacet
  facet normal -0.2079116908177581 -0.978147600733806 0
    outer loop
      vertex 1.0815594803123159 9.429138443735619 113.78869780703303
      vertex 1.75 9.287057025189883 113.49108891324553
      vertex 1.0815594803123159 9.429138443735619 124.50130219296696
    endloop
  endfacet
  facet normal -0.2079116908177581 -0.9781476007338059 0
    outer loop
      vertex 1.75 9.287057025189883 113.49108891324553
      vertex 1.75 9.287057025189883 124.79891108675446
      vertex 1.0815594803123159 9.429138443735619 124.50130219296696
    endloop
  endfacet
  facet normal -0.20791169081775993 -0.9781476007338055 0
    outer loop
      vertex 1.75 9.287057025189883 113.49108891324553
      vertex 2.341957122256004 9.161232654627065 113.06100688917087
      vertex 1.75 9.287057025189883 124.79891108675446
    endloop
  endfacet
  facet normal -0.20791169081775993 -0.9781476007338056 0
    outer loop
      vertex 2.341957122256004 9.161232654627065 113.06100688917087
      vertex 2.341957122256004 9.161232654627065 125.22899311082912
      vertex 1.75 9.287057025189883 124.79891108675446
    endloop
  endfacet
  facet normal -0.4067366430758039 -0.9135454576425992 0
    outer loop
      vertex 3.197409101749103 8.918499340402413 111.8835782507653
      vertex 3.42351660256832 8.817829795074273 111.18769091786216
      vertex 3.197409101749103 8.918499340402413 126.4064217492347
    endloop
  endfacet
  facet normal -0.4067366430757953 -0.913545457642603 2.2888452284368247e-20
    outer loop
      vertex 3.5 8.783777192587836 110.46
      vertex 3.42351660256832 8.817829795074273 127.10230908213784
      vertex 3.42351660256832 8.817829795074273 111.18769091786216
    endloop
  endfacet
  facet normal -0.40673664307579954 -0.9135454576426011 0
    outer loop
      vertex 4.75 8.227241335952167 30
      vertex 3.5 8.783777192587836 174.32
      vertex 3.5 8.783777192587836 159.71
    endloop
  endfacet
  facet normal -0.406736643075804 -0.9135454576425992 0
    outer loop
      vertex 3.42351660256832 8.817829795074273 111.18769091786216
      vertex 3.42351660256832 8.817829795074273 127.10230908213784
      vertex 3.197409101749103 8.918499340402413 126.4064217492347
    endloop
  endfacet
  facet normal -0.4067366430757953 -0.9135454576426031 0
    outer loop
      vertex 3.5 8.783777192587836 110.46
      vertex 3.5 8.783777192587836 127.83
      vertex 3.42351660256832 8.817829795074273 127.10230908213784
    endloop
  endfacet
  facet normal -0.20791169081775995 -0.9781476007338055 0
    outer loop
      vertex 2.341957122256004 9.161232654627065 113.06100688917087
      vertex 2.831559480312316 9.05716446081308 112.51724838302366
      vertex 2.341957122256004 9.161232654627065 125.22899311082912
    endloop
  endfacet
  facet normal -0.4067366430757986 -0.9135454576426015 0
    outer loop
      vertex 2.9356614465620003 9.035036904803958 112.33693848831138
      vertex 3.197409101749103 8.918499340402413 111.8835782507653
      vertex 2.9356614465620003 9.035036904803958 125.95306151168862
    endloop
  endfacet
  facet normal -0.20791169081776792 -0.9781476007338038 -2.54286892893627e-20
    outer loop
      vertex 2.9356614465620003 9.035036904803958 112.33693848831138
      vertex 2.831559480312316 9.05716446081308 125.77275161697634
      vertex 2.831559480312316 9.05716446081308 112.51724838302366
    endloop
  endfacet
  facet normal -0.20791169081775998 -0.9781476007338055 -3.4577671306388413e-20
    outer loop
      vertex 2.341957122256004 9.161232654627065 125.22899311082912
      vertex 2.831559480312316 9.05716446081308 112.51724838302366
      vertex 2.831559480312316 9.05716446081308 125.77275161697634
    endloop
  endfacet
  facet normal -0.20791169081776792 -0.9781476007338038 0
    outer loop
      vertex 2.9356614465620003 9.035036904803958 112.33693848831138
      vertex 2.9356614465620003 9.035036904803958 125.95306151168862
      vertex 2.831559480312316 9.05716446081308 125.77275161697634
    endloop
  endfacet
  facet normal -0.4067366430757987 -0.9135454576426016 0
    outer loop
      vertex 3.197409101749103 8.918499340402413 111.8835782507653
      vertex 3.197409101749103 8.918499340402413 126.4064217492347
      vertex 2.9356614465620003 9.035036904803958 125.95306151168862
    endloop
  endfacet
  facet normal 0 -1 0
    outer loop
      vertex 0.3658496214367871 9.447958005998597 131.31082663378896
      vertex 0.993020401042708 9.447958005998597 131.17751736929603
      vertex -0.3658496214367871 9.447958005998597 156.22917336621106
    endloop
  endfacet
  facet normal -0.20791169081776678 -0.978147600733804 0
    outer loop
      vertex 0.993020401042708 9.447958005998597 131.17751736929603
      vertex 1.0815594803123159 9.429138443735619 131.15869780703304
      vertex 0.993020401042708 9.447958005998597 156.362482630704
    endloop
  endfacet
  facet normal 0 -1 0
    outer loop
      vertex 0.993020401042708 9.447958005998597 131.17751736929603
      vertex 0.3658496214367871 9.447958005998597 156.22917336621106
      vertex -0.3658496214367871 9.447958005998597 156.22917336621106
    endloop
  endfacet
  facet normal 0 -1 0
    outer loop
      vertex 0.993020401042708 9.447958005998597 131.17751736929603
      vertex 0.993020401042708 9.447958005998597 156.362482630704
      vertex 0.3658496214367871 9.447958005998597 156.22917336621106
    endloop
  endfacet
  facet normal -0.2079116908177668 -0.9781476007338041 0
    outer loop
      vertex 1.0815594803123159 9.429138443735619 131.15869780703304
      vertex 1.0815594803123159 9.429138443735619 156.38130219296698
      vertex 0.993020401042708 9.447958005998597 156.362482630704
    endloop
  endfacet
  facet normal -0.20791169081775807 -0.9781476007338059 0
    outer loop
      vertex 1.0815594803123159 9.429138443735619 131.15869780703304
      vertex 1.75 9.287057025189883 130.86108891324554
      vertex 1.0815594803123159 9.429138443735619 156.38130219296698
    endloop
  endfacet
  facet normal -0.20791169081775993 -0.9781476007338056 0
    outer loop
      vertex 1.75 9.287057025189883 130.86108891324554
      vertex 2.341957122256004 9.161232654627065 130.43100688917087
      vertex 1.75 9.287057025189883 156.67891108675448
    endloop
  endfacet
  facet normal -0.20791169081776004 -0.9781476007338055 -1.4150796569851032e-18
    outer loop
      vertex 2.341957122256004 9.161232654627065 130.43100688917087
      vertex 2.831559480312316 9.05716446081308 129.88724838302366
      vertex 1.75 9.287057025189883 156.67891108675448
    endloop
  endfacet
  facet normal -0.20791169081775807 -0.9781476007338059 0
    outer loop
      vertex 1.75 9.287057025189883 130.86108891324554
      vertex 1.75 9.287057025189883 156.67891108675448
      vertex 1.0815594803123159 9.429138443735619 156.38130219296698
    endloop
  endfacet
  facet normal -0.20791169081775995 -0.9781476007338056 1.1595647447035138e-18
    outer loop
      vertex 1.75 9.287057025189883 156.67891108675448
      vertex 2.831559480312316 9.05716446081308 129.88724838302366
      vertex 2.341957122256004 9.161232654627065 157.10899311082912
    endloop
  endfacet
  facet normal -0.40673664307580387 -0.9135454576425992 0
    outer loop
      vertex 3.197409101749103 8.918499340402413 129.2535782507653
      vertex 3.42351660256832 8.817829795074273 128.55769091786215
      vertex 3.197409101749103 8.918499340402413 158.2864217492347
    endloop
  endfacet
  facet normal -0.4067366430757954 -0.9135454576426031 0
    outer loop
      vertex 3.42351660256832 8.817829795074273 128.55769091786215
      vertex 3.5 8.783777192587836 127.83
      vertex 3.42351660256832 8.817829795074273 158.98230908213785
    endloop
  endfacet
  facet normal -0.40673664307579954 -0.9135454576426012 0
    outer loop
      vertex 4.75 8.227241335952167 30
      vertex 3.5 8.783777192587836 201.12
      vertex 3.5 8.783777192587836 174.32
    endloop
  endfacet
  facet normal -0.40673664307580387 -0.9135454576425992 0
    outer loop
      vertex 3.42351660256832 8.817829795074273 128.55769091786215
      vertex 3.42351660256832 8.817829795074273 158.98230908213785
      vertex 3.197409101749103 8.918499340402413 158.2864217492347
    endloop
  endfacet
  facet normal -0.4067366430757953 -0.913545457642603 0
    outer loop
      vertex 3.5 8.783777192587836 127.83
      vertex 3.5 8.783777192587836 159.71
      vertex 3.42351660256832 8.817829795074273 158.98230908213785
    endloop
  endfacet
  facet normal -0.4067366430757998 -0.913545457642601 0
    outer loop
      vertex 4.75 8.227241335952167 30
      vertex 3.5 8.783777192587836 225
      vertex 3.5 8.783777192587836 201.12
    endloop
  endfacet
  facet normal -0.40673664307579865 -0.9135454576426016 0
    outer loop
      vertex 2.9356614465620003 9.035036904803958 129.70693848831138
      vertex 3.197409101749103 8.918499340402413 129.2535782507653
      vertex 2.9356614465620003 9.035036904803958 157.83306151168864
    endloop
  endfacet
  facet normal -0.2079116908177679 -0.9781476007338038 0
    outer loop
      vertex 2.831559480312316 9.05716446081308 129.88724838302366
      vertex 2.9356614465620003 9.035036904803958 129.70693848831138
      vertex 2.831559480312316 9.05716446081308 157.65275161697636
    endloop
  endfacet
  facet normal -0.20791169081775995 -0.9781476007338055 -1.650769409660487e-20
    outer loop
      vertex 2.341957122256004 9.161232654627065 157.10899311082912
      vertex 2.831559480312316 9.05716446081308 129.88724838302366
      vertex 2.831559480312316 9.05716446081308 157.65275161697636
    endloop
  endfacet
  facet normal -0.20791169081776792 -0.9781476007338038 0
    outer loop
      vertex 2.9356614465620003 9.035036904803958 129.70693848831138
      vertex 2.9356614465620003 9.035036904803958 157.83306151168864
      vertex 2.831559480312316 9.05716446081308 157.65275161697636
    endloop
  endfacet
  facet normal -0.4067366430757986 -0.9135454576426015 0
    outer loop
      vertex 3.197409101749103 8.918499340402413 129.2535782507653
      vertex 3.197409101749103 8.918499340402413 158.2864217492347
      vertex 2.9356614465620003 9.035036904803958 157.83306151168864
    endloop
  endfacet
  facet normal -0.7431448254773939 -0.6691306063588587 -1.1865744861336412e-19
    outer loop
      vertex 6.356740760409153 7.059875842035245 30
      vertex 7.685661446562001 5.583959896778495 30
      vertex 7.685661446562001 5.583959896778495 389.65000000000003
    endloop
  endfacet
  facet normal -0.5877852522924731 -0.8090169943749473 0
    outer loop
      vertex 4.75 8.227241335952167 30
      vertex 6.356740760409153 7.059875842035245 30
      vertex 4.75 8.227241335952167 389.65000000000003
    endloop
  endfacet
  facet normal 0 -1 0
    outer loop
      vertex 0.3658496214367871 9.447958005998597 163.19082663378896
      vertex 0.3658496214367871 9.447958005998597 170.83917336621104
      vertex -0.3658496214367871 9.447958005998597 170.83917336621104
    endloop
  endfacet
  facet normal 0 -1 0
    outer loop
      vertex 0.3658496214367871 9.447958005998597 163.19082663378896
      vertex 0.993020401042708 9.447958005998597 163.05751736929602
      vertex 0.3658496214367871 9.447958005998597 170.83917336621104
    endloop
  endfacet
  facet normal 0 -1 0
    outer loop
      vertex 0.3658496214367871 9.447958005998597 170.83917336621104
      vertex 0.993020401042708 9.447958005998597 163.05751736929602
      vertex 0.993020401042708 9.447958005998597 170.97248263070398
    endloop
  endfacet
  facet normal -0.20791169081776678 -0.978147600733804 0
    outer loop
      vertex 0.993020401042708 9.447958005998597 163.05751736929602
      vertex 1.0815594803123159 9.429138443735619 163.03869780703303
      vertex 0.993020401042708 9.447958005998597 170.97248263070398
    endloop
  endfacet
  facet normal -0.20791169081776678 -0.978147600733804 0
    outer loop
      vertex 1.0815594803123159 9.429138443735619 163.03869780703303
      vertex 1.0815594803123159 9.429138443735619 170.99130219296697
      vertex 0.993020401042708 9.447958005998597 170.97248263070398
    endloop
  endfacet
  facet normal -0.20791169081775807 -0.9781476007338059 0
    outer loop
      vertex 1.0815594803123159 9.429138443735619 163.03869780703303
      vertex 1.75 9.287057025189883 162.74108891324553
      vertex 1.0815594803123159 9.429138443735619 170.99130219296697
    endloop
  endfacet
  facet normal -0.20791169081775804 -0.9781476007338059 5.579508133836697e-19
    outer loop
      vertex 1.0815594803123159 9.429138443735619 170.99130219296697
      vertex 1.75 9.287057025189883 162.74108891324553
      vertex 1.75 9.287057025189883 171.28891108675447
    endloop
  endfacet
  facet normal -0.20791169081775993 -0.9781476007338056 0
    outer loop
      vertex 1.75 9.287057025189883 162.74108891324553
      vertex 2.341957122256004 9.161232654627065 162.3110068891709
      vertex 1.75 9.287057025189883 171.28891108675447
    endloop
  endfacet
  facet normal -0.20791169081775995 -0.9781476007338056 0
    outer loop
      vertex 2.341957122256004 9.161232654627065 162.3110068891709
      vertex 2.341957122256004 9.161232654627065 171.7189931108291
      vertex 1.75 9.287057025189883 171.28891108675447
    endloop
  endfacet
  facet normal 0 -1 0
    outer loop
      vertex 0.3658496214367871 9.447958005998597 177.80082663378894
      vertex 0.993020401042708 9.447958005998597 177.667517369296
      vertex 0.3658496214367871 9.447958005998597 197.63917336621105
    endloop
  endfacet
  facet normal -0.20791169081776678 -0.9781476007338041 0
    outer loop
      vertex 0.993020401042708 9.447958005998597 177.667517369296
      vertex 1.0815594803123159 9.429138443735619 177.64869780703302
      vertex 0.993020401042708 9.447958005998597 197.772482630704
    endloop
  endfacet
  facet normal -0.2079116908177581 -0.9781476007338059 0
    outer loop
      vertex 1.0815594803123159 9.429138443735619 177.64869780703302
      vertex 1.75 9.287057025189883 177.35108891324552
      vertex 1.0815594803123159 9.429138443735619 197.79130219296698
    endloop
  endfacet
  facet normal -0.20791169081775993 -0.9781476007338056 0
    outer loop
      vertex 1.75 9.287057025189883 177.35108891324552
      vertex 2.341957122256004 9.161232654627065 176.92100688917088
      vertex 1.75 9.287057025189883 198.08891108675448
    endloop
  endfacet
  facet normal -0.4067366430758039 -0.9135454576425991 0
    outer loop
      vertex 3.197409101749103 8.918499340402413 161.1335782507653
      vertex 3.42351660256832 8.817829795074273 160.43769091786217
      vertex 3.197409101749103 8.918499340402413 172.8964217492347
    endloop
  endfacet
  facet normal -0.4067366430757953 -0.913545457642603 2.769072989637944e-20
    outer loop
      vertex 3.5 8.783777192587836 159.71
      vertex 3.42351660256832 8.817829795074273 173.59230908213783
      vertex 3.42351660256832 8.817829795074273 160.43769091786217
    endloop
  endfacet
  facet normal -0.4067366430758039 -0.9135454576425992 0
    outer loop
      vertex 3.42351660256832 8.817829795074273 160.43769091786217
      vertex 3.42351660256832 8.817829795074273 173.59230908213783
      vertex 3.197409101749103 8.918499340402413 172.8964217492347
    endloop
  endfacet
  facet normal -0.4067366430757954 -0.9135454576426031 0
    outer loop
      vertex 3.5 8.783777192587836 159.71
      vertex 3.5 8.783777192587836 174.32
      vertex 3.42351660256832 8.817829795074273 173.59230908213783
    endloop
  endfacet
  facet normal -0.406736643075804 -0.9135454576425992 3.6116292386294796e-20
    outer loop
      vertex 3.42351660256832 8.817829795074273 175.04769091786216
      vertex 3.197409101749103 8.918499340402413 199.6964217492347
      vertex 3.197409101749103 8.918499340402413 175.7435782507653
    endloop
  endfacet
  facet normal -0.4067366430757954 -0.9135454576426031 0
    outer loop
      vertex 3.42351660256832 8.817829795074273 175.04769091786216
      vertex 3.5 8.783777192587836 174.32
      vertex 3.42351660256832 8.817829795074273 200.39230908213784
    endloop
  endfacet
  facet normal -0.40673664307579854 -0.9135454576426015 0
    outer loop
      vertex 2.9356614465620003 9.035036904803958 161.58693848831138
      vertex 3.197409101749103 8.918499340402413 161.1335782507653
      vertex 2.9356614465620003 9.035036904803958 172.44306151168863
    endloop
  endfacet
  facet normal -0.2079116908177679 -0.9781476007338038 -3.2115665690036846e-20
    outer loop
      vertex 2.9356614465620003 9.035036904803958 161.58693848831138
      vertex 2.831559480312316 9.05716446081308 172.26275161697635
      vertex 2.831559480312316 9.05716446081308 161.76724838302366
    endloop
  endfacet
  facet normal -0.20791169081775998 -0.9781476007338056 0
    outer loop
      vertex 2.341957122256004 9.161232654627065 162.3110068891709
      vertex 2.831559480312316 9.05716446081308 161.76724838302366
      vertex 2.341957122256004 9.161232654627065 171.7189931108291
    endloop
  endfacet
  facet normal -0.20791169081776 -0.9781476007338055 -4.3670553341515984e-20
    outer loop
      vertex 2.341957122256004 9.161232654627065 171.7189931108291
      vertex 2.831559480312316 9.05716446081308 161.76724838302366
      vertex 2.831559480312316 9.05716446081308 172.26275161697635
    endloop
  endfacet
  facet normal -0.2079116908177679 -0.9781476007338038 0
    outer loop
      vertex 2.9356614465620003 9.035036904803958 161.58693848831138
      vertex 2.9356614465620003 9.035036904803958 172.44306151168863
      vertex 2.831559480312316 9.05716446081308 172.26275161697635
    endloop
  endfacet
  facet normal -0.40673664307579865 -0.9135454576426016 0
    outer loop
      vertex 3.197409101749103 8.918499340402413 161.1335782507653
      vertex 3.197409101749103 8.918499340402413 172.8964217492347
      vertex 2.9356614465620003 9.035036904803958 172.44306151168863
    endloop
  endfacet
  facet normal -0.20791169081775998 -0.9781476007338055 0
    outer loop
      vertex 2.341957122256004 9.161232654627065 176.92100688917088
      vertex 2.831559480312316 9.05716446081308 176.37724838302364
      vertex 2.341957122256004 9.161232654627065 198.51899311082911
    endloop
  endfacet
  facet normal -0.40673664307579865 -0.9135454576426015 0
    outer loop
      vertex 2.9356614465620003 9.035036904803958 176.19693848831136
      vertex 3.197409101749103 8.918499340402413 175.7435782507653
      vertex 2.9356614465620003 9.035036904803958 199.24306151168864
    endloop
  endfacet
  facet normal -0.2079116908177679 -0.9781476007338039 0
    outer loop
      vertex 2.831559480312316 9.05716446081308 176.37724838302364
      vertex 2.9356614465620003 9.035036904803958 176.19693848831136
      vertex 2.831559480312316 9.05716446081308 199.06275161697636
    endloop
  endfacet
  facet normal 0 -1 0
    outer loop
      vertex 0.3658496214367871 9.447958005998597 177.80082663378894
      vertex 0.3658496214367871 9.447958005998597 197.63917336621105
      vertex -0.3658496214367871 9.447958005998597 197.63917336621105
    endloop
  endfacet
  facet normal 0 -1 0
    outer loop
      vertex 0.993020401042708 9.447958005998597 177.667517369296
      vertex 0.993020401042708 9.447958005998597 197.772482630704
      vertex 0.3658496214367871 9.447958005998597 197.63917336621105
    endloop
  endfacet
  facet normal -0.20791169081776678 -0.978147600733804 0
    outer loop
      vertex 1.0815594803123159 9.429138443735619 177.64869780703302
      vertex 1.0815594803123159 9.429138443735619 197.79130219296698
      vertex 0.993020401042708 9.447958005998597 197.772482630704
    endloop
  endfacet
  facet normal -0.2079116908177581 -0.9781476007338059 0
    outer loop
      vertex 1.75 9.287057025189883 177.35108891324552
      vertex 1.75 9.287057025189883 198.08891108675448
      vertex 1.0815594803123159 9.429138443735619 197.79130219296698
    endloop
  endfacet
  facet normal -0.20791169081775993 -0.9781476007338055 0
    outer loop
      vertex 2.341957122256004 9.161232654627065 176.92100688917088
      vertex 2.341957122256004 9.161232654627065 198.51899311082911
      vertex 1.75 9.287057025189883 198.08891108675448
    endloop
  endfacet
  facet normal 0 -1 0
    outer loop
      vertex 0.3658496214367871 9.447958005998597 204.60082663378896
      vertex 0.993020401042708 9.447958005998597 204.46751736929602
      vertex 0.3658496214367871 9.447958005998597 221.51917336621105
    endloop
  endfacet
  facet normal -0.20791169081776678 -0.9781476007338041 0
    outer loop
      vertex 0.993020401042708 9.447958005998597 204.46751736929602
      vertex 1.0815594803123159 9.429138443735619 204.44869780703303
      vertex 0.993020401042708 9.447958005998597 221.652482630704
    endloop
  endfacet
  facet normal -0.20791169081775804 -0.9781476007338059 0
    outer loop
      vertex 1.0815594803123159 9.429138443735619 204.44869780703303
      vertex 1.75 9.287057025189883 204.15108891324553
      vertex 1.0815594803123159 9.429138443735619 221.67130219296698
    endloop
  endfacet
  facet normal -0.20791169081775993 -0.9781476007338055 0
    outer loop
      vertex 1.75 9.287057025189883 204.15108891324553
      vertex 2.341957122256004 9.161232654627065 203.7210068891709
      vertex 1.75 9.287057025189883 221.96891108675447
    endloop
  endfacet
  facet normal -0.4067366430758039 -0.9135454576425992 0
    outer loop
      vertex 3.42351660256832 8.817829795074273 175.04769091786216
      vertex 3.42351660256832 8.817829795074273 200.39230908213784
      vertex 3.197409101749103 8.918499340402413 199.6964217492347
    endloop
  endfacet
  facet normal -0.4067366430757953 -0.9135454576426031 0
    outer loop
      vertex 3.5 8.783777192587836 174.32
      vertex 3.5 8.783777192587836 201.12
      vertex 3.42351660256832 8.817829795074273 200.39230908213784
    endloop
  endfacet
  facet normal -0.406736643075804 -0.9135454576425992 4.113033500852302e-20
    outer loop
      vertex 3.42351660256832 8.817829795074273 201.84769091786217
      vertex 3.197409101749103 8.918499340402413 223.5764217492347
      vertex 3.197409101749103 8.918499340402413 202.5435782507653
    endloop
  endfacet
  facet normal -0.4067366430757954 -0.9135454576426031 0
    outer loop
      vertex 3.42351660256832 8.817829795074273 201.84769091786217
      vertex 3.5 8.783777192587836 201.12
      vertex 3.42351660256832 8.817829795074273 224.27230908213784
    endloop
  endfacet
  facet normal -0.4067366430757997 -0.9135454576426011 -6.3066431105013715e-19
    outer loop
      vertex 4.75 8.227241335952167 30
      vertex 4.275 8.43872496147372 389.6
      vertex 3.5 8.783777192587836 225
    endloop
  endfacet
  facet normal -0.20791169081776 -0.9781476007338056 -2.0204287694107398e-20
    outer loop
      vertex 2.341957122256004 9.161232654627065 198.51899311082911
      vertex 2.831559480312316 9.05716446081308 176.37724838302364
      vertex 2.831559480312316 9.05716446081308 199.06275161697636
    endloop
  endfacet
  facet normal -0.20791169081776795 -0.9781476007338039 0
    outer loop
      vertex 2.9356614465620003 9.035036904803958 176.19693848831136
      vertex 2.9356614465620003 9.035036904803958 199.24306151168864
      vertex 2.831559480312316 9.05716446081308 199.06275161697636
    endloop
  endfacet
  facet normal -0.40673664307579865 -0.9135454576426015 0
    outer loop
      vertex 3.197409101749103 8.918499340402413 175.7435782507653
      vertex 3.197409101749103 8.918499340402413 199.6964217492347
      vertex 2.9356614465620003 9.035036904803958 199.24306151168864
    endloop
  endfacet
  facet normal -0.20791169081776004 -0.9781476007338056 0
    outer loop
      vertex 2.341957122256004 9.161232654627065 203.7210068891709
      vertex 2.831559480312316 9.05716446081308 203.17724838302365
      vertex 2.341957122256004 9.161232654627065 222.3989931108291
    endloop
  endfacet
  facet normal -0.40673664307579865 -0.9135454576426015 0
    outer loop
      vertex 2.9356614465620003 9.035036904803958 202.99693848831137
      vertex 3.197409101749103 8.918499340402413 202.5435782507653
      vertex 2.9356614465620003 9.035036904803958 223.12306151168863
    endloop
  endfacet
  facet normal -0.20791169081776792 -0.9781476007338038 -1.7053452630101236e-20
    outer loop
      vertex 2.9356614465620003 9.035036904803958 202.99693848831137
      vertex 2.831559480312316 9.05716446081308 222.94275161697635
      vertex 2.831559480312316 9.05716446081308 203.17724838302365
    endloop
  endfacet
  facet normal -0.9510565162951533 -0.3090169943749481 0
    outer loop
      vertex 8.678681847604707 3.863998109220102 30
      vertex 9.292402206971154 1.9751610627687137 389.65000000000003
      vertex 8.678681847604707 3.863998109220102 389.65000000000003
    endloop
  endfacet
  facet normal -0.866025403784439 -0.4999999999999992 0
    outer loop
      vertex 7.685661446562001 5.583959896778495 30
      vertex 8.678681847604707 3.863998109220102 389.65000000000003
      vertex 7.685661446562001 5.583959896778495 389.65000000000003
    endloop
  endfacet
  facet normal 0 -1 0
    outer loop
      vertex 0.3658496214367871 9.447958005998597 204.60082663378896
      vertex 0.3658496214367871 9.447958005998597 221.51917336621105
      vertex -0.3658496214367871 9.447958005998597 221.51917336621105
    endloop
  endfacet
  facet normal 0 -1 0
    outer loop
      vertex 0.993020401042708 9.447958005998597 204.46751736929602
      vertex 0.993020401042708 9.447958005998597 221.652482630704
      vertex 0.3658496214367871 9.447958005998597 221.51917336621105
    endloop
  endfacet
  facet normal -0.20791169081776678 -0.978147600733804 0
    outer loop
      vertex 1.0815594803123159 9.429138443735619 204.44869780703303
      vertex 1.0815594803123159 9.429138443735619 221.67130219296698
      vertex 0.993020401042708 9.447958005998597 221.652482630704
    endloop
  endfacet
  facet normal -0.20791169081775804 -0.9781476007338059 0
    outer loop
      vertex 1.75 9.287057025189883 204.15108891324553
      vertex 1.75 9.287057025189883 221.96891108675447
      vertex 1.0815594803123159 9.429138443735619 221.67130219296698
    endloop
  endfacet
  facet normal -0.20791169081775995 -0.9781476007338055 0
    outer loop
      vertex 2.341957122256004 9.161232654627065 203.7210068891709
      vertex 2.341957122256004 9.161232654627065 222.3989931108291
      vertex 1.75 9.287057025189883 221.96891108675447
    endloop
  endfacet
  facet normal -0.4067366430758039 -0.9135454576425992 0
    outer loop
      vertex 3.42351660256832 8.817829795074273 201.84769091786217
      vertex 3.42351660256832 8.817829795074273 224.27230908213784
      vertex 3.197409101749103 8.918499340402413 223.5764217492347
    endloop
  endfacet
  facet normal -0.4067366430757954 -0.9135454576426031 0
    outer loop
      vertex 3.5 8.783777192587836 201.12
      vertex 3.5 8.783777192587836 225
      vertex 3.42351660256832 8.817829795074273 224.27230908213784
    endloop
  endfacet
  facet normal -0.20791169081776 -0.9781476007338056 0
    outer loop
      vertex 2.831559480312316 9.05716446081308 203.17724838302365
      vertex 2.831559480312316 9.05716446081308 222.94275161697635
      vertex 2.341957122256004 9.161232654627065 222.3989931108291
    endloop
  endfacet
  facet normal -0.20791169081776795 -0.9781476007338039 0
    outer loop
      vertex 2.9356614465620003 9.035036904803958 202.99693848831137
      vertex 2.9356614465620003 9.035036904803958 223.12306151168863
      vertex 2.831559480312316 9.05716446081308 222.94275161697635
    endloop
  endfacet
  facet normal -0.4067366430757987 -0.9135454576426016 0
    outer loop
      vertex 3.197409101749103 8.918499340402413 202.5435782507653
      vertex 3.197409101749103 8.918499340402413 223.5764217492347
      vertex 2.9356614465620003 9.035036904803958 223.12306151168863
    endloop
  endfacet
  facet normal 0 -1 0
    outer loop
      vertex -0.3658496214367871 9.447958005998597 228.48082663378895
      vertex 0.3658496214367871 9.447958005998597 228.48082663378895
      vertex 0.993020401042708 9.447958005998597 389.6
    endloop
  endfacet
  facet normal 0 -1 0
    outer loop
      vertex 0.3658496214367871 9.447958005998597 228.48082663378895
      vertex 0.993020401042708 9.447958005998597 228.347517369296
      vertex 0.993020401042708 9.447958005998597 389.6
    endloop
  endfacet
  facet normal -0.20791169081776678 -0.9781476007338041 8.473776919283104e-17
    outer loop
      vertex 0.993020401042708 9.447958005998597 228.347517369296
      vertex 1.0815594803123159 9.429138443735619 228.32869780703302
      vertex 2.9356614465620003 9.035036904803958 389.6
    endloop
  endfacet
  facet normal -0.20791169081775993 -0.9781476007338056 -5.591272886183073e-18
    outer loop
      vertex 1.75 9.287057025189883 228.03108891324553
      vertex 2.341957122256004 9.161232654627065 227.6010068891709
      vertex 2.9356614465620003 9.035036904803958 389.6
    endloop
  endfacet
  facet normal -0.2079116908177581 -0.9781476007338059 -1.948712414761836e-17
    outer loop
      vertex 1.0815594803123159 9.429138443735619 228.32869780703302
      vertex 1.75 9.287057025189883 228.03108891324553
      vertex 2.9356614465620003 9.035036904803958 389.6
    endloop
  endfacet
  facet normal -0.40673664307579555 -0.913545457642603 -2.4259461229760402e-17
    outer loop
      vertex 3.42351660256832 8.817829795074273 225.72769091786216
      vertex 3.5 8.783777192587836 225
      vertex 4.275 8.43872496147372 389.6
    endloop
  endfacet
  facet normal -0.4067366430757987 -0.9135454576426015 -1.3751036158500218e-17
    outer loop
      vertex 2.9356614465620003 9.035036904803958 226.87693848831137
      vertex 3.197409101749103 8.918499340402413 226.4235782507653
      vertex 4.275 8.43872496147372 389.6
    endloop
  endfacet
  facet normal -0.4067366430758038 -0.9135454576425992 2.7479562055561245e-17
    outer loop
      vertex 3.197409101749103 8.918499340402413 226.4235782507653
      vertex 3.42351660256832 8.817829795074273 225.72769091786216
      vertex 4.275 8.43872496147372 389.6
    endloop
  endfacet
  facet normal -0.4067366430757994 -0.9135454576426013 0
    outer loop
      vertex 4.75 8.227241335952167 30
      vertex 4.75 8.227241335952167 389.65000000000003
      vertex 4.275 8.43872496147372 389.65000000000003
    endloop
  endfacet
  facet normal -0.40673664307605467 -0.9135454576424876 1.142251206253439e-16
    outer loop
      vertex 4.75 8.227241335952167 30
      vertex 4.275 8.43872496147372 389.65000000000003
      vertex 4.275 8.43872496147372 389.6
    endloop
  endfacet
  facet normal -0.20791169081776004 -0.9781476007338055 -5.275971911022853e-18
    outer loop
      vertex 2.341957122256004 9.161232654627065 227.6010068891709
      vertex 2.831559480312316 9.05716446081308 227.05724838302365
      vertex 2.9356614465620003 9.035036904803958 389.6
    endloop
  endfacet
  facet normal -0.20791169081776792 -0.9781476007338039 -2.071433944143885e-21
    outer loop
      vertex 2.831559480312316 9.05716446081308 227.05724838302365
      vertex 2.9356614465620003 9.035036904803958 226.87693848831137
      vertex 2.9356614465620003 9.035036904803958 389.6
    endloop
  endfacet
  facet normal -0.7431448254773939 -0.6691306063588587 0
    outer loop
      vertex 6.356740760409153 7.059875842035245 30
      vertex 7.685661446562001 5.583959896778495 389.65000000000003
      vertex 6.356740760409153 7.059875842035245 389.65000000000003
    endloop
  endfacet
  facet normal -0.5877852522924731 -0.8090169943749473 0
    outer loop
      vertex 6.356740760409153 7.059875842035245 30
      vertex 6.356740760409153 7.059875842035245 389.65000000000003
      vertex 4.75 8.227241335952167 389.65000000000003
    endloop
  endfacet
  facet normal 0 0 -1
    outer loop
      vertex -4.275 7.95 389.65000000000003
      vertex 4.275 7.95 389.65000000000003
      vertex 4.75 -8.227241335952167 389.65000000000003
    endloop
  endfacet
  facet normal 0 0 -1
    outer loop
      vertex 4.75 -8.227241335952167 389.65000000000003
      vertex 4.275 7.95 389.65000000000003
      vertex 4.75 8.227241335952167 389.65000000000003
    endloop
  endfacet
  facet normal 0 0 -1
    outer loop
      vertex 6.356740760409153 -7.059875842035245 389.65000000000003
      vertex 4.75 8.227241335952167 389.65000000000003
      vertex 6.356740760409153 7.059875842035245 389.65000000000003
    endloop
  endfacet
  facet normal 0 0 -1
    outer loop
      vertex 7.685661446562001 -5.583959896778495 389.65000000000003
      vertex 6.356740760409153 7.059875842035245 389.65000000000003
      vertex 7.685661446562001 5.583959896778495 389.65000000000003
    endloop
  endfacet
  facet normal -0.20791169081776006 -0.9781476007338056 0
    outer loop
      vertex 0.993020401042708 9.447958005998597 228.347517369296
      vertex 2.9356614465620003 9.035036904803958 389.6
      vertex 0.993020401042708 9.447958005998597 389.6
    endloop
  endfacet
  facet normal -0.40673664307580004 -0.913545457642601 0
    outer loop
      vertex 2.9356614465620003 9.035036904803958 226.87693848831137
      vertex 4.275 8.43872496147372 389.6
      vertex 2.9356614465620003 9.035036904803958 389.6
    endloop
  endfacet
  facet normal 0 0 -1
    outer loop
      vertex 4.275 7.95 389.65000000000003
      vertex 4.275 8.43872496147372 389.65000000000003
      vertex 4.75 8.227241335952167 389.65000000000003
    endloop
  endfacet
  facet normal 0.7431448254770908 0.6691306063591952 -3.490174958261869e-19
    outer loop
      vertex 18.528581365110753 -4.703078683031459 154.91000000000003
      vertex 18.52786404500042 -4.702282018339785 154.91000000000003
      vertex 18.52786404500042 -4.702282018339785 155.01000000000002
    endloop
  endfacet
  facet normal 0.9945218953682734 0.10452846326765322 2.5913426152836937e-17
    outer loop
      vertex 17.174819194129554 -1.6632935265420747 154.91000000000003
      vertex 17 0 154.91000000000003
      vertex 17 0 155.01000000000002
    endloop
  endfacet
  facet normal 0 1 0
    outer loop
      vertex 24.163772293858774 -7.956175162946186 154.91000000000003
      vertex 25.836227706141226 -7.956175162946186 155.01000000000002
      vertex 25.836227706141226 -7.956175162946186 154.91000000000003
    endloop
  endfacet
  facet normal -0.20791169081709668 0.9781476007339465 -2.4774524118207874e-20
    outer loop
      vertex 27.471087363083125 -7.608675015453584 154.91000000000003
      vertex 27.47213595499958 -7.608452130361228 155.01000000000002
      vertex 27.47213595499958 -7.608452130361228 154.91000000000003
    endloop
  endfacet
  facet normal -0.9945218953682734 -0.10452846326765322 0
    outer loop
      vertex 33 0 155.01000000000002
      vertex 32.825180805870446 1.6632935265420747 154.91000000000003
      vertex 33 0 154.91000000000003
    endloop
  endfacet
  facet normal 0.7431448254778051 0.6691306063584019 0
    outer loop
      vertex 19.646955149129134 -5.945158603819154 154.91000000000003
      vertex 19.64647841269558 -5.944629134369772 155.01000000000002
      vertex 19.646955149129134 -5.945158603819154 389.65000000000003
    endloop
  endfacet
  facet normal 0.7431448254773942 0.6691306063588582 1.864355754220098e-18
    outer loop
      vertex 19.64647841269558 -5.944629134369772 155.01000000000002
      vertex 18.52786404500042 -4.702282018339785 389.65000000000003
      vertex 19.646955149129134 -5.945158603819154 389.65000000000003
    endloop
  endfacet
  facet normal 0.743144825477394 0.6691306063588583 0
    outer loop
      vertex 18.52786404500042 -4.702282018339785 155.01000000000002
      vertex 18.52786404500042 -4.702282018339785 389.65000000000003
      vertex 19.64647841269558 -5.944629134369772 155.01000000000002
    endloop
  endfacet
  facet normal 0.8660254037844389 0.49999999999999933 0
    outer loop
      vertex 18.52786404500042 -4.702282018339785 155.01000000000002
      vertex 18.52786404500042 -4.702282018339785 154.91000000000003
      vertex 17.691636338859194 -3.2538931446064017 389.65000000000003
    endloop
  endfacet
  facet normal 0.866025403784439 0.49999999999999944 -2.1437901279807622e-19
    outer loop
      vertex 18.52786404500042 -4.702282018339785 154.91000000000003
      vertex 17.691636338859194 -3.2538931446064017 154.91000000000003
      vertex 17.691636338859194 -3.2538931446064017 389.65000000000003
    endloop
  endfacet
  facet normal 0.9510565162951533 0.3090169943749483 3.24187562919705e-20
    outer loop
      vertex 17.691636338859194 -3.2538931446064017 154.91000000000003
      vertex 17.174819194129554 -1.6632935265420747 154.91000000000003
      vertex 17.174819194129554 -1.6632935265420747 389.65000000000003
    endloop
  endfacet
  facet normal 0.866025403784439 0.49999999999999944 0
    outer loop
      vertex 18.52786404500042 -4.702282018339785 155.01000000000002
      vertex 17.691636338859194 -3.2538931446064017 389.65000000000003
      vertex 18.52786404500042 -4.702282018339785 389.65000000000003
    endloop
  endfacet
  facet normal 0.9510565162951533 0.3090169943749483 0
    outer loop
      vertex 17.691636338859194 -3.2538931446064017 154.91000000000003
      vertex 17.174819194129554 -1.6632935265420747 389.65000000000003
      vertex 17.691636338859194 -3.2538931446064017 389.65000000000003
    endloop
  endfacet
  facet normal 0.9945218953682733 0.10452846326765323 1.1043908179694621e-20
    outer loop
      vertex 17.174819194129554 -1.6632935265420747 154.91000000000003
      vertex 17 0 155.01000000000002
      vertex 17 0 389.65000000000003
    endloop
  endfacet
  facet normal 0.9945218953682734 -0.10452846326765322 0
    outer loop
      vertex 17 0 155.01000000000002
      vertex 17 0 154.91000000000003
      vertex 17.174819194129554 1.6632935265420747 389.65000000000003
    endloop
  endfacet
  facet normal 0.9945218953682734 -0.10452846326765322 -1.1039203439054043e-20
    outer loop
      vertex 17 0 154.91000000000003
      vertex 17.174819194129554 1.6632935265420747 154.91000000000003
      vertex 17.174819194129554 1.6632935265420747 389.65000000000003
    endloop
  endfacet
  facet normal 0.9945218953682734 0.10452846326765322 0
    outer loop
      vertex 17.174819194129554 -1.6632935265420747 154.91000000000003
      vertex 17 0 389.65000000000003
      vertex 17.174819194129554 -1.6632935265420747 389.65000000000003
    endloop
  endfacet
  facet normal 0.9945218953682733 -0.10452846326765323 0
    outer loop
      vertex 17 0 155.01000000000002
      vertex 17.174819194129554 1.6632935265420747 389.65000000000003
      vertex 17 0 389.65000000000003
    endloop
  endfacet
  facet normal 0.9510565162951533 -0.3090169943749483 0
    outer loop
      vertex 17.174819194129554 1.6632935265420747 154.91000000000003
      vertex 17.691636338859194 3.2538931446064017 389.65000000000003
      vertex 17.174819194129554 1.6632935265420747 389.65000000000003
    endloop
  endfacet
  facet normal 0 0 -1
    outer loop
      vertex 18.52786404500042 -4.702282018339785 389.65000000000003
      vertex 17.691636338859194 -3.2538931446064017 389.65000000000003
      vertex 17.691636338859194 3.2538931446064017 389.65000000000003
    endloop
  endfacet
  facet normal 0 0 -1
    outer loop
      vertex 18.52786404500042 -4.702282018339785 389.65000000000003
      vertex 18.52786404500042 4.702282018339785 389.65000000000003
      vertex 19.646955149129134 -5.945158603819154 389.65000000000003
    endloop
  endfacet
  facet normal 0 0 -1
    outer loop
      vertex 17.691636338859194 -3.2538931446064017 389.65000000000003
      vertex 17.174819194129554 -1.6632935265420747 389.65000000000003
      vertex 17.174819194129554 1.6632935265420747 389.65000000000003
    endloop
  endfacet
  facet normal 0 0 -1
    outer loop
      vertex 17.174819194129554 -1.6632935265420747 389.65000000000003
      vertex 17 0 389.65000000000003
      vertex 17.174819194129554 1.6632935265420747 389.65000000000003
    endloop
  endfacet
  facet normal 0 0 -1
    outer loop
      vertex 17.691636338859194 -3.2538931446064017 389.65000000000003
      vertex 17.174819194129554 1.6632935265420747 389.65000000000003
      vertex 17.691636338859194 3.2538931446064017 389.65000000000003
    endloop
  endfacet
  facet normal 0 0 -1
    outer loop
      vertex 18.52786404500042 -4.702282018339785 389.65000000000003
      vertex 17.691636338859194 3.2538931446064017 389.65000000000003
      vertex 18.52786404500042 4.702282018339785 389.65000000000003
    endloop
  endfacet
  facet normal 0 0 -1
    outer loop
      vertex 19.646955149129134 -5.945158603819154 389.65000000000003
      vertex 18.52786404500042 4.702282018339785 389.65000000000003
      vertex 19.646955149129134 5.945158603819154 389.65000000000003
    endloop
  endfacet
  facet normal 0.40673664307580026 0.9135454576426009 -7.452557817658204e-20
    outer loop
      vertex 21 -6.928203230275509 154.91000000000003
      vertex 22.52786404500042 -7.608452130361228 389.65000000000003
      vertex 22.52786404500042 -7.608452130361228 154.91000000000003
    endloop
  endfacet
  facet normal 0.20791169081775912 0.9781476007338058 0
    outer loop
      vertex 24.163772293858774 -7.956175162946186 154.91000000000003
      vertex 22.52786404500042 -7.608452130361228 154.91000000000003
      vertex 24.163772293858774 -7.956175162946186 389.65000000000003
    endloop
  endfacet
  facet normal 0.5877852522924729 0.8090169943749477 1.4903498142982736e-19
    outer loop
      vertex 19.646955149129134 -5.945158603819154 154.91000000000003
      vertex 21 -6.928203230275509 389.65000000000003
      vertex 21 -6.928203230275509 154.91000000000003
    endloop
  endfacet
  facet normal 0 1 0
    outer loop
      vertex 24.163772293858774 -7.956175162946186 154.91000000000003
      vertex 25.836227706141226 -7.956175162946186 389.65000000000003
      vertex 25.836227706141226 -7.956175162946186 155.01000000000002
    endloop
  endfacet
  facet normal -0.20791169081775912 0.9781476007338057 -8.129317113782215e-20
    outer loop
      vertex 25.836227706141226 -7.956175162946186 155.01000000000002
      vertex 27.47213595499958 -7.608452130361228 389.65000000000003
      vertex 27.47213595499958 -7.608452130361228 155.01000000000002
    endloop
  endfacet
  facet normal -0.40673664307580026 0.9135454576426009 0
    outer loop
      vertex 27.47213595499958 -7.608452130361228 155.01000000000002
      vertex 29 -6.928203230275509 389.65000000000003
      vertex 27.47213595499958 -7.608452130361228 154.91000000000003
    endloop
  endfacet
  facet normal -0.40673664307580026 0.9135454576426009 7.452557817658204e-20
    outer loop
      vertex 27.47213595499958 -7.608452130361228 154.91000000000003
      vertex 29 -6.928203230275509 389.65000000000003
      vertex 29 -6.928203230275509 154.91000000000003
    endloop
  endfacet
  facet normal -0.5877852522924729 0.8090169943749477 -1.4903498142982736e-19
    outer loop
      vertex 29 -6.928203230275509 154.91000000000003
      vertex 30.353044850870866 -5.945158603819154 389.65000000000003
      vertex 30.353044850870866 -5.945158603819154 154.91000000000003
    endloop
  endfacet
  facet normal 0.20791169081775912 0.9781476007338058 0
    outer loop
      vertex 22.52786404500042 -7.608452130361228 154.91000000000003
      vertex 22.52786404500042 -7.608452130361228 389.65000000000003
      vertex 24.163772293858774 -7.956175162946186 389.65000000000003
    endloop
  endfacet
  facet normal 0 1 0
    outer loop
      vertex 24.163772293858774 -7.956175162946186 154.91000000000003
      vertex 24.163772293858774 -7.956175162946186 389.65000000000003
      vertex 25.836227706141226 -7.956175162946186 389.65000000000003
    endloop
  endfacet
  facet normal 0.40673664307580026 0.9135454576426009 0
    outer loop
      vertex 21 -6.928203230275509 154.91000000000003
      vertex 21 -6.928203230275509 389.65000000000003
      vertex 22.52786404500042 -7.608452130361228 389.65000000000003
    endloop
  endfacet
  facet normal 0.5877852522924729 0.8090169943749477 0
    outer loop
      vertex 19.646955149129134 -5.945158603819154 154.91000000000003
      vertex 19.646955149129134 -5.945158603819154 389.65000000000003
      vertex 21 -6.928203230275509 389.65000000000003
    endloop
  endfacet
  facet normal -0.20791169081775912 0.9781476007338057 0
    outer loop
      vertex 25.836227706141226 -7.956175162946186 155.01000000000002
      vertex 25.836227706141226 -7.956175162946186 389.65000000000003
      vertex 27.47213595499958 -7.608452130361228 389.65000000000003
    endloop
  endfacet
  facet normal -0.40673664307580026 0.9135454576426009 0
    outer loop
      vertex 27.47213595499958 -7.608452130361228 155.01000000000002
      vertex 27.47213595499958 -7.608452130361228 389.65000000000003
      vertex 29 -6.928203230275509 389.65000000000003
    endloop
  endfacet
  facet normal -0.5877852522924729 0.8090169943749477 0
    outer loop
      vertex 29 -6.928203230275509 154.91000000000003
      vertex 29 -6.928203230275509 389.65000000000003
      vertex 30.353044850870866 -5.945158603819154 389.65000000000003
    endloop
  endfacet
  facet normal -0.7431448254773942 0.6691306063588582 0
    outer loop
      vertex 30.353044850870866 -5.945158603819154 154.91000000000003
      vertex 30.353044850870866 -5.945158603819154 389.65000000000003
      vertex 31.47213595499958 -4.702282018339785 154.91000000000003
    endloop
  endfacet
  facet normal -0.866025403784438 0.5000000000000009 0
    outer loop
      vertex 31.47213595499958 -4.702282018339785 154.91000000000003
      vertex 31.47213595499958 -4.702282018339785 389.65000000000003
      vertex 32.30836366114081 -3.2538931446064017 154.91000000000003
    endloop
  endfacet
  facet normal -0.9510565162951539 0.30901699437494634 0
    outer loop
      vertex 32.30836366114081 -3.2538931446064017 154.91000000000003
      vertex 32.30836366114081 -3.2538931446064017 389.65000000000003
      vertex 32.825180805870446 -1.6632935265420747 154.91000000000003
    endloop
  endfacet
  facet normal -0.7431448254773942 0.6691306063588582 0
    outer loop
      vertex 31.47213595499958 -4.702282018339785 154.91000000000003
      vertex 30.353044850870866 -5.945158603819154 389.65000000000003
      vertex 31.47213595499958 -4.702282018339785 389.65000000000003
    endloop
  endfacet
  facet normal -0.866025403784438 0.5000000000000009 0
    outer loop
      vertex 32.30836366114081 -3.2538931446064017 154.91000000000003
      vertex 31.47213595499958 -4.702282018339785 389.65000000000003
      vertex 32.30836366114081 -3.2538931446064017 389.65000000000003
    endloop
  endfacet
  facet normal -0.9510565162951539 0.30901699437494634 0
    outer loop
      vertex 32.825180805870446 -1.6632935265420747 154.91000000000003
      vertex 32.30836366114081 -3.2538931446064017 389.65000000000003
      vertex 32.825180805870446 -1.6632935265420747 389.65000000000003
    endloop
  endfacet
  facet normal -0.9945218953682734 0.10452846326765322 0
    outer loop
      vertex 32.825180805870446 -1.6632935265420747 154.91000000000003
      vertex 32.825180805870446 -1.6632935265420747 389.65000000000003
      vertex 33 0 154.91000000000003
    endloop
  endfacet
  facet normal -0.9945218953682734 0.10452846326765322 0
    outer loop
      vertex 33 0 155.01000000000002
      vertex 33 0 154.91000000000003
      vertex 32.825180805870446 -1.6632935265420747 389.65000000000003
    endloop
  endfacet
  facet normal -0.9945218953682733 -0.10452846326765323 0
    outer loop
      vertex 33 0 155.01000000000002
      vertex 33 0 389.65000000000003
      vertex 32.825180805870446 1.6632935265420747 154.91000000000003
    endloop
  endfacet
  facet normal -0.9510565162951539 -0.30901699437494634 0
    outer loop
      vertex 32.825180805870446 1.6632935265420747 154.91000000000003
      vertex 32.825180805870446 1.6632935265420747 389.65000000000003
      vertex 32.30836366114081 3.2538931446064017 154.91000000000003
    endloop
  endfacet
  facet normal -0.9945218953682733 0.10452846326765323 0
    outer loop
      vertex 33 0 155.01000000000002
      vertex 32.825180805870446 -1.6632935265420747 389.65000000000003
      vertex 33 0 389.65000000000003
    endloop
  endfacet
  facet normal -0.9945218953682734 -0.10452846326765322 0
    outer loop
      vertex 32.825180805870446 1.6632935265420747 154.91000000000003
      vertex 33 0 389.65000000000003
      vertex 32.825180805870446 1.6632935265420747 389.65000000000003
    endloop
  endfacet
  facet normal 0 0 -1
    outer loop
      vertex 21 -6.928203230275509 389.65000000000003
      vertex 21 6.928203230275509 389.65000000000003
      vertex 22.52786404500042 -7.608452130361228 389.65000000000003
    endloop
  endfacet
  facet normal 0 0 -1
    outer loop
      vertex 19.646955149129134 -5.945158603819154 389.65000000000003
      vertex 19.646955149129134 5.945158603819154 389.65000000000003
      vertex 21 -6.928203230275509 389.65000000000003
    endloop
  endfacet
  facet normal 0 0 -1
    outer loop
      vertex 24.163772293858774 -7.956175162946186 389.65000000000003
      vertex 22.52786404500042 -7.608452130361228 389.65000000000003
      vertex 21.4 6.45 389.65000000000003
    endloop
  endfacet
  facet normal 0 0 -1
    outer loop
      vertex 24.163772293858774 -7.956175162946186 389.65000000000003
      vertex 21.4 6.45 389.65000000000003
      vertex 25.836227706141226 -7.956175162946186 389.65000000000003
    endloop
  endfacet
  facet normal 0 0 -1
    outer loop
      vertex 25.836227706141226 -7.956175162946186 389.65000000000003
      vertex 21.4 6.45 389.65000000000003
      vertex 27.47213595499958 -7.608452130361228 389.65000000000003
    endloop
  endfacet
  facet normal 0 0 -1
    outer loop
      vertex 27.47213595499958 -7.608452130361228 389.65000000000003
      vertex 21.4 6.45 389.65000000000003
      vertex 29 -6.928203230275509 389.65000000000003
    endloop
  endfacet
  facet normal 0 0 -1
    outer loop
      vertex 29 -6.928203230275509 389.65000000000003
      vertex 29 6.928203230275509 389.65000000000003
      vertex 30.353044850870866 -5.945158603819154 389.65000000000003
    endloop
  endfacet
  facet normal 0 0 -1
    outer loop
      vertex 21 -6.928203230275509 389.65000000000003
      vertex 19.646955149129134 5.945158603819154 389.65000000000003
      vertex 21 6.928203230275509 389.65000000000003
    endloop
  endfacet
  facet normal 0 0 -1
    outer loop
      vertex 22.52786404500042 -7.608452130361228 389.65000000000003
      vertex 21 6.928203230275509 389.65000000000003
      vertex 21.4 6.45 389.65000000000003
    endloop
  endfacet
  facet normal 0 0 -1
    outer loop
      vertex 29 -6.928203230275509 389.65000000000003
      vertex 21.4 6.45 389.65000000000003
      vertex 28.6 6.45 389.65000000000003
    endloop
  endfacet
  facet normal 0 0 -1
    outer loop
      vertex 29 -6.928203230275509 389.65000000000003
      vertex 28.6 6.45 389.65000000000003
      vertex 29 6.928203230275509 389.65000000000003
    endloop
  endfacet
  facet normal 0 0 -1
    outer loop
      vertex 30.353044850870866 -5.945158603819154 389.65000000000003
      vertex 30.353044850870866 5.945158603819154 389.65000000000003
      vertex 31.47213595499958 -4.702282018339785 389.65000000000003
    endloop
  endfacet
  facet normal 0 0 -1
    outer loop
      vertex 31.47213595499958 -4.702282018339785 389.65000000000003
      vertex 31.47213595499958 4.702282018339785 389.65000000000003
      vertex 32.30836366114081 -3.2538931446064017 389.65000000000003
    endloop
  endfacet
  facet normal 0 0 -1
    outer loop
      vertex 32.30836366114081 -3.2538931446064017 389.65000000000003
      vertex 32.30836366114081 3.2538931446064017 389.65000000000003
      vertex 32.825180805870446 -1.6632935265420747 389.65000000000003
    endloop
  endfacet
  facet normal 0 0 -1
    outer loop
      vertex 32.825180805870446 -1.6632935265420747 389.65000000000003
      vertex 32.825180805870446 1.6632935265420747 389.65000000000003
      vertex 33 0 389.65000000000003
    endloop
  endfacet
  facet normal 0 0 -1
    outer loop
      vertex 31.47213595499958 -4.702282018339785 389.65000000000003
      vertex 30.353044850870866 5.945158603819154 389.65000000000003
      vertex 31.47213595499958 4.702282018339785 389.65000000000003
    endloop
  endfacet
  facet normal 0 0 -1
    outer loop
      vertex 32.30836366114081 -3.2538931446064017 389.65000000000003
      vertex 31.47213595499958 4.702282018339785 389.65000000000003
      vertex 32.30836366114081 3.2538931446064017 389.65000000000003
    endloop
  endfacet
  facet normal 0 0 -1
    outer loop
      vertex 32.825180805870446 -1.6632935265420747 389.65000000000003
      vertex 32.30836366114081 3.2538931446064017 389.65000000000003
      vertex 32.825180805870446 1.6632935265420747 389.65000000000003
    endloop
  endfacet
  facet normal 0.40673664307566976 -0.913545457642659 -8.848450525578285e-20
    outer loop
      vertex 21.00097933725082 6.928639259312164 154.91000000000003
      vertex 21 6.928203230275509 155.01000000000002
      vertex 21 6.928203230275509 154.91000000000003
    endloop
  endfacet
  facet normal 0.2079116908177591 -0.9781476007338057 1.5489383035980685e-15
    outer loop
      vertex 22.52786404500042 7.608452130361228 154.91000000000003
      vertex 24.163772293858774 7.956175162946186 154.91000000000003
      vertex 24.163075391648302 7.9560270318085085 155.01000000000002
    endloop
  endfacet
  facet normal 0 -1 0
    outer loop
      vertex 24.163772293858774 7.956175162946186 155.01000000000002
      vertex 24.163772293858774 7.956175162946186 154.91000000000003
      vertex 25.836227706141226 7.956175162946186 154.91000000000003
    endloop
  endfacet
  facet normal -0.7431448254770908 -0.6691306063591952 -3.490174958261869e-19
    outer loop
      vertex 31.471418634889247 4.703078683031459 154.91000000000003
      vertex 31.47213595499958 4.702282018339785 154.91000000000003
      vertex 31.47213595499958 4.702282018339785 155.01000000000002
    endloop
  endfacet
  facet normal 0.9510565162951533 -0.3090169943749483 -3.24187562919705e-20
    outer loop
      vertex 17.174819194129554 1.6632935265420747 154.91000000000003
      vertex 17.691636338859194 3.2538931446064017 154.91000000000003
      vertex 17.691636338859194 3.2538931446064017 389.65000000000003
    endloop
  endfacet
  facet normal 0.866025403784439 -0.49999999999999944 2.1437901279807622e-19
    outer loop
      vertex 17.691636338859194 3.2538931446064017 154.91000000000003
      vertex 18.52786404500042 4.702282018339785 154.91000000000003
      vertex 18.52786404500042 4.702282018339785 389.65000000000003
    endloop
  endfacet
  facet normal 0.7431448254773942 -0.6691306063588582 4.6983660717460344e-20
    outer loop
      vertex 18.52786404500042 4.702282018339785 154.91000000000003
      vertex 19.646955149129134 5.945158603819154 154.91000000000003
      vertex 19.646955149129134 5.945158603819154 389.65000000000003
    endloop
  endfacet
  facet normal 0.866025403784439 -0.49999999999999944 0
    outer loop
      vertex 17.691636338859194 3.2538931446064017 154.91000000000003
      vertex 18.52786404500042 4.702282018339785 389.65000000000003
      vertex 17.691636338859194 3.2538931446064017 389.65000000000003
    endloop
  endfacet
  facet normal 0.7431448254773942 -0.6691306063588582 0
    outer loop
      vertex 18.52786404500042 4.702282018339785 154.91000000000003
      vertex 19.646955149129134 5.945158603819154 389.65000000000003
      vertex 18.52786404500042 4.702282018339785 389.65000000000003
    endloop
  endfacet
  facet normal 0.5877852522924729 -0.8090169943749477 0
    outer loop
      vertex 19.646955149129134 5.945158603819154 154.91000000000003
      vertex 21 6.928203230275509 154.91000000000003
      vertex 19.646955149129134 5.945158603819154 389.65000000000003
    endloop
  endfacet
  facet normal 0.5877852522924729 -0.8090169943749476 0
    outer loop
      vertex 21 6.928203230275509 155.01000000000002
      vertex 19.646955149129134 5.945158603819154 389.65000000000003
      vertex 21 6.928203230275509 154.91000000000003
    endloop
  endfacet
  facet normal 0.4067366430758001 -0.913545457642601 0
    outer loop
      vertex 21 6.928203230275509 155.01000000000002
      vertex 22.5272131699706 7.608162342127401 155.01000000000002
      vertex 21 6.928203230275509 389.65000000000003
    endloop
  endfacet
  facet normal 0.40673664307624274 -0.9135454576424038 0
    outer loop
      vertex 22.52786404500042 7.608452130361228 154.91000000000003
      vertex 22.52786404500042 7.608452130361228 389.6
      vertex 22.5272131699706 7.608162342127401 155.01000000000002
    endloop
  endfacet
  facet normal 0.20791169081775915 -0.9781476007338056 0
    outer loop
      vertex 22.52786404500042 7.608452130361228 154.91000000000003
      vertex 24.163075391648302 7.9560270318085085 155.01000000000002
      vertex 22.52786404500042 7.608452130361228 389.6
    endloop
  endfacet
  facet normal 0.2079116908175683 -0.9781476007338462 0
    outer loop
      vertex 24.163772293858774 7.956175162946186 155.01000000000002
      vertex 24.163772293858774 7.956175162946186 389.6
      vertex 24.163075391648302 7.9560270318085085 155.01000000000002
    endloop
  endfacet
  facet normal 0 -1 0
    outer loop
      vertex 24.163772293858774 7.956175162946186 155.01000000000002
      vertex 25.836227706141226 7.956175162946186 154.91000000000003
      vertex 25.836227706141226 7.956175162946186 389.6
    endloop
  endfacet
  facet normal -0.20791169081775912 -0.9781476007338057 8.12758518717397e-20
    outer loop
      vertex 25.836227706141226 7.956175162946186 154.91000000000003
      vertex 27.47213595499958 7.608452130361228 154.91000000000003
      vertex 27.47213595499958 7.608452130361228 389.6
    endloop
  endfacet
  facet normal -0.5877852522924729 -0.8090169943749477 1.4903498142982736e-19
    outer loop
      vertex 30.353044850870866 5.945158603819154 154.91000000000003
      vertex 29 6.928203230275509 389.65000000000003
      vertex 29 6.928203230275509 154.91000000000003
    endloop
  endfacet
  facet normal -0.4067366430758003 -0.9135454576426009 -9.728234998128936e-19
    outer loop
      vertex 27.47213595499958 7.608452130361228 154.91000000000003
      vertex 29 6.928203230275509 154.91000000000003
      vertex 28.6 7.106294704398922 389.6
    endloop
  endfacet
  facet normal 0.5877852522924729 -0.8090169943749476 0
    outer loop
      vertex 21 6.928203230275509 155.01000000000002
      vertex 21 6.928203230275509 389.65000000000003
      vertex 19.646955149129134 5.945158603819154 389.65000000000003
    endloop
  endfacet
  facet normal 0.40673664307580004 -0.913545457642601 -1.7114344709706855e-18
    outer loop
      vertex 22.5272131699706 7.608162342127401 155.01000000000002
      vertex 21.4 7.106294704398922 389.6
      vertex 21 6.928203230275509 389.65000000000003
    endloop
  endfacet
  facet normal 0.40673664307580043 -0.9135454576426008 1.47044250630953e-18
    outer loop
      vertex 22.5272131699706 7.608162342127401 155.01000000000002
      vertex 22.52786404500042 7.608452130361228 389.6
      vertex 21.4 7.106294704398922 389.6
    endloop
  endfacet
  facet normal 0.20791169081775915 -0.9781476007338058 -5.924973383179313e-19
    outer loop
      vertex 24.163075391648302 7.9560270318085085 155.01000000000002
      vertex 24.163772293858774 7.956175162946186 389.6
      vertex 22.52786404500042 7.608452130361228 389.6
    endloop
  endfacet
  facet normal 0 -1 0
    outer loop
      vertex 24.163772293858774 7.956175162946186 155.01000000000002
      vertex 25.836227706141226 7.956175162946186 389.6
      vertex 24.163772293858774 7.956175162946186 389.6
    endloop
  endfacet
  facet normal -0.20791169081775912 -0.9781476007338057 0
    outer loop
      vertex 25.836227706141226 7.956175162946186 154.91000000000003
      vertex 27.47213595499958 7.608452130361228 389.6
      vertex 25.836227706141226 7.956175162946186 389.6
    endloop
  endfacet
  facet normal -0.5877852522924729 -0.8090169943749477 0
    outer loop
      vertex 30.353044850870866 5.945158603819154 154.91000000000003
      vertex 30.353044850870866 5.945158603819154 389.65000000000003
      vertex 29 6.928203230275509 389.65000000000003
    endloop
  endfacet
  facet normal -0.4067366430757999 -0.9135454576426012 0
    outer loop
      vertex 29 6.928203230275509 154.91000000000003
      vertex 29 6.928203230275509 389.65000000000003
      vertex 28.6 7.106294704398922 389.65000000000003
    endloop
  endfacet
  facet normal -0.40673664307580043 -0.9135454576426008 0
    outer loop
      vertex 27.47213595499958 7.608452130361228 154.91000000000003
      vertex 28.6 7.106294704398922 389.6
      vertex 27.47213595499958 7.608452130361228 389.6
    endloop
  endfacet
  facet normal -0.40673664307589 -0.9135454576425609 2.3179771497621555e-17
    outer loop
      vertex 29 6.928203230275509 154.91000000000003
      vertex 28.6 7.106294704398922 389.65000000000003
      vertex 28.6 7.106294704398922 389.6
    endloop
  endfacet
  facet normal -0.866025403784438 -0.5000000000000009 0
    outer loop
      vertex 32.30836366114081 3.2538931446064017 154.91000000000003
      vertex 32.30836366114081 3.2538931446064017 389.65000000000003
      vertex 31.47213595499958 4.702282018339785 154.91000000000003
    endloop
  endfacet
  facet normal -0.866025403784438 -0.5000000000000009 0
    outer loop
      vertex 31.47213595499958 4.702282018339785 155.01000000000002
      vertex 31.47213595499958 4.702282018339785 154.91000000000003
      vertex 32.30836366114081 3.2538931446064017 389.65000000000003
    endloop
  endfacet
  facet normal -0.743144825477394 -0.6691306063588583 0
    outer loop
      vertex 31.47213595499958 4.702282018339785 155.01000000000002
      vertex 31.47213595499958 4.702282018339785 389.65000000000003
      vertex 30.35352158730442 5.944629134369772 155.01000000000002
    endloop
  endfacet
  facet normal -0.7431448254778051 -0.6691306063584019 -6.124323716255176e-23
    outer loop
      vertex 30.35352158730442 5.944629134369772 155.01000000000002
      vertex 30.353044850870866 5.945158603819154 389.65000000000003
      vertex 30.353044850870866 5.945158603819154 154.91000000000003
    endloop
  endfacet
  facet normal -0.9510565162951539 -0.30901699437494634 0
    outer loop
      vertex 32.30836366114081 3.2538931446064017 154.91000000000003
      vertex 32.825180805870446 1.6632935265420747 389.65000000000003
      vertex 32.30836366114081 3.2538931446064017 389.65000000000003
    endloop
  endfacet
  facet normal -0.8660254037844382 -0.500000000000001 0
    outer loop
      vertex 31.47213595499958 4.702282018339785 155.01000000000002
      vertex 32.30836366114081 3.2538931446064017 389.65000000000003
      vertex 31.47213595499958 4.702282018339785 389.65000000000003
    endloop
  endfacet
  facet normal -0.7431448254773942 -0.6691306063588582 1.864355754220098e-18
    outer loop
      vertex 30.35352158730442 5.944629134369772 155.01000000000002
      vertex 31.47213595499958 4.702282018339785 389.65000000000003
      vertex 30.353044850870866 5.945158603819154 389.65000000000003
    endloop
  endfacet
  facet normal 0 0 -1
    outer loop
      vertex 30.353044850870866 -5.945158603819154 389.65000000000003
      vertex 29 6.928203230275509 389.65000000000003
      vertex 30.353044850870866 5.945158603819154 389.65000000000003
    endloop
  endfacet
  facet normal 0 0 -1
    outer loop
      vertex 21.4 6.45 389.65000000000003
      vertex 21 6.928203230275509 389.65000000000003
      vertex 21.4 7.106294704398922 389.65000000000003
    endloop
  endfacet
  facet normal 0.4067366430757998 -0.9135454576426011 -2.3179771497624732e-17
    outer loop
      vertex 21 6.928203230275509 389.65000000000003
      vertex 21.4 7.106294704398922 389.6
      vertex 21.4 7.106294704398922 389.65000000000003
    endloop
  endfacet
  facet normal 0 0 -1
    outer loop
      vertex 28.6 6.45 389.65000000000003
      vertex 28.6 7.106294704398922 389.65000000000003
      vertex 29 6.928203230275509 389.65000000000003
    endloop
  endfacet
  facet normal 0.7431448254773938 0.6691306063588587 0
    outer loop
      vertex -32.36043666994744 -8.174593080251336 34.80000000000001
      vertex -32.36043666994744 -8.174593080251336 0
      vertex -33.89918693812442 -6.465637775217204 34.80000000000001
    endloop
  endfacet
  facet normal 0.5877852522924732 0.8090169943749473 0
    outer loop
      vertex -32.36043666994744 -8.174593080251336 34.80000000000001
      vertex -30.5 -9.526279441628825 0
      vertex -32.36043666994744 -8.174593080251336 0
    endloop
  endfacet
  facet normal 0.5877852522924732 0.8090169943749473 1.4585874106826854e-18
    outer loop
      vertex -32.36043666994744 -8.174593080251336 34.80000000000001
      vertex -30.5 -9.526279441628825 34.80000000000001
      vertex -30.5 -9.526279441628825 0
    endloop
  endfacet
  facet normal 0.7431448254773938 0.6691306063588587 0
    outer loop
      vertex -33.89918693812442 -6.465637775217204 34.80000000000001
      vertex -32.36043666994744 -8.174593080251336 0
      vertex -33.89918693812442 -6.465637775217204 0
    endloop
  endfacet
  facet normal 0.8660254037844385 0.5000000000000006 0
    outer loop
      vertex -33.89918693812442 -6.465637775217204 34.80000000000001
      vertex -33.89918693812442 -6.465637775217204 0
      vertex -35.04900003406861 -4.474103073833803 34.80000000000001
    endloop
  endfacet
  facet normal 0.20791169081775943 0.9781476007338056 0
    outer loop
      vertex -28.399186938124423 -10.461621679246688 34.80000000000001
      vertex -26.14981309594419 -10.939740849051006 0
      vertex -28.399186938124423 -10.461621679246688 0
    endloop
  endfacet
  facet normal 0.40673664307580015 0.9135454576426009 -3.864558905504709e-19
    outer loop
      vertex -30.5 -9.526279441628825 34.80000000000001
      vertex -28.399186938124423 -10.461621679246688 34.80000000000001
      vertex -28.399186938124423 -10.461621679246688 0
    endloop
  endfacet
  facet normal 0.40673664307580015 0.9135454576426009 0
    outer loop
      vertex -30.5 -9.526279441628825 34.80000000000001
      vertex -28.399186938124423 -10.461621679246688 0
      vertex -30.5 -9.526279441628825 0
    endloop
  endfacet
  facet normal 0 1 0
    outer loop
      vertex -26.14981309594419 -10.939740849051006 34.80000000000001
      vertex -23.85018690405581 -10.939740849051006 0
      vertex -26.14981309594419 -10.939740849051006 0
    endloop
  endfacet
  facet normal 0.20791169081775943 0.9781476007338056 -7.179062493522709e-19
    outer loop
      vertex -28.399186938124423 -10.461621679246688 34.80000000000001
      vertex -26.14981309594419 -10.939740849051006 34.80000000000001
      vertex -26.14981309594419 -10.939740849051006 0
    endloop
  endfacet
  facet normal -0.20791169081775943 0.9781476007338056 0
    outer loop
      vertex -23.85018690405581 -10.939740849051006 34.80000000000001
      vertex -21.600813061875577 -10.461621679246688 0
      vertex -23.85018690405581 -10.939740849051006 0
    endloop
  endfacet
  facet normal 0 1 0
    outer loop
      vertex -26.14981309594419 -10.939740849051006 34.80000000000001
      vertex -23.85018690405581 -10.939740849051006 34.80000000000001
      vertex -23.85018690405581 -10.939740849051006 0
    endloop
  endfacet
  facet normal -0.40673664307580015 0.9135454576426009 0
    outer loop
      vertex -21.600813061875577 -10.461621679246688 34.80000000000001
      vertex -19.5 -9.526279441628825 0
      vertex -21.600813061875577 -10.461621679246688 0
    endloop
  endfacet
  facet normal -0.20791169081775943 0.9781476007338056 7.179062493522709e-19
    outer loop
      vertex -23.85018690405581 -10.939740849051006 34.80000000000001
      vertex -21.600813061875577 -10.461621679246688 34.80000000000001
      vertex -21.600813061875577 -10.461621679246688 0
    endloop
  endfacet
  facet normal -0.40673664307580015 0.9135454576426009 3.864558905504709e-19
    outer loop
      vertex -21.600813061875577 -10.461621679246688 34.80000000000001
      vertex -19.5 -9.526279441628825 34.80000000000001
      vertex -19.5 -9.526279441628825 0
    endloop
  endfacet
  facet normal 0.9510565162951539 0.3090169943749467 0
    outer loop
      vertex -35.04900003406861 -4.474103073833803 34.80000000000001
      vertex -35.04900003406861 -4.474103073833803 0
      vertex -35.75962360807186 -2.2870285989953527 34.80000000000001
    endloop
  endfacet
  facet normal 0.9510565162951539 0.3090169943749467 0
    outer loop
      vertex -35.75962360807186 -2.2870285989953527 34.80000000000001
      vertex -35.04900003406861 -4.474103073833803 0
      vertex -35.75962360807186 -2.2870285989953527 0
    endloop
  endfacet
  facet normal 0.8660254037844385 0.5000000000000006 0
    outer loop
      vertex -35.04900003406861 -4.474103073833803 34.80000000000001
      vertex -33.89918693812442 -6.465637775217204 0
      vertex -35.04900003406861 -4.474103073833803 0
    endloop
  endfacet
  facet normal 0.9945218953682734 0.10452846326765322 0
    outer loop
      vertex -36 0 34.80000000000001
      vertex -35.75962360807186 -2.2870285989953527 0
      vertex -36 0 0
    endloop
  endfacet
  facet normal 0.9945218953682734 0.10452846326765322 0
    outer loop
      vertex -35.75962360807186 -2.2870285989953527 34.80000000000001
      vertex -35.75962360807186 -2.2870285989953527 0
      vertex -36 0 34.80000000000001
    endloop
  endfacet
  facet normal 0.9945218953682734 -0.10452846326765322 0
    outer loop
      vertex -36 0 34.80000000000001
      vertex -36 0 0
      vertex -35.75962360807186 2.2870285989953527 34.80000000000001
    endloop
  endfacet
  facet normal 0.9945218953682734 -0.10452846326765322 0
    outer loop
      vertex -35.75962360807186 2.2870285989953527 34.80000000000001
      vertex -36 0 0
      vertex -35.75962360807186 2.2870285989953527 0
    endloop
  endfacet
  facet normal -0.5877852522924732 0.8090169943749473 0
    outer loop
      vertex -19.5 -9.526279441628825 34.80000000000001
      vertex -17.63956333005256 -8.174593080251336 0
      vertex -19.5 -9.526279441628825 0
    endloop
  endfacet
  facet normal -0.5877852522924732 0.8090169943749473 -1.4585874106826854e-18
    outer loop
      vertex -19.5 -9.526279441628825 34.80000000000001
      vertex -17.63956333005256 -8.174593080251336 34.80000000000001
      vertex -17.63956333005256 -8.174593080251336 0
    endloop
  endfacet
  facet normal -0.7431448254773938 0.6691306063588587 0
    outer loop
      vertex -17.63956333005256 -8.174593080251336 34.80000000000001
      vertex -16.100813061875577 -6.465637775217204 0
      vertex -17.63956333005256 -8.174593080251336 0
    endloop
  endfacet
  facet normal -0.7431448254773938 0.6691306063588587 1.0871593587780641e-18
    outer loop
      vertex -17.63956333005256 -8.174593080251336 34.80000000000001
      vertex -16.100813061875577 -6.465637775217204 34.80000000000001
      vertex -16.100813061875577 -6.465637775217204 0
    endloop
  endfacet
  facet normal -0.866025403784439 0.4999999999999994 0
    outer loop
      vertex -16.100813061875577 -6.465637775217204 34.80000000000001
      vertex -14.950999965931391 -4.474103073833803 0
      vertex -16.100813061875577 -6.465637775217204 0
    endloop
  endfacet
  facet normal -0.866025403784439 0.4999999999999994 2.183894526747599e-18
    outer loop
      vertex -16.100813061875577 -6.465637775217204 34.80000000000001
      vertex -14.950999965931391 -4.474103073833803 34.80000000000001
      vertex -14.950999965931391 -4.474103073833803 0
    endloop
  endfacet
  facet normal -0.9510565162951534 0.309016994374948 0
    outer loop
      vertex -14.950999965931391 -4.474103073833803 34.80000000000001
      vertex -14.240376391928137 -2.2870285989953527 0
      vertex -14.950999965931391 -4.474103073833803 0
    endloop
  endfacet
  facet normal -0.9510565162951534 0.309016994374948 -3.7549538642879766e-19
    outer loop
      vertex -14.950999965931391 -4.474103073833803 34.80000000000001
      vertex -14.240376391928137 -2.2870285989953527 34.80000000000001
      vertex -14.240376391928137 -2.2870285989953527 0
    endloop
  endfacet
  facet normal -0.9945218953682734 0.10452846326765322 0
    outer loop
      vertex -14.240376391928137 -2.2870285989953527 34.80000000000001
      vertex -14 0 0
      vertex -14.240376391928137 -2.2870285989953527 0
    endloop
  endfacet
  facet normal -0.9945218953682734 0.10452846326765322 5.602475746626834e-20
    outer loop
      vertex -14.240376391928137 -2.2870285989953527 34.80000000000001
      vertex -14 0 34.80000000000001
      vertex -14 0 0
    endloop
  endfacet
  facet normal -0.9945218953682734 -0.10452846326765322 0
    outer loop
      vertex -14 0 34.80000000000001
      vertex -14.240376391928137 2.2870285989953527 0
      vertex -14 0 0
    endloop
  endfacet
  facet normal -0.9945218953682734 -0.10452846326765322 -5.602475746626834e-20
    outer loop
      vertex -14 0 34.80000000000001
      vertex -14.240376391928137 2.2870285989953527 34.80000000000001
      vertex -14.240376391928137 2.2870285989953527 0
    endloop
  endfacet
  facet normal 0.9510565162951539 -0.3090169943749467 0
    outer loop
      vertex -35.75962360807186 2.2870285989953527 34.80000000000001
      vertex -35.75962360807186 2.2870285989953527 0
      vertex -35.04900003406861 4.474103073833803 34.80000000000001
    endloop
  endfacet
  facet normal 0.9510565162951539 -0.3090169943749467 0
    outer loop
      vertex -35.04900003406861 4.474103073833803 34.80000000000001
      vertex -35.75962360807186 2.2870285989953527 0
      vertex -35.04900003406861 4.474103073833803 0
    endloop
  endfacet
  facet normal 0.8660254037844385 -0.5000000000000006 0
    outer loop
      vertex -33.89918693812442 6.465637775217204 34.80000000000001
      vertex -35.04900003406861 4.474103073833803 0
      vertex -33.89918693812442 6.465637775217204 0
    endloop
  endfacet
  facet normal 0.8660254037844385 -0.5000000000000006 0
    outer loop
      vertex -35.04900003406861 4.474103073833803 34.80000000000001
      vertex -35.04900003406861 4.474103073833803 0
      vertex -33.89918693812442 6.465637775217204 34.80000000000001
    endloop
  endfacet
  facet normal 0.7431448254773938 -0.6691306063588587 0
    outer loop
      vertex -32.36043666994744 8.174593080251336 34.80000000000001
      vertex -33.89918693812442 6.465637775217204 0
      vertex -32.36043666994744 8.174593080251336 0
    endloop
  endfacet
  facet normal 0.7431448254773938 -0.6691306063588587 0
    outer loop
      vertex -33.89918693812442 6.465637775217204 34.80000000000001
      vertex -33.89918693812442 6.465637775217204 0
      vertex -32.36043666994744 8.174593080251336 34.80000000000001
    endloop
  endfacet
  facet normal 0.5877852522924732 -0.8090169943749473 0
    outer loop
      vertex -32.36043666994744 8.174593080251336 34.80000000000001
      vertex -32.36043666994744 8.174593080251336 0
      vertex -30.5 9.526279441628825 34.80000000000001
    endloop
  endfacet
  facet normal 0.5877852522924732 -0.8090169943749473 0
    outer loop
      vertex -30.5 9.526279441628825 34.80000000000001
      vertex -32.36043666994744 8.174593080251336 0
      vertex -30.5 9.526279441628825 0
    endloop
  endfacet
  facet normal 0.40673664307580015 -0.9135454576426009 0
    outer loop
      vertex -30.5 9.526279441628825 34.80000000000001
      vertex -30.5 9.526279441628825 0
      vertex -28.399186938124423 10.461621679246688 34.80000000000001
    endloop
  endfacet
  facet normal -0.40673664307580015 -0.9135454576426009 0
    outer loop
      vertex -19.5 9.526279441628825 34.80000000000001
      vertex -21.600813061875577 10.461621679246688 0
      vertex -19.5 9.526279441628825 0
    endloop
  endfacet
  facet normal 0.40673664307580015 -0.9135454576426009 0
    outer loop
      vertex -28.399186938124423 10.461621679246688 34.80000000000001
      vertex -30.5 9.526279441628825 0
      vertex -28.399186938124423 10.461621679246688 0
    endloop
  endfacet
  facet normal 0.20791169081775943 -0.9781476007338056 0
    outer loop
      vertex -28.399186938124423 10.461621679246688 34.80000000000001
      vertex -28.399186938124423 10.461621679246688 0
      vertex -26.14981309594419 10.939740849051006 34.80000000000001
    endloop
  endfacet
  facet normal 0.20791169081775943 -0.9781476007338056 0
    outer loop
      vertex -26.14981309594419 10.939740849051006 34.80000000000001
      vertex -28.399186938124423 10.461621679246688 0
      vertex -26.14981309594419 10.939740849051006 0
    endloop
  endfacet
  facet normal 0 -1 0
    outer loop
      vertex -26.14981309594419 10.939740849051006 34.80000000000001
      vertex -26.14981309594419 10.939740849051006 0
      vertex -23.85018690405581 10.939740849051006 34.80000000000001
    endloop
  endfacet
  facet normal -0.20791169081775943 -0.9781476007338056 0
    outer loop
      vertex -23.85018690405581 10.939740849051006 34.80000000000001
      vertex -23.85018690405581 10.939740849051006 0
      vertex -21.600813061875577 10.461621679246688 34.80000000000001
    endloop
  endfacet
  facet normal 0 -1 0
    outer loop
      vertex -23.85018690405581 10.939740849051006 34.80000000000001
      vertex -26.14981309594419 10.939740849051006 0
      vertex -23.85018690405581 10.939740849051006 0
    endloop
  endfacet
  facet normal -0.20791169081775943 -0.9781476007338056 0
    outer loop
      vertex -21.600813061875577 10.461621679246688 34.80000000000001
      vertex -23.85018690405581 10.939740849051006 0
      vertex -21.600813061875577 10.461621679246688 0
    endloop
  endfacet
  facet normal -0.40673664307580015 -0.9135454576426009 0
    outer loop
      vertex -21.600813061875577 10.461621679246688 34.80000000000001
      vertex -21.600813061875577 10.461621679246688 0
      vertex -19.5 9.526279441628825 34.80000000000001
    endloop
  endfacet
  facet normal -0.866025403784439 -0.4999999999999994 0
    outer loop
      vertex -14.950999965931391 4.474103073833803 34.80000000000001
      vertex -16.100813061875577 6.465637775217204 0
      vertex -14.950999965931391 4.474103073833803 0
    endloop
  endfacet
  facet normal -0.866025403784439 -0.4999999999999994 -2.183894526747599e-18
    outer loop
      vertex -14.950999965931391 4.474103073833803 34.80000000000001
      vertex -16.100813061875577 6.465637775217204 34.80000000000001
      vertex -16.100813061875577 6.465637775217204 0
    endloop
  endfacet
  facet normal -0.9510565162951534 -0.309016994374948 0
    outer loop
      vertex -14.240376391928137 2.2870285989953527 34.80000000000001
      vertex -14.950999965931391 4.474103073833803 0
      vertex -14.240376391928137 2.2870285989953527 0
    endloop
  endfacet
  facet normal -0.9510565162951534 -0.309016994374948 0
    outer loop
      vertex -14.950999965931391 4.474103073833803 34.80000000000001
      vertex -14.950999965931391 4.474103073833803 0
      vertex -14.240376391928137 2.2870285989953527 34.80000000000001
    endloop
  endfacet
  facet normal -0.7431448254773938 -0.6691306063588587 0
    outer loop
      vertex -16.100813061875577 6.465637775217204 34.80000000000001
      vertex -17.63956333005256 8.174593080251336 0
      vertex -16.100813061875577 6.465637775217204 0
    endloop
  endfacet
  facet normal -0.7431448254773938 -0.6691306063588587 0
    outer loop
      vertex -17.63956333005256 8.174593080251336 34.80000000000001
      vertex -17.63956333005256 8.174593080251336 0
      vertex -16.100813061875577 6.465637775217204 34.80000000000001
    endloop
  endfacet
  facet normal -0.5877852522924732 -0.8090169943749473 0
    outer loop
      vertex -17.63956333005256 8.174593080251336 34.80000000000001
      vertex -19.5 9.526279441628825 0
      vertex -17.63956333005256 8.174593080251336 0
    endloop
  endfacet
  facet normal -0.5877852522924732 -0.8090169943749473 0
    outer loop
      vertex -19.5 9.526279441628825 34.80000000000001
      vertex -19.5 9.526279441628825 0
      vertex -17.63956333005256 8.174593080251336 34.80000000000001
    endloop
  endfacet
  facet normal 0 1 0
    outer loop
      vertex -0.993020401042708 -9.447958005998597 30
      vertex 0.993020401042708 -9.447958005998597 0
      vertex -0.993020401042708 -9.447958005998597 0
    endloop
  endfacet
  facet normal 0.20791169081776004 0.9781476007338055 2.6715997153215574e-19
    outer loop
      vertex -2.9356614465620003 -9.035036904803958 30
      vertex -0.993020401042708 -9.447958005998597 30
      vertex -0.993020401042708 -9.447958005998597 0
    endloop
  endfacet
  facet normal 0.5877852522924731 0.8090169943749475 0
    outer loop
      vertex -6.356740760409153 -7.059875842035245 30
      vertex -4.75 -8.227241335952167 0
      vertex -6.356740760409153 -7.059875842035245 0
    endloop
  endfacet
  facet normal 0.5877852522924731 0.8090169943749475 9.632108903247158e-19
    outer loop
      vertex -6.356740760409153 -7.059875842035245 30
      vertex -4.75 -8.227241335952167 30
      vertex -4.75 -8.227241335952167 0
    endloop
  endfacet
  facet normal 0.7431448254773939 0.6691306063588587 0
    outer loop
      vertex -6.356740760409153 -7.059875842035245 30
      vertex -6.356740760409153 -7.059875842035245 0
      vertex -7.685661446562001 -5.583959896778495 30
    endloop
  endfacet
  facet normal 0.7431448254773939 0.6691306063588587 0
    outer loop
      vertex -7.685661446562001 -5.583959896778495 30
      vertex -6.356740760409153 -7.059875842035245 0
      vertex -7.685661446562001 -5.583959896778495 0
    endloop
  endfacet
  facet normal 0.4067366430757998 0.9135454576426011 0
    outer loop
      vertex -4.75 -8.227241335952167 30
      vertex -2.9356614465620003 -9.035036904803958 0
      vertex -4.75 -8.227241335952167 0
    endloop
  endfacet
  facet normal 0.4067366430757998 0.9135454576426011 -2.0954580645492417e-19
    outer loop
      vertex -4.75 -8.227241335952167 30
      vertex -2.9356614465620003 -9.035036904803958 30
      vertex -2.9356614465620003 -9.035036904803958 0
    endloop
  endfacet
  facet normal 0.20791169081776004 0.9781476007338055 0
    outer loop
      vertex -2.9356614465620003 -9.035036904803958 30
      vertex -0.993020401042708 -9.447958005998597 0
      vertex -2.9356614465620003 -9.035036904803958 0
    endloop
  endfacet
  facet normal 0.8660254037844392 0.4999999999999992 0
    outer loop
      vertex -8.678681847604707 -3.863998109220102 30
      vertex -7.685661446562001 -5.583959896778495 0
      vertex -8.678681847604707 -3.863998109220102 0
    endloop
  endfacet
  facet normal 0.8660254037844392 0.4999999999999992 0
    outer loop
      vertex -7.685661446562001 -5.583959896778495 30
      vertex -7.685661446562001 -5.583959896778495 0
      vertex -8.678681847604707 -3.863998109220102 30
    endloop
  endfacet
  facet normal 0.9510565162951533 0.3090169943749482 0
    outer loop
      vertex -9.292402206971154 -1.9751610627687137 30
      vertex -8.678681847604707 -3.863998109220102 0
      vertex -9.292402206971154 -1.9751610627687137 0
    endloop
  endfacet
  facet normal 0.9510565162951533 0.3090169943749482 0
    outer loop
      vertex -8.678681847604707 -3.863998109220102 30
      vertex -8.678681847604707 -3.863998109220102 0
      vertex -9.292402206971154 -1.9751610627687137 30
    endloop
  endfacet
  facet normal 0.9945218953682734 0.10452846326765323 0
    outer loop
      vertex -9.5 0 30
      vertex -9.292402206971154 -1.9751610627687137 0
      vertex -9.5 0 0
    endloop
  endfacet
  facet normal 0.9945218953682734 0.10452846326765323 0
    outer loop
      vertex -9.292402206971154 -1.9751610627687137 30
      vertex -9.292402206971154 -1.9751610627687137 0
      vertex -9.5 0 30
    endloop
  endfacet
  facet normal 0.9945218953682734 -0.10452846326765323 0
    outer loop
      vertex -9.5 0 30
      vertex -9.5 0 0
      vertex -9.292402206971154 1.9751610627687137 30
    endloop
  endfacet
  facet normal 0.9945218953682734 -0.10452846326765323 0
    outer loop
      vertex -9.292402206971154 1.9751610627687137 30
      vertex -9.5 0 0
      vertex -9.292402206971154 1.9751610627687137 0
    endloop
  endfacet
  facet normal 0.9510565162951533 -0.3090169943749482 0
    outer loop
      vertex -9.292402206971154 1.9751610627687137 30
      vertex -9.292402206971154 1.9751610627687137 0
      vertex -8.678681847604707 3.863998109220102 30
    endloop
  endfacet
  facet normal 0.9510565162951533 -0.3090169943749482 0
    outer loop
      vertex -8.678681847604707 3.863998109220102 30
      vertex -9.292402206971154 1.9751610627687137 0
      vertex -8.678681847604707 3.863998109220102 0
    endloop
  endfacet
  facet normal 0.8660254037844392 -0.4999999999999992 0
    outer loop
      vertex -7.685661446562001 5.583959896778495 30
      vertex -8.678681847604707 3.863998109220102 0
      vertex -7.685661446562001 5.583959896778495 0
    endloop
  endfacet
  facet normal 0.8660254037844392 -0.4999999999999992 0
    outer loop
      vertex -8.678681847604707 3.863998109220102 30
      vertex -8.678681847604707 3.863998109220102 0
      vertex -7.685661446562001 5.583959896778495 30
    endloop
  endfacet
  facet normal 0.7431448254773939 -0.6691306063588587 0
    outer loop
      vertex -6.356740760409153 7.059875842035245 30
      vertex -7.685661446562001 5.583959896778495 0
      vertex -6.356740760409153 7.059875842035245 0
    endloop
  endfacet
  facet normal 0.7431448254773939 -0.6691306063588587 0
    outer loop
      vertex -7.685661446562001 5.583959896778495 30
      vertex -7.685661446562001 5.583959896778495 0
      vertex -6.356740760409153 7.059875842035245 30
    endloop
  endfacet
  facet normal 0.5877852522924731 -0.8090169943749475 0
    outer loop
      vertex -4.75 8.227241335952167 30
      vertex -6.356740760409153 7.059875842035245 0
      vertex -4.75 8.227241335952167 0
    endloop
  endfacet
  facet normal 0.5877852522924731 -0.8090169943749475 0
    outer loop
      vertex -6.356740760409153 7.059875842035245 30
      vertex -6.356740760409153 7.059875842035245 0
      vertex -4.75 8.227241335952167 30
    endloop
  endfacet
  facet normal 0.4067366430757998 -0.9135454576426011 0
    outer loop
      vertex -2.9356614465620003 9.035036904803958 30
      vertex -4.75 8.227241335952167 0
      vertex -2.9356614465620003 9.035036904803958 0
    endloop
  endfacet
  facet normal 0.4067366430757998 -0.9135454576426011 0
    outer loop
      vertex -4.75 8.227241335952167 30
      vertex -4.75 8.227241335952167 0
      vertex -2.9356614465620003 9.035036904803958 30
    endloop
  endfacet
  facet normal 0.20791169081776004 -0.9781476007338055 0
    outer loop
      vertex -0.993020401042708 9.447958005998597 30
      vertex -2.9356614465620003 9.035036904803958 0
      vertex -0.993020401042708 9.447958005998597 0
    endloop
  endfacet
  facet normal 0.20791169081776004 -0.9781476007338055 0
    outer loop
      vertex -2.9356614465620003 9.035036904803958 30
      vertex -2.9356614465620003 9.035036904803958 0
      vertex -0.993020401042708 9.447958005998597 30
    endloop
  endfacet
  facet normal 0 -1 0
    outer loop
      vertex -0.993020401042708 9.447958005998597 30
      vertex -0.993020401042708 9.447958005998597 0
      vertex 0.993020401042708 9.447958005998597 30
    endloop
  endfacet
  facet normal -0.20791169081776004 0.9781476007338055 0
    outer loop
      vertex 0.993020401042708 -9.447958005998597 30
      vertex 2.9356614465620003 -9.035036904803958 0
      vertex 0.993020401042708 -9.447958005998597 0
    endloop
  endfacet
  facet normal 0 1 0
    outer loop
      vertex -0.993020401042708 -9.447958005998597 30
      vertex 0.993020401042708 -9.447958005998597 30
      vertex 0.993020401042708 -9.447958005998597 0
    endloop
  endfacet
  facet normal -0.20791169081776004 0.9781476007338055 -2.6715997153215574e-19
    outer loop
      vertex 0.993020401042708 -9.447958005998597 30
      vertex 2.9356614465620003 -9.035036904803958 30
      vertex 2.9356614465620003 -9.035036904803958 0
    endloop
  endfacet
  facet normal -0.4067366430757998 0.9135454576426011 0
    outer loop
      vertex 2.9356614465620003 -9.035036904803958 30
      vertex 4.75 -8.227241335952167 0
      vertex 2.9356614465620003 -9.035036904803958 0
    endloop
  endfacet
  facet normal -0.4067366430757998 0.9135454576426011 2.0954580645492417e-19
    outer loop
      vertex 2.9356614465620003 -9.035036904803958 30
      vertex 4.75 -8.227241335952167 30
      vertex 4.75 -8.227241335952167 0
    endloop
  endfacet
  facet normal -0.5877852522924731 0.8090169943749475 0
    outer loop
      vertex 4.75 -8.227241335952167 30
      vertex 6.356740760409153 -7.059875842035245 0
      vertex 4.75 -8.227241335952167 0
    endloop
  endfacet
  facet normal -0.5877852522924731 0.8090169943749475 -9.632108903247158e-19
    outer loop
      vertex 4.75 -8.227241335952167 30
      vertex 6.356740760409153 -7.059875842035245 30
      vertex 6.356740760409153 -7.059875842035245 0
    endloop
  endfacet
  facet normal -0.7431448254773939 0.6691306063588587 0
    outer loop
      vertex 6.356740760409153 -7.059875842035245 30
      vertex 7.685661446562001 -5.583959896778495 0
      vertex 6.356740760409153 -7.059875842035245 0
    endloop
  endfacet
  facet normal -0.7431448254773939 0.6691306063588587 1.4225050464598804e-18
    outer loop
      vertex 6.356740760409153 -7.059875842035245 30
      vertex 7.685661446562001 -5.583959896778495 30
      vertex 7.685661446562001 -5.583959896778495 0
    endloop
  endfacet
  facet normal -0.8660254037844392 0.4999999999999992 0
    outer loop
      vertex 7.685661446562001 -5.583959896778495 30
      vertex 8.678681847604707 -3.863998109220102 0
      vertex 7.685661446562001 -5.583959896778495 0
    endloop
  endfacet
  facet normal -0.8660254037844392 0.4999999999999992 -8.418303755734847e-19
    outer loop
      vertex 7.685661446562001 -5.583959896778495 30
      vertex 8.678681847604707 -3.863998109220102 30
      vertex 8.678681847604707 -3.863998109220102 0
    endloop
  endfacet
  facet normal -0.9510565162951533 0.3090169943749482 0
    outer loop
      vertex 8.678681847604707 -3.863998109220102 30
      vertex 9.292402206971154 -1.9751610627687137 0
      vertex 8.678681847604707 -3.863998109220102 0
    endloop
  endfacet
  facet normal -0.9510565162951533 0.3090169943749482 -6.625544729868389e-19
    outer loop
      vertex 8.678681847604707 -3.863998109220102 30
      vertex 9.292402206971154 -1.9751610627687137 30
      vertex 9.292402206971154 -1.9751610627687137 0
    endloop
  endfacet
  facet normal -0.9945218953682734 0.10452846326765323 0
    outer loop
      vertex 9.292402206971154 -1.9751610627687137 30
      vertex 9.5 0 0
      vertex 9.292402206971154 -1.9751610627687137 0
    endloop
  endfacet
  facet normal -0.9945218953682734 0.10452846326765323 2.6361115002184198e-20
    outer loop
      vertex 9.292402206971154 -1.9751610627687137 30
      vertex 9.5 0 30
      vertex 9.5 0 0
    endloop
  endfacet
  facet normal -0.9945218953682734 -0.10452846326765323 0
    outer loop
      vertex 9.5 0 30
      vertex 9.292402206971154 1.9751610627687137 0
      vertex 9.5 0 0
    endloop
  endfacet
  facet normal -0.9945218953682734 -0.10452846326765323 -2.6361115002184198e-20
    outer loop
      vertex 9.5 0 30
      vertex 9.292402206971154 1.9751610627687137 30
      vertex 9.292402206971154 1.9751610627687137 0
    endloop
  endfacet
  facet normal -0.9510565162951533 -0.3090169943749482 0
    outer loop
      vertex 9.292402206971154 1.9751610627687137 30
      vertex 8.678681847604707 3.863998109220102 0
      vertex 9.292402206971154 1.9751610627687137 0
    endloop
  endfacet
  facet normal -0.9510565162951533 -0.3090169943749482 0
    outer loop
      vertex 8.678681847604707 3.863998109220102 30
      vertex 8.678681847604707 3.863998109220102 0
      vertex 9.292402206971154 1.9751610627687137 30
    endloop
  endfacet
  facet normal -0.8660254037844392 -0.4999999999999992 0
    outer loop
      vertex 8.678681847604707 3.863998109220102 30
      vertex 7.685661446562001 5.583959896778495 0
      vertex 8.678681847604707 3.863998109220102 0
    endloop
  endfacet
  facet normal -0.8660254037844392 -0.4999999999999992 8.418303755734847e-19
    outer loop
      vertex 8.678681847604707 3.863998109220102 30
      vertex 7.685661446562001 5.583959896778495 30
      vertex 7.685661446562001 5.583959896778495 0
    endloop
  endfacet
  facet normal 0 -1 0
    outer loop
      vertex 0.993020401042708 9.447958005998597 30
      vertex -0.993020401042708 9.447958005998597 0
      vertex 0.993020401042708 9.447958005998597 0
    endloop
  endfacet
  facet normal -0.20791169081776004 -0.9781476007338055 0
    outer loop
      vertex 2.9356614465620003 9.035036904803958 30
      vertex 0.993020401042708 9.447958005998597 0
      vertex 2.9356614465620003 9.035036904803958 0
    endloop
  endfacet
  facet normal -0.20791169081776004 -0.9781476007338055 0
    outer loop
      vertex 0.993020401042708 9.447958005998597 30
      vertex 0.993020401042708 9.447958005998597 0
      vertex 2.9356614465620003 9.035036904803958 30
    endloop
  endfacet
  facet normal -0.4067366430757998 -0.9135454576426011 0
    outer loop
      vertex 4.75 8.227241335952167 30
      vertex 2.9356614465620003 9.035036904803958 0
      vertex 4.75 8.227241335952167 0
    endloop
  endfacet
  facet normal -0.4067366430757998 -0.9135454576426011 -2.0954580645492417e-19
    outer loop
      vertex 4.75 8.227241335952167 30
      vertex 2.9356614465620003 9.035036904803958 30
      vertex 2.9356614465620003 9.035036904803958 0
    endloop
  endfacet
  facet normal -0.7431448254773939 -0.6691306063588587 0
    outer loop
      vertex 7.685661446562001 5.583959896778495 30
      vertex 6.356740760409153 7.059875842035245 0
      vertex 7.685661446562001 5.583959896778495 0
    endloop
  endfacet
  facet normal -0.7431448254773939 -0.6691306063588587 0
    outer loop
      vertex 6.356740760409153 7.059875842035245 30
      vertex 6.356740760409153 7.059875842035245 0
      vertex 7.685661446562001 5.583959896778495 30
    endloop
  endfacet
  facet normal -0.5877852522924731 -0.8090169943749475 0
    outer loop
      vertex 6.356740760409153 7.059875842035245 30
      vertex 4.75 8.227241335952167 0
      vertex 6.356740760409153 7.059875842035245 0
    endloop
  endfacet
  facet normal -0.5877852522924731 -0.8090169943749475 0
    outer loop
      vertex 4.75 8.227241335952167 30
      vertex 4.75 8.227241335952167 0
      vertex 6.356740760409153 7.059875842035245 30
    endloop
  endfacet
  facet normal 0.7431448254773945 0.669130606358858 -1.3060606484995082e-19
    outer loop
      vertex 18.528581365110753 -4.703078683031459 154.91000000000003
      vertex 19.646955149129134 -5.945158603819154 154.91000000000003
      vertex 19.646955149129134 -5.945158603819154 0
    endloop
  endfacet
  facet normal 0.7431448254773945 0.669130606358858 -4.628137669614628e-15
    outer loop
      vertex 18.528581365110753 -4.703078683031459 154.91000000000003
      vertex 19.64647841269558 -5.944629134369772 155.01000000000002
      vertex 19.646955149129134 -5.945158603819154 154.91000000000003
    endloop
  endfacet
  facet normal 0.7431448254773942 0.6691306063588582 0
    outer loop
      vertex 18.52786404500042 -4.702282018339785 154.91000000000003
      vertex 19.646955149129134 -5.945158603819154 0
      vertex 18.52786404500042 -4.702282018339785 0
    endloop
  endfacet
  facet normal 0.8660254037844389 0.49999999999999933 0
    outer loop
      vertex 17.691636338859194 -3.2538931446064017 154.91000000000003
      vertex 18.52786404500042 -4.702282018339785 0
      vertex 17.691636338859194 -3.2538931446064017 0
    endloop
  endfacet
  facet normal 0.9510565162951532 0.30901699437494823 0
    outer loop
      vertex 17.174819194129554 -1.6632935265420747 154.91000000000003
      vertex 17.691636338859194 -3.2538931446064017 0
      vertex 17.174819194129554 -1.6632935265420747 0
    endloop
  endfacet
  facet normal 0.7431448254770907 0.6691306063591952 -4.8968395845941454e-15
    outer loop
      vertex 18.528581365110753 -4.703078683031459 154.91000000000003
      vertex 19.646955149129134 -5.945158603819154 0
      vertex 18.52786404500042 -4.702282018339785 154.91000000000003
    endloop
  endfacet
  facet normal 0.8660254037844389 0.49999999999999933 0
    outer loop
      vertex 18.52786404500042 -4.702282018339785 154.91000000000003
      vertex 18.52786404500042 -4.702282018339785 0
      vertex 17.691636338859194 -3.2538931446064017 154.91000000000003
    endloop
  endfacet
  facet normal 0.9510565162951532 0.30901699437494823 0
    outer loop
      vertex 17.691636338859194 -3.2538931446064017 154.91000000000003
      vertex 17.691636338859194 -3.2538931446064017 0
      vertex 17.174819194129554 -1.6632935265420747 154.91000000000003
    endloop
  endfacet
  facet normal 0.9945218953682733 0.10452846326765322 0
    outer loop
      vertex 17 0 154.91000000000003
      vertex 17.174819194129554 -1.6632935265420747 0
      vertex 17 0 0
    endloop
  endfacet
  facet normal 0.9945218953682733 -0.10452846326765322 0
    outer loop
      vertex 17.174819194129554 1.6632935265420747 154.91000000000003
      vertex 17 0 0
      vertex 17.174819194129554 1.6632935265420747 0
    endloop
  endfacet
  facet normal 0.9945218953682733 0.10452846326765322 0
    outer loop
      vertex 17.174819194129554 -1.6632935265420747 154.91000000000003
      vertex 17.174819194129554 -1.6632935265420747 0
      vertex 17 0 154.91000000000003
    endloop
  endfacet
  facet normal 0.9945218953682733 -0.10452846326765322 0
    outer loop
      vertex 17 0 154.91000000000003
      vertex 17 0 0
      vertex 17.174819194129554 1.6632935265420747 154.91000000000003
    endloop
  endfacet
  facet normal 0.9510565162951532 -0.30901699437494823 0
    outer loop
      vertex 17.174819194129554 1.6632935265420747 154.91000000000003
      vertex 17.174819194129554 1.6632935265420747 0
      vertex 17.691636338859194 3.2538931446064017 154.91000000000003
    endloop
  endfacet
  facet normal 0.743144825477394 0.6691306063588585 4.859029488111117e-15
    outer loop
      vertex 18.528581365110753 -4.703078683031459 154.91000000000003
      vertex 18.52786404500042 -4.702282018339785 155.01000000000002
      vertex 19.64647841269558 -5.944629134369772 155.01000000000002
    endloop
  endfacet
  facet normal 0.20791169081775912 0.9781476007338058 0
    outer loop
      vertex 22.52786404500042 -7.608452130361228 154.91000000000003
      vertex 24.163772293858774 -7.956175162946186 0
      vertex 22.52786404500042 -7.608452130361228 0
    endloop
  endfacet
  facet normal 0 1 0
    outer loop
      vertex 24.163772293858774 -7.956175162946186 154.91000000000003
      vertex 25.836227706141226 -7.956175162946186 0
      vertex 24.163772293858774 -7.956175162946186 0
    endloop
  endfacet
  facet normal 0.40673664307580026 0.9135454576426009 0
    outer loop
      vertex 21 -6.928203230275509 154.91000000000003
      vertex 22.52786404500042 -7.608452130361228 0
      vertex 21 -6.928203230275509 0
    endloop
  endfacet
  facet normal 0.5877852522924729 0.8090169943749477 0
    outer loop
      vertex 19.646955149129134 -5.945158603819154 154.91000000000003
      vertex 21 -6.928203230275509 0
      vertex 19.646955149129134 -5.945158603819154 0
    endloop
  endfacet
  facet normal -0.20791169081775912 0.9781476007338058 0
    outer loop
      vertex 25.836227706141226 -7.956175162946186 154.91000000000003
      vertex 27.47213595499958 -7.608452130361228 0
      vertex 25.836227706141226 -7.956175162946186 0
    endloop
  endfacet
  facet normal -0.40673664307580026 0.9135454576426009 0
    outer loop
      vertex 27.47213595499958 -7.608452130361228 154.91000000000003
      vertex 29 -6.928203230275509 0
      vertex 27.47213595499958 -7.608452130361228 0
    endloop
  endfacet
  facet normal -0.5877852522924729 0.8090169943749477 0
    outer loop
      vertex 29 -6.928203230275509 154.91000000000003
      vertex 30.353044850870866 -5.945158603819154 0
      vertex 29 -6.928203230275509 0
    endloop
  endfacet
  facet normal 0.40673664307580026 0.9135454576426009 -1.1293095488458372e-19
    outer loop
      vertex 21 -6.928203230275509 154.91000000000003
      vertex 22.52786404500042 -7.608452130361228 154.91000000000003
      vertex 22.52786404500042 -7.608452130361228 0
    endloop
  endfacet
  facet normal 0.20791169081775912 0.9781476007338058 0
    outer loop
      vertex 24.163772293858774 -7.956175162946186 154.91000000000003
      vertex 24.163772293858774 -7.956175162946186 0
      vertex 22.52786404500042 -7.608452130361228 154.91000000000003
    endloop
  endfacet
  facet normal 0.5877852522924729 0.8090169943749477 2.258373993986035e-19
    outer loop
      vertex 19.646955149129134 -5.945158603819154 154.91000000000003
      vertex 21 -6.928203230275509 154.91000000000003
      vertex 21 -6.928203230275509 0
    endloop
  endfacet
  facet normal 0 1 0
    outer loop
      vertex 24.163772293858774 -7.956175162946186 154.91000000000003
      vertex 25.836227706141226 -7.956175162946186 154.91000000000003
      vertex 25.836227706141226 -7.956175162946186 0
    endloop
  endfacet
  facet normal -0.20791169081775956 0.9781476007338056 -4.709613823822616e-18
    outer loop
      vertex 25.836227706141226 -7.956175162946186 154.91000000000003
      vertex 27.471087363083125 -7.608675015453584 154.91000000000003
      vertex 27.47213595499958 -7.608452130361228 0
    endloop
  endfacet
  facet normal -0.20791169081709665 0.9781476007339464 -1.5992850118266385e-23
    outer loop
      vertex 27.471087363083125 -7.608675015453584 154.91000000000003
      vertex 27.47213595499958 -7.608452130361228 154.91000000000003
      vertex 27.47213595499958 -7.608452130361228 0
    endloop
  endfacet
  facet normal -0.40673664307580026 0.9135454576426009 1.1293095488458372e-19
    outer loop
      vertex 27.47213595499958 -7.608452130361228 154.91000000000003
      vertex 29 -6.928203230275509 154.91000000000003
      vertex 29 -6.928203230275509 0
    endloop
  endfacet
  facet normal -0.5877852522924729 0.8090169943749477 -2.258373993986035e-19
    outer loop
      vertex 29 -6.928203230275509 154.91000000000003
      vertex 30.353044850870866 -5.945158603819154 154.91000000000003
      vertex 30.353044850870866 -5.945158603819154 0
    endloop
  endfacet
  facet normal -0.7431448254773942 0.6691306063588582 0
    outer loop
      vertex 30.353044850870866 -5.945158603819154 154.91000000000003
      vertex 31.47213595499958 -4.702282018339785 0
      vertex 30.353044850870866 -5.945158603819154 0
    endloop
  endfacet
  facet normal -0.20791169081775956 0.9781476007338056 0
    outer loop
      vertex 25.836227706141226 -7.956175162946186 154.91000000000003
      vertex 25.836227706141226 -7.956175162946186 155.01000000000002
      vertex 27.471087363083125 -7.608675015453584 154.91000000000003
    endloop
  endfacet
  facet normal -0.2079116908177591 0.9781476007338057 7.271276549051637e-15
    outer loop
      vertex 25.836227706141226 -7.956175162946186 155.01000000000002
      vertex 27.47213595499958 -7.608452130361228 155.01000000000002
      vertex 27.471087363083125 -7.608675015453584 154.91000000000003
    endloop
  endfacet
  facet normal -0.866025403784438 0.500000000000001 0
    outer loop
      vertex 31.47213595499958 -4.702282018339785 154.91000000000003
      vertex 32.30836366114081 -3.2538931446064017 0
      vertex 31.47213595499958 -4.702282018339785 0
    endloop
  endfacet
  facet normal -0.9510565162951541 0.30901699437494634 0
    outer loop
      vertex 32.30836366114081 -3.2538931446064017 154.91000000000003
      vertex 32.825180805870446 -1.6632935265420747 0
      vertex 32.30836366114081 -3.2538931446064017 0
    endloop
  endfacet
  facet normal -0.7431448254773942 0.6691306063588582 7.119582026219509e-20
    outer loop
      vertex 30.353044850870866 -5.945158603819154 154.91000000000003
      vertex 31.47213595499958 -4.702282018339785 154.91000000000003
      vertex 31.47213595499958 -4.702282018339785 0
    endloop
  endfacet
  facet normal -0.866025403784438 0.500000000000001 -3.8287788920567633e-19
    outer loop
      vertex 31.47213595499958 -4.702282018339785 154.91000000000003
      vertex 32.30836366114081 -3.2538931446064017 154.91000000000003
      vertex 32.30836366114081 -3.2538931446064017 0
    endloop
  endfacet
  facet normal -0.9510565162951541 0.30901699437494634 -5.924598269466864e-21
    outer loop
      vertex 32.30836366114081 -3.2538931446064017 154.91000000000003
      vertex 32.825180805870446 -1.6632935265420747 154.91000000000003
      vertex 32.825180805870446 -1.6632935265420747 0
    endloop
  endfacet
  facet normal -0.9945218953682733 0.10452846326765322 0
    outer loop
      vertex 32.825180805870446 -1.6632935265420747 154.91000000000003
      vertex 33 0 0
      vertex 32.825180805870446 -1.6632935265420747 0
    endloop
  endfacet
  facet normal -0.9945218953682733 -0.10452846326765322 0
    outer loop
      vertex 33 0 154.91000000000003
      vertex 32.825180805870446 1.6632935265420747 0
      vertex 33 0 0
    endloop
  endfacet
  facet normal -0.9510565162951541 -0.30901699437494634 0
    outer loop
      vertex 32.825180805870446 1.6632935265420747 154.91000000000003
      vertex 32.30836366114081 3.2538931446064017 0
      vertex 32.825180805870446 1.6632935265420747 0
    endloop
  endfacet
  facet normal -0.9945218953682733 0.10452846326765322 -1.6728052516193568e-20
    outer loop
      vertex 32.825180805870446 -1.6632935265420747 154.91000000000003
      vertex 33 0 154.91000000000003
      vertex 33 0 0
    endloop
  endfacet
  facet normal -0.9945218953682733 -0.10452846326765322 1.6728052516193568e-20
    outer loop
      vertex 33 0 154.91000000000003
      vertex 32.825180805870446 1.6632935265420747 154.91000000000003
      vertex 32.825180805870446 1.6632935265420747 0
    endloop
  endfacet
  facet normal 0.9510565162951532 -0.30901699437494823 0
    outer loop
      vertex 17.691636338859194 3.2538931446064017 154.91000000000003
      vertex 17.174819194129554 1.6632935265420747 0
      vertex 17.691636338859194 3.2538931446064017 0
    endloop
  endfacet
  facet normal 0.8660254037844389 -0.49999999999999933 0
    outer loop
      vertex 18.52786404500042 4.702282018339785 154.91000000000003
      vertex 17.691636338859194 3.2538931446064017 0
      vertex 18.52786404500042 4.702282018339785 0
    endloop
  endfacet
  facet normal 0.7431448254773942 -0.6691306063588582 0
    outer loop
      vertex 19.646955149129134 5.945158603819154 154.91000000000003
      vertex 18.52786404500042 4.702282018339785 0
      vertex 19.646955149129134 5.945158603819154 0
    endloop
  endfacet
  facet normal 0.8660254037844389 -0.49999999999999933 0
    outer loop
      vertex 17.691636338859194 3.2538931446064017 154.91000000000003
      vertex 17.691636338859194 3.2538931446064017 0
      vertex 18.52786404500042 4.702282018339785 154.91000000000003
    endloop
  endfacet
  facet normal 0.7431448254773942 -0.6691306063588582 0
    outer loop
      vertex 18.52786404500042 4.702282018339785 154.91000000000003
      vertex 18.52786404500042 4.702282018339785 0
      vertex 19.646955149129134 5.945158603819154 154.91000000000003
    endloop
  endfacet
  facet normal 0.5877852522924729 -0.8090169943749477 0
    outer loop
      vertex 21 6.928203230275509 154.91000000000003
      vertex 19.646955149129134 5.945158603819154 0
      vertex 21 6.928203230275509 0
    endloop
  endfacet
  facet normal 0.40673664307580026 -0.9135454576426009 0
    outer loop
      vertex 22.52786404500042 7.608452130361228 154.91000000000003
      vertex 21 6.928203230275509 0
      vertex 22.52786404500042 7.608452130361228 0
    endloop
  endfacet
  facet normal 0.20791169081775912 -0.9781476007338058 0
    outer loop
      vertex 24.163772293858774 7.956175162946186 154.91000000000003
      vertex 22.52786404500042 7.608452130361228 0
      vertex 24.163772293858774 7.956175162946186 0
    endloop
  endfacet
  facet normal 0 -1 0
    outer loop
      vertex 25.836227706141226 7.956175162946186 154.91000000000003
      vertex 24.163772293858774 7.956175162946186 0
      vertex 25.836227706141226 7.956175162946186 0
    endloop
  endfacet
  facet normal -0.20791169081775912 -0.9781476007338058 0
    outer loop
      vertex 27.47213595499958 7.608452130361228 154.91000000000003
      vertex 25.836227706141226 7.956175162946186 0
      vertex 27.47213595499958 7.608452130361228 0
    endloop
  endfacet
  facet normal -0.5877852522924729 -0.8090169943749477 0
    outer loop
      vertex 30.353044850870866 5.945158603819154 154.91000000000003
      vertex 29 6.928203230275509 0
      vertex 30.353044850870866 5.945158603819154 0
    endloop
  endfacet
  facet normal -0.40673664307580026 -0.9135454576426009 0
    outer loop
      vertex 29 6.928203230275509 154.91000000000003
      vertex 27.47213595499958 7.608452130361228 0
      vertex 29 6.928203230275509 0
    endloop
  endfacet
  facet normal 0.5877852522924729 -0.8090169943749477 0
    outer loop
      vertex 19.646955149129134 5.945158603819154 154.91000000000003
      vertex 19.646955149129134 5.945158603819154 0
      vertex 21 6.928203230275509 154.91000000000003
    endloop
  endfacet
  facet normal 0.40673664307566976 -0.9135454576426589 -5.711994400347156e-23
    outer loop
      vertex 21.00097933725082 6.928639259312164 154.91000000000003
      vertex 21 6.928203230275509 154.91000000000003
      vertex 21 6.928203230275509 0
    endloop
  endfacet
  facet normal 0.4067366430758003 -0.9135454576426008 -9.89345363910162e-19
    outer loop
      vertex 21.00097933725082 6.928639259312164 154.91000000000003
      vertex 21 6.928203230275509 0
      vertex 22.52786404500042 7.608452130361228 154.91000000000003
    endloop
  endfacet
  facet normal 0.20791169081775912 -0.9781476007338058 0
    outer loop
      vertex 22.52786404500042 7.608452130361228 154.91000000000003
      vertex 22.52786404500042 7.608452130361228 0
      vertex 24.163772293858774 7.956175162946186 154.91000000000003
    endloop
  endfacet
  facet normal 0 -1 0
    outer loop
      vertex 24.163772293858774 7.956175162946186 154.91000000000003
      vertex 24.163772293858774 7.956175162946186 0
      vertex 25.836227706141226 7.956175162946186 154.91000000000003
    endloop
  endfacet
  facet normal -0.20791169081775912 -0.9781476007338058 0
    outer loop
      vertex 25.836227706141226 7.956175162946186 154.91000000000003
      vertex 25.836227706141226 7.956175162946186 0
      vertex 27.47213595499958 7.608452130361228 154.91000000000003
    endloop
  endfacet
  facet normal -0.5877852522924729 -0.8090169943749477 2.258373993986035e-19
    outer loop
      vertex 30.353044850870866 5.945158603819154 154.91000000000003
      vertex 29 6.928203230275509 154.91000000000003
      vertex 29 6.928203230275509 0
    endloop
  endfacet
  facet normal -0.40673664307580026 -0.9135454576426009 0
    outer loop
      vertex 27.47213595499958 7.608452130361228 154.91000000000003
      vertex 27.47213595499958 7.608452130361228 0
      vertex 29 6.928203230275509 154.91000000000003
    endloop
  endfacet
  facet normal -0.866025403784438 -0.500000000000001 0
    outer loop
      vertex 32.30836366114081 3.2538931446064017 154.91000000000003
      vertex 31.47213595499958 4.702282018339785 0
      vertex 32.30836366114081 3.2538931446064017 0
    endloop
  endfacet
  facet normal -0.7431448254773942 -0.6691306063588582 0
    outer loop
      vertex 31.47213595499958 4.702282018339785 154.91000000000003
      vertex 30.353044850870866 5.945158603819154 0
      vertex 31.47213595499958 4.702282018339785 0
    endloop
  endfacet
  facet normal -0.9510565162951541 -0.30901699437494634 5.924598269466864e-21
    outer loop
      vertex 32.825180805870446 1.6632935265420747 154.91000000000003
      vertex 32.30836366114081 3.2538931446064017 154.91000000000003
      vertex 32.30836366114081 3.2538931446064017 0
    endloop
  endfacet
  facet normal -0.866025403784438 -0.500000000000001 3.8287788920567633e-19
    outer loop
      vertex 32.30836366114081 3.2538931446064017 154.91000000000003
      vertex 31.47213595499958 4.702282018339785 154.91000000000003
      vertex 31.47213595499958 4.702282018339785 0
    endloop
  endfacet
  facet normal -0.7431448254770907 -0.6691306063591952 -4.8968395845941454e-15
    outer loop
      vertex 31.471418634889247 4.703078683031459 154.91000000000003
      vertex 30.353044850870866 5.945158603819154 0
      vertex 31.47213595499958 4.702282018339785 154.91000000000003
    endloop
  endfacet
  facet normal -0.7431448254773945 -0.669130606358858 -1.3060606484995082e-19
    outer loop
      vertex 31.471418634889247 4.703078683031459 154.91000000000003
      vertex 30.353044850870866 5.945158603819154 154.91000000000003
      vertex 30.353044850870866 5.945158603819154 0
    endloop
  endfacet
  facet normal 0.4067366430758001 -0.913545457642601 1.5295137758527488e-15
    outer loop
      vertex 21.00097933725082 6.928639259312164 154.91000000000003
      vertex 22.5272131699706 7.608162342127401 155.01000000000002
      vertex 21 6.928203230275509 155.01000000000002
    endloop
  endfacet
  facet normal 0.4067366430758004 -0.9135454576426009 -2.8829222975670314e-15
    outer loop
      vertex 21.00097933725082 6.928639259312164 154.91000000000003
      vertex 22.52786404500042 7.608452130361228 154.91000000000003
      vertex 22.5272131699706 7.608162342127401 155.01000000000002
    endloop
  endfacet
  facet normal 0.20791169081756833 -0.9781476007338462 0
    outer loop
      vertex 24.163772293858774 7.956175162946186 155.01000000000002
      vertex 24.163075391648302 7.9560270318085085 155.01000000000002
      vertex 24.163772293858774 7.956175162946186 154.91000000000003
    endloop
  endfacet
  facet normal -0.743144825477394 -0.6691306063588585 4.859029488111117e-15
    outer loop
      vertex 31.471418634889247 4.703078683031459 154.91000000000003
      vertex 31.47213595499958 4.702282018339785 155.01000000000002
      vertex 30.35352158730442 5.944629134369772 155.01000000000002
    endloop
  endfacet
  facet normal -0.7431448254773945 -0.669130606358858 -4.628137669614628e-15
    outer loop
      vertex 31.471418634889247 4.703078683031459 154.91000000000003
      vertex 30.35352158730442 5.944629134369772 155.01000000000002
      vertex 30.353044850870866 5.945158603819154 154.91000000000003
    endloop
  endfacet
  facet normal 1 0 0
    outer loop
      vertex -29.95 9.450000000000001 389.65000000000003
      vertex -29.95 9.77115521854852 389.65000000000003
      vertex -29.95 9.450000000000001 394.6
    endloop
  endfacet
  facet normal 1 0 0
    outer loop
      vertex -29.95 9.77115521854852 389.65000000000003
      vertex -29.95 9.450000000000001 394.6493827160494
      vertex -29.95 9.450000000000001 394.6
    endloop
  endfacet
  facet normal 1 0 0
    outer loop
      vertex -29.95 9.450000000000001 394.6493827160494
      vertex -29.95 9.5 394.8
      vertex -29.95 9.4566496097507 394.8
    endloop
  endfacet
  facet normal 0 1 0
    outer loop
      vertex -29.95 9.450000000000001 389.65000000000003
      vertex -29.95 9.450000000000001 394.6
      vertex -20.05 9.450000000000001 394.6
    endloop
  endfacet
  facet normal 0 1 0
    outer loop
      vertex -29.95 9.450000000000001 389.65000000000003
      vertex -20.05 9.450000000000001 394.6
      vertex -20.05 9.450000000000001 389.65000000000003
    endloop
  endfacet
  facet normal -1 7.105427357601153e-14 0
    outer loop
      vertex -20.05 9.450000000000001 389.65000000000003
      vertex -20.05 9.450000000000001 394.6
      vertex -20.049999999999997 9.5 394.6
    endloop
  endfacet
  facet normal -1 0 7.177199351112139e-16
    outer loop
      vertex -20.05 9.450000000000001 389.65000000000003
      vertex -20.049999999999997 9.5 394.6
      vertex -20.05 9.77115521854852 389.65000000000003
    endloop
  endfacet
  facet normal -1 -3.3738010914493235e-13 -1.7763568394003508e-14
    outer loop
      vertex -20.05 9.77115521854852 389.65000000000003
      vertex -20.049999999999997 9.5 394.6
      vertex -20.05 9.5 394.8
    endloop
  endfacet
  facet normal 1 0 0
    outer loop
      vertex -29.95 9.77115521854852 389.65000000000003
      vertex -29.95 9.77115521854852 389.6
      vertex -29.95 11.1 389.6
    endloop
  endfacet
  facet normal 0 0 1
    outer loop
      vertex -29.95 9.77115521854852 389.6
      vertex -28.399186938124423 10.461621679246688 389.6
      vertex -29.95 11.1 389.6
    endloop
  endfacet
  facet normal 1 0 0
    outer loop
      vertex -29.95 9.450000000000001 394.6493827160494
      vertex -29.95 12.990381056766578 389.6
      vertex -29.95 9.5 394.8
    endloop
  endfacet
  facet normal 1 0 0
    outer loop
      vertex -29.95 9.77115521854852 389.65000000000003
      vertex -29.95 12.990381056766578 389.6
      vertex -29.95 9.450000000000001 394.6493827160494
    endloop
  endfacet
  facet normal 1 0 0
    outer loop
      vertex -29.95 9.77115521854852 389.65000000000003
      vertex -29.95 11.1 389.6
      vertex -29.95 12.990381056766578 389.6
    endloop
  endfacet
  facet normal 0 0 1
    outer loop
      vertex -29.95 11.1 389.6
      vertex -28.399186938124423 10.461621679246688 389.6
      vertex -26.14981309594419 10.939740849051006 389.6
    endloop
  endfacet
  facet normal 0 0 -1
    outer loop
      vertex -29.95 9.5 394.8
      vertex -29.95 12.990381056766578 394.8
      vertex -20.05 9.5 394.8
    endloop
  endfacet
  facet normal 0 0 1
    outer loop
      vertex -29.95 11.1 389.6
      vertex -26.14981309594419 10.939740849051006 389.6
      vertex -20.05 11.1 389.6
    endloop
  endfacet
  facet normal 1 0 0
    outer loop
      vertex -29.95 9.5 394.8
      vertex -29.95 12.990381056766578 389.6
      vertex -29.95 12.990381056766578 394.8
    endloop
  endfacet
  facet normal 0 0 1
    outer loop
      vertex -26.14981309594419 10.939740849051006 389.6
      vertex -23.85018690405581 10.939740849051006 389.6
      vertex -20.05 11.1 389.6
    endloop
  endfacet
  facet normal -1 0 0
    outer loop
      vertex -20.05 9.77115521854852 389.65000000000003
      vertex -20.05 11.1 389.6
      vertex -20.05 9.77115521854852 389.6
    endloop
  endfacet
  facet normal 0 0 1
    outer loop
      vertex -21.600813061875577 10.461621679246688 389.6
      vertex -20.05 9.77115521854852 389.6
      vertex -20.05 11.1 389.6
    endloop
  endfacet
  facet normal -1 0 0
    outer loop
      vertex -20.05 9.77115521854852 389.65000000000003
      vertex -20.05 9.5 394.8
      vertex -20.05 11.1 389.6
    endloop
  endfacet
  facet normal 0 0 1
    outer loop
      vertex -23.85018690405581 10.939740849051006 389.6
      vertex -21.600813061875577 10.461621679246688 389.6
      vertex -20.05 11.1 389.6
    endloop
  endfacet
  facet normal -1 0 0
    outer loop
      vertex -20.05 9.5 394.8
      vertex -20.05 12.990381056766578 394.8
      vertex -20.05 11.1 389.6
    endloop
  endfacet
  facet normal 0 0 -1
    outer loop
      vertex -20.05 9.5 394.8
      vertex -29.95 12.990381056766578 394.8
      vertex -20.05 12.990381056766578 394.8
    endloop
  endfacet
  facet normal -1 0 0
    outer loop
      vertex -20.05 11.1 389.6
      vertex -20.05 12.990381056766578 394.8
      vertex -20.05 12.990381056766578 389.6
    endloop
  endfacet
  facet normal 1 0 0
    outer loop
      vertex -29.95 11.1 389.6
      vertex -29.95 12.990381056766578 388.27634093396324
      vertex -29.95 12.990381056766578 389.6
    endloop
  endfacet
  facet normal 1.6313017960851133e-18 0.5735764363510423 0.8191520442889945
    outer loop
      vertex -29.95 11.1 389.6
      vertex -20.05 12.990381056766578 388.27634093396324
      vertex -29.95 12.990381056766578 388.27634093396324
    endloop
  endfacet
  facet normal 0 0.5735764363510423 0.8191520442889945
    outer loop
      vertex -29.95 11.1 389.6
      vertex -20.05 11.1 389.6
      vertex -20.05 12.990381056766578 388.27634093396324
    endloop
  endfacet
  facet normal -1 0 0
    outer loop
      vertex -20.05 11.1 389.6
      vertex -20.05 12.990381056766578 389.6
      vertex -20.05 12.990381056766578 388.27634093396324
    endloop
  endfacet
  facet normal 0 1 0
    outer loop
      vertex -4.275 7.95 389.65000000000003
      vertex -4.275 7.95 394.8
      vertex 4.275 7.95 394.8
    endloop
  endfacet
  facet normal 1 0 0
    outer loop
      vertex -4.275 8.43872496147372 389.65000000000003
      vertex -4.275 8.43872496147372 389.6
      vertex -4.275 9.6 389.6
    endloop
  endfacet
  facet normal 1 0 0
    outer loop
      vertex -4.275 7.95 389.65000000000003
      vertex -4.275 8.43872496147372 389.65000000000003
      vertex -4.275 7.95 394.8
    endloop
  endfacet
  facet normal 1 0 0
    outer loop
      vertex -4.275 7.95 394.8
      vertex -4.275 9.6 389.6
      vertex -4.275 8.099972899729 394.8
    endloop
  endfacet
  facet normal 1 0 0
    outer loop
      vertex -4.275 7.95 394.8
      vertex -4.275 8.43872496147372 389.65000000000003
      vertex -4.275 9.6 389.6
    endloop
  endfacet
  facet normal 0 0 1
    outer loop
      vertex -4.275 8.43872496147372 389.6
      vertex -2.9356614465620003 9.035036904803958 389.6
      vertex -4.275 9.6 389.6
    endloop
  endfacet
  facet normal 0 0 1
    outer loop
      vertex -4.275 9.6 389.6
      vertex -2.9356614465620003 9.035036904803958 389.6
      vertex -0.993020401042708 9.447958005998597 389.6
    endloop
  endfacet
  facet normal 1 0 0
    outer loop
      vertex -4.275 8.099972899729 394.8
      vertex -4.275 9.6 389.6
      vertex -4.275 9.5 394.8
    endloop
  endfacet
  facet normal 0 0 -1
    outer loop
      vertex -4.275 7.95 394.8
      vertex -4.275 8.099972899729 394.8
      vertex 4.275 8.099972899729 394.8
    endloop
  endfacet
  facet normal 0 0 1
    outer loop
      vertex -4.275 9.6 389.6
      vertex -0.993020401042708 9.447958005998597 389.6
      vertex 4.275 9.6 389.6
    endloop
  endfacet
  facet normal 1 0 0
    outer loop
      vertex -4.275 9.6 389.6
      vertex -4.275 12.990381056766578 394.44196594831743
      vertex -4.275 9.5 394.8
    endloop
  endfacet
  facet normal 0 0 -1
    outer loop
      vertex -4.275 9.5 394.8
      vertex -4.275 12.990381056766578 394.8
      vertex 4.275 9.5 394.8
    endloop
  endfacet
  facet normal 1 0 0
    outer loop
      vertex -4.275 9.5 394.8
      vertex -4.275 12.990381056766578 394.44196594831743
      vertex -4.275 12.990381056766578 394.8
    endloop
  endfacet
  facet normal 0 1 0
    outer loop
      vertex -4.275 7.95 389.65000000000003
      vertex 4.275 7.95 394.8
      vertex 4.275 7.95 389.65000000000003
    endloop
  endfacet
  facet normal 0 0 -1
    outer loop
      vertex -4.275 7.95 394.8
      vertex 4.275 8.099972899729 394.8
      vertex 4.275 7.95 394.8
    endloop
  endfacet
  facet normal 0 0 1
    outer loop
      vertex -0.993020401042708 9.447958005998597 389.6
      vertex 0.993020401042708 9.447958005998597 389.6
      vertex 4.275 9.6 389.6
    endloop
  endfacet
  facet normal -1 0 0
    outer loop
      vertex 4.275 8.43872496147372 389.65000000000003
      vertex 4.275 9.6 389.6
      vertex 4.275 8.43872496147372 389.6
    endloop
  endfacet
  facet normal -1 0 0
    outer loop
      vertex 4.275 7.95 394.8
      vertex 4.275 8.099972899729 394.8
      vertex 4.275 7.95 389.65000000000003
    endloop
  endfacet
  facet normal -1 0 0
    outer loop
      vertex 4.275 8.099972899729 394.8
      vertex 4.275 9.5 394.8
      vertex 4.275 7.95 389.65000000000003
    endloop
  endfacet
  facet normal 0 0 1
    outer loop
      vertex 0.993020401042708 9.447958005998597 389.6
      vertex 2.9356614465620003 9.035036904803958 389.6
      vertex 4.275 9.6 389.6
    endloop
  endfacet
  facet normal 0 0 1
    outer loop
      vertex 2.9356614465620003 9.035036904803958 389.6
      vertex 4.275 8.43872496147372 389.6
      vertex 4.275 9.6 389.6
    endloop
  endfacet
  facet normal -1 0 0
    outer loop
      vertex 4.275 7.95 389.65000000000003
      vertex 4.275 12.990381056766578 394.8
      vertex 4.275 8.43872496147372 389.65000000000003
    endloop
  endfacet
  facet normal -1 0 0
    outer loop
      vertex 4.275 7.95 389.65000000000003
      vertex 4.275 9.5 394.8
      vertex 4.275 12.990381056766578 394.8
    endloop
  endfacet
  facet normal -1 0 0
    outer loop
      vertex 4.275 8.43872496147372 389.65000000000003
      vertex 4.275 12.990381056766578 394.8
      vertex 4.275 9.6 389.6
    endloop
  endfacet
  facet normal 0 0 -1
    outer loop
      vertex 4.275 9.5 394.8
      vertex -4.275 12.990381056766578 394.8
      vertex 4.275 12.990381056766578 394.8
    endloop
  endfacet
  facet normal -1 0 0
    outer loop
      vertex 4.275 9.6 389.6
      vertex 4.275 12.990381056766578 394.8
      vertex 4.275 12.990381056766578 389.6
    endloop
  endfacet
  facet normal 1 0 0
    outer loop
      vertex -4.275 9.6 389.6
      vertex -4.275 12.990381056766578 387.22602962664865
      vertex -4.275 12.990381056766578 394.44196594831743
    endloop
  endfacet
  facet normal -1.579615497326983e-17 0.5735764363510476 0.8191520442889908
    outer loop
      vertex -4.275 9.6 389.6
      vertex 4.275 12.990381056766578 387.22602962664865
      vertex -4.275 12.990381056766578 387.22602962664865
    endloop
  endfacet
  facet normal 0 0.5735764363510476 0.8191520442889908
    outer loop
      vertex -4.275 9.6 389.6
      vertex 4.275 9.6 389.6
      vertex 4.275 12.990381056766578 387.22602962664865
    endloop
  endfacet
  facet normal -1 0 0
    outer loop
      vertex 4.275 9.6 389.6
      vertex 4.275 12.990381056766578 389.6
      vertex 4.275 12.990381056766578 387.22602962664865
    endloop
  endfacet
  facet normal 1 0 0
    outer loop
      vertex 21.4 6.45 389.65000000000003
      vertex 21.4 7.106294704398922 389.65000000000003
      vertex 21.4 6.45 394.8
    endloop
  endfacet
  facet normal 1 0 0
    outer loop
      vertex 21.4 7.106294704398922 389.65000000000003
      vertex 21.4 7.106294704398922 389.6
      vertex 21.4 8.1 389.6
    endloop
  endfacet
  facet normal 0 0 1
    outer loop
      vertex 21.4 7.106294704398922 389.6
      vertex 22.52786404500042 7.608452130361228 389.6
      vertex 21.4 8.1 389.6
    endloop
  endfacet
  facet normal 1 0 0
    outer loop
      vertex 21.4 6.45 394.8
      vertex 21.4 7.106294704398922 389.65000000000003
      vertex 21.4 8.1 389.6
    endloop
  endfacet
  facet normal 1 0 0
    outer loop
      vertex 21.4 6.45 394.8
      vertex 21.4 8.1 389.6
      vertex 21.4 8.4875 394.6
    endloop
  endfacet
  facet normal 1 0 0
    outer loop
      vertex 21.4 6.45 394.8
      vertex 21.4 8.4875 394.6
      vertex 21.4 8.437107046070464 394.8
    endloop
  endfacet
  facet normal 0 1 0
    outer loop
      vertex 21.4 6.45 389.65000000000003
      vertex 21.4 6.45 394.8
      vertex 28.6 6.45 394.8
    endloop
  endfacet
  facet normal 0 0 1
    outer loop
      vertex 21.4 8.1 389.6
      vertex 22.52786404500042 7.608452130361228 389.6
      vertex 24.163772293858774 7.956175162946186 389.6
    endloop
  endfacet
  facet normal 0 0 -1
    outer loop
      vertex 21.4 6.45 394.8
      vertex 21.4 8.437107046070464 394.8
      vertex 28.52140921409214 8.437107046070464 394.8
    endloop
  endfacet
  facet normal 1 0 0
    outer loop
      vertex 21.4 8.1 389.6
      vertex 21.4 9.5 394.6
      vertex 21.4 8.4875 394.6
    endloop
  endfacet
  facet normal 1 0 0
    outer loop
      vertex 21.4 8.1 389.6
      vertex 21.4 11.741079198690475 394.8
      vertex 21.4 9.5 394.6
    endloop
  endfacet
  facet normal 0 0 1
    outer loop
      vertex 21.4 8.1 389.6
      vertex 24.163772293858774 7.956175162946186 389.6
      vertex 25.836227706141226 7.956175162946186 389.6
    endloop
  endfacet
  facet normal 0 1 0
    outer loop
      vertex 21.4 6.45 389.65000000000003
      vertex 28.6 6.45 394.8
      vertex 28.6 6.45 389.65000000000003
    endloop
  endfacet
  facet normal 0 0 1
    outer loop
      vertex 25.836227706141226 7.956175162946186 389.6
      vertex 27.47213595499958 7.608452130361228 389.6
      vertex 28.6 8.1 389.6
    endloop
  endfacet
  facet normal 0 0 -1
    outer loop
      vertex 21.4 6.45 394.8
      vertex 28.52140921409214 8.437107046070464 394.8
      vertex 28.6 6.45 394.8
    endloop
  endfacet
  facet normal -1 0 0
    outer loop
      vertex 28.6 7.106294704398922 389.65000000000003
      vertex 28.6 8.1 389.6
      vertex 28.6 7.106294704398922 389.6
    endloop
  endfacet
  facet normal 0 0 1
    outer loop
      vertex 27.47213595499958 7.608452130361228 389.6
      vertex 28.6 7.106294704398922 389.6
      vertex 28.6 8.1 389.6
    endloop
  endfacet
  facet normal -1 -1.7436631552395093e-15 0
    outer loop
      vertex 28.6 6.45 394.8
      vertex 28.599999999999998 8.4875 394.8
      vertex 28.6 6.45 389.65000000000003
    endloop
  endfacet
  facet normal 0 0 -1
    outer loop
      vertex 28.6 6.45 394.8
      vertex 28.52140921409214 8.437107046070464 394.8
      vertex 28.599999999999998 8.4875 394.8
    endloop
  endfacet
  facet normal 0 0 1
    outer loop
      vertex 21.4 8.1 389.6
      vertex 25.836227706141226 7.956175162946186 389.6
      vertex 28.6 8.1 389.6
    endloop
  endfacet
  facet normal -1 0 -6.898473162719451e-16
    outer loop
      vertex 28.599999999999998 8.4875 394.8
      vertex 28.599999999999998 9.5 394.8
      vertex 28.6 6.45 389.65000000000003
    endloop
  endfacet
  facet normal -1 0 0
    outer loop
      vertex 28.6 6.45 389.65000000000003
      vertex 28.6 12.990381056766578 394.8
      vertex 28.6 7.106294704398922 389.65000000000003
    endloop
  endfacet
  facet normal -1 1.5852691332267288e-15 -1.628696026241177e-15
    outer loop
      vertex 28.599999999999998 9.5 394.8
      vertex 28.6 11.741079198690475 394.8
      vertex 28.6 6.45 389.65000000000003
    endloop
  endfacet
  facet normal -1 0 0
    outer loop
      vertex 28.6 7.106294704398922 389.65000000000003
      vertex 28.6 12.990381056766578 394.8
      vertex 28.6 8.1 389.6
    endloop
  endfacet
  facet normal 1 0 0
    outer loop
      vertex 21.4 9.5 394.6
      vertex 21.4 11.741079198690475 394.8
      vertex 21.4 9.5 394.8
    endloop
  endfacet
  facet normal 0 0 -1
    outer loop
      vertex 21.4 9.5 394.8
      vertex 21.4 11.741079198690475 394.8
      vertex 28.6 11.741079198690475 394.8
    endloop
  endfacet
  facet normal 0 0 -1
    outer loop
      vertex 21.4 9.5 394.8
      vertex 28.6 11.741079198690475 394.8
      vertex 28.599999999999998 9.5 394.8
    endloop
  endfacet
  facet normal -1 0 0
    outer loop
      vertex 28.6 6.45 389.65000000000003
      vertex 28.6 11.741079198690475 394.8
      vertex 28.6 12.990381056766578 394.8
    endloop
  endfacet
  facet normal -1 0 0
    outer loop
      vertex 28.6 8.1 389.6
      vertex 28.6 12.990381056766578 394.8
      vertex 28.6 12.990381056766578 389.6
    endloop
  endfacet
  facet normal 0 0.5735764363510432 0.8191520442889938
    outer loop
      vertex 21.4 8.1 389.6
      vertex 28.6 8.1 389.6
      vertex 28.6 12.990381056766578 386.1757183193341
    endloop
  endfacet
  facet normal 1 0 0
    outer loop
      vertex 21.4 8.1 389.6
      vertex 21.4 12.990381056766578 386.1757183193341
      vertex 21.4 11.741079198690475 394.8
    endloop
  endfacet
  facet normal -2.719847430972816e-17 0.5735764363510432 0.8191520442889938
    outer loop
      vertex 21.4 8.1 389.6
      vertex 28.6 12.990381056766578 386.1757183193341
      vertex 21.4 12.990381056766578 386.1757183193341
    endloop
  endfacet
  facet normal 1 0 0
    outer loop
      vertex 21.4 11.741079198690475 394.8
      vertex 21.4 12.990381056766578 386.1757183193341
      vertex 21.4 12.990381056766578 394.8
    endloop
  endfacet
  facet normal 1 0 0
    outer loop
      vertex 21.4 11.741079198690475 394.8
      vertex 21.4 12.990381056766578 395.8
      vertex 21.4 12.860145187190907 396.3981918608898
    endloop
  endfacet
  facet normal 1 0 0
    outer loop
      vertex 21.4 11.741079198690475 394.8
      vertex 21.4 12.990381056766578 394.8
      vertex 21.4 12.990381056766578 395.8
    endloop
  endfacet
  facet normal 0 0.8191520442889961 -0.5735764363510397
    outer loop
      vertex 21.4 11.741079198690475 394.8
      vertex 21.4 12.860145187190907 396.3981918608898
      vertex 28.6 11.741079198690475 394.8
    endloop
  endfacet
  facet normal -1 0 0
    outer loop
      vertex 28.6 8.1 389.6
      vertex 28.6 12.990381056766578 389.6
      vertex 28.6 12.990381056766578 386.1757183193341
    endloop
  endfacet
  facet normal 4.068981838173129e-18 0.8191520442889961 -0.5735764363510397
    outer loop
      vertex 28.6 11.741079198690475 394.8
      vertex 21.4 12.860145187190907 396.3981918608898
      vertex 28.6 12.860145187190907 396.3981918608898
    endloop
  endfacet
  facet normal -1 0 0
    outer loop
      vertex 28.6 11.741079198690475 394.8
      vertex 28.6 12.860145187190907 396.3981918608898
      vertex 28.6 12.990381056766578 395.8
    endloop
  endfacet
  facet normal -1 0 0
    outer loop
      vertex 28.6 11.741079198690475 394.8
      vertex 28.6 12.990381056766578 395.8
      vertex 28.6 12.990381056766578 394.8
    endloop
  endfacet
  facet normal 1 0 0
    outer loop
      vertex -4.275 -1.08 431.5
      vertex -4.275 1.3296495956873262 431.6
      vertex -4.275 -1.08 431.6
    endloop
  endfacet
  facet normal 0 1 0
    outer loop
      vertex -4.275 -1.08 431.5
      vertex -4.275 -1.08 431.6
      vertex 4.275 -1.08 431.5
    endloop
  endfacet
  facet normal 1 0 0
    outer loop
      vertex -4.275 -1.08 431.5
      vertex -4.275 8.099972899729 394.8
      vertex -4.275 1.3296495956873262 431.6
    endloop
  endfacet
  facet normal -4.2772915875156757e-16 -0.9751999454843343 -0.22132570191315634
    outer loop
      vertex -4.275 9.5 395.6
      vertex 4.275 1.329649595687324 431.6
      vertex -4.275 1.3296495956873262 431.6
    endloop
  endfacet
  facet normal -4.474865425698718e-17 0.9701115625080736 0.24265934205825274
    outer loop
      vertex -4.275 -1.08 431.5
      vertex 4.275 8.099972899729 394.8
      vertex -4.275 8.099972899729 394.8
    endloop
  endfacet
  facet normal 1 0 0
    outer loop
      vertex -4.275 8.099972899729 394.8
      vertex -4.275 9.5 395.6
      vertex -4.275 1.3296495956873262 431.6
    endloop
  endfacet
  facet normal 1 0 0
    outer loop
      vertex -4.275 8.099972899729 394.8
      vertex -4.275 9.5 394.8
      vertex -4.275 9.5 395.6
    endloop
  endfacet
  facet normal 0 -1 0
    outer loop
      vertex -4.275 9.5 394.8
      vertex 4.275 9.5 395.6
      vertex -4.275 9.5 395.6
    endloop
  endfacet
  facet normal 0 1 0
    outer loop
      vertex 4.275 -1.08 431.5
      vertex -4.275 -1.08 431.6
      vertex 4.275 -1.08 431.6
    endloop
  endfacet
  facet normal 0 0.9701115625080736 0.24265934205825274
    outer loop
      vertex -4.275 -1.08 431.5
      vertex 4.275 -1.08 431.5
      vertex 4.275 8.099972899729 394.8
    endloop
  endfacet
  facet normal -1 0 0
    outer loop
      vertex 4.275 -1.08 431.5
      vertex 4.275 -1.08 431.6
      vertex 4.275 9.5 394.8
    endloop
  endfacet
  facet normal -1 0 0
    outer loop
      vertex 4.275 9.5 395.6
      vertex 4.275 -1.08 431.6
      vertex 4.275 1.329649595687324 431.6
    endloop
  endfacet
  facet normal -1 0 0
    outer loop
      vertex 4.275 -1.08 431.5
      vertex 4.275 9.5 394.8
      vertex 4.275 8.099972899729 394.8
    endloop
  endfacet
  facet normal -1 0 0
    outer loop
      vertex 4.275 9.5 394.8
      vertex 4.275 -1.08 431.6
      vertex 4.275 9.5 395.6
    endloop
  endfacet
  facet normal 0 -0.9751999454843343 -0.22132570191315643
    outer loop
      vertex -4.275 9.5 395.6
      vertex 4.275 9.5 395.6
      vertex 4.275 1.329649595687324 431.6
    endloop
  endfacet
  facet normal 0 -1 0
    outer loop
      vertex -4.275 9.5 394.8
      vertex 4.275 9.5 394.8
      vertex 4.275 9.5 395.6
    endloop
  endfacet
  facet normal 0.539774254841939 0.8418098085730705 0
    outer loop
      vertex -15.45 -0.8100000000000002 431.5
      vertex -15.879919137466292 -0.5343328840970449 431.6
      vertex -15.45 -0.8100000000000002 431.6
    endloop
  endfacet
  facet normal 0 1 0
    outer loop
      vertex -15.45 -0.8100000000000002 431.5
      vertex -15.45 -0.8100000000000002 431.6
      vertex -5.549999999999999 -0.8100000000000002 431.5
    endloop
  endfacet
  facet normal 0 1 0
    outer loop
      vertex -5.549999999999999 -0.8100000000000002 431.5
      vertex -15.45 -0.8100000000000002 431.6
      vertex -5.549999999999999 -0.8100000000000002 431.6
    endloop
  endfacet
  facet normal -1 0 0
    outer loop
      vertex -5.549999999999999 -0.8100000000000002 431.5
      vertex -5.549999999999999 -0.8100000000000002 431.6
      vertex -5.549999999999999 0.8100000000000002 431.5
    endloop
  endfacet
  facet normal -1 0 0
    outer loop
      vertex -5.549999999999999 0.8100000000000002 431.5
      vertex -5.549999999999999 -0.8100000000000002 431.6
      vertex -5.549999999999999 0.8100000000000002 431.6
    endloop
  endfacet
  facet normal -0.5140607228084167 -0.8577537952499471 0
    outer loop
      vertex -5.549999999999999 0.8100000000000002 431.5
      vertex -5.549999999999999 0.8100000000000002 431.6
      vertex -5.979919137466293 1.0676549865229035 431.6
    endloop
  endfacet
  facet normal 0.5397742548419394 0.8418098085730702 0
    outer loop
      vertex -29.95 8.4875 394.6
      vertex -29.95 8.4875 395.6
      vertex -15.45 -0.8100000000000002 431.5
    endloop
  endfacet
  facet normal 0.5397742548419387 0.8418098085730704 6.059981854086121e-16
    outer loop
      vertex -29.95 8.4875 395.6
      vertex -15.879919137466292 -0.5343328840970449 431.6
      vertex -15.45 -0.8100000000000002 431.5
    endloop
  endfacet
  facet normal 0.9313908626506681 2.2950409985649048e-15 -0.3640206875588862
    outer loop
      vertex -29.95 8.4875 395.6
      vertex -15.879919137466295 1.0676549865229037 431.6
      vertex -15.879919137466292 -0.5343328840970449 431.6
    endloop
  endfacet
  facet normal 0.9313908626506704 3.379235624559592e-14 -0.36402068755888056
    outer loop
      vertex -28.30849056603774 7.7875 399.8
      vertex -28.230323450134783 7.841089838486225 400
      vertex -15.879919137466295 1.0676549865229037 431.6
    endloop
  endfacet
  facet normal 0.9313908626506688 1.0291521802400037e-14 -0.3640206875588846
    outer loop
      vertex -28.30849056603774 7.7875 399.8
      vertex -15.879919137466295 1.0676549865229037 431.6
      vertex -29.95 8.4875 395.6
    endloop
  endfacet
  facet normal 0.9313908626506682 3.5965911879081934e-15 -0.36402068755888606
    outer loop
      vertex -28.230323450134783 7.841089838486225 400
      vertex -28.173101149812673 7.9875 400.1464101615138
      vertex -15.879919137466295 1.0676549865229037 431.6
    endloop
  endfacet
  facet normal 0.9313908626506664 -1.8833823796622706e-14 -0.36402068755889044
    outer loop
      vertex -28.173101149812673 7.9875 400.1464101615138
      vertex -28.15215633423182 8.1875 400.2
      vertex -15.879919137466295 1.0676549865229037 431.6
    endloop
  endfacet
  facet normal 0.9313908626506655 -3.1577199217820086e-14 -0.36402068755889294
    outer loop
      vertex -28.15215633423182 8.1875 400.2
      vertex -28.173101149812663 8.3875 400.1464101615138
      vertex -15.879919137466295 1.0676549865229037 431.6
    endloop
  endfacet
  facet normal 0.9313908626506963 3.5709661316691864e-13 -0.3640206875588145
    outer loop
      vertex -28.19738833713659 8.449641699980479 400.0842684615333
      vertex -15.879919137466295 1.0676549865229037 431.6
      vertex -28.173101149812663 8.3875 400.1464101615138
    endloop
  endfacet
  facet normal 8.000311455040436e-16 -0.9736472767647116 -0.22805915997534687
    outer loop
      vertex -28.19738833713659 8.449641699980479 400.0842684615333
      vertex -19.549999999999997 8.449641699980486 400.0842684615333
      vertex -15.879919137466295 1.0676549865229037 431.6
    endloop
  endfacet
  facet normal 0.9313908626506778 1.712367645983827e-13 -0.3640206875588616
    outer loop
      vertex -28.386657681940704 7.841089838486225 399.6
      vertex -28.30849056603774 7.7875 399.8
      vertex -29.95 8.4875 395.6
    endloop
  endfacet
  facet normal 0.9313908626506682 -3.474921372936812e-15 -0.36402068755888606
    outer loop
      vertex -28.386657681940704 7.841089838486225 399.6
      vertex -29.95 8.4875 395.6
      vertex -28.443879982262814 7.9875 399.4535898384862
    endloop
  endfacet
  facet normal 0.9313908626506678 -1.3237070612210033e-14 -0.36402068755888717
    outer loop
      vertex -28.46482479784366 8.1875 399.40000000000003
      vertex -28.443879982262814 7.9875 399.4535898384862
      vertex -29.95 8.4875 395.6
    endloop
  endfacet
  facet normal 0.9313908626506671 -3.59077113090437e-14 -0.3640206875588887
    outer loop
      vertex -28.46482479784366 8.1875 399.40000000000003
      vertex -29.95 8.4875 395.6
      vertex -28.443879982262803 8.3875 399.4535898384862
    endloop
  endfacet
  facet normal 1 0 0
    outer loop
      vertex -29.95 8.4875 394.6
      vertex -29.95 9.450000000000001 394.6493827160494
      vertex -29.95 8.4875 395.6
    endloop
  endfacet
  facet normal 0.9313908626506675 0 -0.3640206875588879
    outer loop
      vertex -29.95 8.4875 395.6
      vertex -29.95 9.5 395.6
      vertex -28.443879982262803 8.3875 399.4535898384862
    endloop
  endfacet
  facet normal 0.9313908626506765 9.215765536862951e-14 -0.36402068755886474
    outer loop
      vertex -29.95 9.5 395.6
      vertex -28.38665768194071 8.533910161513775 399.6
      vertex -28.443879982262803 8.3875 399.4535898384862
    endloop
  endfacet
  facet normal 0.9313908626506566 -1.52919999417479e-13 -0.3640206875589154
    outer loop
      vertex -29.95 9.5 395.6
      vertex -28.36396110943069 8.549470485582946 399.6580719200084
      vertex -28.38665768194071 8.533910161513775 399.6
    endloop
  endfacet
  facet normal 1 0 0
    outer loop
      vertex -29.95 8.4875 394.6
      vertex -29.95 9.450000000000001 394.6
      vertex -29.95 9.450000000000001 394.6493827160494
    endloop
  endfacet
  facet normal 1 0 0
    outer loop
      vertex -29.95 8.4875 395.6
      vertex -29.95 9.450000000000001 394.6493827160494
      vertex -29.95 9.4566496097507 394.8
    endloop
  endfacet
  facet normal 1 0 0
    outer loop
      vertex -29.95 8.4875 395.6
      vertex -29.95 9.4566496097507 394.8
      vertex -29.95 9.5 395.6
    endloop
  endfacet
  facet normal 1 0 0
    outer loop
      vertex -29.95 9.4566496097507 394.8
      vertex -29.95 9.5 394.8
      vertex -29.95 9.5 395.6
    endloop
  endfacet
  facet normal 1.9933392595086477e-16 -0.9736472767647121 -0.22805915997534523
    outer loop
      vertex -29.95 9.5 395.6
      vertex -19.549999999999997 8.549470485582948 399.6580719200084
      vertex -28.36396110943069 8.549470485582946 399.6580719200084
    endloop
  endfacet
  facet normal 0 0 1
    outer loop
      vertex -29.95 8.4875 394.6
      vertex -20.05 9.450000000000001 394.6
      vertex -29.95 9.450000000000001 394.6
    endloop
  endfacet
  facet normal 0 -1 0
    outer loop
      vertex -29.95 9.5 394.8
      vertex -20.049999999999997 9.5 395.6
      vertex -29.95 9.5 395.6
    endloop
  endfacet
  facet normal 0 0 1
    outer loop
      vertex -29.95 8.4875 394.6
      vertex -20.049999999999997 8.4875 394.6
      vertex -20.05 9.450000000000001 394.6
    endloop
  endfacet
  facet normal 0 -0.9736472767647123 -0.2280591599753448
    outer loop
      vertex -29.95 9.5 395.6
      vertex -20.049999999999997 9.5 395.6
      vertex -19.549999999999997 8.549470485582948 399.6580719200084
    endloop
  endfacet
  facet normal 0 -1 0
    outer loop
      vertex -29.95 9.5 394.8
      vertex -20.05 9.5 394.8
      vertex -20.049999999999997 9.5 395.6
    endloop
  endfacet
  facet normal -6.173176720096596e-17 0.9696925553232116 0.2443283613310994
    outer loop
      vertex -29.95 8.4875 394.6
      vertex -15.45 -0.8100000000000002 431.5
      vertex -5.549999999999999 -0.8100000000000002 431.5
    endloop
  endfacet
  facet normal 0 0.9696925553232116 0.24432836133109942
    outer loop
      vertex -29.95 8.4875 394.6
      vertex -5.549999999999999 -0.8100000000000002 431.5
      vertex -20.049999999999997 8.4875 394.6
    endloop
  endfacet
  facet normal -0.9307208326379818 -3.4354126059818682e-15 0.36573040848917915
    outer loop
      vertex -20.049999999999997 8.4875 394.6
      vertex -5.549999999999999 -0.8100000000000002 431.5
      vertex -20.05 9.450000000000001 394.6
    endloop
  endfacet
  facet normal -0.9307208326379753 6.613169266515194e-14 0.3657304084891959
    outer loop
      vertex -20.05 9.450000000000001 394.6
      vertex -5.549999999999999 -0.8100000000000002 431.5
      vertex -20.049999999999997 9.5 394.6
    endloop
  endfacet
  facet normal -2.886056568308915e-14 -0.9736472767647144 -0.22805915997533502
    outer loop
      vertex -19.549999999999997 8.449641699980486 400.0842684615333
      vertex -19.549999999999997 8.549470485582948 399.6580719200084
      vertex -5.979919137466293 1.0676549865229035 431.6
    endloop
  endfacet
  facet normal 3.263260465123456e-17 -0.9736472767647117 -0.22805915997534684
    outer loop
      vertex -19.549999999999997 8.449641699980486 400.0842684615333
      vertex -5.979919137466293 1.0676549865229035 431.6
      vertex -15.879919137466295 1.0676549865229037 431.6
    endloop
  endfacet
  facet normal -0.9307208326379817 -1.3552029762589843e-16 0.3657304084891797
    outer loop
      vertex -20.049999999999997 9.5 394.6
      vertex -5.549999999999999 -0.8100000000000002 431.5
      vertex -5.549999999999999 0.8100000000000002 431.5
    endloop
  endfacet
  facet normal -0.514060722808417 -0.8577537952499469 -1.4147037658479115e-16
    outer loop
      vertex -20.049999999999997 9.5 395.6
      vertex -5.549999999999999 0.8100000000000002 431.5
      vertex -5.979919137466293 1.0676549865229035 431.6
    endloop
  endfacet
  facet normal -6.622782642431362e-15 -0.9736472767647124 -0.22805915997534398
    outer loop
      vertex -20.049999999999997 9.5 395.6
      vertex -5.979919137466293 1.0676549865229035 431.6
      vertex -19.549999999999997 8.549470485582948 399.6580719200084
    endloop
  endfacet
  facet normal -0.5140607228083995 -0.8577537952499573 -9.131552808277888e-15
    outer loop
      vertex -20.049999999999997 9.5 394.6
      vertex -5.549999999999999 0.8100000000000002 431.5
      vertex -20.05 9.5 394.8
    endloop
  endfacet
  facet normal -0.5140607228084207 -0.8577537952499447 2.282888202069404e-15
    outer loop
      vertex -20.05 9.5 394.8
      vertex -5.549999999999999 0.8100000000000002 431.5
      vertex -20.049999999999997 9.5 395.6
    endloop
  endfacet
  facet normal 3.887152731607288e-19 -0.965925826289064 -0.25881904510253656
    outer loop
      vertex -28.386657681940704 7.841089838486225 399.6
      vertex -19.549999999999997 7.7875 399.8
      vertex -28.30849056603774 7.7875 399.8
    endloop
  endfacet
  facet normal -3.922156901653432e-19 -0.965925826289064 0.25881904510253656
    outer loop
      vertex -28.30849056603774 7.7875 399.8
      vertex -19.549999999999997 7.841089838486225 400
      vertex -28.230323450134783 7.841089838486225 400
    endloop
  endfacet
  facet normal 0 -0.7071067811866397 -0.7071067811864552
    outer loop
      vertex -28.386657681940704 7.841089838486225 399.6
      vertex -28.443879982262814 7.9875 399.4535898384862
      vertex -19.549999999999997 7.841089838486225 399.6
    endloop
  endfacet
  facet normal -4.146570466749833e-19 -0.7071067811866397 0.7071067811864553
    outer loop
      vertex -28.230323450134783 7.841089838486225 400
      vertex -19.549999999999997 7.9875 400.1464101615138
      vertex -28.173101149812673 7.9875 400.1464101615138
    endloop
  endfacet
  facet normal 0 -0.25881904510229853 -0.9659258262891278
    outer loop
      vertex -28.46482479784366 8.1875 399.40000000000003
      vertex -19.549999999999997 8.1875 399.40000000000003
      vertex -28.443879982262814 7.9875 399.4535898384862
    endloop
  endfacet
  facet normal 0 -0.25881904510229853 0.9659258262891278
    outer loop
      vertex -28.173101149812673 7.9875 400.1464101615138
      vertex -19.549999999999997 7.9875 400.1464101615138
      vertex -28.15215633423182 8.1875 400.2
    endloop
  endfacet
  facet normal 0 0.2588190451022996 -0.9659258262891276
    outer loop
      vertex -28.46482479784366 8.1875 399.40000000000003
      vertex -28.443879982262803 8.3875 399.4535898384862
      vertex -19.549999999999997 8.1875 399.40000000000003
    endloop
  endfacet
  facet normal 0 0.7071067811866376 -0.7071067811864574
    outer loop
      vertex -28.443879982262803 8.3875 399.4535898384862
      vertex -28.38665768194071 8.533910161513775 399.6
      vertex -19.549999999999997 8.3875 399.4535898384862
    endloop
  endfacet
  facet normal -4.368264659489492e-19 0.2588190451022996 0.9659258262891275
    outer loop
      vertex -28.15215633423182 8.1875 400.2
      vertex -19.549999999999997 8.3875 400.1464101615138
      vertex -28.173101149812663 8.3875 400.1464101615138
    endloop
  endfacet
  facet normal 2.808929493126532e-19 0.707106781186588 0.7071067811865072
    outer loop
      vertex -28.19738833713659 8.449641699980479 400.0842684615333
      vertex -28.173101149812663 8.3875 400.1464101615138
      vertex -19.549999999999997 8.3875 400.1464101615138
    endloop
  endfacet
  facet normal -1.9477156217375794e-16 0.965925826289076 -0.2588190451024923
    outer loop
      vertex -28.38665768194071 8.533910161513775 399.6
      vertex -28.36396110943069 8.549470485582946 399.6580719200084
      vertex -19.549999999999997 8.549470485582948 399.6580719200084
    endloop
  endfacet
  facet normal 0 -0.7071067811866398 -0.7071067811864553
    outer loop
      vertex -28.443879982262814 7.9875 399.4535898384862
      vertex -19.549999999999997 7.9875 399.4535898384862
      vertex -19.549999999999997 7.841089838486225 399.6
    endloop
  endfacet
  facet normal 0 -0.9659258262890641 0.2588190451025366
    outer loop
      vertex -28.30849056603774 7.7875 399.8
      vertex -19.549999999999997 7.7875 399.8
      vertex -19.549999999999997 7.841089838486225 400
    endloop
  endfacet
  facet normal 0 -0.965925826289064 -0.25881904510253656
    outer loop
      vertex -28.386657681940704 7.841089838486225 399.6
      vertex -19.549999999999997 7.841089838486225 399.6
      vertex -19.549999999999997 7.7875 399.8
    endloop
  endfacet
  facet normal 0 -0.7071067811866398 0.7071067811864553
    outer loop
      vertex -28.230323450134783 7.841089838486225 400
      vertex -19.549999999999997 7.841089838486225 400
      vertex -19.549999999999997 7.9875 400.1464101615138
    endloop
  endfacet
  facet normal 0 -0.25881904510229853 -0.9659258262891278
    outer loop
      vertex -28.443879982262814 7.9875 399.4535898384862
      vertex -19.549999999999997 8.1875 399.40000000000003
      vertex -19.549999999999997 7.9875 399.4535898384862
    endloop
  endfacet
  facet normal 0 0.25881904510229964 -0.9659258262891276
    outer loop
      vertex -28.443879982262803 8.3875 399.4535898384862
      vertex -19.549999999999997 8.3875 399.4535898384862
      vertex -19.549999999999997 8.1875 399.40000000000003
    endloop
  endfacet
  facet normal 0 -0.25881904510229853 0.9659258262891279
    outer loop
      vertex -28.15215633423182 8.1875 400.2
      vertex -19.549999999999997 7.9875 400.1464101615138
      vertex -19.549999999999997 8.1875 400.2
    endloop
  endfacet
  facet normal 0 0.2588190451022996 0.9659258262891275
    outer loop
      vertex -28.15215633423182 8.1875 400.2
      vertex -19.549999999999997 8.1875 400.2
      vertex -19.549999999999997 8.3875 400.1464101615138
    endloop
  endfacet
  facet normal -5.810188778282362e-16 0.7071067811865476 0.7071067811865476
    outer loop
      vertex -28.19738833713659 8.449641699980479 400.0842684615333
      vertex -19.549999999999997 8.3875 400.1464101615138
      vertex -19.549999999999997 8.449641699980486 400.0842684615333
    endloop
  endfacet
  facet normal 0 0.7071067811866376 -0.7071067811864575
    outer loop
      vertex -28.38665768194071 8.533910161513775 399.6
      vertex -19.549999999999997 8.533910161513775 399.6
      vertex -19.549999999999997 8.3875 399.4535898384862
    endloop
  endfacet
  facet normal 0 0.9659258262890684 -0.25881904510251996
    outer loop
      vertex -28.38665768194071 8.533910161513775 399.6
      vertex -19.549999999999997 8.549470485582948 399.6580719200084
      vertex -19.549999999999997 8.533910161513775 399.6
    endloop
  endfacet
  facet normal 1 0 0
    outer loop
      vertex -19.549999999999997 7.7875 399.8
      vertex -19.549999999999997 7.841089838486225 399.6
      vertex -19.549999999999997 7.841089838486225 400
    endloop
  endfacet
  facet normal 1 0 0
    outer loop
      vertex -19.549999999999997 7.841089838486225 399.6
      vertex -19.549999999999997 7.9875 399.4535898384862
      vertex -19.549999999999997 7.841089838486225 400
    endloop
  endfacet
  facet normal 1 0 0
    outer loop
      vertex -19.549999999999997 7.841089838486225 400
      vertex -19.549999999999997 7.9875 399.4535898384862
      vertex -19.549999999999997 7.9875 400.1464101615138
    endloop
  endfacet
  facet normal 1 0 0
    outer loop
      vertex -19.549999999999997 7.9875 399.4535898384862
      vertex -19.549999999999997 8.1875 399.40000000000003
      vertex -19.549999999999997 7.9875 400.1464101615138
    endloop
  endfacet
  facet normal 1 0 0
    outer loop
      vertex -19.549999999999997 7.9875 400.1464101615138
      vertex -19.549999999999997 8.1875 399.40000000000003
      vertex -19.549999999999997 8.1875 400.2
    endloop
  endfacet
  facet normal 1 0 0
    outer loop
      vertex -19.549999999999997 8.1875 399.40000000000003
      vertex -19.549999999999997 8.3875 399.4535898384862
      vertex -19.549999999999997 8.1875 400.2
    endloop
  endfacet
  facet normal 1 0 0
    outer loop
      vertex -19.549999999999997 8.1875 400.2
      vertex -19.549999999999997 8.3875 399.4535898384862
      vertex -19.549999999999997 8.3875 400.1464101615138
    endloop
  endfacet
  facet normal 1 0 0
    outer loop
      vertex -19.549999999999997 8.3875 399.4535898384862
      vertex -19.549999999999997 8.533910161513775 399.6
      vertex -19.549999999999997 8.3875 400.1464101615138
    endloop
  endfacet
  facet normal 1 0 0
    outer loop
      vertex -19.549999999999997 8.3875 400.1464101615138
      vertex -19.549999999999997 8.533910161513775 399.6
      vertex -19.549999999999997 8.449641699980486 400.0842684615333
    endloop
  endfacet
  facet normal 1 0 0
    outer loop
      vertex -19.549999999999997 8.449641699980486 400.0842684615333
      vertex -19.549999999999997 8.533910161513775 399.6
      vertex -19.549999999999997 8.549470485582948 399.6580719200084
    endloop
  endfacet
  facet normal 1 0 0
    outer loop
      vertex 6.9 -0.8100000000000002 431.5
      vertex 6.9 0.8100000000000002 431.6
      vertex 6.9 -0.8100000000000002 431.6
    endloop
  endfacet
  facet normal 1 0 0
    outer loop
      vertex 6.9 -0.8100000000000002 431.5
      vertex 6.9 0.8100000000000002 431.5
      vertex 6.9 0.8100000000000002 431.6
    endloop
  endfacet
  facet normal 0 1 0
    outer loop
      vertex 6.9 -0.8100000000000002 431.5
      vertex 6.9 -0.8100000000000002 431.6
      vertex 14.100000000000001 -0.8100000000000002 431.5
    endloop
  endfacet
  facet normal 0.5140607228084163 -0.8577537952499473 0
    outer loop
      vertex 6.9 0.8100000000000002 431.5
      vertex 7.329919137466295 1.0676549865229032 431.6
      vertex 6.9 0.8100000000000002 431.6
    endloop
  endfacet
  facet normal 0 1 0
    outer loop
      vertex 14.100000000000001 -0.8100000000000002 431.5
      vertex 6.9 -0.8100000000000002 431.6
      vertex 14.100000000000001 -0.8100000000000002 431.6
    endloop
  endfacet
  facet normal 0.9307208326379816 0 0.3657304084891799
    outer loop
      vertex 6.9 -0.8100000000000002 431.5
      vertex 21.4 8.4875 394.6
      vertex 6.9 0.8100000000000002 431.5
    endloop
  endfacet
  facet normal 0.5140607228084163 -0.8577537952499473 -1.4451608833309258e-16
    outer loop
      vertex 6.9 0.8100000000000002 431.5
      vertex 21.4 9.5 395.6
      vertex 7.329919137466295 1.0676549865229032 431.6
    endloop
  endfacet
  facet normal 0 0.9696925553232115 0.24432836133109934
    outer loop
      vertex 6.9 -0.8100000000000002 431.5
      vertex 14.100000000000001 -0.8100000000000002 431.5
      vertex 21.4 8.4875 394.6
    endloop
  endfacet
  facet normal -2.3507149983797627e-16 -0.973647276764712 -0.22805915997534618
    outer loop
      vertex 20.9 8.54947048558294 399.65807192000835
      vertex 14.529919137466292 1.0676549865229013 431.6
      vertex 7.329919137466295 1.0676549865229032 431.6
    endloop
  endfacet
  facet normal -0.9313908626506678 -1.676586757667635e-15 -0.3640206875588872
    outer loop
      vertex 26.823101149812665 8.3875 400.1464101615138
      vertex 14.529919137466296 -0.5343328840970436 431.6
      vertex 14.529919137466292 1.0676549865229013 431.6
    endloop
  endfacet
  facet normal -0.5397742548419395 0.8418098085730701 0
    outer loop
      vertex 14.100000000000001 -0.8100000000000002 431.5
      vertex 14.100000000000001 -0.8100000000000002 431.6
      vertex 28.599999999999998 8.4875 394.8
    endloop
  endfacet
  facet normal -0.5397742548419382 0.8418098085730709 -3.9068808556630924e-16
    outer loop
      vertex 28.599999999999998 8.4875 395.6
      vertex 14.100000000000001 -0.8100000000000002 431.6
      vertex 14.529919137466296 -0.5343328840970436 431.6
    endloop
  endfacet
  facet normal 1.623766537616865e-14 0.96969255532321 0.2443283613311055
    outer loop
      vertex 14.100000000000001 -0.8100000000000002 431.5
      vertex 21.4 8.437107046070464 394.8
      vertex 21.4 8.4875 394.6
    endloop
  endfacet
  facet normal 8.916014052156716e-14 -0.9736472767647159 -0.2280591599753293
    outer loop
      vertex 20.9 8.449641699980468 400.0842684615333
      vertex 14.529919137466292 1.0676549865229013 431.6
      vertex 20.9 8.54947048558294 399.65807192000835
    endloop
  endfacet
  facet normal 0.9307208326379814 2.168324762014378e-16 0.36573040848918
    outer loop
      vertex 6.9 0.8100000000000002 431.5
      vertex 21.4 8.4875 394.6
      vertex 21.4 9.5 394.6
    endloop
  endfacet
  facet normal -1.1648269785140551e-14 -0.9736472767647109 -0.22805915997535078
    outer loop
      vertex 20.9 8.54947048558294 399.65807192000835
      vertex 7.329919137466295 1.0676549865229032 431.6
      vertex 21.4 9.5 395.6
    endloop
  endfacet
  facet normal 0.5140607228084119 -0.8577537952499501 -1.1506387025390775e-15
    outer loop
      vertex 6.9 0.8100000000000002 431.5
      vertex 21.4 9.5 394.6
      vertex 21.4 9.5 394.8
    endloop
  endfacet
  facet normal 0.5140607228084172 -0.8577537952499468 -2.8765967563475e-16
    outer loop
      vertex 6.9 0.8100000000000002 431.5
      vertex 21.4 9.5 394.8
      vertex 21.4 9.5 395.6
    endloop
  endfacet
  facet normal 2.908074773669698e-16 -0.9736472767647117 -0.22805915997534623
    outer loop
      vertex 20.9 8.449641699980468 400.0842684615333
      vertex 26.84738833713657 8.44964169998047 400.0842684615333
      vertex 14.529919137466292 1.0676549865229013 431.6
    endloop
  endfacet
  facet normal -1.7257874950881985e-17 0.9696925553232114 0.24432836133109936
    outer loop
      vertex 14.100000000000001 -0.8100000000000002 431.5
      vertex 28.52140921409214 8.437107046070464 394.8
      vertex 21.4 8.437107046070464 394.8
    endloop
  endfacet
  facet normal -0.9313908626506762 9.256266188134568e-14 -0.36402068755886546
    outer loop
      vertex 26.88032345013478 7.841089838486225 400
      vertex 26.95849056603773 7.7875 399.8
      vertex 14.529919137466296 -0.5343328840970436 431.6
    endloop
  endfacet
  facet normal -0.9313908626506665 -1.4454213472545952e-14 -0.36402068755889005
    outer loop
      vertex 26.88032345013478 7.841089838486225 400
      vertex 14.529919137466296 -0.5343328840970436 431.6
      vertex 26.82310114981267 7.9875 400.1464101615138
    endloop
  endfacet
  facet normal -0.9313908626506648 -3.405882624719758e-14 -0.3640206875588947
    outer loop
      vertex 26.82310114981267 7.9875 400.1464101615138
      vertex 14.529919137466296 -0.5343328840970436 431.6
      vertex 26.80215633423181 8.1875 400.2
    endloop
  endfacet
  facet normal -0.9313908626506701 2.165795268368484e-14 -0.36402068755888134
    outer loop
      vertex 26.80215633423181 8.1875 400.2
      vertex 14.529919137466296 -0.5343328840970436 431.6
      vertex 26.823101149812665 8.3875 400.1464101615138
    endloop
  endfacet
  facet normal -0.9313908626506667 -1.4566735139542794e-14 -0.3640206875588898
    outer loop
      vertex 26.95849056603773 7.7875 399.8
      vertex 28.599999999999998 8.4875 395.6
      vertex 14.529919137466296 -0.5343328840970436 431.6
    endloop
  endfacet
  facet normal -0.5397742548419281 0.8418098085730773 6.483619021913884e-15
    outer loop
      vertex 14.100000000000001 -0.8100000000000002 431.5
      vertex 28.599999999999998 8.4875 394.8
      vertex 28.52140921409214 8.437107046070464 394.8
    endloop
  endfacet
  facet normal -0.9313908626506633 -5.948512491739663e-14 -0.36402068755889877
    outer loop
      vertex 26.823101149812665 8.3875 400.1464101615138
      vertex 14.529919137466292 1.0676549865229013 431.6
      vertex 26.84738833713657 8.44964169998047 400.0842684615333
    endloop
  endfacet
  facet normal -0.5397742548419395 0.8418098085730702 0
    outer loop
      vertex 28.599999999999998 8.4875 394.8
      vertex 14.100000000000001 -0.8100000000000002 431.6
      vertex 28.599999999999998 8.4875 395.6
    endloop
  endfacet
  facet normal 1.837453191998545e-15 -0.9736472767647112 -0.2280591599753492
    outer loop
      vertex 20.9 8.54947048558294 399.65807192000835
      vertex 21.4 9.5 395.6
      vertex 27.01396110943068 8.549470485582939 399.6580719200084
    endloop
  endfacet
  facet normal 0 -1 0
    outer loop
      vertex 21.4 9.5 394.8
      vertex 28.599999999999998 9.5 395.6
      vertex 21.4 9.5 395.6
    endloop
  endfacet
  facet normal 0 -0.9736472767647117 -0.2280591599753468
    outer loop
      vertex 21.4 9.5 395.6
      vertex 28.599999999999998 9.5 395.6
      vertex 27.01396110943068 8.549470485582939 399.6580719200084
    endloop
  endfacet
  facet normal 0 -1 0
    outer loop
      vertex 21.4 9.5 394.8
      vertex 28.599999999999998 9.5 394.8
      vertex 28.599999999999998 9.5 395.6
    endloop
  endfacet
  facet normal -0.9313908626506857 3.1928084921755047e-13 -0.36402068755884154
    outer loop
      vertex 26.95849056603773 7.7875 399.8
      vertex 27.0366576819407 7.841089838486225 399.6
      vertex 28.599999999999998 8.4875 395.6
    endloop
  endfacet
  facet normal -0.9313908626506694 2.2508833428279113e-14 -0.36402068755888317
    outer loop
      vertex 27.0366576819407 7.841089838486225 399.6
      vertex 27.093879982262813 7.9875 399.4535898384862
      vertex 28.599999999999998 8.4875 395.6
    endloop
  endfacet
  facet normal -0.9313908626506663 -4.7522119158765565e-14 -0.364020687558891
    outer loop
      vertex 27.093879982262813 7.9875 399.4535898384862
      vertex 27.114824797843653 8.1875 399.40000000000003
      vertex 28.599999999999998 8.4875 395.6
    endloop
  endfacet
  facet normal -0.9313908626506675 -4.520372814075292e-17 -0.3640206875588877
    outer loop
      vertex 27.114824797843653 8.1875 399.40000000000003
      vertex 28.599999999999998 9.5 395.6
      vertex 28.599999999999998 8.4875 395.6
    endloop
  endfacet
  facet normal -1 0 0
    outer loop
      vertex 28.599999999999998 8.4875 394.8
      vertex 28.599999999999998 8.4875 395.6
      vertex 28.599999999999998 9.5 394.8
    endloop
  endfacet
  facet normal -0.9313908626506743 5.772595010215498e-14 -0.3640206875588705
    outer loop
      vertex 27.114824797843653 8.1875 399.40000000000003
      vertex 27.093879982262816 8.3875 399.4535898384862
      vertex 28.599999999999998 9.5 395.6
    endloop
  endfacet
  facet normal -0.9313908626506602 -8.600670074718785e-14 -0.36402068755890643
    outer loop
      vertex 27.03665768194069 8.533910161513775 399.6
      vertex 28.599999999999998 9.5 395.6
      vertex 27.093879982262816 8.3875 399.4535898384862
    endloop
  endfacet
  facet normal -0.9313908626506923 3.04191422321033e-13 -0.3640206875588247
    outer loop
      vertex 27.03665768194069 8.533910161513775 399.6
      vertex 27.01396110943068 8.549470485582939 399.6580719200084
      vertex 28.599999999999998 9.5 395.6
    endloop
  endfacet
  facet normal -1 0 0
    outer loop
      vertex 28.599999999999998 8.4875 395.6
      vertex 28.599999999999998 9.5 395.6
      vertex 28.599999999999998 9.5 394.8
    endloop
  endfacet
  facet normal -1 0 0
    outer loop
      vertex 20.9 7.7875 399.8
      vertex 20.9 7.841089838486225 400
      vertex 20.9 7.841089838486225 399.6
    endloop
  endfacet
  facet normal -1 0 0
    outer loop
      vertex 20.9 7.841089838486225 399.6
      vertex 20.9 7.841089838486225 400
      vertex 20.9 7.9875 400.1464101615138
    endloop
  endfacet
  facet normal -1 0 0
    outer loop
      vertex 20.9 7.841089838486225 399.6
      vertex 20.9 7.9875 400.1464101615138
      vertex 20.9 7.9875 399.4535898384862
    endloop
  endfacet
  facet normal 0 -0.965925826289064 -0.25881904510253656
    outer loop
      vertex 20.9 7.7875 399.8
      vertex 20.9 7.841089838486225 399.6
      vertex 26.95849056603773 7.7875 399.8
    endloop
  endfacet
  facet normal -5.692934640142745e-19 -0.965925826289064 0.2588190451025366
    outer loop
      vertex 20.9 7.7875 399.8
      vertex 26.88032345013478 7.841089838486225 400
      vertex 20.9 7.841089838486225 400
    endloop
  endfacet
  facet normal 0 -0.7071067811866397 -0.7071067811864553
    outer loop
      vertex 20.9 7.841089838486225 399.6
      vertex 20.9 7.9875 399.4535898384862
      vertex 27.0366576819407 7.841089838486225 399.6
    endloop
  endfacet
  facet normal -6.03675264953742e-19 -0.7071067811866397 0.7071067811864552
    outer loop
      vertex 20.9 7.841089838486225 400
      vertex 26.82310114981267 7.9875 400.1464101615138
      vertex 20.9 7.9875 400.1464101615138
    endloop
  endfacet
  facet normal 0 -0.965925826289064 0.25881904510253656
    outer loop
      vertex 20.9 7.7875 399.8
      vertex 26.95849056603773 7.7875 399.8
      vertex 26.88032345013478 7.841089838486225 400
    endloop
  endfacet
  facet normal 0 -0.965925826289064 -0.25881904510253656
    outer loop
      vertex 20.9 7.841089838486225 399.6
      vertex 27.0366576819407 7.841089838486225 399.6
      vertex 26.95849056603773 7.7875 399.8
    endloop
  endfacet
  facet normal 0 -0.7071067811866398 0.7071067811864553
    outer loop
      vertex 20.9 7.841089838486225 400
      vertex 26.88032345013478 7.841089838486225 400
      vertex 26.82310114981267 7.9875 400.1464101615138
    endloop
  endfacet
  facet normal -1 0 0
    outer loop
      vertex 20.9 7.9875 399.4535898384862
      vertex 20.9 7.9875 400.1464101615138
      vertex 20.9 8.1875 400.2
    endloop
  endfacet
  facet normal -1 0 0
    outer loop
      vertex 20.9 7.9875 399.4535898384862
      vertex 20.9 8.1875 400.2
      vertex 20.9 8.1875 399.40000000000003
    endloop
  endfacet
  facet normal -1 0 0
    outer loop
      vertex 20.9 8.1875 399.40000000000003
      vertex 20.9 8.1875 400.2
      vertex 20.9 8.3875 400.1464101615138
    endloop
  endfacet
  facet normal -1 0 0
    outer loop
      vertex 20.9 8.1875 399.40000000000003
      vertex 20.9 8.3875 400.1464101615138
      vertex 20.9 8.3875 399.4535898384862
    endloop
  endfacet
  facet normal -1 0 0
    outer loop
      vertex 20.9 8.3875 399.4535898384862
      vertex 20.9 8.3875 400.1464101615138
      vertex 20.9 8.54947048558294 399.65807192000835
    endloop
  endfacet
  facet normal -1 0 0
    outer loop
      vertex 20.9 8.3875 400.1464101615138
      vertex 20.9 8.449641699980468 400.0842684615333
      vertex 20.9 8.54947048558294 399.65807192000835
    endloop
  endfacet
  facet normal -1 0 0
    outer loop
      vertex 20.9 8.3875 399.4535898384862
      vertex 20.9 8.54947048558294 399.65807192000835
      vertex 20.9 8.533910161513775 399.6
    endloop
  endfacet
  facet normal 0 -0.25881904510229853 -0.9659258262891279
    outer loop
      vertex 20.9 7.9875 399.4535898384862
      vertex 20.9 8.1875 399.40000000000003
      vertex 27.093879982262813 7.9875 399.4535898384862
    endloop
  endfacet
  facet normal -1.595518056233949e-19 -0.2588190451022985 0.9659258262891278
    outer loop
      vertex 20.9 7.9875 400.1464101615138
      vertex 26.80215633423181 8.1875 400.2
      vertex 20.9 8.1875 400.2
    endloop
  endfacet
  facet normal 6.081484968355584e-19 0.2588190451022996 -0.9659258262891276
    outer loop
      vertex 20.9 8.1875 399.40000000000003
      vertex 20.9 8.3875 399.4535898384862
      vertex 27.093879982262816 8.3875 399.4535898384862
    endloop
  endfacet
  facet normal 0 0.2588190451022996 0.9659258262891275
    outer loop
      vertex 20.9 8.1875 400.2
      vertex 26.80215633423181 8.1875 400.2
      vertex 20.9 8.3875 400.1464101615138
    endloop
  endfacet
  facet normal 0 0.7071067811866376 -0.7071067811864574
    outer loop
      vertex 20.9 8.3875 399.4535898384862
      vertex 20.9 8.533910161513775 399.6
      vertex 27.093879982262816 8.3875 399.4535898384862
    endloop
  endfacet
  facet normal 0 0.7071067811866487 0.7071067811864464
    outer loop
      vertex 20.9 8.3875 400.1464101615138
      vertex 26.823101149812665 8.3875 400.1464101615138
      vertex 20.9 8.449641699980468 400.0842684615333
    endloop
  endfacet
  facet normal 2.6870130623026622e-15 0.9659258262890348 -0.2588190451026461
    outer loop
      vertex 20.9 8.533910161513775 399.6
      vertex 20.9 8.54947048558294 399.65807192000835
      vertex 27.01396110943068 8.549470485582939 399.6580719200084
    endloop
  endfacet
  facet normal 0 -0.2588190451022985 0.9659258262891277
    outer loop
      vertex 20.9 7.9875 400.1464101615138
      vertex 26.82310114981267 7.9875 400.1464101615138
      vertex 26.80215633423181 8.1875 400.2
    endloop
  endfacet
  facet normal 0 0.2588190451022996 0.9659258262891274
    outer loop
      vertex 20.9 8.3875 400.1464101615138
      vertex 26.80215633423181 8.1875 400.2
      vertex 26.823101149812665 8.3875 400.1464101615138
    endloop
  endfacet
  facet normal -2.1119757038632028e-16 0.7071067811866385 0.7071067811864566
    outer loop
      vertex 20.9 8.449641699980468 400.0842684615333
      vertex 26.823101149812665 8.3875 400.1464101615138
      vertex 26.84738833713657 8.44964169998047 400.0842684615333
    endloop
  endfacet
  facet normal 0 0.9659258262891054 -0.25881904510238213
    outer loop
      vertex 20.9 8.533910161513775 399.6
      vertex 27.01396110943068 8.549470485582939 399.6580719200084
      vertex 27.03665768194069 8.533910161513775 399.6
    endloop
  endfacet
  facet normal 0 -0.7071067811866397 -0.7071067811864553
    outer loop
      vertex 20.9 7.9875 399.4535898384862
      vertex 27.093879982262813 7.9875 399.4535898384862
      vertex 27.0366576819407 7.841089838486225 399.6
    endloop
  endfacet
  facet normal 0 -0.25881904510229853 -0.9659258262891279
    outer loop
      vertex 20.9 8.1875 399.40000000000003
      vertex 27.114824797843653 8.1875 399.40000000000003
      vertex 27.093879982262813 7.9875 399.4535898384862
    endloop
  endfacet
  facet normal 0 0.2588190451022996 -0.9659258262891276
    outer loop
      vertex 20.9 8.1875 399.40000000000003
      vertex 27.093879982262816 8.3875 399.4535898384862
      vertex 27.114824797843653 8.1875 399.40000000000003
    endloop
  endfacet
  facet normal 0 0.7071067811866375 -0.7071067811864574
    outer loop
      vertex 20.9 8.533910161513775 399.6
      vertex 27.03665768194069 8.533910161513775 399.6
      vertex 27.093879982262816 8.3875 399.4535898384862
    endloop
  endfacet
  facet normal 0.9945218953682734 0 0.10452846326765358
    outer loop
      vertex -3.42351660256832 8.817829795074273 51.162309082137845
      vertex -3.42351660256832 12.990381056766578 51.162309082137845
      vertex -3.5 8.783777192587836 51.89
    endloop
  endfacet
  facet normal 0.9945218953682734 0 -0.1045284632676536
    outer loop
      vertex -3.5 8.783777192587836 51.89
      vertex -3.5 12.990381056766578 51.89
      vertex -3.42351660256832 8.817829795074273 52.617690917862156
    endloop
  endfacet
  facet normal 0.9510565162951539 0 0.3090169943749461
    outer loop
      vertex -3.42351660256832 8.817829795074273 51.162309082137845
      vertex -3.197409101749103 8.918499340402413 50.4664217492347
      vertex -3.42351660256832 12.990381056766578 51.162309082137845
    endloop
  endfacet
  facet normal 0.9510565162951539 0 -0.3090169943749461
    outer loop
      vertex -3.42351660256832 8.817829795074273 52.617690917862156
      vertex -3.42351660256832 12.990381056766578 52.617690917862156
      vertex -3.197409101749103 8.918499340402413 53.3135782507653
    endloop
  endfacet
  facet normal 0.8660254037844376 0 0.5000000000000018
    outer loop
      vertex -3.197409101749103 8.918499340402413 50.4664217492347
      vertex -2.9356614465620003 9.035036904803958 50.01306151168862
      vertex -3.197409101749103 12.990381056766578 50.4664217492347
    endloop
  endfacet
  facet normal 0.8660254037844376 0 -0.5000000000000018
    outer loop
      vertex -3.197409101749103 8.918499340402413 53.3135782507653
      vertex -3.197409101749103 12.990381056766578 53.3135782507653
      vertex -2.9356614465620003 9.035036904803958 53.76693848831138
    endloop
  endfacet
  facet normal 0.8660254037844384 -1.5042205131096546e-18 0.5000000000000004
    outer loop
      vertex -2.9356614465620003 9.035036904803958 50.01306151168862
      vertex -2.831559480312316 9.05716446081308 49.832751616976346
      vertex -2.831559480312316 12.990381056766578 49.832751616976346
    endloop
  endfacet
  facet normal 0.7431448254773965 0 0.6691306063588556
    outer loop
      vertex -2.831559480312316 9.05716446081308 49.832751616976346
      vertex -2.341957122256004 9.161232654627065 49.28899311082912
      vertex -2.831559480312316 12.990381056766578 49.832751616976346
    endloop
  endfacet
  facet normal 0.8660254037844384 2.0223067349278126e-16 -0.5000000000000004
    outer loop
      vertex -2.9356614465620003 9.035036904803958 53.76693848831138
      vertex -3.197409101749103 12.990381056766578 53.3135782507653
      vertex -2.831559480312316 9.05716446081308 53.947248383023656
    endloop
  endfacet
  facet normal 0.9945218953682734 0 0.1045284632676536
    outer loop
      vertex -3.5 8.783777192587836 51.89
      vertex -3.42351660256832 12.990381056766578 51.162309082137845
      vertex -3.5 12.990381056766578 51.89
    endloop
  endfacet
  facet normal 0.9945218953682734 0 -0.10452846326765358
    outer loop
      vertex -3.42351660256832 8.817829795074273 52.617690917862156
      vertex -3.5 12.990381056766578 51.89
      vertex -3.42351660256832 12.990381056766578 52.617690917862156
    endloop
  endfacet
  facet normal 0.951056516295154 0 0.3090169943749462
    outer loop
      vertex -3.197409101749103 8.918499340402413 50.4664217492347
      vertex -3.197409101749103 12.990381056766578 50.4664217492347
      vertex -3.42351660256832 12.990381056766578 51.162309082137845
    endloop
  endfacet
  facet normal 0.951056516295154 0 -0.3090169943749462
    outer loop
      vertex -3.197409101749103 8.918499340402413 53.3135782507653
      vertex -3.42351660256832 12.990381056766578 52.617690917862156
      vertex -3.197409101749103 12.990381056766578 53.3135782507653
    endloop
  endfacet
  facet normal 0.8660254037844378 5.870512979443377e-17 0.5000000000000013
    outer loop
      vertex -2.9356614465620003 9.035036904803958 50.01306151168862
      vertex -2.831559480312316 12.990381056766578 49.832751616976346
      vertex -3.197409101749103 12.990381056766578 50.4664217492347
    endloop
  endfacet
  facet normal 0.7431448254773966 0 0.6691306063588557
    outer loop
      vertex -2.341957122256004 9.161232654627065 49.28899311082912
      vertex -2.341957122256004 12.990381056766578 49.28899311082912
      vertex -2.831559480312316 12.990381056766578 49.832751616976346
    endloop
  endfacet
  facet normal 0.8660254037844377 0 -0.5000000000000014
    outer loop
      vertex -2.831559480312316 9.05716446081308 53.947248383023656
      vertex -3.197409101749103 12.990381056766578 53.3135782507653
      vertex -2.831559480312316 12.990381056766578 53.947248383023656
    endloop
  endfacet
  facet normal 0.5877852522924685 -2.9402828359551825e-18 0.8090169943749509
    outer loop
      vertex -2.341957122256004 9.161232654627065 49.28899311082912
      vertex -1.75 9.287057025189883 48.85891108675447
      vertex -1.75 12.990381056766578 48.85891108675447
    endloop
  endfacet
  facet normal 0.40673664307580304 4.1502802139900945e-19 0.9135454576425995
    outer loop
      vertex -1.75 9.287057025189883 48.85891108675447
      vertex -1.0815594803123159 9.429138443735619 48.56130219296696
      vertex -1.0815594803123159 12.990381056766578 48.56130219296696
    endloop
  endfacet
  facet normal 0.20791169081774802 0 0.978147600733808
    outer loop
      vertex -1.0815594803123159 9.429138443735619 48.56130219296696
      vertex -0.993020401042708 9.447958005998597 48.54248263070399
      vertex -1.0815594803123159 12.990381056766578 48.56130219296696
    endloop
  endfacet
  facet normal 0.20791169081776215 -1.3426537676199338e-19 0.9781476007338049
    outer loop
      vertex -0.993020401042708 9.447958005998597 48.54248263070399
      vertex -0.3658496214367871 9.447958005998597 48.40917336621104
      vertex -0.3658496214367871 12.990381056766578 48.40917336621104
    endloop
  endfacet
  facet normal 0.5877852522924685 0 0.8090169943749508
    outer loop
      vertex -2.341957122256004 9.161232654627065 49.28899311082912
      vertex -1.75 12.990381056766578 48.85891108675447
      vertex -2.341957122256004 12.990381056766578 49.28899311082912
    endloop
  endfacet
  facet normal 0.4067366430758031 0 0.9135454576425996
    outer loop
      vertex -1.75 9.287057025189883 48.85891108675447
      vertex -1.0815594803123159 12.990381056766578 48.56130219296696
      vertex -1.75 12.990381056766578 48.85891108675447
    endloop
  endfacet
  facet normal 0.20791169081776043 3.243107173910776e-16 0.9781476007338055
    outer loop
      vertex -0.993020401042708 9.447958005998597 48.54248263070399
      vertex -0.3658496214367871 12.990381056766578 48.40917336621104
      vertex -1.0815594803123159 12.990381056766578 48.56130219296696
    endloop
  endfacet
  facet normal 0 0 1
    outer loop
      vertex -0.3658496214367871 9.447958005998597 48.40917336621104
      vertex 0.3658496214367871 12.990381056766578 48.40917336621104
      vertex -0.3658496214367871 12.990381056766578 48.40917336621104
    endloop
  endfacet
  facet normal 0.7431448254773965 0 -0.6691306063588556
    outer loop
      vertex -2.831559480312316 9.05716446081308 53.947248383023656
      vertex -2.831559480312316 12.990381056766578 53.947248383023656
      vertex -2.341957122256004 9.161232654627065 54.49100688917088
    endloop
  endfacet
  facet normal 0.7431448254773966 0 -0.6691306063588557
    outer loop
      vertex -2.341957122256004 9.161232654627065 54.49100688917088
      vertex -2.831559480312316 12.990381056766578 53.947248383023656
      vertex -2.341957122256004 12.990381056766578 54.49100688917088
    endloop
  endfacet
  facet normal 0.5877852522924685 0 -0.8090169943749508
    outer loop
      vertex -2.341957122256004 9.161232654627065 54.49100688917088
      vertex -2.341957122256004 12.990381056766578 54.49100688917088
      vertex -1.75 9.287057025189883 54.92108891324553
    endloop
  endfacet
  facet normal 0.4067366430758031 0 -0.9135454576425996
    outer loop
      vertex -1.75 9.287057025189883 54.92108891324553
      vertex -1.75 12.990381056766578 54.92108891324553
      vertex -1.0815594803123159 9.429138443735619 55.21869780703304
    endloop
  endfacet
  facet normal 0.20791169081774802 0 -0.978147600733808
    outer loop
      vertex -1.0815594803123159 9.429138443735619 55.21869780703304
      vertex -1.0815594803123159 12.990381056766578 55.21869780703304
      vertex -0.993020401042708 9.447958005998597 55.237517369296015
    endloop
  endfacet
  facet normal 0.20791169081776215 3.7066330375664254e-16 -0.9781476007338049
    outer loop
      vertex -0.993020401042708 9.447958005998597 55.237517369296015
      vertex -1.0815594803123159 12.990381056766578 55.21869780703304
      vertex -0.3658496214367871 9.447958005998597 55.37082663378896
    endloop
  endfacet
  facet normal 0 0 -1
    outer loop
      vertex -0.3658496214367871 9.447958005998597 55.37082663378896
      vertex -0.3658496214367871 12.990381056766578 55.37082663378896
      vertex 0.3658496214367871 9.447958005998597 55.37082663378896
    endloop
  endfacet
  facet normal 0.5877852522924685 0 -0.8090169943749507
    outer loop
      vertex -1.75 9.287057025189883 54.92108891324553
      vertex -2.341957122256004 12.990381056766578 54.49100688917088
      vertex -1.75 12.990381056766578 54.92108891324553
    endloop
  endfacet
  facet normal 0.40673664307580304 0 -0.9135454576425998
    outer loop
      vertex -1.0815594803123159 9.429138443735619 55.21869780703304
      vertex -1.75 12.990381056766578 54.92108891324553
      vertex -1.0815594803123159 12.990381056766578 55.21869780703304
    endloop
  endfacet
  facet normal 0.20791169081776043 0 -0.9781476007338055
    outer loop
      vertex -0.3658496214367871 9.447958005998597 55.37082663378896
      vertex -1.0815594803123159 12.990381056766578 55.21869780703304
      vertex -0.3658496214367871 12.990381056766578 55.37082663378896
    endloop
  endfacet
  facet normal 0.9945218953682733 4.2318304384456735e-19 0.10452846326765358
    outer loop
      vertex -3.5 14.5 51.89
      vertex -3.42351660256832 14.5 51.162309082137845
      vertex -3.42351660256832 17.5 51.162309082137845
    endloop
  endfacet
  facet normal 0.9945218953682733 0 -0.10452846326765358
    outer loop
      vertex -3.5 17.5 51.89
      vertex -3.42351660256832 14.5 52.617690917862156
      vertex -3.5 14.5 51.89
    endloop
  endfacet
  facet normal 0.9510565162951539 0 0.30901699437494606
    outer loop
      vertex -3.197409101749103 14.5 50.4664217492347
      vertex -3.197409101749103 17.5 50.4664217492347
      vertex -3.42351660256832 14.5 51.162309082137845
    endloop
  endfacet
  facet normal 0.9510565162951539 0 -0.30901699437494606
    outer loop
      vertex -3.42351660256832 17.5 52.617690917862156
      vertex -3.197409101749103 14.5 53.3135782507653
      vertex -3.42351660256832 14.5 52.617690917862156
    endloop
  endfacet
  facet normal 0.8660254037844378 0 0.5000000000000014
    outer loop
      vertex -2.831559480312316 14.5 49.832751616976346
      vertex -2.831559480312316 17.5 49.832751616976346
      vertex -3.197409101749103 14.5 50.4664217492347
    endloop
  endfacet
  facet normal 0.7431448254773966 3.2322385161885633e-18 0.6691306063588557
    outer loop
      vertex -2.831559480312316 14.5 49.832751616976346
      vertex -2.341957122256004 14.5 49.28899311082912
      vertex -2.341957122256004 17.5 49.28899311082912
    endloop
  endfacet
  facet normal 0.8660254037844378 0 -0.5000000000000014
    outer loop
      vertex -3.197409101749103 17.5 53.3135782507653
      vertex -2.831559480312316 14.5 53.947248383023656
      vertex -3.197409101749103 14.5 53.3135782507653
    endloop
  endfacet
  facet normal 0.5877852522924686 -3.629606695341768e-18 0.8090169943749508
    outer loop
      vertex -2.341957122256004 14.5 49.28899311082912
      vertex -1.75 14.5 48.85891108675447
      vertex -1.75 17.5 48.85891108675447
    endloop
  endfacet
  facet normal 0.4067366430758031 4.92671825136026e-19 0.9135454576425996
    outer loop
      vertex -1.75 14.5 48.85891108675447
      vertex -1.0815594803123159 14.5 48.56130219296696
      vertex -1.0815594803123159 17.5 48.56130219296696
    endloop
  endfacet
  facet normal 0.2079116908177604 1.6855959418158831e-18 0.9781476007338052
    outer loop
      vertex -1.0815594803123159 14.5 48.56130219296696
      vertex -0.3658496214367871 14.5 48.40917336621104
      vertex -0.3658496214367871 17.5 48.40917336621104
    endloop
  endfacet
  facet normal 0.9945218953682733 0 0.10452846326765358
    outer loop
      vertex -3.5 14.5 51.89
      vertex -3.42351660256832 17.5 51.162309082137845
      vertex -3.5 17.5 51.89
    endloop
  endfacet
  facet normal 0.9945218953682733 -4.2318304384456735e-19 -0.10452846326765358
    outer loop
      vertex -3.5 17.5 51.89
      vertex -3.42351660256832 17.5 52.617690917862156
      vertex -3.42351660256832 14.5 52.617690917862156
    endloop
  endfacet
  facet normal 0.9510565162951539 7.399860559169767e-19 0.30901699437494606
    outer loop
      vertex -3.197409101749103 17.5 50.4664217492347
      vertex -3.42351660256832 17.5 51.162309082137845
      vertex -3.42351660256832 14.5 51.162309082137845
    endloop
  endfacet
  facet normal 0.9510565162951539 -7.399860559169767e-19 -0.30901699437494606
    outer loop
      vertex -3.42351660256832 17.5 52.617690917862156
      vertex -3.197409101749103 17.5 53.3135782507653
      vertex -3.197409101749103 14.5 53.3135782507653
    endloop
  endfacet
  facet normal 0.8660254037844378 0 0.5000000000000014
    outer loop
      vertex -3.197409101749103 14.5 50.4664217492347
      vertex -2.831559480312316 17.5 49.832751616976346
      vertex -3.197409101749103 17.5 50.4664217492347
    endloop
  endfacet
  facet normal 0.7431448254773966 0 0.6691306063588557
    outer loop
      vertex -2.831559480312316 14.5 49.832751616976346
      vertex -2.341957122256004 17.5 49.28899311082912
      vertex -2.831559480312316 17.5 49.832751616976346
    endloop
  endfacet
  facet normal 0.8660254037844378 0 -0.5000000000000014
    outer loop
      vertex -2.831559480312316 17.5 53.947248383023656
      vertex -2.831559480312316 14.5 53.947248383023656
      vertex -3.197409101749103 17.5 53.3135782507653
    endloop
  endfacet
  facet normal 0.5877852522924686 0 0.8090169943749508
    outer loop
      vertex -2.341957122256004 14.5 49.28899311082912
      vertex -1.75 17.5 48.85891108675447
      vertex -2.341957122256004 17.5 49.28899311082912
    endloop
  endfacet
  facet normal 0.4067366430758031 0 0.9135454576425996
    outer loop
      vertex -1.75 17.5 48.85891108675447
      vertex -1.75 14.5 48.85891108675447
      vertex -1.0815594803123159 17.5 48.56130219296696
    endloop
  endfacet
  facet normal 0.2079116908177604 0 0.9781476007338052
    outer loop
      vertex -1.0815594803123159 14.5 48.56130219296696
      vertex -0.3658496214367871 17.5 48.40917336621104
      vertex -1.0815594803123159 17.5 48.56130219296696
    endloop
  endfacet
  facet normal 0 0 1
    outer loop
      vertex -0.3658496214367871 14.5 48.40917336621104
      vertex 0.3658496214367871 17.5 48.40917336621104
      vertex -0.3658496214367871 17.5 48.40917336621104
    endloop
  endfacet
  facet normal 0.7431448254773966 -3.2322385161885633e-18 -0.6691306063588557
    outer loop
      vertex -2.341957122256004 14.5 54.49100688917088
      vertex -2.831559480312316 14.5 53.947248383023656
      vertex -2.831559480312316 17.5 53.947248383023656
    endloop
  endfacet
  facet normal 0.5877852522924686 0 -0.8090169943749508
    outer loop
      vertex -2.341957122256004 17.5 54.49100688917088
      vertex -1.75 14.5 54.92108891324553
      vertex -2.341957122256004 14.5 54.49100688917088
    endloop
  endfacet
  facet normal 0.4067366430758031 0 -0.9135454576425996
    outer loop
      vertex -1.75 14.5 54.92108891324553
      vertex -1.75 17.5 54.92108891324553
      vertex -1.0815594803123159 14.5 55.21869780703304
    endloop
  endfacet
  facet normal 0.2079116908177604 0 -0.9781476007338052
    outer loop
      vertex -1.0815594803123159 17.5 55.21869780703304
      vertex -0.3658496214367871 14.5 55.37082663378896
      vertex -1.0815594803123159 14.5 55.21869780703304
    endloop
  endfacet
  facet normal 0 0 -1
    outer loop
      vertex 0.3658496214367871 14.5 55.37082663378896
      vertex -0.3658496214367871 14.5 55.37082663378896
      vertex -0.3658496214367871 17.5 55.37082663378896
    endloop
  endfacet
  facet normal 0.7431448254773966 -3.2322385161885633e-18 -0.6691306063588557
    outer loop
      vertex -2.831559480312316 17.5 53.947248383023656
      vertex -2.341957122256004 17.5 54.49100688917088
      vertex -2.341957122256004 14.5 54.49100688917088
    endloop
  endfacet
  facet normal 0.5877852522924686 3.629606695341768e-18 -0.8090169943749508
    outer loop
      vertex -2.341957122256004 17.5 54.49100688917088
      vertex -1.75 17.5 54.92108891324553
      vertex -1.75 14.5 54.92108891324553
    endloop
  endfacet
  facet normal 0.4067366430758031 -4.92671825136026e-19 -0.9135454576425996
    outer loop
      vertex -1.75 17.5 54.92108891324553
      vertex -1.0815594803123159 17.5 55.21869780703304
      vertex -1.0815594803123159 14.5 55.21869780703304
    endloop
  endfacet
  facet normal 0.2079116908177604 0 -0.9781476007338052
    outer loop
      vertex -0.3658496214367871 14.5 55.37082663378896
      vertex -1.0815594803123159 17.5 55.21869780703304
      vertex -0.3658496214367871 17.5 55.37082663378896
    endloop
  endfacet
  facet normal 0 0 1
    outer loop
      vertex -0.3658496214367871 9.447958005998597 48.40917336621104
      vertex 0.3658496214367871 9.447958005998597 48.40917336621104
      vertex 0.3658496214367871 12.990381056766578 48.40917336621104
    endloop
  endfacet
  facet normal -0.20791169081776215 3.687011504027532e-16 0.9781476007338049
    outer loop
      vertex 0.3658496214367871 9.447958005998597 48.40917336621104
      vertex 0.993020401042708 9.447958005998597 48.54248263070399
      vertex 1.0815594803123159 12.990381056766578 48.56130219296696
    endloop
  endfacet
  facet normal -0.20791169081774796 3.2928206728712844e-19 0.978147600733808
    outer loop
      vertex 0.993020401042708 9.447958005998597 48.54248263070399
      vertex 1.0815594803123159 9.429138443735619 48.56130219296696
      vertex 1.0815594803123159 12.990381056766578 48.56130219296696
    endloop
  endfacet
  facet normal -0.406736643075803 -3.991050912114786e-19 0.9135454576425996
    outer loop
      vertex 1.0815594803123159 9.429138443735619 48.56130219296696
      vertex 1.75 9.287057025189883 48.85891108675447
      vertex 1.75 12.990381056766578 48.85891108675447
    endloop
  endfacet
  facet normal -0.5877852522924686 2.8436662522510863e-18 0.8090169943749508
    outer loop
      vertex 1.75 9.287057025189883 48.85891108675447
      vertex 2.341957122256004 9.161232654627065 49.28899311082912
      vertex 2.341957122256004 12.990381056766578 49.28899311082912
    endloop
  endfacet
  facet normal -0.5877852522924685 0 0.8090169943749507
    outer loop
      vertex 1.75 9.287057025189883 48.85891108675447
      vertex 2.341957122256004 12.990381056766578 49.28899311082912
      vertex 1.75 12.990381056766578 48.85891108675447
    endloop
  endfacet
  facet normal -0.8660254037844376 -3.5941520259353906e-19 0.5000000000000018
    outer loop
      vertex 2.9356614465620003 9.035036904803958 50.01306151168862
      vertex 3.197409101749103 8.918499340402413 50.4664217492347
      vertex 3.197409101749103 12.990381056766578 50.4664217492347
    endloop
  endfacet
  facet normal -0.8660254037844376 3.5941520259353906e-19 -0.5000000000000018
    outer loop
      vertex 2.9356614465620003 9.035036904803958 53.76693848831138
      vertex 3.197409101749103 12.990381056766578 53.3135782507653
      vertex 3.197409101749103 8.918499340402413 53.3135782507653
    endloop
  endfacet
  facet normal -0.9510565162951539 -5.320385607079537e-19 0.3090169943749461
    outer loop
      vertex 3.197409101749103 8.918499340402413 50.4664217492347
      vertex 3.42351660256832 8.817829795074273 51.162309082137845
      vertex 3.42351660256832 12.990381056766578 51.162309082137845
    endloop
  endfacet
  facet normal -0.9510565162951539 0 -0.3090169943749461
    outer loop
      vertex 3.42351660256832 8.817829795074273 52.617690917862156
      vertex 3.197409101749103 8.918499340402413 53.3135782507653
      vertex 3.42351660256832 12.990381056766578 52.617690917862156
    endloop
  endfacet
  facet normal -0.9945218953682733 -3.0179906939764975e-19 0.10452846326765357
    outer loop
      vertex 3.42351660256832 8.817829795074273 51.162309082137845
      vertex 3.5 8.783777192587836 51.89
      vertex 3.5 12.990381056766578 51.89
    endloop
  endfacet
  facet normal -0.9945218953682734 0 -0.10452846326765358
    outer loop
      vertex 3.42351660256832 8.817829795074273 52.617690917862156
      vertex 3.42351660256832 12.990381056766578 52.617690917862156
      vertex 3.5 8.783777192587836 51.89
    endloop
  endfacet
  facet normal -0.7431448254773965 -2.4653398336978675e-18 0.6691306063588556
    outer loop
      vertex 2.341957122256004 9.161232654627065 49.28899311082912
      vertex 2.831559480312316 9.05716446081308 49.832751616976346
      vertex 2.831559480312316 12.990381056766578 49.832751616976346
    endloop
  endfacet
  facet normal -0.8660254037844384 2.0492308047861386e-16 0.5000000000000004
    outer loop
      vertex 2.831559480312316 9.05716446081308 49.832751616976346
      vertex 2.9356614465620003 9.035036904803958 50.01306151168862
      vertex 3.197409101749103 12.990381056766578 50.4664217492347
    endloop
  endfacet
  facet normal -0.8660254037844384 0 -0.5000000000000004
    outer loop
      vertex 2.831559480312316 9.05716446081308 53.947248383023656
      vertex 2.831559480312316 12.990381056766578 53.947248383023656
      vertex 2.9356614465620003 9.035036904803958 53.76693848831138
    endloop
  endfacet
  facet normal -0.7431448254773966 0 0.6691306063588557
    outer loop
      vertex 2.341957122256004 9.161232654627065 49.28899311082912
      vertex 2.831559480312316 12.990381056766578 49.832751616976346
      vertex 2.341957122256004 12.990381056766578 49.28899311082912
    endloop
  endfacet
  facet normal -0.8660254037844377 0 0.5000000000000014
    outer loop
      vertex 2.831559480312316 9.05716446081308 49.832751616976346
      vertex 3.197409101749103 12.990381056766578 50.4664217492347
      vertex 2.831559480312316 12.990381056766578 49.832751616976346
    endloop
  endfacet
  facet normal -0.8660254037844378 5.870512979443377e-17 -0.5000000000000013
    outer loop
      vertex 2.9356614465620003 9.035036904803958 53.76693848831138
      vertex 2.831559480312316 12.990381056766578 53.947248383023656
      vertex 3.197409101749103 12.990381056766578 53.3135782507653
    endloop
  endfacet
  facet normal -0.951056516295154 0 0.3090169943749462
    outer loop
      vertex 3.197409101749103 8.918499340402413 50.4664217492347
      vertex 3.42351660256832 12.990381056766578 51.162309082137845
      vertex 3.197409101749103 12.990381056766578 50.4664217492347
    endloop
  endfacet
  facet normal -0.951056516295154 0 -0.3090169943749462
    outer loop
      vertex 3.197409101749103 8.918499340402413 53.3135782507653
      vertex 3.197409101749103 12.990381056766578 53.3135782507653
      vertex 3.42351660256832 12.990381056766578 52.617690917862156
    endloop
  endfacet
  facet normal -0.9945218953682734 0 0.10452846326765358
    outer loop
      vertex 3.42351660256832 8.817829795074273 51.162309082137845
      vertex 3.5 12.990381056766578 51.89
      vertex 3.42351660256832 12.990381056766578 51.162309082137845
    endloop
  endfacet
  facet normal -0.9945218953682734 0 -0.1045284632676536
    outer loop
      vertex 3.5 8.783777192587836 51.89
      vertex 3.42351660256832 12.990381056766578 52.617690917862156
      vertex 3.5 12.990381056766578 51.89
    endloop
  endfacet
  facet normal -0.20791169081776043 0 0.9781476007338055
    outer loop
      vertex 0.3658496214367871 9.447958005998597 48.40917336621104
      vertex 1.0815594803123159 12.990381056766578 48.56130219296696
      vertex 0.3658496214367871 12.990381056766578 48.40917336621104
    endloop
  endfacet
  facet normal -0.40673664307580304 0 0.9135454576425998
    outer loop
      vertex 1.0815594803123159 9.429138443735619 48.56130219296696
      vertex 1.75 12.990381056766578 48.85891108675447
      vertex 1.0815594803123159 12.990381056766578 48.56130219296696
    endloop
  endfacet
  facet normal -0.20791169081776215 0 -0.9781476007338049
    outer loop
      vertex 0.3658496214367871 9.447958005998597 55.37082663378896
      vertex 0.3658496214367871 12.990381056766578 55.37082663378896
      vertex 0.993020401042708 9.447958005998597 55.237517369296015
    endloop
  endfacet
  facet normal -0.20791169081774802 -3.2928206728712844e-19 -0.978147600733808
    outer loop
      vertex 0.993020401042708 9.447958005998597 55.237517369296015
      vertex 1.0815594803123159 12.990381056766578 55.21869780703304
      vertex 1.0815594803123159 9.429138443735619 55.21869780703304
    endloop
  endfacet
  facet normal -0.40673664307580304 0 -0.9135454576425998
    outer loop
      vertex 1.0815594803123159 9.429138443735619 55.21869780703304
      vertex 1.0815594803123159 12.990381056766578 55.21869780703304
      vertex 1.75 9.287057025189883 54.92108891324553
    endloop
  endfacet
  facet normal -0.5877852522924685 0 -0.8090169943749507
    outer loop
      vertex 1.75 9.287057025189883 54.92108891324553
      vertex 1.75 12.990381056766578 54.92108891324553
      vertex 2.341957122256004 9.161232654627065 54.49100688917088
    endloop
  endfacet
  facet normal -0.4067366430758031 0 -0.9135454576425996
    outer loop
      vertex 1.75 9.287057025189883 54.92108891324553
      vertex 1.0815594803123159 12.990381056766578 55.21869780703304
      vertex 1.75 12.990381056766578 54.92108891324553
    endloop
  endfacet
  facet normal -0.5877852522924685 0 -0.8090169943749508
    outer loop
      vertex 2.341957122256004 9.161232654627065 54.49100688917088
      vertex 1.75 12.990381056766578 54.92108891324553
      vertex 2.341957122256004 12.990381056766578 54.49100688917088
    endloop
  endfacet
  facet normal -0.7431448254773966 2.465339833697868e-18 -0.6691306063588557
    outer loop
      vertex 2.341957122256004 9.161232654627065 54.49100688917088
      vertex 2.831559480312316 12.990381056766578 53.947248383023656
      vertex 2.831559480312316 9.05716446081308 53.947248383023656
    endloop
  endfacet
  facet normal -0.7431448254773966 0 -0.6691306063588557
    outer loop
      vertex 2.341957122256004 9.161232654627065 54.49100688917088
      vertex 2.341957122256004 12.990381056766578 54.49100688917088
      vertex 2.831559480312316 12.990381056766578 53.947248383023656
    endloop
  endfacet
  facet normal 0 0 -1
    outer loop
      vertex 0.3658496214367871 9.447958005998597 55.37082663378896
      vertex -0.3658496214367871 12.990381056766578 55.37082663378896
      vertex 0.3658496214367871 12.990381056766578 55.37082663378896
    endloop
  endfacet
  facet normal -0.20791169081776043 3.243107173910776e-16 -0.9781476007338055
    outer loop
      vertex 0.993020401042708 9.447958005998597 55.237517369296015
      vertex 0.3658496214367871 12.990381056766578 55.37082663378896
      vertex 1.0815594803123159 12.990381056766578 55.21869780703304
    endloop
  endfacet
  facet normal 0 0 1
    outer loop
      vertex -0.3658496214367871 14.5 48.40917336621104
      vertex 0.3658496214367871 14.5 48.40917336621104
      vertex 0.3658496214367871 17.5 48.40917336621104
    endloop
  endfacet
  facet normal -0.2079116908177604 0 0.9781476007338052
    outer loop
      vertex 1.0815594803123159 17.5 48.56130219296696
      vertex 0.3658496214367871 14.5 48.40917336621104
      vertex 1.0815594803123159 14.5 48.56130219296696
    endloop
  endfacet
  facet normal -0.4067366430758031 -4.92671825136026e-19 0.9135454576425996
    outer loop
      vertex 1.0815594803123159 14.5 48.56130219296696
      vertex 1.75 14.5 48.85891108675447
      vertex 1.75 17.5 48.85891108675447
    endloop
  endfacet
  facet normal -0.5877852522924686 3.629606695341768e-18 0.8090169943749508
    outer loop
      vertex 1.75 14.5 48.85891108675447
      vertex 2.341957122256004 14.5 49.28899311082912
      vertex 2.341957122256004 17.5 49.28899311082912
    endloop
  endfacet
  facet normal -0.7431448254773966 -3.2322385161885633e-18 0.6691306063588557
    outer loop
      vertex 2.341957122256004 14.5 49.28899311082912
      vertex 2.831559480312316 14.5 49.832751616976346
      vertex 2.831559480312316 17.5 49.832751616976346
    endloop
  endfacet
  facet normal -0.8660254037844378 -2.485808761103062e-18 0.5000000000000014
    outer loop
      vertex 2.831559480312316 14.5 49.832751616976346
      vertex 3.197409101749103 14.5 50.4664217492347
      vertex 3.197409101749103 17.5 50.4664217492347
    endloop
  endfacet
  facet normal -0.8660254037844378 0 -0.5000000000000014
    outer loop
      vertex 2.831559480312316 14.5 53.947248383023656
      vertex 2.831559480312316 17.5 53.947248383023656
      vertex 3.197409101749103 14.5 53.3135782507653
    endloop
  endfacet
  facet normal -0.9510565162951539 -7.399860559169767e-19 0.30901699437494606
    outer loop
      vertex 3.197409101749103 14.5 50.4664217492347
      vertex 3.42351660256832 14.5 51.162309082137845
      vertex 3.42351660256832 17.5 51.162309082137845
    endloop
  endfacet
  facet normal -0.9510565162951539 0 -0.30901699437494606
    outer loop
      vertex 3.197409101749103 14.5 53.3135782507653
      vertex 3.197409101749103 17.5 53.3135782507653
      vertex 3.42351660256832 14.5 52.617690917862156
    endloop
  endfacet
  facet normal -0.9945218953682733 -4.2318304384456735e-19 0.10452846326765358
    outer loop
      vertex 3.42351660256832 14.5 51.162309082137845
      vertex 3.5 14.5 51.89
      vertex 3.5 17.5 51.89
    endloop
  endfacet
  facet normal -0.9945218953682733 0 -0.10452846326765358
    outer loop
      vertex 3.42351660256832 14.5 52.617690917862156
      vertex 3.42351660256832 17.5 52.617690917862156
      vertex 3.5 14.5 51.89
    endloop
  endfacet
  facet normal -0.2079116908177604 0 0.9781476007338052
    outer loop
      vertex 0.3658496214367871 14.5 48.40917336621104
      vertex 1.0815594803123159 17.5 48.56130219296696
      vertex 0.3658496214367871 17.5 48.40917336621104
    endloop
  endfacet
  facet normal -0.4067366430758031 0 0.9135454576425996
    outer loop
      vertex 1.0815594803123159 14.5 48.56130219296696
      vertex 1.75 17.5 48.85891108675447
      vertex 1.0815594803123159 17.5 48.56130219296696
    endloop
  endfacet
  facet normal -0.5877852522924686 0 0.8090169943749508
    outer loop
      vertex 1.75 14.5 48.85891108675447
      vertex 2.341957122256004 17.5 49.28899311082912
      vertex 1.75 17.5 48.85891108675447
    endloop
  endfacet
  facet normal -0.7431448254773966 0 0.6691306063588557
    outer loop
      vertex 2.341957122256004 14.5 49.28899311082912
      vertex 2.831559480312316 17.5 49.832751616976346
      vertex 2.341957122256004 17.5 49.28899311082912
    endloop
  endfacet
  facet normal -0.8660254037844378 0 0.5000000000000014
    outer loop
      vertex 2.831559480312316 14.5 49.832751616976346
      vertex 3.197409101749103 17.5 50.4664217492347
      vertex 2.831559480312316 17.5 49.832751616976346
    endloop
  endfacet
  facet normal -0.8660254037844378 2.485808761103062e-18 -0.5000000000000014
    outer loop
      vertex 2.831559480312316 17.5 53.947248383023656
      vertex 3.197409101749103 17.5 53.3135782507653
      vertex 3.197409101749103 14.5 53.3135782507653
    endloop
  endfacet
  facet normal -0.9510565162951539 0 0.30901699437494606
    outer loop
      vertex 3.197409101749103 14.5 50.4664217492347
      vertex 3.42351660256832 17.5 51.162309082137845
      vertex 3.197409101749103 17.5 50.4664217492347
    endloop
  endfacet
  facet normal -0.9510565162951539 7.399860559169767e-19 -0.30901699437494606
    outer loop
      vertex 3.197409101749103 17.5 53.3135782507653
      vertex 3.42351660256832 17.5 52.617690917862156
      vertex 3.42351660256832 14.5 52.617690917862156
    endloop
  endfacet
  facet normal -0.9945218953682733 0 0.10452846326765358
    outer loop
      vertex 3.42351660256832 14.5 51.162309082137845
      vertex 3.5 17.5 51.89
      vertex 3.42351660256832 17.5 51.162309082137845
    endloop
  endfacet
  facet normal -0.9945218953682733 4.2318304384456735e-19 -0.10452846326765358
    outer loop
      vertex 3.42351660256832 17.5 52.617690917862156
      vertex 3.5 17.5 51.89
      vertex 3.5 14.5 51.89
    endloop
  endfacet
  facet normal -0.2079116908177604 1.6855959418158831e-18 -0.9781476007338052
    outer loop
      vertex 1.0815594803123159 14.5 55.21869780703304
      vertex 0.3658496214367871 14.5 55.37082663378896
      vertex 0.3658496214367871 17.5 55.37082663378896
    endloop
  endfacet
  facet normal -0.4067366430758031 0 -0.9135454576425996
    outer loop
      vertex 1.0815594803123159 14.5 55.21869780703304
      vertex 1.0815594803123159 17.5 55.21869780703304
      vertex 1.75 14.5 54.92108891324553
    endloop
  endfacet
  facet normal -0.5877852522924686 -3.629606695341768e-18 -0.8090169943749508
    outer loop
      vertex 2.341957122256004 14.5 54.49100688917088
      vertex 1.75 14.5 54.92108891324553
      vertex 1.75 17.5 54.92108891324553
    endloop
  endfacet
  facet normal -0.7431448254773966 0 -0.6691306063588557
    outer loop
      vertex 2.341957122256004 14.5 54.49100688917088
      vertex 2.341957122256004 17.5 54.49100688917088
      vertex 2.831559480312316 14.5 53.947248383023656
    endloop
  endfacet
  facet normal 0 0 -1
    outer loop
      vertex 0.3658496214367871 14.5 55.37082663378896
      vertex -0.3658496214367871 17.5 55.37082663378896
      vertex 0.3658496214367871 17.5 55.37082663378896
    endloop
  endfacet
  facet normal -0.2079116908177604 0 -0.9781476007338052
    outer loop
      vertex 1.0815594803123159 14.5 55.21869780703304
      vertex 0.3658496214367871 17.5 55.37082663378896
      vertex 1.0815594803123159 17.5 55.21869780703304
    endloop
  endfacet
  facet normal -0.4067366430758031 0 -0.9135454576425996
    outer loop
      vertex 1.75 14.5 54.92108891324553
      vertex 1.0815594803123159 17.5 55.21869780703304
      vertex 1.75 17.5 54.92108891324553
    endloop
  endfacet
  facet normal -0.5877852522924686 0 -0.8090169943749508
    outer loop
      vertex 2.341957122256004 14.5 54.49100688917088
      vertex 1.75 17.5 54.92108891324553
      vertex 2.341957122256004 17.5 54.49100688917088
    endloop
  endfacet
  facet normal -0.7431448254773966 0 -0.6691306063588557
    outer loop
      vertex 2.831559480312316 14.5 53.947248383023656
      vertex 2.341957122256004 17.5 54.49100688917088
      vertex 2.831559480312316 17.5 53.947248383023656
    endloop
  endfacet
  facet normal 0.5877852522924812 6.462286757001391e-18 0.8090169943749416
    outer loop
      vertex -2.341957122256004 9.161232654627065 107.85899311082912
      vertex -1.75 9.287057025189883 107.42891108675445
      vertex -1.75 12.990381056766578 107.42891108675445
    endloop
  endfacet
  facet normal 0.4067366430757949 1.7014577557514571e-18 0.9135454576426033
    outer loop
      vertex -1.75 9.287057025189883 107.42891108675445
      vertex -1.0815594803123159 9.429138443735619 107.13130219296696
      vertex -1.0815594803123159 12.990381056766578 107.13130219296696
    endloop
  endfacet
  facet normal 0.20791169081774802 0 0.978147600733808
    outer loop
      vertex -1.0815594803123159 9.429138443735619 107.13130219296696
      vertex -0.993020401042708 9.447958005998597 107.11248263070398
      vertex -1.0815594803123159 12.990381056766578 107.13130219296696
    endloop
  endfacet
  facet normal 0.20791169081775154 5.466234672231661e-19 0.9781476007338072
    outer loop
      vertex -0.993020401042708 9.447958005998597 107.11248263070398
      vertex -0.3658496214367871 9.447958005998597 106.97917336621104
      vertex -0.3658496214367871 12.990381056766578 106.97917336621104
    endloop
  endfacet
  facet normal 0.5877852522924812 0 0.8090169943749416
    outer loop
      vertex -2.341957122256004 9.161232654627065 107.85899311082912
      vertex -1.75 12.990381056766578 107.42891108675445
      vertex -2.341957122256004 12.990381056766578 107.85899311082912
    endloop
  endfacet
  facet normal 0.40673664307579493 0 0.9135454576426033
    outer loop
      vertex -1.75 9.287057025189883 107.42891108675445
      vertex -1.0815594803123159 12.990381056766578 107.13130219296696
      vertex -1.75 12.990381056766578 107.42891108675445
    endloop
  endfacet
  facet normal 0.2079116908177511 8.159820022737527e-17 0.9781476007338074
    outer loop
      vertex -0.993020401042708 9.447958005998597 107.11248263070398
      vertex -0.3658496214367871 12.990381056766578 106.97917336621104
      vertex -1.0815594803123159 12.990381056766578 107.13130219296696
    endloop
  endfacet
  facet normal 0 0 1
    outer loop
      vertex -0.3658496214367871 9.447958005998597 106.97917336621104
      vertex 0.3658496214367871 12.990381056766578 106.97917336621104
      vertex -0.3658496214367871 12.990381056766578 106.97917336621104
    endloop
  endfacet
  facet normal 0.5877852522924811 0 0.8090169943749415
    outer loop
      vertex -1.75 14.5 107.42891108675445
      vertex -1.75 17.5 107.42891108675445
      vertex -2.341957122256004 14.5 107.85899311082912
    endloop
  endfacet
  facet normal 0.40673664307579493 0 0.9135454576426032
    outer loop
      vertex -1.0815594803123159 17.5 107.13130219296696
      vertex -1.75 14.5 107.42891108675445
      vertex -1.0815594803123159 14.5 107.13130219296696
    endloop
  endfacet
  facet normal 0.20791169081775115 0 0.9781476007338075
    outer loop
      vertex -0.3658496214367871 17.5 106.97917336621104
      vertex -1.0815594803123159 14.5 107.13130219296696
      vertex -0.3658496214367871 14.5 106.97917336621104
    endloop
  endfacet
  facet normal 0.5877852522924811 7.977313948714358e-18 0.8090169943749415
    outer loop
      vertex -1.75 17.5 107.42891108675445
      vertex -2.341957122256004 17.5 107.85899311082912
      vertex -2.341957122256004 14.5 107.85899311082912
    endloop
  endfacet
  facet normal 0.40673664307579493 0 0.9135454576426032
    outer loop
      vertex -1.75 17.5 107.42891108675445
      vertex -1.75 14.5 107.42891108675445
      vertex -1.0815594803123159 17.5 107.13130219296696
    endloop
  endfacet
  facet normal 0.20791169081775115 0 0.9781476007338075
    outer loop
      vertex -1.0815594803123159 17.5 107.13130219296696
      vertex -1.0815594803123159 14.5 107.13130219296696
      vertex -0.3658496214367871 17.5 106.97917336621104
    endloop
  endfacet
  facet normal 0 0 1
    outer loop
      vertex 0.3658496214367871 17.5 106.97917336621104
      vertex -0.3658496214367871 17.5 106.97917336621104
      vertex -0.3658496214367871 14.5 106.97917336621104
    endloop
  endfacet
  facet normal 0.9945218953682734 0 0.10452846326765258
    outer loop
      vertex -3.42351660256832 8.817829795074273 109.73230908213783
      vertex -3.42351660256832 12.990381056766578 109.73230908213783
      vertex -3.5 8.783777192587836 110.46
    endloop
  endfacet
  facet normal 0.9945218953682734 0 -0.1045284632676526
    outer loop
      vertex -3.5 8.783777192587836 110.46
      vertex -3.5 12.990381056766578 110.46
      vertex -3.42351660256832 8.817829795074273 111.18769091786216
    endloop
  endfacet
  facet normal 0.9510565162951532 0 0.30901699437494906
    outer loop
      vertex -3.42351660256832 8.817829795074273 109.73230908213783
      vertex -3.197409101749103 8.918499340402413 109.03642174923469
      vertex -3.42351660256832 12.990381056766578 109.73230908213783
    endloop
  endfacet
  facet normal 0.9510565162951532 0 -0.30901699437494906
    outer loop
      vertex -3.42351660256832 8.817829795074273 111.18769091786216
      vertex -3.42351660256832 12.990381056766578 111.18769091786216
      vertex -3.197409101749103 8.918499340402413 111.8835782507653
    endloop
  endfacet
  facet normal 0.8660254037844376 0 0.5000000000000018
    outer loop
      vertex -3.197409101749103 8.918499340402413 109.03642174923469
      vertex -2.9356614465620003 9.035036904803958 108.58306151168861
      vertex -3.197409101749103 12.990381056766578 109.03642174923469
    endloop
  endfacet
  facet normal 0.8660254037844376 0 -0.5000000000000018
    outer loop
      vertex -3.197409101749103 8.918499340402413 111.8835782507653
      vertex -3.197409101749103 12.990381056766578 111.8835782507653
      vertex -2.9356614465620003 9.035036904803958 112.33693848831138
    endloop
  endfacet
  facet normal 0.8660254037844469 1.8816030950832093e-18 0.4999999999999856
    outer loop
      vertex -2.9356614465620003 9.035036904803958 108.58306151168861
      vertex -2.831559480312316 9.05716446081308 108.40275161697633
      vertex -2.831559480312316 12.990381056766578 108.40275161697633
    endloop
  endfacet
  facet normal 0.7431448254773878 0 0.6691306063588653
    outer loop
      vertex -2.831559480312316 9.05716446081308 108.40275161697633
      vertex -2.341957122256004 9.161232654627065 107.85899311082912
      vertex -2.831559480312316 12.990381056766578 108.40275161697633
    endloop
  endfacet
  facet normal 0.8660254037844468 2.437362108256165e-15 -0.49999999999998584
    outer loop
      vertex -2.9356614465620003 9.035036904803958 112.33693848831138
      vertex -3.197409101749103 12.990381056766578 111.8835782507653
      vertex -2.831559480312316 9.05716446081308 112.51724838302366
    endloop
  endfacet
  facet normal 0.7431448254773878 0 -0.6691306063588653
    outer loop
      vertex -2.831559480312316 9.05716446081308 112.51724838302366
      vertex -2.831559480312316 12.990381056766578 112.51724838302366
      vertex -2.341957122256004 9.161232654627065 113.06100688917087
    endloop
  endfacet
  facet normal 0.9945218953682734 0 0.1045284632676526
    outer loop
      vertex -3.5 8.783777192587836 110.46
      vertex -3.42351660256832 12.990381056766578 109.73230908213783
      vertex -3.5 12.990381056766578 110.46
    endloop
  endfacet
  facet normal 0.9945218953682734 0 -0.10452846326765258
    outer loop
      vertex -3.42351660256832 8.817829795074273 111.18769091786216
      vertex -3.5 12.990381056766578 110.46
      vertex -3.42351660256832 12.990381056766578 111.18769091786216
    endloop
  endfacet
  facet normal 0.9510565162951531 0 0.309016994374949
    outer loop
      vertex -3.197409101749103 8.918499340402413 109.03642174923469
      vertex -3.197409101749103 12.990381056766578 109.03642174923469
      vertex -3.42351660256832 12.990381056766578 109.73230908213783
    endloop
  endfacet
  facet normal 0.9510565162951531 0 -0.309016994374949
    outer loop
      vertex -3.197409101749103 8.918499340402413 111.8835782507653
      vertex -3.42351660256832 12.990381056766578 111.18769091786216
      vertex -3.197409101749103 12.990381056766578 111.8835782507653
    endloop
  endfacet
  facet normal 0.8660254037844404 7.013279160773038e-16 0.49999999999999717
    outer loop
      vertex -2.9356614465620003 9.035036904803958 108.58306151168861
      vertex -2.831559480312316 12.990381056766578 108.40275161697633
      vertex -3.197409101749103 12.990381056766578 109.03642174923469
    endloop
  endfacet
  facet normal 0.7431448254773878 0 0.6691306063588653
    outer loop
      vertex -2.341957122256004 9.161232654627065 107.85899311082912
      vertex -2.341957122256004 12.990381056766578 107.85899311082912
      vertex -2.831559480312316 12.990381056766578 108.40275161697633
    endloop
  endfacet
  facet normal 0.8660254037844403 0 -0.4999999999999972
    outer loop
      vertex -2.831559480312316 9.05716446081308 112.51724838302366
      vertex -3.197409101749103 12.990381056766578 111.8835782507653
      vertex -2.831559480312316 12.990381056766578 112.51724838302366
    endloop
  endfacet
  facet normal 0.7431448254773878 0 -0.6691306063588653
    outer loop
      vertex -2.341957122256004 9.161232654627065 113.06100688917087
      vertex -2.831559480312316 12.990381056766578 112.51724838302366
      vertex -2.341957122256004 12.990381056766578 113.06100688917087
    endloop
  endfacet
  facet normal 0.5877852522924812 0 -0.8090169943749416
    outer loop
      vertex -2.341957122256004 9.161232654627065 113.06100688917087
      vertex -2.341957122256004 12.990381056766578 113.06100688917087
      vertex -1.75 9.287057025189883 113.49108891324553
    endloop
  endfacet
  facet normal 0.40673664307579493 0 -0.9135454576426033
    outer loop
      vertex -1.75 9.287057025189883 113.49108891324553
      vertex -1.75 12.990381056766578 113.49108891324553
      vertex -1.0815594803123159 9.429138443735619 113.78869780703303
    endloop
  endfacet
  facet normal 0.20791169081774802 0 -0.978147600733808
    outer loop
      vertex -1.0815594803123159 9.429138443735619 113.78869780703303
      vertex -1.0815594803123159 12.990381056766578 113.78869780703303
      vertex -0.993020401042708 9.447958005998597 113.80751736929601
    endloop
  endfacet
  facet normal 0.20791169081775154 9.342385053270483e-17 -0.9781476007338072
    outer loop
      vertex -0.993020401042708 9.447958005998597 113.80751736929601
      vertex -1.0815594803123159 12.990381056766578 113.78869780703303
      vertex -0.3658496214367871 9.447958005998597 113.94082663378894
    endloop
  endfacet
  facet normal 0 0 -1
    outer loop
      vertex -0.3658496214367871 9.447958005998597 113.94082663378894
      vertex -0.3658496214367871 12.990381056766578 113.94082663378894
      vertex 0.3658496214367871 9.447958005998597 113.94082663378894
    endloop
  endfacet
  facet normal 0.5877852522924812 0 -0.8090169943749416
    outer loop
      vertex -1.75 9.287057025189883 113.49108891324553
      vertex -2.341957122256004 12.990381056766578 113.06100688917087
      vertex -1.75 12.990381056766578 113.49108891324553
    endloop
  endfacet
  facet normal 0.4067366430757949 0 -0.9135454576426033
    outer loop
      vertex -1.0815594803123159 9.429138443735619 113.78869780703303
      vertex -1.75 12.990381056766578 113.49108891324553
      vertex -1.0815594803123159 12.990381056766578 113.78869780703303
    endloop
  endfacet
  facet normal 0.20791169081775113 0 -0.9781476007338074
    outer loop
      vertex -0.3658496214367871 9.447958005998597 113.94082663378894
      vertex -1.0815594803123159 12.990381056766578 113.78869780703303
      vertex -0.3658496214367871 12.990381056766578 113.94082663378894
    endloop
  endfacet
  facet normal 0.9945218953682733 -5.85200309527553e-19 0.10452846326765257
    outer loop
      vertex -3.5 14.5 110.46
      vertex -3.42351660256832 14.5 109.73230908213783
      vertex -3.42351660256832 17.5 109.73230908213783
    endloop
  endfacet
  facet normal 0.9945218953682733 0 -0.10452846326765257
    outer loop
      vertex -3.5 17.5 110.46
      vertex -3.42351660256832 14.5 111.18769091786216
      vertex -3.5 14.5 110.46
    endloop
  endfacet
  facet normal 0.951056516295153 0 0.30901699437494895
    outer loop
      vertex -3.197409101749103 17.5 109.03642174923469
      vertex -3.42351660256832 14.5 109.73230908213783
      vertex -3.197409101749103 14.5 109.03642174923469
    endloop
  endfacet
  facet normal 0.951056516295153 0 -0.30901699437494895
    outer loop
      vertex -3.42351660256832 17.5 111.18769091786216
      vertex -3.197409101749103 14.5 111.8835782507653
      vertex -3.42351660256832 14.5 111.18769091786216
    endloop
  endfacet
  facet normal 0.8660254037844404 0 0.4999999999999973
    outer loop
      vertex -2.831559480312316 17.5 108.40275161697633
      vertex -3.197409101749103 14.5 109.03642174923469
      vertex -2.831559480312316 14.5 108.40275161697633
    endloop
  endfacet
  facet normal 0.7431448254773878 1.1784966901148965e-17 0.6691306063588652
    outer loop
      vertex -2.831559480312316 14.5 108.40275161697633
      vertex -2.341957122256004 14.5 107.85899311082912
      vertex -2.341957122256004 17.5 107.85899311082912
    endloop
  endfacet
  facet normal 0.8660254037844404 0 -0.4999999999999973
    outer loop
      vertex -3.197409101749103 17.5 111.8835782507653
      vertex -2.831559480312316 14.5 112.51724838302366
      vertex -3.197409101749103 14.5 111.8835782507653
    endloop
  endfacet
  facet normal 0.7431448254773878 -1.1784966901148965e-17 -0.6691306063588652
    outer loop
      vertex -2.341957122256004 14.5 113.06100688917087
      vertex -2.831559480312316 14.5 112.51724838302366
      vertex -2.831559480312316 17.5 112.51724838302366
    endloop
  endfacet
  facet normal 0.5877852522924811 -7.977313948714358e-18 -0.8090169943749415
    outer loop
      vertex -1.75 14.5 113.49108891324553
      vertex -2.341957122256004 14.5 113.06100688917087
      vertex -2.341957122256004 17.5 113.06100688917087
    endloop
  endfacet
  facet normal 0.40673664307579493 0 -0.9135454576426032
    outer loop
      vertex -1.75 14.5 113.49108891324553
      vertex -1.75 17.5 113.49108891324553
      vertex -1.0815594803123159 14.5 113.78869780703303
    endloop
  endfacet
  facet normal 0.20791169081775115 0 -0.9781476007338075
    outer loop
      vertex -1.0815594803123159 17.5 113.78869780703303
      vertex -0.3658496214367871 14.5 113.94082663378894
      vertex -1.0815594803123159 14.5 113.78869780703303
    endloop
  endfacet
  facet normal 0 0 -1
    outer loop
      vertex 0.3658496214367871 14.5 113.94082663378894
      vertex -0.3658496214367871 14.5 113.94082663378894
      vertex -0.3658496214367871 17.5 113.94082663378894
    endloop
  endfacet
  facet normal 0.9945218953682733 0 0.10452846326765257
    outer loop
      vertex -3.5 14.5 110.46
      vertex -3.42351660256832 17.5 109.73230908213783
      vertex -3.5 17.5 110.46
    endloop
  endfacet
  facet normal 0.9945218953682733 5.85200309527553e-19 -0.10452846326765257
    outer loop
      vertex -3.5 17.5 110.46
      vertex -3.42351660256832 17.5 111.18769091786216
      vertex -3.42351660256832 14.5 111.18769091786216
    endloop
  endfacet
  facet normal 0.951056516295153 -7.328247372738421e-19 0.30901699437494895
    outer loop
      vertex -3.197409101749103 17.5 109.03642174923469
      vertex -3.42351660256832 17.5 109.73230908213783
      vertex -3.42351660256832 14.5 109.73230908213783
    endloop
  endfacet
  facet normal 0.951056516295153 7.328247372738421e-19 -0.30901699437494895
    outer loop
      vertex -3.42351660256832 17.5 111.18769091786216
      vertex -3.197409101749103 17.5 111.8835782507653
      vertex -3.197409101749103 14.5 111.8835782507653
    endloop
  endfacet
  facet normal 0.8660254037844404 0 0.4999999999999973
    outer loop
      vertex -3.197409101749103 17.5 109.03642174923469
      vertex -3.197409101749103 14.5 109.03642174923469
      vertex -2.831559480312316 17.5 108.40275161697633
    endloop
  endfacet
  facet normal 0.7431448254773878 0 0.6691306063588652
    outer loop
      vertex -2.831559480312316 17.5 108.40275161697633
      vertex -2.831559480312316 14.5 108.40275161697633
      vertex -2.341957122256004 17.5 107.85899311082912
    endloop
  endfacet
  facet normal 0.8660254037844404 0 -0.4999999999999973
    outer loop
      vertex -2.831559480312316 17.5 112.51724838302366
      vertex -2.831559480312316 14.5 112.51724838302366
      vertex -3.197409101749103 17.5 111.8835782507653
    endloop
  endfacet
  facet normal 0.7431448254773878 0 -0.6691306063588652
    outer loop
      vertex -2.341957122256004 14.5 113.06100688917087
      vertex -2.831559480312316 17.5 112.51724838302366
      vertex -2.341957122256004 17.5 113.06100688917087
    endloop
  endfacet
  facet normal 0.5877852522924811 0 -0.8090169943749415
    outer loop
      vertex -1.75 14.5 113.49108891324553
      vertex -2.341957122256004 17.5 113.06100688917087
      vertex -1.75 17.5 113.49108891324553
    endloop
  endfacet
  facet normal 0.40673664307579493 0 -0.9135454576426032
    outer loop
      vertex -1.0815594803123159 14.5 113.78869780703303
      vertex -1.75 17.5 113.49108891324553
      vertex -1.0815594803123159 17.5 113.78869780703303
    endloop
  endfacet
  facet normal 0.20791169081775115 0 -0.9781476007338075
    outer loop
      vertex -0.3658496214367871 14.5 113.94082663378894
      vertex -1.0815594803123159 17.5 113.78869780703303
      vertex -0.3658496214367871 17.5 113.94082663378894
    endloop
  endfacet
  facet normal 0 0 1
    outer loop
      vertex -0.3658496214367871 9.447958005998597 106.97917336621104
      vertex 0.3658496214367871 9.447958005998597 106.97917336621104
      vertex 0.3658496214367871 12.990381056766578 106.97917336621104
    endloop
  endfacet
  facet normal -0.20791169081775154 9.104348417174052e-17 0.9781476007338072
    outer loop
      vertex 0.3658496214367871 9.447958005998597 106.97917336621104
      vertex 0.993020401042708 9.447958005998597 107.11248263070398
      vertex 1.0815594803123159 12.990381056766578 107.13130219296696
    endloop
  endfacet
  facet normal -0.20791169081774796 3.2928206728712844e-19 0.978147600733808
    outer loop
      vertex 0.993020401042708 9.447958005998597 107.11248263070398
      vertex 1.0815594803123159 9.429138443735619 107.13130219296696
      vertex 1.0815594803123159 12.990381056766578 107.13130219296696
    endloop
  endfacet
  facet normal -0.40673664307579493 -1.6361797704950906e-18 0.9135454576426033
    outer loop
      vertex 1.0815594803123159 9.429138443735619 107.13130219296696
      vertex 1.75 9.287057025189883 107.42891108675445
      vertex 1.75 12.990381056766578 107.42891108675445
    endloop
  endfacet
  facet normal -0.5877852522924812 -6.249938454401834e-18 0.8090169943749416
    outer loop
      vertex 1.75 9.287057025189883 107.42891108675445
      vertex 2.341957122256004 9.161232654627065 107.85899311082912
      vertex 2.341957122256004 12.990381056766578 107.85899311082912
    endloop
  endfacet
  facet normal -0.5877852522924812 0 0.8090169943749416
    outer loop
      vertex 1.75 9.287057025189883 107.42891108675445
      vertex 2.341957122256004 12.990381056766578 107.85899311082912
      vertex 1.75 12.990381056766578 107.42891108675445
    endloop
  endfacet
  facet normal -0.20791169081775113 0 0.9781476007338074
    outer loop
      vertex 0.3658496214367871 9.447958005998597 106.97917336621104
      vertex 1.0815594803123159 12.990381056766578 107.13130219296696
      vertex 0.3658496214367871 12.990381056766578 106.97917336621104
    endloop
  endfacet
  facet normal -0.4067366430757949 0 0.9135454576426033
    outer loop
      vertex 1.0815594803123159 9.429138443735619 107.13130219296696
      vertex 1.75 12.990381056766578 107.42891108675445
      vertex 1.0815594803123159 12.990381056766578 107.13130219296696
    endloop
  endfacet
  facet normal 0 0 1
    outer loop
      vertex 0.3658496214367871 17.5 106.97917336621104
      vertex -0.3658496214367871 14.5 106.97917336621104
      vertex 0.3658496214367871 14.5 106.97917336621104
    endloop
  endfacet
  facet normal -0.20791169081775115 0 0.9781476007338075
    outer loop
      vertex 1.0815594803123159 17.5 107.13130219296696
      vertex 0.3658496214367871 14.5 106.97917336621104
      vertex 1.0815594803123159 14.5 107.13130219296696
    endloop
  endfacet
  facet normal -0.40673664307579493 -2.0197679546847035e-18 0.9135454576426032
    outer loop
      vertex 1.0815594803123159 14.5 107.13130219296696
      vertex 1.75 14.5 107.42891108675445
      vertex 1.75 17.5 107.42891108675445
    endloop
  endfacet
  facet normal -0.5877852522924811 -7.977313948714358e-18 0.8090169943749415
    outer loop
      vertex 1.75 14.5 107.42891108675445
      vertex 2.341957122256004 14.5 107.85899311082912
      vertex 2.341957122256004 17.5 107.85899311082912
    endloop
  endfacet
  facet normal -0.20791169081775115 1.8330237571005225e-18 0.9781476007338075
    outer loop
      vertex 1.0815594803123159 17.5 107.13130219296696
      vertex 0.3658496214367871 17.5 106.97917336621104
      vertex 0.3658496214367871 14.5 106.97917336621104
    endloop
  endfacet
  facet normal -0.40673664307579493 0 0.9135454576426032
    outer loop
      vertex 1.0815594803123159 14.5 107.13130219296696
      vertex 1.75 17.5 107.42891108675445
      vertex 1.0815594803123159 17.5 107.13130219296696
    endloop
  endfacet
  facet normal -0.5877852522924811 0 0.8090169943749415
    outer loop
      vertex 1.75 14.5 107.42891108675445
      vertex 2.341957122256004 17.5 107.85899311082912
      vertex 1.75 17.5 107.42891108675445
    endloop
  endfacet
  facet normal -0.20791169081775154 0 -0.9781476007338072
    outer loop
      vertex 0.3658496214367871 9.447958005998597 113.94082663378894
      vertex 0.3658496214367871 12.990381056766578 113.94082663378894
      vertex 0.993020401042708 9.447958005998597 113.80751736929601
    endloop
  endfacet
  facet normal -0.20791169081774802 -3.2928206728712844e-19 -0.978147600733808
    outer loop
      vertex 0.993020401042708 9.447958005998597 113.80751736929601
      vertex 1.0815594803123159 12.990381056766578 113.78869780703303
      vertex 1.0815594803123159 9.429138443735619 113.78869780703303
    endloop
  endfacet
  facet normal -0.4067366430757949 0 -0.9135454576426033
    outer loop
      vertex 1.0815594803123159 9.429138443735619 113.78869780703303
      vertex 1.0815594803123159 12.990381056766578 113.78869780703303
      vertex 1.75 9.287057025189883 113.49108891324553
    endloop
  endfacet
  facet normal -0.5877852522924812 0 -0.8090169943749416
    outer loop
      vertex 1.75 9.287057025189883 113.49108891324553
      vertex 1.75 12.990381056766578 113.49108891324553
      vertex 2.341957122256004 9.161232654627065 113.06100688917087
    endloop
  endfacet
  facet normal -0.40673664307579493 0 -0.9135454576426033
    outer loop
      vertex 1.75 9.287057025189883 113.49108891324553
      vertex 1.0815594803123159 12.990381056766578 113.78869780703303
      vertex 1.75 12.990381056766578 113.49108891324553
    endloop
  endfacet
  facet normal -0.5877852522924812 0 -0.8090169943749416
    outer loop
      vertex 2.341957122256004 9.161232654627065 113.06100688917087
      vertex 1.75 12.990381056766578 113.49108891324553
      vertex 2.341957122256004 12.990381056766578 113.06100688917087
    endloop
  endfacet
  facet normal -0.8660254037844376 -3.5941520259353906e-19 0.5000000000000018
    outer loop
      vertex 2.9356614465620003 9.035036904803958 108.58306151168861
      vertex 3.197409101749103 8.918499340402413 109.03642174923469
      vertex 3.197409101749103 12.990381056766578 109.03642174923469
    endloop
  endfacet
  facet normal -0.8660254037844376 3.5941520259353906e-19 -0.5000000000000018
    outer loop
      vertex 2.9356614465620003 9.035036904803958 112.33693848831138
      vertex 3.197409101749103 12.990381056766578 111.8835782507653
      vertex 3.197409101749103 8.918499340402413 111.8835782507653
    endloop
  endfacet
  facet normal -0.9510565162951532 5.268896830592486e-19 0.30901699437494906
    outer loop
      vertex 3.197409101749103 8.918499340402413 109.03642174923469
      vertex 3.42351660256832 8.817829795074273 109.73230908213783
      vertex 3.42351660256832 12.990381056766578 109.73230908213783
    endloop
  endfacet
  facet normal -0.9945218953682734 4.1734401081415026e-19 0.1045284632676526
    outer loop
      vertex 3.42351660256832 8.817829795074273 109.73230908213783
      vertex 3.5 8.783777192587836 110.46
      vertex 3.5 12.990381056766578 110.46
    endloop
  endfacet
  facet normal -0.9945218953682734 -4.2074999645914997e-19 -0.10452846326765258
    outer loop
      vertex 3.5 8.783777192587836 110.46
      vertex 3.42351660256832 8.817829795074273 111.18769091786216
      vertex 3.42351660256832 12.990381056766578 111.18769091786216
    endloop
  endfacet
  facet normal -0.9510565162951532 -5.268896830592486e-19 -0.30901699437494906
    outer loop
      vertex 3.197409101749103 8.918499340402413 111.8835782507653
      vertex 3.42351660256832 12.990381056766578 111.18769091786216
      vertex 3.42351660256832 8.817829795074273 111.18769091786216
    endloop
  endfacet
  facet normal -0.7431448254773878 -8.988800855722031e-18 0.6691306063588653
    outer loop
      vertex 2.341957122256004 9.161232654627065 107.85899311082912
      vertex 2.831559480312316 9.05716446081308 108.40275161697633
      vertex 2.831559480312316 12.990381056766578 108.40275161697633
    endloop
  endfacet
  facet normal -0.8660254037844468 2.4369802735165277e-15 0.49999999999998584
    outer loop
      vertex 2.831559480312316 9.05716446081308 108.40275161697633
      vertex 2.9356614465620003 9.035036904803958 108.58306151168861
      vertex 3.197409101749103 12.990381056766578 109.03642174923469
    endloop
  endfacet
  facet normal -0.7431448254773879 8.988800855722033e-18 -0.6691306063588653
    outer loop
      vertex 2.341957122256004 9.161232654627065 113.06100688917087
      vertex 2.831559480312316 12.990381056766578 112.51724838302366
      vertex 2.831559480312316 9.05716446081308 112.51724838302366
    endloop
  endfacet
  facet normal -0.8660254037844469 1.8816030950832093e-18 -0.4999999999999856
    outer loop
      vertex 2.9356614465620003 9.035036904803958 112.33693848831138
      vertex 2.831559480312316 9.05716446081308 112.51724838302366
      vertex 2.831559480312316 12.990381056766578 112.51724838302366
    endloop
  endfacet
  facet normal -0.7431448254773878 0 0.6691306063588653
    outer loop
      vertex 2.341957122256004 9.161232654627065 107.85899311082912
      vertex 2.831559480312316 12.990381056766578 108.40275161697633
      vertex 2.341957122256004 12.990381056766578 107.85899311082912
    endloop
  endfacet
  facet normal -0.8660254037844403 0 0.4999999999999972
    outer loop
      vertex 2.831559480312316 9.05716446081308 108.40275161697633
      vertex 3.197409101749103 12.990381056766578 109.03642174923469
      vertex 2.831559480312316 12.990381056766578 108.40275161697633
    endloop
  endfacet
  facet normal -0.7431448254773878 0 -0.6691306063588653
    outer loop
      vertex 2.341957122256004 9.161232654627065 113.06100688917087
      vertex 2.341957122256004 12.990381056766578 113.06100688917087
      vertex 2.831559480312316 12.990381056766578 112.51724838302366
    endloop
  endfacet
  facet normal -0.8660254037844404 7.013279160773038e-16 -0.49999999999999717
    outer loop
      vertex 2.9356614465620003 9.035036904803958 112.33693848831138
      vertex 2.831559480312316 12.990381056766578 112.51724838302366
      vertex 3.197409101749103 12.990381056766578 111.8835782507653
    endloop
  endfacet
  facet normal -0.9510565162951531 0 0.309016994374949
    outer loop
      vertex 3.197409101749103 8.918499340402413 109.03642174923469
      vertex 3.42351660256832 12.990381056766578 109.73230908213783
      vertex 3.197409101749103 12.990381056766578 109.03642174923469
    endloop
  endfacet
  facet normal -0.9945218953682734 0 0.10452846326765258
    outer loop
      vertex 3.42351660256832 8.817829795074273 109.73230908213783
      vertex 3.5 12.990381056766578 110.46
      vertex 3.42351660256832 12.990381056766578 109.73230908213783
    endloop
  endfacet
  facet normal -0.9945218953682734 0 -0.1045284632676526
    outer loop
      vertex 3.5 8.783777192587836 110.46
      vertex 3.42351660256832 12.990381056766578 111.18769091786216
      vertex 3.5 12.990381056766578 110.46
    endloop
  endfacet
  facet normal -0.9510565162951531 0 -0.309016994374949
    outer loop
      vertex 3.197409101749103 8.918499340402413 111.8835782507653
      vertex 3.197409101749103 12.990381056766578 111.8835782507653
      vertex 3.42351660256832 12.990381056766578 111.18769091786216
    endloop
  endfacet
  facet normal 0 0 -1
    outer loop
      vertex 0.3658496214367871 9.447958005998597 113.94082663378894
      vertex -0.3658496214367871 12.990381056766578 113.94082663378894
      vertex 0.3658496214367871 12.990381056766578 113.94082663378894
    endloop
  endfacet
  facet normal -0.2079116908177511 8.159820022737527e-17 -0.9781476007338074
    outer loop
      vertex 0.993020401042708 9.447958005998597 113.80751736929601
      vertex 0.3658496214367871 12.990381056766578 113.94082663378894
      vertex 1.0815594803123159 12.990381056766578 113.78869780703303
    endloop
  endfacet
  facet normal -0.20791169081775115 -1.8330237571005225e-18 -0.9781476007338075
    outer loop
      vertex 1.0815594803123159 14.5 113.78869780703303
      vertex 0.3658496214367871 14.5 113.94082663378894
      vertex 0.3658496214367871 17.5 113.94082663378894
    endloop
  endfacet
  facet normal -0.40673664307579493 0 -0.9135454576426032
    outer loop
      vertex 1.0815594803123159 14.5 113.78869780703303
      vertex 1.0815594803123159 17.5 113.78869780703303
      vertex 1.75 14.5 113.49108891324553
    endloop
  endfacet
  facet normal -0.5877852522924811 7.977313948714358e-18 -0.8090169943749415
    outer loop
      vertex 2.341957122256004 14.5 113.06100688917087
      vertex 1.75 14.5 113.49108891324553
      vertex 1.75 17.5 113.49108891324553
    endloop
  endfacet
  facet normal -0.7431448254773878 -1.1784966901148965e-17 0.6691306063588652
    outer loop
      vertex 2.341957122256004 14.5 107.85899311082912
      vertex 2.831559480312316 14.5 108.40275161697633
      vertex 2.831559480312316 17.5 108.40275161697633
    endloop
  endfacet
  facet normal -0.8660254037844404 5.8278879064674904e-18 0.4999999999999973
    outer loop
      vertex 2.831559480312316 14.5 108.40275161697633
      vertex 3.197409101749103 14.5 109.03642174923469
      vertex 3.197409101749103 17.5 109.03642174923469
    endloop
  endfacet
  facet normal -0.7431448254773878 0 -0.6691306063588652
    outer loop
      vertex 2.341957122256004 14.5 113.06100688917087
      vertex 2.341957122256004 17.5 113.06100688917087
      vertex 2.831559480312316 14.5 112.51724838302366
    endloop
  endfacet
  facet normal -0.8660254037844404 0 -0.4999999999999973
    outer loop
      vertex 2.831559480312316 14.5 112.51724838302366
      vertex 2.831559480312316 17.5 112.51724838302366
      vertex 3.197409101749103 14.5 111.8835782507653
    endloop
  endfacet
  facet normal -0.951056516295153 7.328247372738421e-19 0.30901699437494895
    outer loop
      vertex 3.197409101749103 14.5 109.03642174923469
      vertex 3.42351660256832 14.5 109.73230908213783
      vertex 3.42351660256832 17.5 109.73230908213783
    endloop
  endfacet
  facet normal -0.9945218953682733 5.85200309527553e-19 0.10452846326765257
    outer loop
      vertex 3.42351660256832 14.5 109.73230908213783
      vertex 3.5 14.5 110.46
      vertex 3.5 17.5 110.46
    endloop
  endfacet
  facet normal -0.9945218953682733 0 -0.10452846326765257
    outer loop
      vertex 3.42351660256832 14.5 111.18769091786216
      vertex 3.42351660256832 17.5 111.18769091786216
      vertex 3.5 14.5 110.46
    endloop
  endfacet
  facet normal -0.951056516295153 0 -0.30901699437494895
    outer loop
      vertex 3.197409101749103 14.5 111.8835782507653
      vertex 3.197409101749103 17.5 111.8835782507653
      vertex 3.42351660256832 14.5 111.18769091786216
    endloop
  endfacet
  facet normal 0 0 -1
    outer loop
      vertex 0.3658496214367871 14.5 113.94082663378894
      vertex -0.3658496214367871 17.5 113.94082663378894
      vertex 0.3658496214367871 17.5 113.94082663378894
    endloop
  endfacet
  facet normal -0.20791169081775115 0 -0.9781476007338075
    outer loop
      vertex 1.0815594803123159 14.5 113.78869780703303
      vertex 0.3658496214367871 17.5 113.94082663378894
      vertex 1.0815594803123159 17.5 113.78869780703303
    endloop
  endfacet
  facet normal -0.40673664307579493 0 -0.9135454576426032
    outer loop
      vertex 1.75 14.5 113.49108891324553
      vertex 1.0815594803123159 17.5 113.78869780703303
      vertex 1.75 17.5 113.49108891324553
    endloop
  endfacet
  facet normal -0.5877852522924811 0 -0.8090169943749415
    outer loop
      vertex 2.341957122256004 14.5 113.06100688917087
      vertex 1.75 17.5 113.49108891324553
      vertex 2.341957122256004 17.5 113.06100688917087
    endloop
  endfacet
  facet normal -0.7431448254773878 0 0.6691306063588652
    outer loop
      vertex 2.341957122256004 14.5 107.85899311082912
      vertex 2.831559480312316 17.5 108.40275161697633
      vertex 2.341957122256004 17.5 107.85899311082912
    endloop
  endfacet
  facet normal -0.8660254037844404 0 0.4999999999999973
    outer loop
      vertex 2.831559480312316 14.5 108.40275161697633
      vertex 3.197409101749103 17.5 109.03642174923469
      vertex 2.831559480312316 17.5 108.40275161697633
    endloop
  endfacet
  facet normal -0.7431448254773878 0 -0.6691306063588652
    outer loop
      vertex 2.831559480312316 14.5 112.51724838302366
      vertex 2.341957122256004 17.5 113.06100688917087
      vertex 2.831559480312316 17.5 112.51724838302366
    endloop
  endfacet
  facet normal -0.8660254037844404 -5.8278879064674904e-18 -0.4999999999999973
    outer loop
      vertex 2.831559480312316 17.5 112.51724838302366
      vertex 3.197409101749103 17.5 111.8835782507653
      vertex 3.197409101749103 14.5 111.8835782507653
    endloop
  endfacet
  facet normal -0.951056516295153 0 0.30901699437494895
    outer loop
      vertex 3.197409101749103 14.5 109.03642174923469
      vertex 3.42351660256832 17.5 109.73230908213783
      vertex 3.197409101749103 17.5 109.03642174923469
    endloop
  endfacet
  facet normal -0.9945218953682733 0 0.10452846326765257
    outer loop
      vertex 3.42351660256832 14.5 109.73230908213783
      vertex 3.5 17.5 110.46
      vertex 3.42351660256832 17.5 109.73230908213783
    endloop
  endfacet
  facet normal -0.9945218953682733 -5.85200309527553e-19 -0.10452846326765257
    outer loop
      vertex 3.42351660256832 17.5 111.18769091786216
      vertex 3.5 17.5 110.46
      vertex 3.5 14.5 110.46
    endloop
  endfacet
  facet normal -0.951056516295153 -7.328247372738421e-19 -0.30901699437494895
    outer loop
      vertex 3.197409101749103 17.5 111.8835782507653
      vertex 3.42351660256832 17.5 111.18769091786216
      vertex 3.42351660256832 14.5 111.18769091786216
    endloop
  endfacet
  facet normal 0.9945218953682734 0 0.10452846326765258
    outer loop
      vertex -3.42351660256832 8.817829795074273 127.10230908213784
      vertex -3.42351660256832 12.990381056766578 127.10230908213784
      vertex -3.5 8.783777192587836 127.83
    endloop
  endfacet
  facet normal 0.9945218953682732 0 -0.1045284632676546
    outer loop
      vertex -3.5 8.783777192587836 127.83
      vertex -3.5 12.990381056766578 127.83
      vertex -3.42351660256832 8.817829795074273 128.55769091786215
    endloop
  endfacet
  facet normal 0.9510565162951532 0 0.30901699437494906
    outer loop
      vertex -3.42351660256832 8.817829795074273 127.10230908213784
      vertex -3.197409101749103 8.918499340402413 126.4064217492347
      vertex -3.42351660256832 12.990381056766578 127.10230908213784
    endloop
  endfacet
  facet normal 0.8660254037844376 0 0.5000000000000018
    outer loop
      vertex -3.197409101749103 8.918499340402413 126.4064217492347
      vertex -2.9356614465620003 9.035036904803958 125.95306151168862
      vertex -3.197409101749103 12.990381056766578 126.4064217492347
    endloop
  endfacet
  facet normal 0.9510565162951532 0 -0.30901699437494906
    outer loop
      vertex -3.42351660256832 8.817829795074273 128.55769091786215
      vertex -3.42351660256832 12.990381056766578 128.55769091786215
      vertex -3.197409101749103 8.918499340402413 129.2535782507653
    endloop
  endfacet
  facet normal 0.8660254037844444 0 -0.49999999999999
    outer loop
      vertex -3.197409101749103 8.918499340402413 129.2535782507653
      vertex -3.197409101749103 12.990381056766578 129.2535782507653
      vertex -2.9356614465620003 9.035036904803958 129.70693848831138
    endloop
  endfacet
  facet normal 0.8660254037844469 1.8816030950832093e-18 0.4999999999999856
    outer loop
      vertex -2.9356614465620003 9.035036904803958 125.95306151168862
      vertex -2.831559480312316 9.05716446081308 125.77275161697634
      vertex -2.831559480312316 12.990381056766578 125.77275161697634
    endloop
  endfacet
  facet normal 0.7431448254773878 0 0.6691306063588653
    outer loop
      vertex -2.831559480312316 9.05716446081308 125.77275161697634
      vertex -2.341957122256004 9.161232654627065 125.22899311082912
      vertex -2.831559480312316 12.990381056766578 125.77275161697634
    endloop
  endfacet
  facet normal 0.8660254037844468 6.658681674547144e-16 -0.49999999999998573
    outer loop
      vertex -2.9356614465620003 9.035036904803958 129.70693848831138
      vertex -3.197409101749103 12.990381056766578 129.2535782507653
      vertex -2.831559480312316 9.05716446081308 129.88724838302366
    endloop
  endfacet
  facet normal 0.7431448254773878 0 -0.6691306063588653
    outer loop
      vertex -2.831559480312316 9.05716446081308 129.88724838302366
      vertex -2.831559480312316 12.990381056766578 129.88724838302366
      vertex -2.341957122256004 9.161232654627065 130.43100688917087
    endloop
  endfacet
  facet normal 0.9945218953682734 0 0.1045284632676526
    outer loop
      vertex -3.5 8.783777192587836 127.83
      vertex -3.42351660256832 12.990381056766578 127.10230908213784
      vertex -3.5 12.990381056766578 127.83
    endloop
  endfacet
  facet normal 0.9510565162951531 0 0.309016994374949
    outer loop
      vertex -3.197409101749103 8.918499340402413 126.4064217492347
      vertex -3.197409101749103 12.990381056766578 126.4064217492347
      vertex -3.42351660256832 12.990381056766578 127.10230908213784
    endloop
  endfacet
  facet normal 0.8660254037844404 7.013279160773038e-16 0.49999999999999717
    outer loop
      vertex -2.9356614465620003 9.035036904803958 125.95306151168862
      vertex -2.831559480312316 12.990381056766578 125.77275161697634
      vertex -3.197409101749103 12.990381056766578 126.4064217492347
    endloop
  endfacet
  facet normal 0.7431448254773878 0 0.6691306063588653
    outer loop
      vertex -2.341957122256004 9.161232654627065 125.22899311082912
      vertex -2.341957122256004 12.990381056766578 125.22899311082912
      vertex -2.831559480312316 12.990381056766578 125.77275161697634
    endloop
  endfacet
  facet normal 0.9945218953682732 0 -0.1045284632676546
    outer loop
      vertex -3.42351660256832 8.817829795074273 128.55769091786215
      vertex -3.5 12.990381056766578 127.83
      vertex -3.42351660256832 12.990381056766578 128.55769091786215
    endloop
  endfacet
  facet normal 0.9510565162951531 0 -0.309016994374949
    outer loop
      vertex -3.197409101749103 8.918499340402413 129.2535782507653
      vertex -3.42351660256832 12.990381056766578 128.55769091786215
      vertex -3.197409101749103 12.990381056766578 129.2535782507653
    endloop
  endfacet
  facet normal 0.8660254037844451 0 -0.4999999999999888
    outer loop
      vertex -2.831559480312316 9.05716446081308 129.88724838302366
      vertex -3.197409101749103 12.990381056766578 129.2535782507653
      vertex -2.831559480312316 12.990381056766578 129.88724838302366
    endloop
  endfacet
  facet normal 0.7431448254773878 0 -0.6691306063588653
    outer loop
      vertex -2.341957122256004 9.161232654627065 130.43100688917087
      vertex -2.831559480312316 12.990381056766578 129.88724838302366
      vertex -2.341957122256004 12.990381056766578 130.43100688917087
    endloop
  endfacet
  facet normal 0.5877852522924812 6.462286757001391e-18 0.8090169943749416
    outer loop
      vertex -2.341957122256004 9.161232654627065 125.22899311082912
      vertex -1.75 9.287057025189883 124.79891108675446
      vertex -1.75 12.990381056766578 124.79891108675446
    endloop
  endfacet
  facet normal 0.4067366430757949 1.7014577557514571e-18 0.9135454576426033
    outer loop
      vertex -1.75 9.287057025189883 124.79891108675446
      vertex -1.0815594803123159 9.429138443735619 124.50130219296696
      vertex -1.0815594803123159 12.990381056766578 124.50130219296696
    endloop
  endfacet
  facet normal 0.5877852522924812 0 -0.8090169943749416
    outer loop
      vertex -2.341957122256004 9.161232654627065 130.43100688917087
      vertex -2.341957122256004 12.990381056766578 130.43100688917087
      vertex -1.75 9.287057025189883 130.86108891324554
    endloop
  endfacet
  facet normal 0.40673664307579493 0 -0.9135454576426033
    outer loop
      vertex -1.75 9.287057025189883 130.86108891324554
      vertex -1.75 12.990381056766578 130.86108891324554
      vertex -1.0815594803123159 9.429138443735619 131.15869780703304
    endloop
  endfacet
  facet normal 0.20791169081774802 0 0.978147600733808
    outer loop
      vertex -1.0815594803123159 9.429138443735619 124.50130219296696
      vertex -0.993020401042708 9.447958005998597 124.48248263070398
      vertex -1.0815594803123159 12.990381056766578 124.50130219296696
    endloop
  endfacet
  facet normal 0.20791169081775154 5.466234672231661e-19 0.9781476007338072
    outer loop
      vertex -0.993020401042708 9.447958005998597 124.48248263070398
      vertex -0.3658496214367871 9.447958005998597 124.34917336621105
      vertex -0.3658496214367871 12.990381056766578 124.34917336621105
    endloop
  endfacet
  facet normal 0.20791169081789818 0 -0.978147600733776
    outer loop
      vertex -1.0815594803123159 9.429138443735619 131.15869780703304
      vertex -1.0815594803123159 12.990381056766578 131.15869780703304
      vertex -0.993020401042708 9.447958005998597 131.17751736929603
    endloop
  endfacet
  facet normal 0.20791169081775154 -3.830532505001405e-15 -0.9781476007338072
    outer loop
      vertex -0.993020401042708 9.447958005998597 131.17751736929603
      vertex -1.0815594803123159 12.990381056766578 131.15869780703304
      vertex -0.3658496214367871 9.447958005998597 131.31082663378896
    endloop
  endfacet
  facet normal 0 0 -1
    outer loop
      vertex -0.3658496214367871 9.447958005998597 131.31082663378896
      vertex -0.3658496214367871 12.990381056766578 131.31082663378896
      vertex 0.3658496214367871 9.447958005998597 131.31082663378896
    endloop
  endfacet
  facet normal 0.5877852522924812 0 0.8090169943749416
    outer loop
      vertex -2.341957122256004 9.161232654627065 125.22899311082912
      vertex -1.75 12.990381056766578 124.79891108675446
      vertex -2.341957122256004 12.990381056766578 125.22899311082912
    endloop
  endfacet
  facet normal 0.40673664307579493 0 0.9135454576426033
    outer loop
      vertex -1.75 9.287057025189883 124.79891108675446
      vertex -1.0815594803123159 12.990381056766578 124.50130219296696
      vertex -1.75 12.990381056766578 124.79891108675446
    endloop
  endfacet
  facet normal 0.5877852522924812 0 -0.8090169943749416
    outer loop
      vertex -1.75 9.287057025189883 130.86108891324554
      vertex -2.341957122256004 12.990381056766578 130.43100688917087
      vertex -1.75 12.990381056766578 130.86108891324554
    endloop
  endfacet
  facet normal 0.4067366430757949 0 -0.9135454576426033
    outer loop
      vertex -1.0815594803123159 9.429138443735619 131.15869780703304
      vertex -1.75 12.990381056766578 130.86108891324554
      vertex -1.0815594803123159 12.990381056766578 131.15869780703304
    endloop
  endfacet
  facet normal 0.2079116908177511 8.159820022737527e-17 0.9781476007338074
    outer loop
      vertex -0.993020401042708 9.447958005998597 124.48248263070398
      vertex -0.3658496214367871 12.990381056766578 124.34917336621105
      vertex -1.0815594803123159 12.990381056766578 124.50130219296696
    endloop
  endfacet
  facet normal 0 0 1
    outer loop
      vertex -0.3658496214367871 9.447958005998597 124.34917336621105
      vertex 0.3658496214367871 12.990381056766578 124.34917336621105
      vertex -0.3658496214367871 12.990381056766578 124.34917336621105
    endloop
  endfacet
  facet normal 0.20791169081776972 0 -0.9781476007338035
    outer loop
      vertex -0.3658496214367871 9.447958005998597 131.31082663378896
      vertex -1.0815594803123159 12.990381056766578 131.15869780703304
      vertex -0.3658496214367871 12.990381056766578 131.31082663378896
    endloop
  endfacet
  facet normal 0.9945218953682733 0 0.10452846326765257
    outer loop
      vertex -3.42351660256832 14.5 127.10230908213784
      vertex -3.42351660256832 17.5 127.10230908213784
      vertex -3.5 14.5 127.83
    endloop
  endfacet
  facet normal 0.9945218953682732 0 -0.1045284632676546
    outer loop
      vertex -3.5 14.5 127.83
      vertex -3.5 17.5 127.83
      vertex -3.42351660256832 14.5 128.55769091786215
    endloop
  endfacet
  facet normal 0.951056516295153 0 0.30901699437494895
    outer loop
      vertex -3.197409101749103 14.5 126.4064217492347
      vertex -3.197409101749103 17.5 126.4064217492347
      vertex -3.42351660256832 14.5 127.10230908213784
    endloop
  endfacet
  facet normal 0.8660254037844404 0 0.4999999999999973
    outer loop
      vertex -2.831559480312316 14.5 125.77275161697634
      vertex -2.831559480312316 17.5 125.77275161697634
      vertex -3.197409101749103 14.5 126.4064217492347
    endloop
  endfacet
  facet normal 0.7431448254773878 1.1784966901148965e-17 0.6691306063588652
    outer loop
      vertex -2.831559480312316 14.5 125.77275161697634
      vertex -2.341957122256004 14.5 125.22899311082912
      vertex -2.341957122256004 17.5 125.22899311082912
    endloop
  endfacet
  facet normal 0.951056516295153 0 -0.30901699437494895
    outer loop
      vertex -3.42351660256832 17.5 128.55769091786215
      vertex -3.197409101749103 14.5 129.2535782507653
      vertex -3.42351660256832 14.5 128.55769091786215
    endloop
  endfacet
  facet normal 0.866025403784445 0 -0.4999999999999888
    outer loop
      vertex -3.197409101749103 14.5 129.2535782507653
      vertex -3.197409101749103 17.5 129.2535782507653
      vertex -2.831559480312316 14.5 129.88724838302366
    endloop
  endfacet
  facet normal 0.7431448254773878 -1.1784966901148965e-17 -0.6691306063588652
    outer loop
      vertex -2.341957122256004 14.5 130.43100688917087
      vertex -2.831559480312316 14.5 129.88724838302366
      vertex -2.831559480312316 17.5 129.88724838302366
    endloop
  endfacet
  facet normal 0.5877852522924811 7.977313948714358e-18 0.8090169943749415
    outer loop
      vertex -2.341957122256004 14.5 125.22899311082912
      vertex -1.75 14.5 124.79891108675446
      vertex -1.75 17.5 124.79891108675446
    endloop
  endfacet
  facet normal 0.40673664307579493 2.0197679546847035e-18 0.9135454576426032
    outer loop
      vertex -1.75 14.5 124.79891108675446
      vertex -1.0815594803123159 14.5 124.50130219296696
      vertex -1.0815594803123159 17.5 124.50130219296696
    endloop
  endfacet
  facet normal 0.5877852522924811 -7.977313948714358e-18 -0.8090169943749415
    outer loop
      vertex -1.75 14.5 130.86108891324554
      vertex -2.341957122256004 14.5 130.43100688917087
      vertex -2.341957122256004 17.5 130.43100688917087
    endloop
  endfacet
  facet normal 0.40673664307579493 0 -0.9135454576426032
    outer loop
      vertex -1.75 14.5 130.86108891324554
      vertex -1.75 17.5 130.86108891324554
      vertex -1.0815594803123159 14.5 131.15869780703304
    endloop
  endfacet
  facet normal 0.20791169081775115 -1.8330237571005225e-18 0.9781476007338075
    outer loop
      vertex -1.0815594803123159 14.5 124.50130219296696
      vertex -0.3658496214367871 14.5 124.34917336621105
      vertex -0.3658496214367871 17.5 124.34917336621105
    endloop
  endfacet
  facet normal 0.2079116908177697 0 -0.9781476007338032
    outer loop
      vertex -1.0815594803123159 17.5 131.15869780703304
      vertex -0.3658496214367871 14.5 131.31082663378896
      vertex -1.0815594803123159 14.5 131.15869780703304
    endloop
  endfacet
  facet normal 0 0 -1
    outer loop
      vertex 0.3658496214367871 14.5 131.31082663378896
      vertex -0.3658496214367871 14.5 131.31082663378896
      vertex -0.3658496214367871 17.5 131.31082663378896
    endloop
  endfacet
  facet normal 0.9945218953682733 0 0.10452846326765257
    outer loop
      vertex -3.5 14.5 127.83
      vertex -3.42351660256832 17.5 127.10230908213784
      vertex -3.5 17.5 127.83
    endloop
  endfacet
  facet normal 0.951056516295153 -7.328247372738421e-19 0.30901699437494895
    outer loop
      vertex -3.197409101749103 17.5 126.4064217492347
      vertex -3.42351660256832 17.5 127.10230908213784
      vertex -3.42351660256832 14.5 127.10230908213784
    endloop
  endfacet
  facet normal 0.8660254037844404 -5.8278879064674904e-18 0.4999999999999973
    outer loop
      vertex -2.831559480312316 17.5 125.77275161697634
      vertex -3.197409101749103 17.5 126.4064217492347
      vertex -3.197409101749103 14.5 126.4064217492347
    endloop
  endfacet
  facet normal 0.7431448254773878 0 0.6691306063588652
    outer loop
      vertex -2.831559480312316 14.5 125.77275161697634
      vertex -2.341957122256004 17.5 125.22899311082912
      vertex -2.831559480312316 17.5 125.77275161697634
    endloop
  endfacet
  facet normal 0.9945218953682732 -1.4315663972167072e-18 -0.1045284632676546
    outer loop
      vertex -3.5 17.5 127.83
      vertex -3.42351660256832 17.5 128.55769091786215
      vertex -3.42351660256832 14.5 128.55769091786215
    endloop
  endfacet
  facet normal 0.951056516295153 0 -0.30901699437494895
    outer loop
      vertex -3.197409101749103 17.5 129.2535782507653
      vertex -3.197409101749103 14.5 129.2535782507653
      vertex -3.42351660256832 17.5 128.55769091786215
    endloop
  endfacet
  facet normal 0.866025403784445 0 -0.4999999999999888
    outer loop
      vertex -2.831559480312316 17.5 129.88724838302366
      vertex -2.831559480312316 14.5 129.88724838302366
      vertex -3.197409101749103 17.5 129.2535782507653
    endloop
  endfacet
  facet normal 0.7431448254773878 0 -0.6691306063588652
    outer loop
      vertex -2.341957122256004 14.5 130.43100688917087
      vertex -2.831559480312316 17.5 129.88724838302366
      vertex -2.341957122256004 17.5 130.43100688917087
    endloop
  endfacet
  facet normal 0.5877852522924811 0 0.8090169943749415
    outer loop
      vertex -2.341957122256004 14.5 125.22899311082912
      vertex -1.75 17.5 124.79891108675446
      vertex -2.341957122256004 17.5 125.22899311082912
    endloop
  endfacet
  facet normal 0.40673664307579493 0 0.9135454576426032
    outer loop
      vertex -1.75 17.5 124.79891108675446
      vertex -1.75 14.5 124.79891108675446
      vertex -1.0815594803123159 17.5 124.50130219296696
    endloop
  endfacet
  facet normal 0.5877852522924811 0 -0.8090169943749415
    outer loop
      vertex -1.75 14.5 130.86108891324554
      vertex -2.341957122256004 17.5 130.43100688917087
      vertex -1.75 17.5 130.86108891324554
    endloop
  endfacet
  facet normal 0.40673664307579493 0 -0.9135454576426032
    outer loop
      vertex -1.0815594803123159 14.5 131.15869780703304
      vertex -1.75 17.5 130.86108891324554
      vertex -1.0815594803123159 17.5 131.15869780703304
    endloop
  endfacet
  facet normal 0.20791169081775115 0 0.9781476007338075
    outer loop
      vertex -1.0815594803123159 14.5 124.50130219296696
      vertex -0.3658496214367871 17.5 124.34917336621105
      vertex -1.0815594803123159 17.5 124.50130219296696
    endloop
  endfacet
  facet normal 0 0 1
    outer loop
      vertex -0.3658496214367871 14.5 124.34917336621105
      vertex 0.3658496214367871 17.5 124.34917336621105
      vertex -0.3658496214367871 17.5 124.34917336621105
    endloop
  endfacet
  facet normal 0.2079116908177697 0 -0.9781476007338032
    outer loop
      vertex -0.3658496214367871 14.5 131.31082663378896
      vertex -1.0815594803123159 17.5 131.15869780703304
      vertex -0.3658496214367871 17.5 131.31082663378896
    endloop
  endfacet
  facet normal 0 0 1
    outer loop
      vertex -0.3658496214367871 9.447958005998597 124.34917336621105
      vertex 0.3658496214367871 9.447958005998597 124.34917336621105
      vertex 0.3658496214367871 12.990381056766578 124.34917336621105
    endloop
  endfacet
  facet normal -0.20791169081775154 9.104348417174052e-17 0.9781476007338072
    outer loop
      vertex 0.3658496214367871 9.447958005998597 124.34917336621105
      vertex 0.993020401042708 9.447958005998597 124.48248263070398
      vertex 1.0815594803123159 12.990381056766578 124.50130219296696
    endloop
  endfacet
  facet normal -0.20791169081774796 3.2928206728712844e-19 0.978147600733808
    outer loop
      vertex 0.993020401042708 9.447958005998597 124.48248263070398
      vertex 1.0815594803123159 9.429138443735619 124.50130219296696
      vertex 1.0815594803123159 12.990381056766578 124.50130219296696
    endloop
  endfacet
  facet normal -0.20791169081775154 0 -0.9781476007338072
    outer loop
      vertex 0.3658496214367871 9.447958005998597 131.31082663378896
      vertex 0.3658496214367871 12.990381056766578 131.31082663378896
      vertex 0.993020401042708 9.447958005998597 131.17751736929603
    endloop
  endfacet
  facet normal -0.20791169081789818 9.009045010612542e-21 -0.978147600733776
    outer loop
      vertex 0.993020401042708 9.447958005998597 131.17751736929603
      vertex 1.0815594803123159 12.990381056766578 131.15869780703304
      vertex 1.0815594803123159 9.429138443735619 131.15869780703304
    endloop
  endfacet
  facet normal -0.40673664307579493 -1.6361797704950906e-18 0.9135454576426033
    outer loop
      vertex 1.0815594803123159 9.429138443735619 124.50130219296696
      vertex 1.75 9.287057025189883 124.79891108675446
      vertex 1.75 12.990381056766578 124.79891108675446
    endloop
  endfacet
  facet normal -0.5877852522924812 -6.249938454401834e-18 0.8090169943749416
    outer loop
      vertex 1.75 9.287057025189883 124.79891108675446
      vertex 2.341957122256004 9.161232654627065 125.22899311082912
      vertex 2.341957122256004 12.990381056766578 125.22899311082912
    endloop
  endfacet
  facet normal -0.4067366430757949 0 -0.9135454576426033
    outer loop
      vertex 1.0815594803123159 9.429138443735619 131.15869780703304
      vertex 1.0815594803123159 12.990381056766578 131.15869780703304
      vertex 1.75 9.287057025189883 130.86108891324554
    endloop
  endfacet
  facet normal -0.5877852522924812 0 -0.8090169943749416
    outer loop
      vertex 1.75 9.287057025189883 130.86108891324554
      vertex 1.75 12.990381056766578 130.86108891324554
      vertex 2.341957122256004 9.161232654627065 130.43100688917087
    endloop
  endfacet
  facet normal -0.5877852522924812 0 0.8090169943749416
    outer loop
      vertex 1.75 9.287057025189883 124.79891108675446
      vertex 2.341957122256004 12.990381056766578 125.22899311082912
      vertex 1.75 12.990381056766578 124.79891108675446
    endloop
  endfacet
  facet normal -0.40673664307579493 0 -0.9135454576426033
    outer loop
      vertex 1.75 9.287057025189883 130.86108891324554
      vertex 1.0815594803123159 12.990381056766578 131.15869780703304
      vertex 1.75 12.990381056766578 130.86108891324554
    endloop
  endfacet
  facet normal -0.5877852522924812 0 -0.8090169943749416
    outer loop
      vertex 2.341957122256004 9.161232654627065 130.43100688917087
      vertex 1.75 12.990381056766578 130.86108891324554
      vertex 2.341957122256004 12.990381056766578 130.43100688917087
    endloop
  endfacet
  facet normal -0.8660254037844376 -3.5941520259353906e-19 0.5000000000000018
    outer loop
      vertex 2.9356614465620003 9.035036904803958 125.95306151168862
      vertex 3.197409101749103 8.918499340402413 126.4064217492347
      vertex 3.197409101749103 12.990381056766578 126.4064217492347
    endloop
  endfacet
  facet normal -0.9510565162951532 5.268896830592486e-19 0.30901699437494906
    outer loop
      vertex 3.197409101749103 8.918499340402413 126.4064217492347
      vertex 3.42351660256832 8.817829795074273 127.10230908213784
      vertex 3.42351660256832 12.990381056766578 127.10230908213784
    endloop
  endfacet
  facet normal -0.9945218953682734 4.1734401081415026e-19 0.1045284632676526
    outer loop
      vertex 3.42351660256832 8.817829795074273 127.10230908213784
      vertex 3.5 8.783777192587836 127.83
      vertex 3.5 12.990381056766578 127.83
    endloop
  endfacet
  facet normal -0.8660254037844444 1.6671239813155673e-19 -0.49999999999999
    outer loop
      vertex 2.9356614465620003 9.035036904803958 129.70693848831138
      vertex 3.197409101749103 12.990381056766578 129.2535782507653
      vertex 3.197409101749103 8.918499340402413 129.2535782507653
    endloop
  endfacet
  facet normal -0.9510565162951532 -5.268896830592486e-19 -0.30901699437494906
    outer loop
      vertex 3.197409101749103 8.918499340402413 129.2535782507653
      vertex 3.42351660256832 12.990381056766578 128.55769091786215
      vertex 3.42351660256832 8.817829795074273 128.55769091786215
    endloop
  endfacet
  facet normal -0.9945218953682732 0 -0.1045284632676546
    outer loop
      vertex 3.42351660256832 8.817829795074273 128.55769091786215
      vertex 3.42351660256832 12.990381056766578 128.55769091786215
      vertex 3.5 8.783777192587836 127.83
    endloop
  endfacet
  facet normal -0.7431448254773878 -8.988800855722031e-18 0.6691306063588653
    outer loop
      vertex 2.341957122256004 9.161232654627065 125.22899311082912
      vertex 2.831559480312316 9.05716446081308 125.77275161697634
      vertex 2.831559480312316 12.990381056766578 125.77275161697634
    endloop
  endfacet
  facet normal -0.8660254037844468 2.4369802735165277e-15 0.49999999999998584
    outer loop
      vertex 2.831559480312316 9.05716446081308 125.77275161697634
      vertex 2.9356614465620003 9.035036904803958 125.95306151168862
      vertex 3.197409101749103 12.990381056766578 126.4064217492347
    endloop
  endfacet
  facet normal -0.7431448254773879 8.988800855722033e-18 -0.6691306063588653
    outer loop
      vertex 2.341957122256004 9.161232654627065 130.43100688917087
      vertex 2.831559480312316 12.990381056766578 129.88724838302366
      vertex 2.831559480312316 9.05716446081308 129.88724838302366
    endloop
  endfacet
  facet normal -0.8660254037844469 0 -0.4999999999999856
    outer loop
      vertex 2.831559480312316 9.05716446081308 129.88724838302366
      vertex 2.831559480312316 12.990381056766578 129.88724838302366
      vertex 2.9356614465620003 9.035036904803958 129.70693848831138
    endloop
  endfacet
  facet normal -0.7431448254773878 0 0.6691306063588653
    outer loop
      vertex 2.341957122256004 9.161232654627065 125.22899311082912
      vertex 2.831559480312316 12.990381056766578 125.77275161697634
      vertex 2.341957122256004 12.990381056766578 125.22899311082912
    endloop
  endfacet
  facet normal -0.8660254037844403 0 0.4999999999999972
    outer loop
      vertex 2.831559480312316 9.05716446081308 125.77275161697634
      vertex 3.197409101749103 12.990381056766578 126.4064217492347
      vertex 2.831559480312316 12.990381056766578 125.77275161697634
    endloop
  endfacet
  facet normal -0.9510565162951531 0 0.309016994374949
    outer loop
      vertex 3.197409101749103 8.918499340402413 126.4064217492347
      vertex 3.42351660256832 12.990381056766578 127.10230908213784
      vertex 3.197409101749103 12.990381056766578 126.4064217492347
    endloop
  endfacet
  facet normal -0.9945218953682734 0 0.10452846326765258
    outer loop
      vertex 3.42351660256832 8.817829795074273 127.10230908213784
      vertex 3.5 12.990381056766578 127.83
      vertex 3.42351660256832 12.990381056766578 127.10230908213784
    endloop
  endfacet
  facet normal -0.9945218953682732 0 -0.1045284632676546
    outer loop
      vertex 3.5 8.783777192587836 127.83
      vertex 3.42351660256832 12.990381056766578 128.55769091786215
      vertex 3.5 12.990381056766578 127.83
    endloop
  endfacet
  facet normal -0.7431448254773878 0 -0.6691306063588653
    outer loop
      vertex 2.341957122256004 9.161232654627065 130.43100688917087
      vertex 2.341957122256004 12.990381056766578 130.43100688917087
      vertex 2.831559480312316 12.990381056766578 129.88724838302366
    endloop
  endfacet
  facet normal -0.8660254037844451 1.9064307367898195e-16 -0.4999999999999888
    outer loop
      vertex 2.9356614465620003 9.035036904803958 129.70693848831138
      vertex 2.831559480312316 12.990381056766578 129.88724838302366
      vertex 3.197409101749103 12.990381056766578 129.2535782507653
    endloop
  endfacet
  facet normal -0.9510565162951531 0 -0.309016994374949
    outer loop
      vertex 3.197409101749103 8.918499340402413 129.2535782507653
      vertex 3.197409101749103 12.990381056766578 129.2535782507653
      vertex 3.42351660256832 12.990381056766578 128.55769091786215
    endloop
  endfacet
  facet normal -0.20791169081775113 0 0.9781476007338074
    outer loop
      vertex 0.3658496214367871 9.447958005998597 124.34917336621105
      vertex 1.0815594803123159 12.990381056766578 124.50130219296696
      vertex 0.3658496214367871 12.990381056766578 124.34917336621105
    endloop
  endfacet
  facet normal 0 0 -1
    outer loop
      vertex 0.3658496214367871 9.447958005998597 131.31082663378896
      vertex -0.3658496214367871 12.990381056766578 131.31082663378896
      vertex 0.3658496214367871 12.990381056766578 131.31082663378896
    endloop
  endfacet
  facet normal -0.20791169081776972 -3.3564090697999076e-15 -0.9781476007338035
    outer loop
      vertex 0.993020401042708 9.447958005998597 131.17751736929603
      vertex 0.3658496214367871 12.990381056766578 131.31082663378896
      vertex 1.0815594803123159 12.990381056766578 131.15869780703304
    endloop
  endfacet
  facet normal -0.4067366430757949 0 0.9135454576426033
    outer loop
      vertex 1.0815594803123159 9.429138443735619 124.50130219296696
      vertex 1.75 12.990381056766578 124.79891108675446
      vertex 1.0815594803123159 12.990381056766578 124.50130219296696
    endloop
  endfacet
  facet normal 0 0 1
    outer loop
      vertex -0.3658496214367871 14.5 124.34917336621105
      vertex 0.3658496214367871 14.5 124.34917336621105
      vertex 0.3658496214367871 17.5 124.34917336621105
    endloop
  endfacet
  facet normal -0.20791169081775115 0 0.9781476007338075
    outer loop
      vertex 1.0815594803123159 17.5 124.50130219296696
      vertex 0.3658496214367871 14.5 124.34917336621105
      vertex 1.0815594803123159 14.5 124.50130219296696
    endloop
  endfacet
  facet normal -0.2079116908177697 -1.1179574574716287e-18 -0.9781476007338032
    outer loop
      vertex 1.0815594803123159 14.5 131.15869780703304
      vertex 0.3658496214367871 14.5 131.31082663378896
      vertex 0.3658496214367871 17.5 131.31082663378896
    endloop
  endfacet
  facet normal -0.40673664307579493 -2.0197679546847035e-18 0.9135454576426032
    outer loop
      vertex 1.0815594803123159 14.5 124.50130219296696
      vertex 1.75 14.5 124.79891108675446
      vertex 1.75 17.5 124.79891108675446
    endloop
  endfacet
  facet normal -0.5877852522924811 -7.977313948714358e-18 0.8090169943749415
    outer loop
      vertex 1.75 14.5 124.79891108675446
      vertex 2.341957122256004 14.5 125.22899311082912
      vertex 2.341957122256004 17.5 125.22899311082912
    endloop
  endfacet
  facet normal -0.40673664307579493 0 -0.9135454576426032
    outer loop
      vertex 1.0815594803123159 14.5 131.15869780703304
      vertex 1.0815594803123159 17.5 131.15869780703304
      vertex 1.75 14.5 130.86108891324554
    endloop
  endfacet
  facet normal -0.5877852522924811 7.977313948714358e-18 -0.8090169943749415
    outer loop
      vertex 2.341957122256004 14.5 130.43100688917087
      vertex 1.75 14.5 130.86108891324554
      vertex 1.75 17.5 130.86108891324554
    endloop
  endfacet
  facet normal -0.7431448254773878 -1.1784966901148965e-17 0.6691306063588652
    outer loop
      vertex 2.341957122256004 14.5 125.22899311082912
      vertex 2.831559480312316 14.5 125.77275161697634
      vertex 2.831559480312316 17.5 125.77275161697634
    endloop
  endfacet
  facet normal -0.8660254037844404 5.8278879064674904e-18 0.4999999999999973
    outer loop
      vertex 2.831559480312316 14.5 125.77275161697634
      vertex 3.197409101749103 14.5 126.4064217492347
      vertex 3.197409101749103 17.5 126.4064217492347
    endloop
  endfacet
  facet normal -0.951056516295153 7.328247372738421e-19 0.30901699437494895
    outer loop
      vertex 3.197409101749103 14.5 126.4064217492347
      vertex 3.42351660256832 14.5 127.10230908213784
      vertex 3.42351660256832 17.5 127.10230908213784
    endloop
  endfacet
  facet normal -0.9945218953682733 5.85200309527553e-19 0.10452846326765257
    outer loop
      vertex 3.42351660256832 14.5 127.10230908213784
      vertex 3.5 14.5 127.83
      vertex 3.5 17.5 127.83
    endloop
  endfacet
  facet normal -0.7431448254773878 0 -0.6691306063588652
    outer loop
      vertex 2.341957122256004 14.5 130.43100688917087
      vertex 2.341957122256004 17.5 130.43100688917087
      vertex 2.831559480312316 14.5 129.88724838302366
    endloop
  endfacet
  facet normal -0.866025403784445 0 -0.4999999999999888
    outer loop
      vertex 2.831559480312316 14.5 129.88724838302366
      vertex 2.831559480312316 17.5 129.88724838302366
      vertex 3.197409101749103 14.5 129.2535782507653
    endloop
  endfacet
  facet normal -0.951056516295153 0 -0.30901699437494895
    outer loop
      vertex 3.197409101749103 14.5 129.2535782507653
      vertex 3.197409101749103 17.5 129.2535782507653
      vertex 3.42351660256832 14.5 128.55769091786215
    endloop
  endfacet
  facet normal -0.9945218953682732 0 -0.1045284632676546
    outer loop
      vertex 3.42351660256832 14.5 128.55769091786215
      vertex 3.42351660256832 17.5 128.55769091786215
      vertex 3.5 14.5 127.83
    endloop
  endfacet
  facet normal -0.20791169081775115 0 0.9781476007338075
    outer loop
      vertex 0.3658496214367871 14.5 124.34917336621105
      vertex 1.0815594803123159 17.5 124.50130219296696
      vertex 0.3658496214367871 17.5 124.34917336621105
    endloop
  endfacet
  facet normal 0 0 -1
    outer loop
      vertex 0.3658496214367871 14.5 131.31082663378896
      vertex -0.3658496214367871 17.5 131.31082663378896
      vertex 0.3658496214367871 17.5 131.31082663378896
    endloop
  endfacet
  facet normal -0.2079116908177697 0 -0.9781476007338032
    outer loop
      vertex 1.0815594803123159 14.5 131.15869780703304
      vertex 0.3658496214367871 17.5 131.31082663378896
      vertex 1.0815594803123159 17.5 131.15869780703304
    endloop
  endfacet
  facet normal -0.40673664307579493 0 0.9135454576426032
    outer loop
      vertex 1.0815594803123159 14.5 124.50130219296696
      vertex 1.75 17.5 124.79891108675446
      vertex 1.0815594803123159 17.5 124.50130219296696
    endloop
  endfacet
  facet normal -0.5877852522924811 0 0.8090169943749415
    outer loop
      vertex 1.75 14.5 124.79891108675446
      vertex 2.341957122256004 17.5 125.22899311082912
      vertex 1.75 17.5 124.79891108675446
    endloop
  endfacet
  facet normal -0.40673664307579493 0 -0.9135454576426032
    outer loop
      vertex 1.75 14.5 130.86108891324554
      vertex 1.0815594803123159 17.5 131.15869780703304
      vertex 1.75 17.5 130.86108891324554
    endloop
  endfacet
  facet normal -0.5877852522924811 0 -0.8090169943749415
    outer loop
      vertex 2.341957122256004 14.5 130.43100688917087
      vertex 1.75 17.5 130.86108891324554
      vertex 2.341957122256004 17.5 130.43100688917087
    endloop
  endfacet
  facet normal -0.7431448254773878 0 0.6691306063588652
    outer loop
      vertex 2.341957122256004 14.5 125.22899311082912
      vertex 2.831559480312316 17.5 125.77275161697634
      vertex 2.341957122256004 17.5 125.22899311082912
    endloop
  endfacet
  facet normal -0.8660254037844404 0 0.4999999999999973
    outer loop
      vertex 2.831559480312316 14.5 125.77275161697634
      vertex 3.197409101749103 17.5 126.4064217492347
      vertex 2.831559480312316 17.5 125.77275161697634
    endloop
  endfacet
  facet normal -0.951056516295153 0 0.30901699437494895
    outer loop
      vertex 3.197409101749103 14.5 126.4064217492347
      vertex 3.42351660256832 17.5 127.10230908213784
      vertex 3.197409101749103 17.5 126.4064217492347
    endloop
  endfacet
  facet normal -0.9945218953682733 0 0.10452846326765257
    outer loop
      vertex 3.42351660256832 14.5 127.10230908213784
      vertex 3.5 17.5 127.83
      vertex 3.42351660256832 17.5 127.10230908213784
    endloop
  endfacet
  facet normal -0.9945218953682732 1.4315663972167072e-18 -0.1045284632676546
    outer loop
      vertex 3.42351660256832 17.5 128.55769091786215
      vertex 3.5 17.5 127.83
      vertex 3.5 14.5 127.83
    endloop
  endfacet
  facet normal -0.7431448254773878 0 -0.6691306063588652
    outer loop
      vertex 2.831559480312316 14.5 129.88724838302366
      vertex 2.341957122256004 17.5 130.43100688917087
      vertex 2.831559480312316 17.5 129.88724838302366
    endloop
  endfacet
  facet normal -0.866025403784445 2.8334111512069523e-18 -0.4999999999999888
    outer loop
      vertex 2.831559480312316 17.5 129.88724838302366
      vertex 3.197409101749103 17.5 129.2535782507653
      vertex 3.197409101749103 14.5 129.2535782507653
    endloop
  endfacet
  facet normal -0.951056516295153 -7.328247372738421e-19 -0.30901699437494895
    outer loop
      vertex 3.197409101749103 17.5 129.2535782507653
      vertex 3.42351660256832 17.5 128.55769091786215
      vertex 3.42351660256832 14.5 128.55769091786215
    endloop
  endfacet
  facet normal 0.9945218953682734 0 0.10452846326765258
    outer loop
      vertex -3.42351660256832 8.817829795074273 158.98230908213785
      vertex -3.42351660256832 12.990381056766578 158.98230908213785
      vertex -3.5 8.783777192587836 159.71
    endloop
  endfacet
  facet normal 0.9945218953682734 0 -0.1045284632676526
    outer loop
      vertex -3.5 8.783777192587836 159.71
      vertex -3.5 12.990381056766578 159.71
      vertex -3.42351660256832 8.817829795074273 160.43769091786217
    endloop
  endfacet
  facet normal 0.9510565162951532 0 0.30901699437494906
    outer loop
      vertex -3.42351660256832 8.817829795074273 158.98230908213785
      vertex -3.197409101749103 8.918499340402413 158.2864217492347
      vertex -3.42351660256832 12.990381056766578 158.98230908213785
    endloop
  endfacet
  facet normal 0.9510565162951532 0 -0.30901699437494906
    outer loop
      vertex -3.42351660256832 8.817829795074273 160.43769091786217
      vertex -3.42351660256832 12.990381056766578 160.43769091786217
      vertex -3.197409101749103 8.918499340402413 161.1335782507653
    endloop
  endfacet
  facet normal 0.8660254037844309 0 0.5000000000000135
    outer loop
      vertex -3.197409101749103 8.918499340402413 158.2864217492347
      vertex -2.9356614465620003 9.035036904803958 157.83306151168864
      vertex -3.197409101749103 12.990381056766578 158.2864217492347
    endloop
  endfacet
  facet normal 0.8660254037844309 0 -0.5000000000000135
    outer loop
      vertex -3.197409101749103 8.918499340402413 161.1335782507653
      vertex -3.197409101749103 12.990381056766578 161.1335782507653
      vertex -2.9356614465620003 9.035036904803958 161.58693848831138
    endloop
  endfacet
  facet normal 0.8660254037844469 1.8816030950832093e-18 0.4999999999999856
    outer loop
      vertex -2.9356614465620003 9.035036904803958 157.83306151168864
      vertex -2.831559480312316 9.05716446081308 157.65275161697636
      vertex -2.831559480312316 12.990381056766578 157.65275161697636
    endloop
  endfacet
  facet normal 0.7431448254774052 0 0.669130606358846
    outer loop
      vertex -2.831559480312316 9.05716446081308 157.65275161697636
      vertex -2.341957122256004 9.161232654627065 157.10899311082912
      vertex -2.831559480312316 12.990381056766578 157.65275161697636
    endloop
  endfacet
  facet normal 0.8660254037844467 4.208856049057617e-15 -0.49999999999998607
    outer loop
      vertex -2.9356614465620003 9.035036904803958 161.58693848831138
      vertex -3.197409101749103 12.990381056766578 161.1335782507653
      vertex -2.831559480312316 9.05716446081308 161.76724838302366
    endloop
  endfacet
  facet normal 0.9945218953682734 0 0.1045284632676526
    outer loop
      vertex -3.5 8.783777192587836 159.71
      vertex -3.42351660256832 12.990381056766578 158.98230908213785
      vertex -3.5 12.990381056766578 159.71
    endloop
  endfacet
  facet normal 0.9945218953682734 0 -0.10452846326765258
    outer loop
      vertex -3.42351660256832 8.817829795074273 160.43769091786217
      vertex -3.5 12.990381056766578 159.71
      vertex -3.42351660256832 12.990381056766578 160.43769091786217
    endloop
  endfacet
  facet normal 0.9510565162951531 0 0.309016994374949
    outer loop
      vertex -3.197409101749103 8.918499340402413 158.2864217492347
      vertex -3.197409101749103 12.990381056766578 158.2864217492347
      vertex -3.42351660256832 12.990381056766578 158.98230908213785
    endloop
  endfacet
  facet normal 0.9510565162951531 0 -0.309016994374949
    outer loop
      vertex -3.197409101749103 8.918499340402413 161.1335782507653
      vertex -3.42351660256832 12.990381056766578 160.43769091786217
      vertex -3.197409101749103 12.990381056766578 161.1335782507653
    endloop
  endfacet
  facet normal 0.8660254037844355 1.2144103398953533e-15 0.5000000000000056
    outer loop
      vertex -2.9356614465620003 9.035036904803958 157.83306151168864
      vertex -2.831559480312316 12.990381056766578 157.65275161697636
      vertex -3.197409101749103 12.990381056766578 158.2864217492347
    endloop
  endfacet
  facet normal 0.7431448254774052 0 0.669130606358846
    outer loop
      vertex -2.341957122256004 9.161232654627065 157.10899311082912
      vertex -2.341957122256004 12.990381056766578 157.10899311082912
      vertex -2.831559480312316 12.990381056766578 157.65275161697636
    endloop
  endfacet
  facet normal 0.8660254037844354 0 -0.5000000000000056
    outer loop
      vertex -2.831559480312316 9.05716446081308 161.76724838302366
      vertex -3.197409101749103 12.990381056766578 161.1335782507653
      vertex -2.831559480312316 12.990381056766578 161.76724838302366
    endloop
  endfacet
  facet normal 0.5877852522924557 8.143088453271134e-18 0.80901699437496
    outer loop
      vertex -2.341957122256004 9.161232654627065 157.10899311082912
      vertex -1.75 9.287057025189883 156.67891108675448
      vertex -1.75 12.990381056766578 156.67891108675448
    endloop
  endfacet
  facet normal 0.4067366430757949 1.7014577557514571e-18 0.9135454576426033
    outer loop
      vertex -1.75 9.287057025189883 156.67891108675448
      vertex -1.0815594803123159 9.429138443735619 156.38130219296698
      vertex -1.0815594803123159 12.990381056766578 156.38130219296698
    endloop
  endfacet
  facet normal 0.20791169081789818 0 0.978147600733776
    outer loop
      vertex -1.0815594803123159 9.429138443735619 156.38130219296698
      vertex -0.993020401042708 9.447958005998597 156.362482630704
      vertex -1.0815594803123159 12.990381056766578 156.38130219296698
    endloop
  endfacet
  facet normal 0.20791169081775154 5.466234672231661e-19 0.9781476007338072
    outer loop
      vertex -0.993020401042708 9.447958005998597 156.362482630704
      vertex -0.3658496214367871 9.447958005998597 156.22917336621106
      vertex -0.3658496214367871 12.990381056766578 156.22917336621106
    endloop
  endfacet
  facet normal 0.5877852522924558 0 0.80901699437496
    outer loop
      vertex -2.341957122256004 9.161232654627065 157.10899311082912
      vertex -1.75 12.990381056766578 156.67891108675448
      vertex -2.341957122256004 12.990381056766578 157.10899311082912
    endloop
  endfacet
  facet normal 0.40673664307579493 0 0.9135454576426033
    outer loop
      vertex -1.75 9.287057025189883 156.67891108675448
      vertex -1.0815594803123159 12.990381056766578 156.38130219296698
      vertex -1.75 12.990381056766578 156.67891108675448
    endloop
  endfacet
  facet normal 0.20791169081776972 -3.3564090697999076e-15 0.9781476007338035
    outer loop
      vertex -0.993020401042708 9.447958005998597 156.362482630704
      vertex -0.3658496214367871 12.990381056766578 156.22917336621106
      vertex -1.0815594803123159 12.990381056766578 156.38130219296698
    endloop
  endfacet
  facet normal 0 0 1
    outer loop
      vertex -0.3658496214367871 9.447958005998597 156.22917336621106
      vertex 0.3658496214367871 12.990381056766578 156.22917336621106
      vertex -0.3658496214367871 12.990381056766578 156.22917336621106
    endloop
  endfacet
  facet normal 0.7431448254774052 0 -0.669130606358846
    outer loop
      vertex -2.831559480312316 9.05716446081308 161.76724838302366
      vertex -2.831559480312316 12.990381056766578 161.76724838302366
      vertex -2.341957122256004 9.161232654627065 162.3110068891709
    endloop
  endfacet
  facet normal 0.7431448254774052 0 -0.669130606358846
    outer loop
      vertex -2.341957122256004 9.161232654627065 162.3110068891709
      vertex -2.831559480312316 12.990381056766578 161.76724838302366
      vertex -2.341957122256004 12.990381056766578 162.3110068891709
    endloop
  endfacet
  facet normal 0.5877852522924558 0 -0.80901699437496
    outer loop
      vertex -2.341957122256004 9.161232654627065 162.3110068891709
      vertex -2.341957122256004 12.990381056766578 162.3110068891709
      vertex -1.75 9.287057025189883 162.74108891324553
    endloop
  endfacet
  facet normal 0.40673664307579493 0 -0.9135454576426033
    outer loop
      vertex -1.75 9.287057025189883 162.74108891324553
      vertex -1.75 12.990381056766578 162.74108891324553
      vertex -1.0815594803123159 9.429138443735619 163.03869780703303
    endloop
  endfacet
  facet normal 0.20791169081789818 0 -0.978147600733776
    outer loop
      vertex -1.0815594803123159 9.429138443735619 163.03869780703303
      vertex -1.0815594803123159 12.990381056766578 163.03869780703303
      vertex -0.993020401042708 9.447958005998597 163.05751736929602
    endloop
  endfacet
  facet normal 0.20791169081775154 -3.830532505001405e-15 -0.9781476007338072
    outer loop
      vertex -0.993020401042708 9.447958005998597 163.05751736929602
      vertex -1.0815594803123159 12.990381056766578 163.03869780703303
      vertex -0.3658496214367871 9.447958005998597 163.19082663378896
    endloop
  endfacet
  facet normal 0 0 -1
    outer loop
      vertex -0.3658496214367871 9.447958005998597 163.19082663378896
      vertex -0.3658496214367871 12.990381056766578 163.19082663378896
      vertex 0.3658496214367871 9.447958005998597 163.19082663378896
    endloop
  endfacet
  facet normal 0.5877852522924558 0 -0.80901699437496
    outer loop
      vertex -1.75 9.287057025189883 162.74108891324553
      vertex -2.341957122256004 12.990381056766578 162.3110068891709
      vertex -1.75 12.990381056766578 162.74108891324553
    endloop
  endfacet
  facet normal 0.4067366430757949 0 -0.9135454576426033
    outer loop
      vertex -1.0815594803123159 9.429138443735619 163.03869780703303
      vertex -1.75 12.990381056766578 162.74108891324553
      vertex -1.0815594803123159 12.990381056766578 163.03869780703303
    endloop
  endfacet
  facet normal 0.20791169081776972 0 -0.9781476007338035
    outer loop
      vertex -0.3658496214367871 9.447958005998597 163.19082663378896
      vertex -1.0815594803123159 12.990381056766578 163.03869780703303
      vertex -0.3658496214367871 12.990381056766578 163.19082663378896
    endloop
  endfacet
  facet normal 0.9945218953682733 -5.85200309527553e-19 0.10452846326765257
    outer loop
      vertex -3.5 14.5 159.71
      vertex -3.42351660256832 14.5 158.98230908213785
      vertex -3.42351660256832 17.5 158.98230908213785
    endloop
  endfacet
  facet normal 0.9945218953682733 0 -0.10452846326765257
    outer loop
      vertex -3.5 17.5 159.71
      vertex -3.42351660256832 14.5 160.43769091786217
      vertex -3.5 14.5 159.71
    endloop
  endfacet
  facet normal 0.951056516295153 0 0.30901699437494895
    outer loop
      vertex -3.197409101749103 14.5 158.2864217492347
      vertex -3.197409101749103 17.5 158.2864217492347
      vertex -3.42351660256832 14.5 158.98230908213785
    endloop
  endfacet
  facet normal 0.951056516295153 0 -0.30901699437494895
    outer loop
      vertex -3.42351660256832 17.5 160.43769091786217
      vertex -3.197409101749103 14.5 161.1335782507653
      vertex -3.42351660256832 14.5 160.43769091786217
    endloop
  endfacet
  facet normal 0.8660254037844355 0 0.5000000000000057
    outer loop
      vertex -2.831559480312316 14.5 157.65275161697636
      vertex -2.831559480312316 17.5 157.65275161697636
      vertex -3.197409101749103 14.5 158.2864217492347
    endloop
  endfacet
  facet normal 0.7431448254774052 -5.320489868771593e-18 0.669130606358846
    outer loop
      vertex -2.831559480312316 14.5 157.65275161697636
      vertex -2.341957122256004 14.5 157.10899311082912
      vertex -2.341957122256004 17.5 157.10899311082912
    endloop
  endfacet
  facet normal 0.8660254037844355 0 -0.5000000000000057
    outer loop
      vertex -3.197409101749103 17.5 161.1335782507653
      vertex -2.831559480312316 14.5 161.76724838302366
      vertex -3.197409101749103 14.5 161.1335782507653
    endloop
  endfacet
  facet normal 0.5877852522924558 1.0052165053417896e-17 0.80901699437496
    outer loop
      vertex -2.341957122256004 14.5 157.10899311082912
      vertex -1.75 14.5 156.67891108675448
      vertex -1.75 17.5 156.67891108675448
    endloop
  endfacet
  facet normal 0.40673664307579493 2.0197679546847035e-18 0.9135454576426032
    outer loop
      vertex -1.75 14.5 156.67891108675448
      vertex -1.0815594803123159 14.5 156.38130219296698
      vertex -1.0815594803123159 17.5 156.38130219296698
    endloop
  endfacet
  facet normal 0.2079116908177697 -1.1179574574716287e-18 0.9781476007338032
    outer loop
      vertex -1.0815594803123159 14.5 156.38130219296698
      vertex -0.3658496214367871 14.5 156.22917336621106
      vertex -0.3658496214367871 17.5 156.22917336621106
    endloop
  endfacet
  facet normal 0.9945218953682733 0 0.10452846326765257
    outer loop
      vertex -3.5 14.5 159.71
      vertex -3.42351660256832 17.5 158.98230908213785
      vertex -3.5 17.5 159.71
    endloop
  endfacet
  facet normal 0.9945218953682733 5.85200309527553e-19 -0.10452846326765257
    outer loop
      vertex -3.5 17.5 159.71
      vertex -3.42351660256832 17.5 160.43769091786217
      vertex -3.42351660256832 14.5 160.43769091786217
    endloop
  endfacet
  facet normal 0.951056516295153 -7.328247372738421e-19 0.30901699437494895
    outer loop
      vertex -3.197409101749103 17.5 158.2864217492347
      vertex -3.42351660256832 17.5 158.98230908213785
      vertex -3.42351660256832 14.5 158.98230908213785
    endloop
  endfacet
  facet normal 0.951056516295153 7.328247372738421e-19 -0.30901699437494895
    outer loop
      vertex -3.42351660256832 17.5 160.43769091786217
      vertex -3.197409101749103 17.5 161.1335782507653
      vertex -3.197409101749103 14.5 161.1335782507653
    endloop
  endfacet
  facet normal 0.8660254037844355 0 0.5000000000000057
    outer loop
      vertex -3.197409101749103 14.5 158.2864217492347
      vertex -2.831559480312316 17.5 157.65275161697636
      vertex -3.197409101749103 17.5 158.2864217492347
    endloop
  endfacet
  facet normal 0.7431448254774052 0 0.669130606358846
    outer loop
      vertex -2.831559480312316 14.5 157.65275161697636
      vertex -2.341957122256004 17.5 157.10899311082912
      vertex -2.831559480312316 17.5 157.65275161697636
    endloop
  endfacet
  facet normal 0.8660254037844355 0 -0.5000000000000057
    outer loop
      vertex -2.831559480312316 17.5 161.76724838302366
      vertex -2.831559480312316 14.5 161.76724838302366
      vertex -3.197409101749103 17.5 161.1335782507653
    endloop
  endfacet
  facet normal 0.5877852522924558 0 0.80901699437496
    outer loop
      vertex -2.341957122256004 14.5 157.10899311082912
      vertex -1.75 17.5 156.67891108675448
      vertex -2.341957122256004 17.5 157.10899311082912
    endloop
  endfacet
  facet normal 0.40673664307579493 0 0.9135454576426032
    outer loop
      vertex -1.75 17.5 156.67891108675448
      vertex -1.75 14.5 156.67891108675448
      vertex -1.0815594803123159 17.5 156.38130219296698
    endloop
  endfacet
  facet normal 0.2079116908177697 0 0.9781476007338032
    outer loop
      vertex -1.0815594803123159 14.5 156.38130219296698
      vertex -0.3658496214367871 17.5 156.22917336621106
      vertex -1.0815594803123159 17.5 156.38130219296698
    endloop
  endfacet
  facet normal 0 0 1
    outer loop
      vertex -0.3658496214367871 14.5 156.22917336621106
      vertex 0.3658496214367871 17.5 156.22917336621106
      vertex -0.3658496214367871 17.5 156.22917336621106
    endloop
  endfacet
  facet normal 0.7431448254774052 5.320489868771593e-18 -0.669130606358846
    outer loop
      vertex -2.341957122256004 14.5 162.3110068891709
      vertex -2.831559480312316 14.5 161.76724838302366
      vertex -2.831559480312316 17.5 161.76724838302366
    endloop
  endfacet
  facet normal 0.5877852522924558 0 -0.80901699437496
    outer loop
      vertex -2.341957122256004 17.5 162.3110068891709
      vertex -1.75 14.5 162.74108891324553
      vertex -2.341957122256004 14.5 162.3110068891709
    endloop
  endfacet
  facet normal 0.40673664307579493 0 -0.9135454576426032
    outer loop
      vertex -1.75 14.5 162.74108891324553
      vertex -1.75 17.5 162.74108891324553
      vertex -1.0815594803123159 14.5 163.03869780703303
    endloop
  endfacet
  facet normal 0.2079116908177697 0 -0.9781476007338032
    outer loop
      vertex -1.0815594803123159 17.5 163.03869780703303
      vertex -0.3658496214367871 14.5 163.19082663378896
      vertex -1.0815594803123159 14.5 163.03869780703303
    endloop
  endfacet
  facet normal 0 0 -1
    outer loop
      vertex 0.3658496214367871 14.5 163.19082663378896
      vertex -0.3658496214367871 14.5 163.19082663378896
      vertex -0.3658496214367871 17.5 163.19082663378896
    endloop
  endfacet
  facet normal 0.7431448254774052 5.320489868771593e-18 -0.669130606358846
    outer loop
      vertex -2.831559480312316 17.5 161.76724838302366
      vertex -2.341957122256004 17.5 162.3110068891709
      vertex -2.341957122256004 14.5 162.3110068891709
    endloop
  endfacet
  facet normal 0.5877852522924558 -1.0052165053417896e-17 -0.80901699437496
    outer loop
      vertex -2.341957122256004 17.5 162.3110068891709
      vertex -1.75 17.5 162.74108891324553
      vertex -1.75 14.5 162.74108891324553
    endloop
  endfacet
  facet normal 0.40673664307579493 -2.0197679546847035e-18 -0.9135454576426032
    outer loop
      vertex -1.75 17.5 162.74108891324553
      vertex -1.0815594803123159 17.5 163.03869780703303
      vertex -1.0815594803123159 14.5 163.03869780703303
    endloop
  endfacet
  facet normal 0.2079116908177697 0 -0.9781476007338032
    outer loop
      vertex -0.3658496214367871 14.5 163.19082663378896
      vertex -1.0815594803123159 17.5 163.03869780703303
      vertex -0.3658496214367871 17.5 163.19082663378896
    endloop
  endfacet
  facet normal 0 0 1
    outer loop
      vertex -0.3658496214367871 9.447958005998597 156.22917336621106
      vertex 0.3658496214367871 9.447958005998597 156.22917336621106
      vertex 0.3658496214367871 12.990381056766578 156.22917336621106
    endloop
  endfacet
  facet normal -0.20791169081775154 -3.831551093674399e-15 0.9781476007338072
    outer loop
      vertex 0.3658496214367871 9.447958005998597 156.22917336621106
      vertex 0.993020401042708 9.447958005998597 156.362482630704
      vertex 1.0815594803123159 12.990381056766578 156.38130219296698
    endloop
  endfacet
  facet normal -0.2079116908178982 -9.009045010612542e-21 0.978147600733776
    outer loop
      vertex 0.993020401042708 9.447958005998597 156.362482630704
      vertex 1.0815594803123159 9.429138443735619 156.38130219296698
      vertex 1.0815594803123159 12.990381056766578 156.38130219296698
    endloop
  endfacet
  facet normal -0.40673664307579493 -1.6361797704950906e-18 0.9135454576426033
    outer loop
      vertex 1.0815594803123159 9.429138443735619 156.38130219296698
      vertex 1.75 9.287057025189883 156.67891108675448
      vertex 1.75 12.990381056766578 156.67891108675448
    endloop
  endfacet
  facet normal -0.5877852522924558 -7.875509641622649e-18 0.80901699437496
    outer loop
      vertex 1.75 9.287057025189883 156.67891108675448
      vertex 2.341957122256004 9.161232654627065 157.10899311082912
      vertex 2.341957122256004 12.990381056766578 157.10899311082912
    endloop
  endfacet
  facet normal -0.5877852522924558 0 0.80901699437496
    outer loop
      vertex 1.75 9.287057025189883 156.67891108675448
      vertex 2.341957122256004 12.990381056766578 157.10899311082912
      vertex 1.75 12.990381056766578 156.67891108675448
    endloop
  endfacet
  facet normal -0.8660254037844309 -5.521180070555304e-19 0.5000000000000135
    outer loop
      vertex 2.9356614465620003 9.035036904803958 157.83306151168864
      vertex 3.197409101749103 8.918499340402413 158.2864217492347
      vertex 3.197409101749103 12.990381056766578 158.2864217492347
    endloop
  endfacet
  facet normal -0.8660254037844309 5.521180070555304e-19 -0.5000000000000135
    outer loop
      vertex 2.9356614465620003 9.035036904803958 161.58693848831138
      vertex 3.197409101749103 12.990381056766578 161.1335782507653
      vertex 3.197409101749103 8.918499340402413 161.1335782507653
    endloop
  endfacet
  facet normal -0.9510565162951532 5.268896830592486e-19 0.30901699437494906
    outer loop
      vertex 3.197409101749103 8.918499340402413 158.2864217492347
      vertex 3.42351660256832 8.817829795074273 158.98230908213785
      vertex 3.42351660256832 12.990381056766578 158.98230908213785
    endloop
  endfacet
  facet normal -0.9510565162951532 -5.268896830592486e-19 -0.30901699437494906
    outer loop
      vertex 3.197409101749103 8.918499340402413 161.1335782507653
      vertex 3.42351660256832 12.990381056766578 160.43769091786217
      vertex 3.42351660256832 8.817829795074273 160.43769091786217
    endloop
  endfacet
  facet normal -0.9945218953682734 4.1734401081415026e-19 0.1045284632676526
    outer loop
      vertex 3.42351660256832 8.817829795074273 158.98230908213785
      vertex 3.5 8.783777192587836 159.71
      vertex 3.5 12.990381056766578 159.71
    endloop
  endfacet
  facet normal -0.9945218953682734 -4.2074999645914997e-19 -0.10452846326765258
    outer loop
      vertex 3.5 8.783777192587836 159.71
      vertex 3.42351660256832 8.817829795074273 160.43769091786217
      vertex 3.42351660256832 12.990381056766578 160.43769091786217
    endloop
  endfacet
  facet normal -0.7431448254774052 4.058121188326108e-18 0.6691306063588461
    outer loop
      vertex 2.341957122256004 9.161232654627065 157.10899311082912
      vertex 2.831559480312316 9.05716446081308 157.65275161697636
      vertex 2.831559480312316 12.990381056766578 157.65275161697636
    endloop
  endfacet
  facet normal -0.8660254037844467 4.198496497196226e-15 0.49999999999998607
    outer loop
      vertex 2.831559480312316 9.05716446081308 157.65275161697636
      vertex 2.9356614465620003 9.035036904803958 157.83306151168864
      vertex 3.197409101749103 12.990381056766578 158.2864217492347
    endloop
  endfacet
  facet normal -0.8660254037844469 1.8816030950832093e-18 -0.4999999999999856
    outer loop
      vertex 2.9356614465620003 9.035036904803958 161.58693848831138
      vertex 2.831559480312316 9.05716446081308 161.76724838302366
      vertex 2.831559480312316 12.990381056766578 161.76724838302366
    endloop
  endfacet
  facet normal -0.7431448254774052 0 0.669130606358846
    outer loop
      vertex 2.341957122256004 9.161232654627065 157.10899311082912
      vertex 2.831559480312316 12.990381056766578 157.65275161697636
      vertex 2.341957122256004 12.990381056766578 157.10899311082912
    endloop
  endfacet
  facet normal -0.8660254037844354 0 0.5000000000000056
    outer loop
      vertex 2.831559480312316 9.05716446081308 157.65275161697636
      vertex 3.197409101749103 12.990381056766578 158.2864217492347
      vertex 2.831559480312316 12.990381056766578 157.65275161697636
    endloop
  endfacet
  facet normal -0.8660254037844355 1.2144103398953533e-15 -0.5000000000000056
    outer loop
      vertex 2.9356614465620003 9.035036904803958 161.58693848831138
      vertex 2.831559480312316 12.990381056766578 161.76724838302366
      vertex 3.197409101749103 12.990381056766578 161.1335782507653
    endloop
  endfacet
  facet normal -0.9510565162951531 0 0.309016994374949
    outer loop
      vertex 3.197409101749103 8.918499340402413 158.2864217492347
      vertex 3.42351660256832 12.990381056766578 158.98230908213785
      vertex 3.197409101749103 12.990381056766578 158.2864217492347
    endloop
  endfacet
  facet normal -0.9510565162951531 0 -0.309016994374949
    outer loop
      vertex 3.197409101749103 8.918499340402413 161.1335782507653
      vertex 3.197409101749103 12.990381056766578 161.1335782507653
      vertex 3.42351660256832 12.990381056766578 160.43769091786217
    endloop
  endfacet
  facet normal -0.9945218953682734 0 0.10452846326765258
    outer loop
      vertex 3.42351660256832 8.817829795074273 158.98230908213785
      vertex 3.5 12.990381056766578 159.71
      vertex 3.42351660256832 12.990381056766578 158.98230908213785
    endloop
  endfacet
  facet normal -0.9945218953682734 0 -0.1045284632676526
    outer loop
      vertex 3.5 8.783777192587836 159.71
      vertex 3.42351660256832 12.990381056766578 160.43769091786217
      vertex 3.5 12.990381056766578 159.71
    endloop
  endfacet
  facet normal -0.20791169081776972 0 0.9781476007338035
    outer loop
      vertex 0.3658496214367871 9.447958005998597 156.22917336621106
      vertex 1.0815594803123159 12.990381056766578 156.38130219296698
      vertex 0.3658496214367871 12.990381056766578 156.22917336621106
    endloop
  endfacet
  facet normal -0.4067366430757949 0 0.9135454576426033
    outer loop
      vertex 1.0815594803123159 9.429138443735619 156.38130219296698
      vertex 1.75 12.990381056766578 156.67891108675448
      vertex 1.0815594803123159 12.990381056766578 156.38130219296698
    endloop
  endfacet
  facet normal -0.20791169081775154 0 -0.9781476007338072
    outer loop
      vertex 0.3658496214367871 9.447958005998597 163.19082663378896
      vertex 0.3658496214367871 12.990381056766578 163.19082663378896
      vertex 0.993020401042708 9.447958005998597 163.05751736929602
    endloop
  endfacet
  facet normal -0.20791169081789818 9.009045010612542e-21 -0.978147600733776
    outer loop
      vertex 0.993020401042708 9.447958005998597 163.05751736929602
      vertex 1.0815594803123159 12.990381056766578 163.03869780703303
      vertex 1.0815594803123159 9.429138443735619 163.03869780703303
    endloop
  endfacet
  facet normal -0.4067366430757949 0 -0.9135454576426033
    outer loop
      vertex 1.0815594803123159 9.429138443735619 163.03869780703303
      vertex 1.0815594803123159 12.990381056766578 163.03869780703303
      vertex 1.75 9.287057025189883 162.74108891324553
    endloop
  endfacet
  facet normal -0.5877852522924558 0 -0.80901699437496
    outer loop
      vertex 1.75 9.287057025189883 162.74108891324553
      vertex 1.75 12.990381056766578 162.74108891324553
      vertex 2.341957122256004 9.161232654627065 162.3110068891709
    endloop
  endfacet
  facet normal -0.40673664307579493 0 -0.9135454576426033
    outer loop
      vertex 1.75 9.287057025189883 162.74108891324553
      vertex 1.0815594803123159 12.990381056766578 163.03869780703303
      vertex 1.75 12.990381056766578 162.74108891324553
    endloop
  endfacet
  facet normal -0.5877852522924558 0 -0.80901699437496
    outer loop
      vertex 2.341957122256004 9.161232654627065 162.3110068891709
      vertex 1.75 12.990381056766578 162.74108891324553
      vertex 2.341957122256004 12.990381056766578 162.3110068891709
    endloop
  endfacet
  facet normal -0.7431448254774052 -4.058121188326108e-18 -0.6691306063588459
    outer loop
      vertex 2.341957122256004 9.161232654627065 162.3110068891709
      vertex 2.831559480312316 12.990381056766578 161.76724838302366
      vertex 2.831559480312316 9.05716446081308 161.76724838302366
    endloop
  endfacet
  facet normal -0.7431448254774052 0 -0.669130606358846
    outer loop
      vertex 2.341957122256004 9.161232654627065 162.3110068891709
      vertex 2.341957122256004 12.990381056766578 162.3110068891709
      vertex 2.831559480312316 12.990381056766578 161.76724838302366
    endloop
  endfacet
  facet normal 0 0 -1
    outer loop
      vertex 0.3658496214367871 9.447958005998597 163.19082663378896
      vertex -0.3658496214367871 12.990381056766578 163.19082663378896
      vertex 0.3658496214367871 12.990381056766578 163.19082663378896
    endloop
  endfacet
  facet normal -0.20791169081776972 -3.3564090697999076e-15 -0.9781476007338035
    outer loop
      vertex 0.993020401042708 9.447958005998597 163.05751736929602
      vertex 0.3658496214367871 12.990381056766578 163.19082663378896
      vertex 1.0815594803123159 12.990381056766578 163.03869780703303
    endloop
  endfacet
  facet normal 0 0 1
    outer loop
      vertex -0.3658496214367871 14.5 156.22917336621106
      vertex 0.3658496214367871 14.5 156.22917336621106
      vertex 0.3658496214367871 17.5 156.22917336621106
    endloop
  endfacet
  facet normal -0.2079116908177697 0 0.9781476007338032
    outer loop
      vertex 1.0815594803123159 17.5 156.38130219296698
      vertex 0.3658496214367871 14.5 156.22917336621106
      vertex 1.0815594803123159 14.5 156.38130219296698
    endloop
  endfacet
  facet normal -0.40673664307579493 -2.0197679546847035e-18 0.9135454576426032
    outer loop
      vertex 1.0815594803123159 14.5 156.38130219296698
      vertex 1.75 14.5 156.67891108675448
      vertex 1.75 17.5 156.67891108675448
    endloop
  endfacet
  facet normal -0.5877852522924558 -1.0052165053417896e-17 0.80901699437496
    outer loop
      vertex 1.75 14.5 156.67891108675448
      vertex 2.341957122256004 14.5 157.10899311082912
      vertex 2.341957122256004 17.5 157.10899311082912
    endloop
  endfacet
  facet normal -0.7431448254774052 5.320489868771593e-18 0.669130606358846
    outer loop
      vertex 2.341957122256004 14.5 157.10899311082912
      vertex 2.831559480312316 14.5 157.65275161697636
      vertex 2.831559480312316 17.5 157.65275161697636
    endloop
  endfacet
  facet normal -0.8660254037844355 1.8448407677342354e-18 0.5000000000000057
    outer loop
      vertex 2.831559480312316 14.5 157.65275161697636
      vertex 3.197409101749103 14.5 158.2864217492347
      vertex 3.197409101749103 17.5 158.2864217492347
    endloop
  endfacet
  facet normal -0.8660254037844355 0 -0.5000000000000057
    outer loop
      vertex 2.831559480312316 14.5 161.76724838302366
      vertex 2.831559480312316 17.5 161.76724838302366
      vertex 3.197409101749103 14.5 161.1335782507653
    endloop
  endfacet
  facet normal -0.951056516295153 7.328247372738421e-19 0.30901699437494895
    outer loop
      vertex 3.197409101749103 14.5 158.2864217492347
      vertex 3.42351660256832 14.5 158.98230908213785
      vertex 3.42351660256832 17.5 158.98230908213785
    endloop
  endfacet
  facet normal -0.951056516295153 0 -0.30901699437494895
    outer loop
      vertex 3.197409101749103 14.5 161.1335782507653
      vertex 3.197409101749103 17.5 161.1335782507653
      vertex 3.42351660256832 14.5 160.43769091786217
    endloop
  endfacet
  facet normal -0.9945218953682733 5.85200309527553e-19 0.10452846326765257
    outer loop
      vertex 3.42351660256832 14.5 158.98230908213785
      vertex 3.5 14.5 159.71
      vertex 3.5 17.5 159.71
    endloop
  endfacet
  facet normal -0.9945218953682733 0 -0.10452846326765257
    outer loop
      vertex 3.42351660256832 14.5 160.43769091786217
      vertex 3.42351660256832 17.5 160.43769091786217
      vertex 3.5 14.5 159.71
    endloop
  endfacet
  facet normal -0.2079116908177697 0 0.9781476007338032
    outer loop
      vertex 0.3658496214367871 14.5 156.22917336621106
      vertex 1.0815594803123159 17.5 156.38130219296698
      vertex 0.3658496214367871 17.5 156.22917336621106
    endloop
  endfacet
  facet normal -0.40673664307579493 0 0.9135454576426032
    outer loop
      vertex 1.0815594803123159 14.5 156.38130219296698
      vertex 1.75 17.5 156.67891108675448
      vertex 1.0815594803123159 17.5 156.38130219296698
    endloop
  endfacet
  facet normal -0.5877852522924558 0 0.80901699437496
    outer loop
      vertex 1.75 14.5 156.67891108675448
      vertex 2.341957122256004 17.5 157.10899311082912
      vertex 1.75 17.5 156.67891108675448
    endloop
  endfacet
  facet normal -0.7431448254774052 0 0.669130606358846
    outer loop
      vertex 2.341957122256004 14.5 157.10899311082912
      vertex 2.831559480312316 17.5 157.65275161697636
      vertex 2.341957122256004 17.5 157.10899311082912
    endloop
  endfacet
  facet normal -0.8660254037844355 0 0.5000000000000057
    outer loop
      vertex 2.831559480312316 14.5 157.65275161697636
      vertex 3.197409101749103 17.5 158.2864217492347
      vertex 2.831559480312316 17.5 157.65275161697636
    endloop
  endfacet
  facet normal -0.8660254037844355 -1.8448407677342354e-18 -0.5000000000000057
    outer loop
      vertex 2.831559480312316 17.5 161.76724838302366
      vertex 3.197409101749103 17.5 161.1335782507653
      vertex 3.197409101749103 14.5 161.1335782507653
    endloop
  endfacet
  facet normal -0.951056516295153 0 0.30901699437494895
    outer loop
      vertex 3.197409101749103 14.5 158.2864217492347
      vertex 3.42351660256832 17.5 158.98230908213785
      vertex 3.197409101749103 17.5 158.2864217492347
    endloop
  endfacet
  facet normal -0.951056516295153 -7.328247372738421e-19 -0.30901699437494895
    outer loop
      vertex 3.197409101749103 17.5 161.1335782507653
      vertex 3.42351660256832 17.5 160.43769091786217
      vertex 3.42351660256832 14.5 160.43769091786217
    endloop
  endfacet
  facet normal -0.9945218953682733 0 0.10452846326765257
    outer loop
      vertex 3.42351660256832 14.5 158.98230908213785
      vertex 3.5 17.5 159.71
      vertex 3.42351660256832 17.5 158.98230908213785
    endloop
  endfacet
  facet normal -0.9945218953682733 -5.85200309527553e-19 -0.10452846326765257
    outer loop
      vertex 3.42351660256832 17.5 160.43769091786217
      vertex 3.5 17.5 159.71
      vertex 3.5 14.5 159.71
    endloop
  endfacet
  facet normal -0.2079116908177697 -1.1179574574716287e-18 -0.9781476007338032
    outer loop
      vertex 1.0815594803123159 14.5 163.03869780703303
      vertex 0.3658496214367871 14.5 163.19082663378896
      vertex 0.3658496214367871 17.5 163.19082663378896
    endloop
  endfacet
  facet normal -0.40673664307579493 0 -0.9135454576426032
    outer loop
      vertex 1.0815594803123159 14.5 163.03869780703303
      vertex 1.0815594803123159 17.5 163.03869780703303
      vertex 1.75 14.5 162.74108891324553
    endloop
  endfacet
  facet normal -0.5877852522924558 1.0052165053417896e-17 -0.80901699437496
    outer loop
      vertex 2.341957122256004 14.5 162.3110068891709
      vertex 1.75 14.5 162.74108891324553
      vertex 1.75 17.5 162.74108891324553
    endloop
  endfacet
  facet normal -0.7431448254774052 0 -0.669130606358846
    outer loop
      vertex 2.341957122256004 14.5 162.3110068891709
      vertex 2.341957122256004 17.5 162.3110068891709
      vertex 2.831559480312316 14.5 161.76724838302366
    endloop
  endfacet
  facet normal 0 0 -1
    outer loop
      vertex 0.3658496214367871 14.5 163.19082663378896
      vertex -0.3658496214367871 17.5 163.19082663378896
      vertex 0.3658496214367871 17.5 163.19082663378896
    endloop
  endfacet
  facet normal -0.2079116908177697 0 -0.9781476007338032
    outer loop
      vertex 1.0815594803123159 14.5 163.03869780703303
      vertex 0.3658496214367871 17.5 163.19082663378896
      vertex 1.0815594803123159 17.5 163.03869780703303
    endloop
  endfacet
  facet normal -0.40673664307579493 0 -0.9135454576426032
    outer loop
      vertex 1.75 14.5 162.74108891324553
      vertex 1.0815594803123159 17.5 163.03869780703303
      vertex 1.75 17.5 162.74108891324553
    endloop
  endfacet
  facet normal -0.5877852522924558 0 -0.80901699437496
    outer loop
      vertex 2.341957122256004 14.5 162.3110068891709
      vertex 1.75 17.5 162.74108891324553
      vertex 2.341957122256004 17.5 162.3110068891709
    endloop
  endfacet
  facet normal -0.7431448254774052 0 -0.669130606358846
    outer loop
      vertex 2.831559480312316 14.5 161.76724838302366
      vertex 2.341957122256004 17.5 162.3110068891709
      vertex 2.831559480312316 17.5 161.76724838302366
    endloop
  endfacet
  facet normal 0.9945218953682734 -4.2074999645914997e-19 0.10452846326765258
    outer loop
      vertex -3.5 8.783777192587836 174.32
      vertex -3.42351660256832 8.817829795074273 173.59230908213783
      vertex -3.42351660256832 12.990381056766578 173.59230908213783
    endloop
  endfacet
  facet normal 0.9945218953682734 0 -0.1045284632676526
    outer loop
      vertex -3.5 8.783777192587836 174.32
      vertex -3.5 12.990381056766578 174.32
      vertex -3.42351660256832 8.817829795074273 175.04769091786216
    endloop
  endfacet
  facet normal 0.9510565162951532 0 0.30901699437494906
    outer loop
      vertex -3.42351660256832 8.817829795074273 173.59230908213783
      vertex -3.197409101749103 8.918499340402413 172.8964217492347
      vertex -3.42351660256832 12.990381056766578 173.59230908213783
    endloop
  endfacet
  facet normal 0.9510565162951532 0 -0.30901699437494906
    outer loop
      vertex -3.42351660256832 8.817829795074273 175.04769091786216
      vertex -3.42351660256832 12.990381056766578 175.04769091786216
      vertex -3.197409101749103 8.918499340402413 175.7435782507653
    endloop
  endfacet
  facet normal 0.8660254037844309 0 0.5000000000000135
    outer loop
      vertex -3.197409101749103 8.918499340402413 172.8964217492347
      vertex -2.9356614465620003 9.035036904803958 172.44306151168863
      vertex -3.197409101749103 12.990381056766578 172.8964217492347
    endloop
  endfacet
  facet normal 0.8660254037844469 1.8816030950832093e-18 0.4999999999999856
    outer loop
      vertex -2.9356614465620003 9.035036904803958 172.44306151168863
      vertex -2.831559480312316 9.05716446081308 172.26275161697635
      vertex -2.831559480312316 12.990381056766578 172.26275161697635
    endloop
  endfacet
  facet normal 0.7431448254774052 0 0.669130606358846
    outer loop
      vertex -2.831559480312316 9.05716446081308 172.26275161697635
      vertex -2.341957122256004 9.161232654627065 171.7189931108291
      vertex -2.831559480312316 12.990381056766578 172.26275161697635
    endloop
  endfacet
  facet normal 0.8660254037844309 0 -0.5000000000000135
    outer loop
      vertex -3.197409101749103 8.918499340402413 175.7435782507653
      vertex -3.197409101749103 12.990381056766578 175.7435782507653
      vertex -2.9356614465620003 9.035036904803958 176.19693848831136
    endloop
  endfacet
  facet normal 0.8660254037844467 4.208856049057617e-15 -0.49999999999998607
    outer loop
      vertex -2.9356614465620003 9.035036904803958 176.19693848831136
      vertex -3.197409101749103 12.990381056766578 175.7435782507653
      vertex -2.831559480312316 9.05716446081308 176.37724838302364
    endloop
  endfacet
  facet normal 0.7431448254774052 0 -0.669130606358846
    outer loop
      vertex -2.831559480312316 9.05716446081308 176.37724838302364
      vertex -2.831559480312316 12.990381056766578 176.37724838302364
      vertex -2.341957122256004 9.161232654627065 176.92100688917088
    endloop
  endfacet
  facet normal 0.9945218953682734 0 0.1045284632676526
    outer loop
      vertex -3.5 8.783777192587836 174.32
      vertex -3.42351660256832 12.990381056766578 173.59230908213783
      vertex -3.5 12.990381056766578 174.32
    endloop
  endfacet
  facet normal 0.9945218953682734 0 -0.10452846326765258
    outer loop
      vertex -3.42351660256832 8.817829795074273 175.04769091786216
      vertex -3.5 12.990381056766578 174.32
      vertex -3.42351660256832 12.990381056766578 175.04769091786216
    endloop
  endfacet
  facet normal 0.9510565162951531 0 0.309016994374949
    outer loop
      vertex -3.197409101749103 8.918499340402413 172.8964217492347
      vertex -3.197409101749103 12.990381056766578 172.8964217492347
      vertex -3.42351660256832 12.990381056766578 173.59230908213783
    endloop
  endfacet
  facet normal 0.7431448254774052 0 0.669130606358846
    outer loop
      vertex -2.341957122256004 9.161232654627065 171.7189931108291
      vertex -2.341957122256004 12.990381056766578 171.7189931108291
      vertex -2.831559480312316 12.990381056766578 172.26275161697635
    endloop
  endfacet
  facet normal 0.8660254037844355 1.2144103398953533e-15 0.5000000000000056
    outer loop
      vertex -2.9356614465620003 9.035036904803958 172.44306151168863
      vertex -2.831559480312316 12.990381056766578 172.26275161697635
      vertex -3.197409101749103 12.990381056766578 172.8964217492347
    endloop
  endfacet
  facet normal 0.9510565162951531 0 -0.309016994374949
    outer loop
      vertex -3.197409101749103 8.918499340402413 175.7435782507653
      vertex -3.42351660256832 12.990381056766578 175.04769091786216
      vertex -3.197409101749103 12.990381056766578 175.7435782507653
    endloop
  endfacet
  facet normal 0.8660254037844354 0 -0.5000000000000056
    outer loop
      vertex -2.831559480312316 9.05716446081308 176.37724838302364
      vertex -3.197409101749103 12.990381056766578 175.7435782507653
      vertex -2.831559480312316 12.990381056766578 176.37724838302364
    endloop
  endfacet
  facet normal 0.7431448254774052 0 -0.669130606358846
    outer loop
      vertex -2.341957122256004 9.161232654627065 176.92100688917088
      vertex -2.831559480312316 12.990381056766578 176.37724838302364
      vertex -2.341957122256004 12.990381056766578 176.92100688917088
    endloop
  endfacet
  facet normal 0.5877852522924557 8.143088453271134e-18 0.80901699437496
    outer loop
      vertex -2.341957122256004 9.161232654627065 171.7189931108291
      vertex -1.75 9.287057025189883 171.28891108675447
      vertex -1.75 12.990381056766578 171.28891108675447
    endloop
  endfacet
  facet normal 0.4067366430757949 1.7014577557514571e-18 0.9135454576426033
    outer loop
      vertex -1.75 9.287057025189883 171.28891108675447
      vertex -1.0815594803123159 9.429138443735619 170.99130219296697
      vertex -1.0815594803123159 12.990381056766578 170.99130219296697
    endloop
  endfacet
  facet normal 0.20791169081789818 0 0.978147600733776
    outer loop
      vertex -1.0815594803123159 9.429138443735619 170.99130219296697
      vertex -0.993020401042708 9.447958005998597 170.97248263070398
      vertex -1.0815594803123159 12.990381056766578 170.99130219296697
    endloop
  endfacet
  facet normal 0.20791169081775154 5.466234672231661e-19 0.9781476007338072
    outer loop
      vertex -0.993020401042708 9.447958005998597 170.97248263070398
      vertex -0.3658496214367871 9.447958005998597 170.83917336621104
      vertex -0.3658496214367871 12.990381056766578 170.83917336621104
    endloop
  endfacet
  facet normal 0.5877852522924558 0 -0.80901699437496
    outer loop
      vertex -2.341957122256004 9.161232654627065 176.92100688917088
      vertex -2.341957122256004 12.990381056766578 176.92100688917088
      vertex -1.75 9.287057025189883 177.35108891324552
    endloop
  endfacet
  facet normal 0.40673664307579493 0 -0.9135454576426033
    outer loop
      vertex -1.75 9.287057025189883 177.35108891324552
      vertex -1.75 12.990381056766578 177.35108891324552
      vertex -1.0815594803123159 9.429138443735619 177.64869780703302
    endloop
  endfacet
  facet normal 0.20791169081789818 0 -0.978147600733776
    outer loop
      vertex -1.0815594803123159 9.429138443735619 177.64869780703302
      vertex -1.0815594803123159 12.990381056766578 177.64869780703302
      vertex -0.993020401042708 9.447958005998597 177.667517369296
    endloop
  endfacet
  facet normal 0.20791169081775154 -3.830532505001405e-15 -0.9781476007338072
    outer loop
      vertex -0.993020401042708 9.447958005998597 177.667517369296
      vertex -1.0815594803123159 12.990381056766578 177.64869780703302
      vertex -0.3658496214367871 9.447958005998597 177.80082663378894
    endloop
  endfacet
  facet normal 0 0 -1
    outer loop
      vertex -0.3658496214367871 9.447958005998597 177.80082663378894
      vertex -0.3658496214367871 12.990381056766578 177.80082663378894
      vertex 0.3658496214367871 9.447958005998597 177.80082663378894
    endloop
  endfacet
  facet normal 0.5877852522924558 0 0.80901699437496
    outer loop
      vertex -2.341957122256004 9.161232654627065 171.7189931108291
      vertex -1.75 12.990381056766578 171.28891108675447
      vertex -2.341957122256004 12.990381056766578 171.7189931108291
    endloop
  endfacet
  facet normal 0.40673664307579493 0 0.9135454576426033
    outer loop
      vertex -1.75 9.287057025189883 171.28891108675447
      vertex -1.0815594803123159 12.990381056766578 170.99130219296697
      vertex -1.75 12.990381056766578 171.28891108675447
    endloop
  endfacet
  facet normal 0.5877852522924558 0 -0.80901699437496
    outer loop
      vertex -1.75 9.287057025189883 177.35108891324552
      vertex -2.341957122256004 12.990381056766578 176.92100688917088
      vertex -1.75 12.990381056766578 177.35108891324552
    endloop
  endfacet
  facet normal 0.20791169081776972 -3.3564090697999076e-15 0.9781476007338035
    outer loop
      vertex -0.993020401042708 9.447958005998597 170.97248263070398
      vertex -0.3658496214367871 12.990381056766578 170.83917336621104
      vertex -1.0815594803123159 12.990381056766578 170.99130219296697
    endloop
  endfacet
  facet normal 0 0 1
    outer loop
      vertex -0.3658496214367871 9.447958005998597 170.83917336621104
      vertex 0.3658496214367871 12.990381056766578 170.83917336621104
      vertex -0.3658496214367871 12.990381056766578 170.83917336621104
    endloop
  endfacet
  facet normal 0.4067366430757949 0 -0.9135454576426033
    outer loop
      vertex -1.0815594803123159 9.429138443735619 177.64869780703302
      vertex -1.75 12.990381056766578 177.35108891324552
      vertex -1.0815594803123159 12.990381056766578 177.64869780703302
    endloop
  endfacet
  facet normal 0.20791169081776972 0 -0.9781476007338035
    outer loop
      vertex -0.3658496214367871 9.447958005998597 177.80082663378894
      vertex -1.0815594803123159 12.990381056766578 177.64869780703302
      vertex -0.3658496214367871 12.990381056766578 177.80082663378894
    endloop
  endfacet
  facet normal 0.9945218953682733 -5.85200309527553e-19 0.10452846326765257
    outer loop
      vertex -3.5 14.5 174.32
      vertex -3.42351660256832 14.5 173.59230908213783
      vertex -3.42351660256832 17.5 173.59230908213783
    endloop
  endfacet
  facet normal 0.9945218953682733 0 -0.10452846326765257
    outer loop
      vertex -3.5 17.5 174.32
      vertex -3.42351660256832 14.5 175.04769091786216
      vertex -3.5 14.5 174.32
    endloop
  endfacet
  facet normal 0.951056516295153 0 0.30901699437494895
    outer loop
      vertex -3.197409101749103 14.5 172.8964217492347
      vertex -3.197409101749103 17.5 172.8964217492347
      vertex -3.42351660256832 14.5 173.59230908213783
    endloop
  endfacet
  facet normal 0.951056516295153 0 -0.30901699437494895
    outer loop
      vertex -3.42351660256832 17.5 175.04769091786216
      vertex -3.197409101749103 14.5 175.7435782507653
      vertex -3.42351660256832 14.5 175.04769091786216
    endloop
  endfacet
  facet normal 0.7431448254774052 0 0.669130606358846
    outer loop
      vertex -2.341957122256004 14.5 171.7189931108291
      vertex -2.341957122256004 17.5 171.7189931108291
      vertex -2.831559480312316 14.5 172.26275161697635
    endloop
  endfacet
  facet normal 0.8660254037844355 0 0.5000000000000057
    outer loop
      vertex -2.831559480312316 14.5 172.26275161697635
      vertex -2.831559480312316 17.5 172.26275161697635
      vertex -3.197409101749103 14.5 172.8964217492347
    endloop
  endfacet
  facet normal 0.8660254037844355 0 -0.5000000000000057
    outer loop
      vertex -3.197409101749103 17.5 175.7435782507653
      vertex -2.831559480312316 14.5 176.37724838302364
      vertex -3.197409101749103 14.5 175.7435782507653
    endloop
  endfacet
  facet normal 0.7431448254774052 5.320489868771593e-18 -0.669130606358846
    outer loop
      vertex -2.341957122256004 14.5 176.92100688917088
      vertex -2.831559480312316 14.5 176.37724838302364
      vertex -2.831559480312316 17.5 176.37724838302364
    endloop
  endfacet
  facet normal 0.5877852522924558 1.0052165053417896e-17 0.80901699437496
    outer loop
      vertex -2.341957122256004 14.5 171.7189931108291
      vertex -1.75 14.5 171.28891108675447
      vertex -1.75 17.5 171.28891108675447
    endloop
  endfacet
  facet normal 0.40673664307579493 2.0197679546847035e-18 0.9135454576426032
    outer loop
      vertex -1.75 14.5 171.28891108675447
      vertex -1.0815594803123159 14.5 170.99130219296697
      vertex -1.0815594803123159 17.5 170.99130219296697
    endloop
  endfacet
  facet normal 0.2079116908177697 -1.1179574574716287e-18 0.9781476007338032
    outer loop
      vertex -1.0815594803123159 14.5 170.99130219296697
      vertex -0.3658496214367871 14.5 170.83917336621104
      vertex -0.3658496214367871 17.5 170.83917336621104
    endloop
  endfacet
  facet normal 0.5877852522924558 -1.0052165053417896e-17 -0.80901699437496
    outer loop
      vertex -1.75 14.5 177.35108891324552
      vertex -2.341957122256004 14.5 176.92100688917088
      vertex -2.341957122256004 17.5 176.92100688917088
    endloop
  endfacet
  facet normal 0.40673664307579493 0 -0.9135454576426032
    outer loop
      vertex -1.75 14.5 177.35108891324552
      vertex -1.75 17.5 177.35108891324552
      vertex -1.0815594803123159 14.5 177.64869780703302
    endloop
  endfacet
  facet normal 0.2079116908177697 0 -0.9781476007338032
    outer loop
      vertex -1.0815594803123159 17.5 177.64869780703302
      vertex -0.3658496214367871 14.5 177.80082663378894
      vertex -1.0815594803123159 14.5 177.64869780703302
    endloop
  endfacet
  facet normal 0 0 -1
    outer loop
      vertex 0.3658496214367871 14.5 177.80082663378894
      vertex -0.3658496214367871 14.5 177.80082663378894
      vertex -0.3658496214367871 17.5 177.80082663378894
    endloop
  endfacet
  facet normal 0.9945218953682733 0 0.10452846326765257
    outer loop
      vertex -3.5 14.5 174.32
      vertex -3.42351660256832 17.5 173.59230908213783
      vertex -3.5 17.5 174.32
    endloop
  endfacet
  facet normal 0.9945218953682733 5.85200309527553e-19 -0.10452846326765257
    outer loop
      vertex -3.5 17.5 174.32
      vertex -3.42351660256832 17.5 175.04769091786216
      vertex -3.42351660256832 14.5 175.04769091786216
    endloop
  endfacet
  facet normal 0.951056516295153 -7.328247372738421e-19 0.30901699437494895
    outer loop
      vertex -3.197409101749103 17.5 172.8964217492347
      vertex -3.42351660256832 17.5 173.59230908213783
      vertex -3.42351660256832 14.5 173.59230908213783
    endloop
  endfacet
  facet normal 0.8660254037844355 0 0.5000000000000057
    outer loop
      vertex -3.197409101749103 14.5 172.8964217492347
      vertex -2.831559480312316 17.5 172.26275161697635
      vertex -3.197409101749103 17.5 172.8964217492347
    endloop
  endfacet
  facet normal 0.7431448254774052 0 0.669130606358846
    outer loop
      vertex -2.831559480312316 14.5 172.26275161697635
      vertex -2.341957122256004 17.5 171.7189931108291
      vertex -2.831559480312316 17.5 172.26275161697635
    endloop
  endfacet
  facet normal 0.951056516295153 7.328247372738421e-19 -0.30901699437494895
    outer loop
      vertex -3.42351660256832 17.5 175.04769091786216
      vertex -3.197409101749103 17.5 175.7435782507653
      vertex -3.197409101749103 14.5 175.7435782507653
    endloop
  endfacet
  facet normal 0.8660254037844355 0 -0.5000000000000057
    outer loop
      vertex -2.831559480312316 17.5 176.37724838302364
      vertex -2.831559480312316 14.5 176.37724838302364
      vertex -3.197409101749103 17.5 175.7435782507653
    endloop
  endfacet
  facet normal 0.7431448254774052 0 -0.669130606358846
    outer loop
      vertex -2.341957122256004 14.5 176.92100688917088
      vertex -2.831559480312316 17.5 176.37724838302364
      vertex -2.341957122256004 17.5 176.92100688917088
    endloop
  endfacet
  facet normal 0.5877852522924558 0 0.80901699437496
    outer loop
      vertex -2.341957122256004 14.5 171.7189931108291
      vertex -1.75 17.5 171.28891108675447
      vertex -2.341957122256004 17.5 171.7189931108291
    endloop
  endfacet
  facet normal 0.40673664307579493 0 0.9135454576426032
    outer loop
      vertex -1.75 17.5 171.28891108675447
      vertex -1.75 14.5 171.28891108675447
      vertex -1.0815594803123159 17.5 170.99130219296697
    endloop
  endfacet
  facet normal 0.2079116908177697 0 0.9781476007338032
    outer loop
      vertex -1.0815594803123159 14.5 170.99130219296697
      vertex -0.3658496214367871 17.5 170.83917336621104
      vertex -1.0815594803123159 17.5 170.99130219296697
    endloop
  endfacet
  facet normal 0 0 1
    outer loop
      vertex -0.3658496214367871 14.5 170.83917336621104
      vertex 0.3658496214367871 17.5 170.83917336621104
      vertex -0.3658496214367871 17.5 170.83917336621104
    endloop
  endfacet
  facet normal 0.5877852522924558 0 -0.80901699437496
    outer loop
      vertex -1.75 14.5 177.35108891324552
      vertex -2.341957122256004 17.5 176.92100688917088
      vertex -1.75 17.5 177.35108891324552
    endloop
  endfacet
  facet normal 0.40673664307579493 0 -0.9135454576426032
    outer loop
      vertex -1.0815594803123159 14.5 177.64869780703302
      vertex -1.75 17.5 177.35108891324552
      vertex -1.0815594803123159 17.5 177.64869780703302
    endloop
  endfacet
  facet normal 0.2079116908177697 0 -0.9781476007338032
    outer loop
      vertex -0.3658496214367871 14.5 177.80082663378894
      vertex -1.0815594803123159 17.5 177.64869780703302
      vertex -0.3658496214367871 17.5 177.80082663378894
    endloop
  endfacet
  facet normal 0 0 1
    outer loop
      vertex -0.3658496214367871 9.447958005998597 170.83917336621104
      vertex 0.3658496214367871 9.447958005998597 170.83917336621104
      vertex 0.3658496214367871 12.990381056766578 170.83917336621104
    endloop
  endfacet
  facet normal -0.20791169081775154 -3.831551093674399e-15 0.9781476007338072
    outer loop
      vertex 0.3658496214367871 9.447958005998597 170.83917336621104
      vertex 0.993020401042708 9.447958005998597 170.97248263070398
      vertex 1.0815594803123159 12.990381056766578 170.99130219296697
    endloop
  endfacet
  facet normal -0.2079116908178982 -9.009045010612542e-21 0.978147600733776
    outer loop
      vertex 0.993020401042708 9.447958005998597 170.97248263070398
      vertex 1.0815594803123159 9.429138443735619 170.99130219296697
      vertex 1.0815594803123159 12.990381056766578 170.99130219296697
    endloop
  endfacet
  facet normal -0.40673664307579493 -1.6361797704950906e-18 0.9135454576426033
    outer loop
      vertex 1.0815594803123159 9.429138443735619 170.99130219296697
      vertex 1.75 9.287057025189883 171.28891108675447
      vertex 1.75 12.990381056766578 171.28891108675447
    endloop
  endfacet
  facet normal -0.5877852522924558 -7.875509641622649e-18 0.80901699437496
    outer loop
      vertex 1.75 9.287057025189883 171.28891108675447
      vertex 2.341957122256004 9.161232654627065 171.7189931108291
      vertex 2.341957122256004 12.990381056766578 171.7189931108291
    endloop
  endfacet
  facet normal -0.20791169081775154 0 -0.9781476007338072
    outer loop
      vertex 0.3658496214367871 9.447958005998597 177.80082663378894
      vertex 0.3658496214367871 12.990381056766578 177.80082663378894
      vertex 0.993020401042708 9.447958005998597 177.667517369296
    endloop
  endfacet
  facet normal -0.20791169081789818 9.009045010612542e-21 -0.978147600733776
    outer loop
      vertex 0.993020401042708 9.447958005998597 177.667517369296
      vertex 1.0815594803123159 12.990381056766578 177.64869780703302
      vertex 1.0815594803123159 9.429138443735619 177.64869780703302
    endloop
  endfacet
  facet normal -0.4067366430757949 0 -0.9135454576426033
    outer loop
      vertex 1.0815594803123159 9.429138443735619 177.64869780703302
      vertex 1.0815594803123159 12.990381056766578 177.64869780703302
      vertex 1.75 9.287057025189883 177.35108891324552
    endloop
  endfacet
  facet normal -0.5877852522924558 0 -0.80901699437496
    outer loop
      vertex 1.75 9.287057025189883 177.35108891324552
      vertex 1.75 12.990381056766578 177.35108891324552
      vertex 2.341957122256004 9.161232654627065 176.92100688917088
    endloop
  endfacet
  facet normal -0.5877852522924558 0 0.80901699437496
    outer loop
      vertex 1.75 9.287057025189883 171.28891108675447
      vertex 2.341957122256004 12.990381056766578 171.7189931108291
      vertex 1.75 12.990381056766578 171.28891108675447
    endloop
  endfacet
  facet normal -0.40673664307579493 0 -0.9135454576426033
    outer loop
      vertex 1.75 9.287057025189883 177.35108891324552
      vertex 1.0815594803123159 12.990381056766578 177.64869780703302
      vertex 1.75 12.990381056766578 177.35108891324552
    endloop
  endfacet
  facet normal -0.5877852522924558 0 -0.80901699437496
    outer loop
      vertex 2.341957122256004 9.161232654627065 176.92100688917088
      vertex 1.75 12.990381056766578 177.35108891324552
      vertex 2.341957122256004 12.990381056766578 176.92100688917088
    endloop
  endfacet
  facet normal -0.8660254037844309 -5.521180070555304e-19 0.5000000000000135
    outer loop
      vertex 2.9356614465620003 9.035036904803958 172.44306151168863
      vertex 3.197409101749103 8.918499340402413 172.8964217492347
      vertex 3.197409101749103 12.990381056766578 172.8964217492347
    endloop
  endfacet
  facet normal -0.9510565162951532 5.268896830592486e-19 0.30901699437494906
    outer loop
      vertex 3.197409101749103 8.918499340402413 172.8964217492347
      vertex 3.42351660256832 8.817829795074273 173.59230908213783
      vertex 3.42351660256832 12.990381056766578 173.59230908213783
    endloop
  endfacet
  facet normal -0.9510565162951532 0 -0.30901699437494906
    outer loop
      vertex 3.42351660256832 8.817829795074273 175.04769091786216
      vertex 3.197409101749103 8.918499340402413 175.7435782507653
      vertex 3.42351660256832 12.990381056766578 175.04769091786216
    endloop
  endfacet
  facet normal -0.9945218953682734 4.1734401081415026e-19 0.1045284632676526
    outer loop
      vertex 3.42351660256832 8.817829795074273 173.59230908213783
      vertex 3.5 8.783777192587836 174.32
      vertex 3.5 12.990381056766578 174.32
    endloop
  endfacet
  facet normal -0.9945218953682734 0 -0.10452846326765258
    outer loop
      vertex 3.42351660256832 8.817829795074273 175.04769091786216
      vertex 3.42351660256832 12.990381056766578 175.04769091786216
      vertex 3.5 8.783777192587836 174.32
    endloop
  endfacet
  facet normal -0.7431448254774052 4.058121188326108e-18 0.6691306063588461
    outer loop
      vertex 2.341957122256004 9.161232654627065 171.7189931108291
      vertex 2.831559480312316 9.05716446081308 172.26275161697635
      vertex 2.831559480312316 12.990381056766578 172.26275161697635
    endloop
  endfacet
  facet normal -0.8660254037844467 4.198496497196226e-15 0.49999999999998607
    outer loop
      vertex 2.831559480312316 9.05716446081308 172.26275161697635
      vertex 2.9356614465620003 9.035036904803958 172.44306151168863
      vertex 3.197409101749103 12.990381056766578 172.8964217492347
    endloop
  endfacet
  facet normal -0.8660254037844309 5.521180070555304e-19 -0.5000000000000135
    outer loop
      vertex 2.9356614465620003 9.035036904803958 176.19693848831136
      vertex 3.197409101749103 12.990381056766578 175.7435782507653
      vertex 3.197409101749103 8.918499340402413 175.7435782507653
    endloop
  endfacet
  facet normal -0.7431448254774052 -4.058121188326108e-18 -0.6691306063588459
    outer loop
      vertex 2.341957122256004 9.161232654627065 176.92100688917088
      vertex 2.831559480312316 12.990381056766578 176.37724838302364
      vertex 2.831559480312316 9.05716446081308 176.37724838302364
    endloop
  endfacet
  facet normal -0.8660254037844469 0 -0.4999999999999856
    outer loop
      vertex 2.831559480312316 9.05716446081308 176.37724838302364
      vertex 2.831559480312316 12.990381056766578 176.37724838302364
      vertex 2.9356614465620003 9.035036904803958 176.19693848831136
    endloop
  endfacet
  facet normal -0.7431448254774052 0 0.669130606358846
    outer loop
      vertex 2.341957122256004 9.161232654627065 171.7189931108291
      vertex 2.831559480312316 12.990381056766578 172.26275161697635
      vertex 2.341957122256004 12.990381056766578 171.7189931108291
    endloop
  endfacet
  facet normal -0.8660254037844354 0 0.5000000000000056
    outer loop
      vertex 2.831559480312316 9.05716446081308 172.26275161697635
      vertex 3.197409101749103 12.990381056766578 172.8964217492347
      vertex 2.831559480312316 12.990381056766578 172.26275161697635
    endloop
  endfacet
  facet normal -0.9510565162951531 0 0.309016994374949
    outer loop
      vertex 3.197409101749103 8.918499340402413 172.8964217492347
      vertex 3.42351660256832 12.990381056766578 173.59230908213783
      vertex 3.197409101749103 12.990381056766578 172.8964217492347
    endloop
  endfacet
  facet normal -0.9945218953682734 0 0.10452846326765258
    outer loop
      vertex 3.42351660256832 8.817829795074273 173.59230908213783
      vertex 3.5 12.990381056766578 174.32
      vertex 3.42351660256832 12.990381056766578 173.59230908213783
    endloop
  endfacet
  facet normal -0.9945218953682734 0 -0.1045284632676526
    outer loop
      vertex 3.5 8.783777192587836 174.32
      vertex 3.42351660256832 12.990381056766578 175.04769091786216
      vertex 3.5 12.990381056766578 174.32
    endloop
  endfacet
  facet normal -0.7431448254774052 0 -0.669130606358846
    outer loop
      vertex 2.341957122256004 9.161232654627065 176.92100688917088
      vertex 2.341957122256004 12.990381056766578 176.92100688917088
      vertex 2.831559480312316 12.990381056766578 176.37724838302364
    endloop
  endfacet
  facet normal -0.8660254037844355 1.2144103398953533e-15 -0.5000000000000056
    outer loop
      vertex 2.9356614465620003 9.035036904803958 176.19693848831136
      vertex 2.831559480312316 12.990381056766578 176.37724838302364
      vertex 3.197409101749103 12.990381056766578 175.7435782507653
    endloop
  endfacet
  facet normal -0.9510565162951531 0 -0.309016994374949
    outer loop
      vertex 3.197409101749103 8.918499340402413 175.7435782507653
      vertex 3.197409101749103 12.990381056766578 175.7435782507653
      vertex 3.42351660256832 12.990381056766578 175.04769091786216
    endloop
  endfacet
  facet normal -0.20791169081776972 0 0.9781476007338035
    outer loop
      vertex 0.3658496214367871 9.447958005998597 170.83917336621104
      vertex 1.0815594803123159 12.990381056766578 170.99130219296697
      vertex 0.3658496214367871 12.990381056766578 170.83917336621104
    endloop
  endfacet
  facet normal -0.4067366430757949 0 0.9135454576426033
    outer loop
      vertex 1.0815594803123159 9.429138443735619 170.99130219296697
      vertex 1.75 12.990381056766578 171.28891108675447
      vertex 1.0815594803123159 12.990381056766578 170.99130219296697
    endloop
  endfacet
  facet normal 0 0 -1
    outer loop
      vertex 0.3658496214367871 9.447958005998597 177.80082663378894
      vertex -0.3658496214367871 12.990381056766578 177.80082663378894
      vertex 0.3658496214367871 12.990381056766578 177.80082663378894
    endloop
  endfacet
  facet normal -0.20791169081776972 -3.3564090697999076e-15 -0.9781476007338035
    outer loop
      vertex 0.993020401042708 9.447958005998597 177.667517369296
      vertex 0.3658496214367871 12.990381056766578 177.80082663378894
      vertex 1.0815594803123159 12.990381056766578 177.64869780703302
    endloop
  endfacet
  facet normal 0 0 1
    outer loop
      vertex -0.3658496214367871 14.5 170.83917336621104
      vertex 0.3658496214367871 14.5 170.83917336621104
      vertex 0.3658496214367871 17.5 170.83917336621104
    endloop
  endfacet
  facet normal -0.2079116908177697 0 0.9781476007338032
    outer loop
      vertex 1.0815594803123159 17.5 170.99130219296697
      vertex 0.3658496214367871 14.5 170.83917336621104
      vertex 1.0815594803123159 14.5 170.99130219296697
    endloop
  endfacet
  facet normal -0.40673664307579493 -2.0197679546847035e-18 0.9135454576426032
    outer loop
      vertex 1.0815594803123159 14.5 170.99130219296697
      vertex 1.75 14.5 171.28891108675447
      vertex 1.75 17.5 171.28891108675447
    endloop
  endfacet
  facet normal -0.5877852522924558 -1.0052165053417896e-17 0.80901699437496
    outer loop
      vertex 1.75 14.5 171.28891108675447
      vertex 2.341957122256004 14.5 171.7189931108291
      vertex 2.341957122256004 17.5 171.7189931108291
    endloop
  endfacet
  facet normal -0.2079116908177697 -1.1179574574716287e-18 -0.9781476007338032
    outer loop
      vertex 1.0815594803123159 14.5 177.64869780703302
      vertex 0.3658496214367871 14.5 177.80082663378894
      vertex 0.3658496214367871 17.5 177.80082663378894
    endloop
  endfacet
  facet normal -0.40673664307579493 0 -0.9135454576426032
    outer loop
      vertex 1.0815594803123159 14.5 177.64869780703302
      vertex 1.0815594803123159 17.5 177.64869780703302
      vertex 1.75 14.5 177.35108891324552
    endloop
  endfacet
  facet normal -0.5877852522924558 1.0052165053417896e-17 -0.80901699437496
    outer loop
      vertex 2.341957122256004 14.5 176.92100688917088
      vertex 1.75 14.5 177.35108891324552
      vertex 1.75 17.5 177.35108891324552
    endloop
  endfacet
  facet normal -0.7431448254774052 5.320489868771593e-18 0.669130606358846
    outer loop
      vertex 2.341957122256004 14.5 171.7189931108291
      vertex 2.831559480312316 14.5 172.26275161697635
      vertex 2.831559480312316 17.5 172.26275161697635
    endloop
  endfacet
  facet normal -0.8660254037844355 1.8448407677342354e-18 0.5000000000000057
    outer loop
      vertex 2.831559480312316 14.5 172.26275161697635
      vertex 3.197409101749103 14.5 172.8964217492347
      vertex 3.197409101749103 17.5 172.8964217492347
    endloop
  endfacet
  facet normal -0.951056516295153 7.328247372738421e-19 0.30901699437494895
    outer loop
      vertex 3.197409101749103 14.5 172.8964217492347
      vertex 3.42351660256832 14.5 173.59230908213783
      vertex 3.42351660256832 17.5 173.59230908213783
    endloop
  endfacet
  facet normal -0.9945218953682733 5.85200309527553e-19 0.10452846326765257
    outer loop
      vertex 3.42351660256832 14.5 173.59230908213783
      vertex 3.5 14.5 174.32
      vertex 3.5 17.5 174.32
    endloop
  endfacet
  facet normal -0.9945218953682733 0 -0.10452846326765257
    outer loop
      vertex 3.42351660256832 17.5 175.04769091786216
      vertex 3.5 14.5 174.32
      vertex 3.42351660256832 14.5 175.04769091786216
    endloop
  endfacet
  facet normal -0.7431448254774052 0 -0.669130606358846
    outer loop
      vertex 2.341957122256004 14.5 176.92100688917088
      vertex 2.341957122256004 17.5 176.92100688917088
      vertex 2.831559480312316 14.5 176.37724838302364
    endloop
  endfacet
  facet normal -0.8660254037844355 0 -0.5000000000000057
    outer loop
      vertex 2.831559480312316 14.5 176.37724838302364
      vertex 2.831559480312316 17.5 176.37724838302364
      vertex 3.197409101749103 14.5 175.7435782507653
    endloop
  endfacet
  facet normal -0.951056516295153 0 -0.30901699437494895
    outer loop
      vertex 3.197409101749103 14.5 175.7435782507653
      vertex 3.197409101749103 17.5 175.7435782507653
      vertex 3.42351660256832 14.5 175.04769091786216
    endloop
  endfacet
  facet normal -0.2079116908177697 0 0.9781476007338032
    outer loop
      vertex 0.3658496214367871 14.5 170.83917336621104
      vertex 1.0815594803123159 17.5 170.99130219296697
      vertex 0.3658496214367871 17.5 170.83917336621104
    endloop
  endfacet
  facet normal -0.40673664307579493 0 0.9135454576426032
    outer loop
      vertex 1.0815594803123159 14.5 170.99130219296697
      vertex 1.75 17.5 171.28891108675447
      vertex 1.0815594803123159 17.5 170.99130219296697
    endloop
  endfacet
  facet normal -0.5877852522924558 0 0.80901699437496
    outer loop
      vertex 1.75 14.5 171.28891108675447
      vertex 2.341957122256004 17.5 171.7189931108291
      vertex 1.75 17.5 171.28891108675447
    endloop
  endfacet
  facet normal 0 0 -1
    outer loop
      vertex 0.3658496214367871 14.5 177.80082663378894
      vertex -0.3658496214367871 17.5 177.80082663378894
      vertex 0.3658496214367871 17.5 177.80082663378894
    endloop
  endfacet
  facet normal -0.2079116908177697 0 -0.9781476007338032
    outer loop
      vertex 1.0815594803123159 14.5 177.64869780703302
      vertex 0.3658496214367871 17.5 177.80082663378894
      vertex 1.0815594803123159 17.5 177.64869780703302
    endloop
  endfacet
  facet normal -0.40673664307579493 0 -0.9135454576426032
    outer loop
      vertex 1.75 14.5 177.35108891324552
      vertex 1.0815594803123159 17.5 177.64869780703302
      vertex 1.75 17.5 177.35108891324552
    endloop
  endfacet
  facet normal -0.5877852522924558 0 -0.80901699437496
    outer loop
      vertex 2.341957122256004 14.5 176.92100688917088
      vertex 1.75 17.5 177.35108891324552
      vertex 2.341957122256004 17.5 176.92100688917088
    endloop
  endfacet
  facet normal -0.7431448254774052 0 0.669130606358846
    outer loop
      vertex 2.341957122256004 14.5 171.7189931108291
      vertex 2.831559480312316 17.5 172.26275161697635
      vertex 2.341957122256004 17.5 171.7189931108291
    endloop
  endfacet
  facet normal -0.8660254037844355 0 0.5000000000000057
    outer loop
      vertex 2.831559480312316 14.5 172.26275161697635
      vertex 3.197409101749103 17.5 172.8964217492347
      vertex 2.831559480312316 17.5 172.26275161697635
    endloop
  endfacet
  facet normal -0.951056516295153 0 0.30901699437494895
    outer loop
      vertex 3.197409101749103 14.5 172.8964217492347
      vertex 3.42351660256832 17.5 173.59230908213783
      vertex 3.197409101749103 17.5 172.8964217492347
    endloop
  endfacet
  facet normal -0.951056516295153 -7.328247372738421e-19 -0.30901699437494895
    outer loop
      vertex 3.197409101749103 17.5 175.7435782507653
      vertex 3.42351660256832 17.5 175.04769091786216
      vertex 3.42351660256832 14.5 175.04769091786216
    endloop
  endfacet
  facet normal -0.9945218953682733 0 0.10452846326765257
    outer loop
      vertex 3.42351660256832 14.5 173.59230908213783
      vertex 3.5 17.5 174.32
      vertex 3.42351660256832 17.5 173.59230908213783
    endloop
  endfacet
  facet normal -0.9945218953682733 -5.85200309527553e-19 -0.10452846326765257
    outer loop
      vertex 3.42351660256832 17.5 175.04769091786216
      vertex 3.5 17.5 174.32
      vertex 3.5 14.5 174.32
    endloop
  endfacet
  facet normal -0.7431448254774052 0 -0.669130606358846
    outer loop
      vertex 2.831559480312316 14.5 176.37724838302364
      vertex 2.341957122256004 17.5 176.92100688917088
      vertex 2.831559480312316 17.5 176.37724838302364
    endloop
  endfacet
  facet normal -0.8660254037844355 -1.8448407677342354e-18 -0.5000000000000057
    outer loop
      vertex 2.831559480312316 17.5 176.37724838302364
      vertex 3.197409101749103 17.5 175.7435782507653
      vertex 3.197409101749103 14.5 175.7435782507653
    endloop
  endfacet
  facet normal 0.9945218953682734 0 0.10452846326765258
    outer loop
      vertex -3.42351660256832 8.817829795074273 200.39230908213784
      vertex -3.42351660256832 12.990381056766578 200.39230908213784
      vertex -3.5 8.783777192587836 201.12
    endloop
  endfacet
  facet normal 0.9945218953682734 0 -0.1045284632676526
    outer loop
      vertex -3.5 8.783777192587836 201.12
      vertex -3.5 12.990381056766578 201.12
      vertex -3.42351660256832 8.817829795074273 201.84769091786217
    endloop
  endfacet
  facet normal 0.9510565162951532 0 0.30901699437494906
    outer loop
      vertex -3.42351660256832 8.817829795074273 200.39230908213784
      vertex -3.197409101749103 8.918499340402413 199.6964217492347
      vertex -3.42351660256832 12.990381056766578 200.39230908213784
    endloop
  endfacet
  facet normal 0.9510565162951532 0 -0.30901699437494906
    outer loop
      vertex -3.42351660256832 8.817829795074273 201.84769091786217
      vertex -3.42351660256832 12.990381056766578 201.84769091786217
      vertex -3.197409101749103 8.918499340402413 202.5435782507653
    endloop
  endfacet
  facet normal 0.8660254037844309 0 0.5000000000000135
    outer loop
      vertex -3.197409101749103 8.918499340402413 199.6964217492347
      vertex -2.9356614465620003 9.035036904803958 199.24306151168864
      vertex -3.197409101749103 12.990381056766578 199.6964217492347
    endloop
  endfacet
  facet normal 0.7431448254774052 0 0.669130606358846
    outer loop
      vertex -2.831559480312316 9.05716446081308 199.06275161697636
      vertex -2.341957122256004 9.161232654627065 198.51899311082911
      vertex -2.831559480312316 12.990381056766578 199.06275161697636
    endloop
  endfacet
  facet normal 0.8660254037844469 1.8816030950832093e-18 0.4999999999999856
    outer loop
      vertex -2.9356614465620003 9.035036904803958 199.24306151168864
      vertex -2.831559480312316 9.05716446081308 199.06275161697636
      vertex -2.831559480312316 12.990381056766578 199.06275161697636
    endloop
  endfacet
  facet normal 0.8660254037844309 0 -0.5000000000000135
    outer loop
      vertex -3.197409101749103 8.918499340402413 202.5435782507653
      vertex -3.197409101749103 12.990381056766578 202.5435782507653
      vertex -2.9356614465620003 9.035036904803958 202.99693848831137
    endloop
  endfacet
  facet normal 0.8660254037844467 4.208856049057617e-15 -0.49999999999998607
    outer loop
      vertex -2.9356614465620003 9.035036904803958 202.99693848831137
      vertex -3.197409101749103 12.990381056766578 202.5435782507653
      vertex -2.831559480312316 9.05716446081308 203.17724838302365
    endloop
  endfacet
  facet normal 0.7431448254774052 0 -0.669130606358846
    outer loop
      vertex -2.831559480312316 9.05716446081308 203.17724838302365
      vertex -2.831559480312316 12.990381056766578 203.17724838302365
      vertex -2.341957122256004 9.161232654627065 203.7210068891709
    endloop
  endfacet
  facet normal 0.9945218953682734 0 0.1045284632676526
    outer loop
      vertex -3.5 8.783777192587836 201.12
      vertex -3.42351660256832 12.990381056766578 200.39230908213784
      vertex -3.5 12.990381056766578 201.12
    endloop
  endfacet
  facet normal 0.9945218953682734 0 -0.10452846326765258
    outer loop
      vertex -3.42351660256832 8.817829795074273 201.84769091786217
      vertex -3.5 12.990381056766578 201.12
      vertex -3.42351660256832 12.990381056766578 201.84769091786217
    endloop
  endfacet
  facet normal 0.9510565162951531 0 0.309016994374949
    outer loop
      vertex -3.197409101749103 8.918499340402413 199.6964217492347
      vertex -3.197409101749103 12.990381056766578 199.6964217492347
      vertex -3.42351660256832 12.990381056766578 200.39230908213784
    endloop
  endfacet
  facet normal 0.9510565162951531 0 -0.309016994374949
    outer loop
      vertex -3.197409101749103 8.918499340402413 202.5435782507653
      vertex -3.42351660256832 12.990381056766578 201.84769091786217
      vertex -3.197409101749103 12.990381056766578 202.5435782507653
    endloop
  endfacet
  facet normal 0.7431448254774052 0 0.669130606358846
    outer loop
      vertex -2.341957122256004 9.161232654627065 198.51899311082911
      vertex -2.341957122256004 12.990381056766578 198.51899311082911
      vertex -2.831559480312316 12.990381056766578 199.06275161697636
    endloop
  endfacet
  facet normal 0.8660254037844355 1.2144103398953533e-15 0.5000000000000056
    outer loop
      vertex -2.9356614465620003 9.035036904803958 199.24306151168864
      vertex -2.831559480312316 12.990381056766578 199.06275161697636
      vertex -3.197409101749103 12.990381056766578 199.6964217492347
    endloop
  endfacet
  facet normal 0.8660254037844354 0 -0.5000000000000056
    outer loop
      vertex -2.831559480312316 9.05716446081308 203.17724838302365
      vertex -3.197409101749103 12.990381056766578 202.5435782507653
      vertex -2.831559480312316 12.990381056766578 203.17724838302365
    endloop
  endfacet
  facet normal 0.7431448254774052 0 -0.669130606358846
    outer loop
      vertex -2.341957122256004 9.161232654627065 203.7210068891709
      vertex -2.831559480312316 12.990381056766578 203.17724838302365
      vertex -2.341957122256004 12.990381056766578 203.7210068891709
    endloop
  endfacet
  facet normal 0.5877852522924557 8.143088453271134e-18 0.80901699437496
    outer loop
      vertex -2.341957122256004 9.161232654627065 198.51899311082911
      vertex -1.75 9.287057025189883 198.08891108675448
      vertex -1.75 12.990381056766578 198.08891108675448
    endloop
  endfacet
  facet normal 0.4067366430757949 1.7014577557514571e-18 0.9135454576426033
    outer loop
      vertex -1.75 9.287057025189883 198.08891108675448
      vertex -1.0815594803123159 9.429138443735619 197.79130219296698
      vertex -1.0815594803123159 12.990381056766578 197.79130219296698
    endloop
  endfacet
  facet normal 0.20791169081789818 0 0.978147600733776
    outer loop
      vertex -1.0815594803123159 9.429138443735619 197.79130219296698
      vertex -0.993020401042708 9.447958005998597 197.772482630704
      vertex -1.0815594803123159 12.990381056766578 197.79130219296698
    endloop
  endfacet
  facet normal 0.20791169081775154 5.466234672231661e-19 0.9781476007338072
    outer loop
      vertex -0.993020401042708 9.447958005998597 197.772482630704
      vertex -0.3658496214367871 9.447958005998597 197.63917336621105
      vertex -0.3658496214367871 12.990381056766578 197.63917336621105
    endloop
  endfacet
  facet normal 0 0 1
    outer loop
      vertex -0.3658496214367871 9.447958005998597 197.63917336621105
      vertex 0.3658496214367871 9.447958005998597 197.63917336621105
      vertex -0.3658496214367871 12.990381056766578 197.63917336621105
    endloop
  endfacet
  facet normal 0.5877852522924558 0 -0.80901699437496
    outer loop
      vertex -2.341957122256004 9.161232654627065 203.7210068891709
      vertex -2.341957122256004 12.990381056766578 203.7210068891709
      vertex -1.75 9.287057025189883 204.15108891324553
    endloop
  endfacet
  facet normal 0.40673664307579493 0 -0.9135454576426033
    outer loop
      vertex -1.75 9.287057025189883 204.15108891324553
      vertex -1.75 12.990381056766578 204.15108891324553
      vertex -1.0815594803123159 9.429138443735619 204.44869780703303
    endloop
  endfacet
  facet normal 0.20791169081789818 0 -0.978147600733776
    outer loop
      vertex -1.0815594803123159 9.429138443735619 204.44869780703303
      vertex -1.0815594803123159 12.990381056766578 204.44869780703303
      vertex -0.993020401042708 9.447958005998597 204.46751736929602
    endloop
  endfacet
  facet normal 0.20791169081775154 -3.830532505001405e-15 -0.9781476007338072
    outer loop
      vertex -0.993020401042708 9.447958005998597 204.46751736929602
      vertex -1.0815594803123159 12.990381056766578 204.44869780703303
      vertex -0.3658496214367871 9.447958005998597 204.60082663378896
    endloop
  endfacet
  facet normal 0.5877852522924558 0 0.80901699437496
    outer loop
      vertex -2.341957122256004 9.161232654627065 198.51899311082911
      vertex -1.75 12.990381056766578 198.08891108675448
      vertex -2.341957122256004 12.990381056766578 198.51899311082911
    endloop
  endfacet
  facet normal 0.40673664307579493 0 0.9135454576426033
    outer loop
      vertex -1.75 9.287057025189883 198.08891108675448
      vertex -1.0815594803123159 12.990381056766578 197.79130219296698
      vertex -1.75 12.990381056766578 198.08891108675448
    endloop
  endfacet
  facet normal 0.5877852522924558 0 -0.80901699437496
    outer loop
      vertex -1.75 9.287057025189883 204.15108891324553
      vertex -2.341957122256004 12.990381056766578 203.7210068891709
      vertex -1.75 12.990381056766578 204.15108891324553
    endloop
  endfacet
  facet normal 0.20791169081776972 -3.3564090697999076e-15 0.9781476007338035
    outer loop
      vertex -0.993020401042708 9.447958005998597 197.772482630704
      vertex -0.3658496214367871 12.990381056766578 197.63917336621105
      vertex -1.0815594803123159 12.990381056766578 197.79130219296698
    endloop
  endfacet
  facet normal 0.4067366430757949 0 -0.9135454576426033
    outer loop
      vertex -1.0815594803123159 9.429138443735619 204.44869780703303
      vertex -1.75 12.990381056766578 204.15108891324553
      vertex -1.0815594803123159 12.990381056766578 204.44869780703303
    endloop
  endfacet
  facet normal 0.20791169081776972 0 -0.9781476007338035
    outer loop
      vertex -0.3658496214367871 9.447958005998597 204.60082663378896
      vertex -1.0815594803123159 12.990381056766578 204.44869780703303
      vertex -0.3658496214367871 12.990381056766578 204.60082663378896
    endloop
  endfacet
  facet normal 0 0 -1
    outer loop
      vertex -0.3658496214367871 9.447958005998597 204.60082663378896
      vertex -0.3658496214367871 12.990381056766578 204.60082663378896
      vertex 0.3658496214367871 12.990381056766578 204.60082663378896
    endloop
  endfacet
  facet normal 0.9945218953682733 -5.85200309527553e-19 0.10452846326765257
    outer loop
      vertex -3.5 14.5 201.12
      vertex -3.42351660256832 14.5 200.39230908213784
      vertex -3.42351660256832 17.5 200.39230908213784
    endloop
  endfacet
  facet normal 0.9945218953682733 0 -0.10452846326765257
    outer loop
      vertex -3.5 17.5 201.12
      vertex -3.42351660256832 14.5 201.84769091786217
      vertex -3.5 14.5 201.12
    endloop
  endfacet
  facet normal 0.951056516295153 0 0.30901699437494895
    outer loop
      vertex -3.197409101749103 14.5 199.6964217492347
      vertex -3.197409101749103 17.5 199.6964217492347
      vertex -3.42351660256832 14.5 200.39230908213784
    endloop
  endfacet
  facet normal 0.951056516295153 0 -0.30901699437494895
    outer loop
      vertex -3.42351660256832 17.5 201.84769091786217
      vertex -3.197409101749103 14.5 202.5435782507653
      vertex -3.42351660256832 14.5 201.84769091786217
    endloop
  endfacet
  facet normal 0.7431448254774052 -5.320489868771593e-18 0.669130606358846
    outer loop
      vertex -2.831559480312316 14.5 199.06275161697636
      vertex -2.341957122256004 14.5 198.51899311082911
      vertex -2.341957122256004 17.5 198.51899311082911
    endloop
  endfacet
  facet normal 0.8660254037844355 0 0.5000000000000057
    outer loop
      vertex -2.831559480312316 14.5 199.06275161697636
      vertex -2.831559480312316 17.5 199.06275161697636
      vertex -3.197409101749103 14.5 199.6964217492347
    endloop
  endfacet
  facet normal 0.8660254037844355 0 -0.5000000000000057
    outer loop
      vertex -3.197409101749103 17.5 202.5435782507653
      vertex -2.831559480312316 14.5 203.17724838302365
      vertex -3.197409101749103 14.5 202.5435782507653
    endloop
  endfacet
  facet normal 0.7431448254774052 5.320489868771593e-18 -0.669130606358846
    outer loop
      vertex -2.341957122256004 14.5 203.7210068891709
      vertex -2.831559480312316 14.5 203.17724838302365
      vertex -2.831559480312316 17.5 203.17724838302365
    endloop
  endfacet
  facet normal 0.5877852522924558 1.0052165053417896e-17 0.80901699437496
    outer loop
      vertex -2.341957122256004 14.5 198.51899311082911
      vertex -1.75 14.5 198.08891108675448
      vertex -1.75 17.5 198.08891108675448
    endloop
  endfacet
  facet normal 0.40673664307579493 2.0197679546847035e-18 0.9135454576426032
    outer loop
      vertex -1.75 14.5 198.08891108675448
      vertex -1.0815594803123159 14.5 197.79130219296698
      vertex -1.0815594803123159 17.5 197.79130219296698
    endloop
  endfacet
  facet normal 0.2079116908177697 -1.1179574574716287e-18 0.9781476007338032
    outer loop
      vertex -1.0815594803123159 14.5 197.79130219296698
      vertex -0.3658496214367871 14.5 197.63917336621105
      vertex -0.3658496214367871 17.5 197.63917336621105
    endloop
  endfacet
  facet normal 0.5877852522924558 -1.0052165053417896e-17 -0.80901699437496
    outer loop
      vertex -1.75 14.5 204.15108891324553
      vertex -2.341957122256004 14.5 203.7210068891709
      vertex -2.341957122256004 17.5 203.7210068891709
    endloop
  endfacet
  facet normal 0.40673664307579493 0 -0.9135454576426032
    outer loop
      vertex -1.75 14.5 204.15108891324553
      vertex -1.75 17.5 204.15108891324553
      vertex -1.0815594803123159 14.5 204.44869780703303
    endloop
  endfacet
  facet normal 0.2079116908177697 0 -0.9781476007338032
    outer loop
      vertex -1.0815594803123159 17.5 204.44869780703303
      vertex -0.3658496214367871 14.5 204.60082663378896
      vertex -1.0815594803123159 14.5 204.44869780703303
    endloop
  endfacet
  facet normal 0 0 -1
    outer loop
      vertex 0.3658496214367871 14.5 204.60082663378896
      vertex -0.3658496214367871 14.5 204.60082663378896
      vertex -0.3658496214367871 17.5 204.60082663378896
    endloop
  endfacet
  facet normal 0.9945218953682733 0 0.10452846326765257
    outer loop
      vertex -3.5 14.5 201.12
      vertex -3.42351660256832 17.5 200.39230908213784
      vertex -3.5 17.5 201.12
    endloop
  endfacet
  facet normal 0.9945218953682733 5.85200309527553e-19 -0.10452846326765257
    outer loop
      vertex -3.5 17.5 201.12
      vertex -3.42351660256832 17.5 201.84769091786217
      vertex -3.42351660256832 14.5 201.84769091786217
    endloop
  endfacet
  facet normal 0.951056516295153 -7.328247372738421e-19 0.30901699437494895
    outer loop
      vertex -3.197409101749103 17.5 199.6964217492347
      vertex -3.42351660256832 17.5 200.39230908213784
      vertex -3.42351660256832 14.5 200.39230908213784
    endloop
  endfacet
  facet normal 0.951056516295153 7.328247372738421e-19 -0.30901699437494895
    outer loop
      vertex -3.42351660256832 17.5 201.84769091786217
      vertex -3.197409101749103 17.5 202.5435782507653
      vertex -3.197409101749103 14.5 202.5435782507653
    endloop
  endfacet
  facet normal 0.7431448254774052 0 0.669130606358846
    outer loop
      vertex -2.831559480312316 14.5 199.06275161697636
      vertex -2.341957122256004 17.5 198.51899311082911
      vertex -2.831559480312316 17.5 199.06275161697636
    endloop
  endfacet
  facet normal 0.8660254037844355 0 0.5000000000000057
    outer loop
      vertex -3.197409101749103 14.5 199.6964217492347
      vertex -2.831559480312316 17.5 199.06275161697636
      vertex -3.197409101749103 17.5 199.6964217492347
    endloop
  endfacet
  facet normal 0.8660254037844355 0 -0.5000000000000057
    outer loop
      vertex -2.831559480312316 17.5 203.17724838302365
      vertex -2.831559480312316 14.5 203.17724838302365
      vertex -3.197409101749103 17.5 202.5435782507653
    endloop
  endfacet
  facet normal 0.7431448254774052 0 -0.669130606358846
    outer loop
      vertex -2.341957122256004 14.5 203.7210068891709
      vertex -2.831559480312316 17.5 203.17724838302365
      vertex -2.341957122256004 17.5 203.7210068891709
    endloop
  endfacet
  facet normal 0.5877852522924558 0 0.80901699437496
    outer loop
      vertex -2.341957122256004 14.5 198.51899311082911
      vertex -1.75 17.5 198.08891108675448
      vertex -2.341957122256004 17.5 198.51899311082911
    endloop
  endfacet
  facet normal 0.40673664307579493 0 0.9135454576426032
    outer loop
      vertex -1.75 17.5 198.08891108675448
      vertex -1.75 14.5 198.08891108675448
      vertex -1.0815594803123159 17.5 197.79130219296698
    endloop
  endfacet
  facet normal 0.2079116908177697 0 0.9781476007338032
    outer loop
      vertex -1.0815594803123159 14.5 197.79130219296698
      vertex -0.3658496214367871 17.5 197.63917336621105
      vertex -1.0815594803123159 17.5 197.79130219296698
    endloop
  endfacet
  facet normal 0 0 1
    outer loop
      vertex -0.3658496214367871 14.5 197.63917336621105
      vertex 0.3658496214367871 17.5 197.63917336621105
      vertex -0.3658496214367871 17.5 197.63917336621105
    endloop
  endfacet
  facet normal 0.5877852522924558 0 -0.80901699437496
    outer loop
      vertex -1.75 14.5 204.15108891324553
      vertex -2.341957122256004 17.5 203.7210068891709
      vertex -1.75 17.5 204.15108891324553
    endloop
  endfacet
  facet normal 0.40673664307579493 0 -0.9135454576426032
    outer loop
      vertex -1.0815594803123159 14.5 204.44869780703303
      vertex -1.75 17.5 204.15108891324553
      vertex -1.0815594803123159 17.5 204.44869780703303
    endloop
  endfacet
  facet normal 0.2079116908177697 0 -0.9781476007338032
    outer loop
      vertex -0.3658496214367871 14.5 204.60082663378896
      vertex -1.0815594803123159 17.5 204.44869780703303
      vertex -0.3658496214367871 17.5 204.60082663378896
    endloop
  endfacet
  facet normal -0.20791169081775154 -3.831551093674399e-15 0.9781476007338072
    outer loop
      vertex 0.3658496214367871 9.447958005998597 197.63917336621105
      vertex 0.993020401042708 9.447958005998597 197.772482630704
      vertex 1.0815594803123159 12.990381056766578 197.79130219296698
    endloop
  endfacet
  facet normal -0.2079116908178982 -9.009045010612542e-21 0.978147600733776
    outer loop
      vertex 0.993020401042708 9.447958005998597 197.772482630704
      vertex 1.0815594803123159 9.429138443735619 197.79130219296698
      vertex 1.0815594803123159 12.990381056766578 197.79130219296698
    endloop
  endfacet
  facet normal -0.40673664307579493 -1.6361797704950906e-18 0.9135454576426033
    outer loop
      vertex 1.0815594803123159 9.429138443735619 197.79130219296698
      vertex 1.75 9.287057025189883 198.08891108675448
      vertex 1.75 12.990381056766578 198.08891108675448
    endloop
  endfacet
  facet normal -0.5877852522924558 -7.875509641622649e-18 0.80901699437496
    outer loop
      vertex 1.75 9.287057025189883 198.08891108675448
      vertex 2.341957122256004 9.161232654627065 198.51899311082911
      vertex 2.341957122256004 12.990381056766578 198.51899311082911
    endloop
  endfacet
  facet normal 0 0 -1
    outer loop
      vertex -0.3658496214367871 9.447958005998597 204.60082663378896
      vertex 0.3658496214367871 12.990381056766578 204.60082663378896
      vertex 0.3658496214367871 9.447958005998597 204.60082663378896
    endloop
  endfacet
  facet normal -0.20791169081775154 0 -0.9781476007338072
    outer loop
      vertex 0.3658496214367871 9.447958005998597 204.60082663378896
      vertex 0.3658496214367871 12.990381056766578 204.60082663378896
      vertex 0.993020401042708 9.447958005998597 204.46751736929602
    endloop
  endfacet
  facet normal -0.20791169081789818 9.009045010612542e-21 -0.978147600733776
    outer loop
      vertex 0.993020401042708 9.447958005998597 204.46751736929602
      vertex 1.0815594803123159 12.990381056766578 204.44869780703303
      vertex 1.0815594803123159 9.429138443735619 204.44869780703303
    endloop
  endfacet
  facet normal -0.4067366430757949 0 -0.9135454576426033
    outer loop
      vertex 1.0815594803123159 9.429138443735619 204.44869780703303
      vertex 1.0815594803123159 12.990381056766578 204.44869780703303
      vertex 1.75 9.287057025189883 204.15108891324553
    endloop
  endfacet
  facet normal -0.5877852522924558 0 -0.80901699437496
    outer loop
      vertex 1.75 9.287057025189883 204.15108891324553
      vertex 1.75 12.990381056766578 204.15108891324553
      vertex 2.341957122256004 9.161232654627065 203.7210068891709
    endloop
  endfacet
  facet normal -0.5877852522924558 0 0.80901699437496
    outer loop
      vertex 1.75 9.287057025189883 198.08891108675448
      vertex 2.341957122256004 12.990381056766578 198.51899311082911
      vertex 1.75 12.990381056766578 198.08891108675448
    endloop
  endfacet
  facet normal -0.40673664307579493 0 -0.9135454576426033
    outer loop
      vertex 1.75 9.287057025189883 204.15108891324553
      vertex 1.0815594803123159 12.990381056766578 204.44869780703303
      vertex 1.75 12.990381056766578 204.15108891324553
    endloop
  endfacet
  facet normal -0.5877852522924558 0 -0.80901699437496
    outer loop
      vertex 2.341957122256004 9.161232654627065 203.7210068891709
      vertex 1.75 12.990381056766578 204.15108891324553
      vertex 2.341957122256004 12.990381056766578 203.7210068891709
    endloop
  endfacet
  facet normal -0.8660254037844309 -5.521180070555304e-19 0.5000000000000135
    outer loop
      vertex 2.9356614465620003 9.035036904803958 199.24306151168864
      vertex 3.197409101749103 8.918499340402413 199.6964217492347
      vertex 3.197409101749103 12.990381056766578 199.6964217492347
    endloop
  endfacet
  facet normal -0.9510565162951532 5.268896830592486e-19 0.30901699437494906
    outer loop
      vertex 3.197409101749103 8.918499340402413 199.6964217492347
      vertex 3.42351660256832 8.817829795074273 200.39230908213784
      vertex 3.42351660256832 12.990381056766578 200.39230908213784
    endloop
  endfacet
  facet normal -0.9510565162951532 0 -0.30901699437494906
    outer loop
      vertex 3.42351660256832 8.817829795074273 201.84769091786217
      vertex 3.197409101749103 8.918499340402413 202.5435782507653
      vertex 3.42351660256832 12.990381056766578 201.84769091786217
    endloop
  endfacet
  facet normal -0.9945218953682734 4.1734401081415026e-19 0.1045284632676526
    outer loop
      vertex 3.42351660256832 8.817829795074273 200.39230908213784
      vertex 3.5 8.783777192587836 201.12
      vertex 3.5 12.990381056766578 201.12
    endloop
  endfacet
  facet normal -0.9945218953682734 0 -0.10452846326765258
    outer loop
      vertex 3.42351660256832 8.817829795074273 201.84769091786217
      vertex 3.42351660256832 12.990381056766578 201.84769091786217
      vertex 3.5 8.783777192587836 201.12
    endloop
  endfacet
  facet normal -0.7431448254774052 4.058121188326108e-18 0.6691306063588461
    outer loop
      vertex 2.341957122256004 9.161232654627065 198.51899311082911
      vertex 2.831559480312316 9.05716446081308 199.06275161697636
      vertex 2.831559480312316 12.990381056766578 199.06275161697636
    endloop
  endfacet
  facet normal -0.8660254037844467 4.198496497196226e-15 0.49999999999998607
    outer loop
      vertex 2.831559480312316 9.05716446081308 199.06275161697636
      vertex 2.9356614465620003 9.035036904803958 199.24306151168864
      vertex 3.197409101749103 12.990381056766578 199.6964217492347
    endloop
  endfacet
  facet normal -0.8660254037844309 5.521180070555304e-19 -0.5000000000000135
    outer loop
      vertex 2.9356614465620003 9.035036904803958 202.99693848831137
      vertex 3.197409101749103 12.990381056766578 202.5435782507653
      vertex 3.197409101749103 8.918499340402413 202.5435782507653
    endloop
  endfacet
  facet normal -0.7431448254774052 -4.058121188326108e-18 -0.6691306063588459
    outer loop
      vertex 2.341957122256004 9.161232654627065 203.7210068891709
      vertex 2.831559480312316 12.990381056766578 203.17724838302365
      vertex 2.831559480312316 9.05716446081308 203.17724838302365
    endloop
  endfacet
  facet normal -0.8660254037844469 1.8816030950832093e-18 -0.4999999999999856
    outer loop
      vertex 2.9356614465620003 9.035036904803958 202.99693848831137
      vertex 2.831559480312316 9.05716446081308 203.17724838302365
      vertex 2.831559480312316 12.990381056766578 203.17724838302365
    endloop
  endfacet
  facet normal -0.7431448254774052 0 0.669130606358846
    outer loop
      vertex 2.341957122256004 9.161232654627065 198.51899311082911
      vertex 2.831559480312316 12.990381056766578 199.06275161697636
      vertex 2.341957122256004 12.990381056766578 198.51899311082911
    endloop
  endfacet
  facet normal -0.8660254037844354 0 0.5000000000000056
    outer loop
      vertex 2.831559480312316 9.05716446081308 199.06275161697636
      vertex 3.197409101749103 12.990381056766578 199.6964217492347
      vertex 2.831559480312316 12.990381056766578 199.06275161697636
    endloop
  endfacet
  facet normal -0.9510565162951531 0 0.309016994374949
    outer loop
      vertex 3.197409101749103 8.918499340402413 199.6964217492347
      vertex 3.42351660256832 12.990381056766578 200.39230908213784
      vertex 3.197409101749103 12.990381056766578 199.6964217492347
    endloop
  endfacet
  facet normal -0.9510565162951531 0 -0.309016994374949
    outer loop
      vertex 3.197409101749103 8.918499340402413 202.5435782507653
      vertex 3.197409101749103 12.990381056766578 202.5435782507653
      vertex 3.42351660256832 12.990381056766578 201.84769091786217
    endloop
  endfacet
  facet normal -0.9945218953682734 0 0.10452846326765258
    outer loop
      vertex 3.42351660256832 8.817829795074273 200.39230908213784
      vertex 3.5 12.990381056766578 201.12
      vertex 3.42351660256832 12.990381056766578 200.39230908213784
    endloop
  endfacet
  facet normal -0.9945218953682734 0 -0.1045284632676526
    outer loop
      vertex 3.5 8.783777192587836 201.12
      vertex 3.42351660256832 12.990381056766578 201.84769091786217
      vertex 3.5 12.990381056766578 201.12
    endloop
  endfacet
  facet normal -0.7431448254774052 0 -0.669130606358846
    outer loop
      vertex 2.341957122256004 9.161232654627065 203.7210068891709
      vertex 2.341957122256004 12.990381056766578 203.7210068891709
      vertex 2.831559480312316 12.990381056766578 203.17724838302365
    endloop
  endfacet
  facet normal -0.8660254037844355 1.2144103398953533e-15 -0.5000000000000056
    outer loop
      vertex 2.9356614465620003 9.035036904803958 202.99693848831137
      vertex 2.831559480312316 12.990381056766578 203.17724838302365
      vertex 3.197409101749103 12.990381056766578 202.5435782507653
    endloop
  endfacet
  facet normal 0 0 1
    outer loop
      vertex 0.3658496214367871 9.447958005998597 197.63917336621105
      vertex 0.3658496214367871 12.990381056766578 197.63917336621105
      vertex -0.3658496214367871 12.990381056766578 197.63917336621105
    endloop
  endfacet
  facet normal -0.20791169081776972 0 0.9781476007338035
    outer loop
      vertex 0.3658496214367871 9.447958005998597 197.63917336621105
      vertex 1.0815594803123159 12.990381056766578 197.79130219296698
      vertex 0.3658496214367871 12.990381056766578 197.63917336621105
    endloop
  endfacet
  facet normal -0.4067366430757949 0 0.9135454576426033
    outer loop
      vertex 1.0815594803123159 9.429138443735619 197.79130219296698
      vertex 1.75 12.990381056766578 198.08891108675448
      vertex 1.0815594803123159 12.990381056766578 197.79130219296698
    endloop
  endfacet
  facet normal -0.20791169081776972 -3.3564090697999076e-15 -0.9781476007338035
    outer loop
      vertex 0.993020401042708 9.447958005998597 204.46751736929602
      vertex 0.3658496214367871 12.990381056766578 204.60082663378896
      vertex 1.0815594803123159 12.990381056766578 204.44869780703303
    endloop
  endfacet
  facet normal 0 0 1
    outer loop
      vertex -0.3658496214367871 14.5 197.63917336621105
      vertex 0.3658496214367871 14.5 197.63917336621105
      vertex 0.3658496214367871 17.5 197.63917336621105
    endloop
  endfacet
  facet normal -0.2079116908177697 0 0.9781476007338032
    outer loop
      vertex 1.0815594803123159 17.5 197.79130219296698
      vertex 0.3658496214367871 14.5 197.63917336621105
      vertex 1.0815594803123159 14.5 197.79130219296698
    endloop
  endfacet
  facet normal -0.40673664307579493 -2.0197679546847035e-18 0.9135454576426032
    outer loop
      vertex 1.0815594803123159 14.5 197.79130219296698
      vertex 1.75 14.5 198.08891108675448
      vertex 1.75 17.5 198.08891108675448
    endloop
  endfacet
  facet normal -0.5877852522924558 -1.0052165053417896e-17 0.80901699437496
    outer loop
      vertex 1.75 14.5 198.08891108675448
      vertex 2.341957122256004 14.5 198.51899311082911
      vertex 2.341957122256004 17.5 198.51899311082911
    endloop
  endfacet
  facet normal -0.2079116908177697 -1.1179574574716287e-18 -0.9781476007338032
    outer loop
      vertex 1.0815594803123159 14.5 204.44869780703303
      vertex 0.3658496214367871 14.5 204.60082663378896
      vertex 0.3658496214367871 17.5 204.60082663378896
    endloop
  endfacet
  facet normal -0.40673664307579493 0 -0.9135454576426032
    outer loop
      vertex 1.0815594803123159 14.5 204.44869780703303
      vertex 1.0815594803123159 17.5 204.44869780703303
      vertex 1.75 14.5 204.15108891324553
    endloop
  endfacet
  facet normal -0.5877852522924558 1.0052165053417896e-17 -0.80901699437496
    outer loop
      vertex 2.341957122256004 14.5 203.7210068891709
      vertex 1.75 14.5 204.15108891324553
      vertex 1.75 17.5 204.15108891324553
    endloop
  endfacet
  facet normal -0.7431448254774052 5.320489868771593e-18 0.669130606358846
    outer loop
      vertex 2.341957122256004 14.5 198.51899311082911
      vertex 2.831559480312316 14.5 199.06275161697636
      vertex 2.831559480312316 17.5 199.06275161697636
    endloop
  endfacet
  facet normal -0.8660254037844355 1.8448407677342354e-18 0.5000000000000057
    outer loop
      vertex 2.831559480312316 14.5 199.06275161697636
      vertex 3.197409101749103 14.5 199.6964217492347
      vertex 3.197409101749103 17.5 199.6964217492347
    endloop
  endfacet
  facet normal -0.951056516295153 7.328247372738421e-19 0.30901699437494895
    outer loop
      vertex 3.197409101749103 14.5 199.6964217492347
      vertex 3.42351660256832 14.5 200.39230908213784
      vertex 3.42351660256832 17.5 200.39230908213784
    endloop
  endfacet
  facet normal -0.951056516295153 0 -0.30901699437494895
    outer loop
      vertex 3.197409101749103 14.5 202.5435782507653
      vertex 3.197409101749103 17.5 202.5435782507653
      vertex 3.42351660256832 14.5 201.84769091786217
    endloop
  endfacet
  facet normal -0.9945218953682733 5.85200309527553e-19 0.10452846326765257
    outer loop
      vertex 3.42351660256832 14.5 200.39230908213784
      vertex 3.5 14.5 201.12
      vertex 3.5 17.5 201.12
    endloop
  endfacet
  facet normal -0.9945218953682733 0 -0.10452846326765257
    outer loop
      vertex 3.42351660256832 14.5 201.84769091786217
      vertex 3.42351660256832 17.5 201.84769091786217
      vertex 3.5 14.5 201.12
    endloop
  endfacet
  facet normal -0.7431448254774052 0 -0.669130606358846
    outer loop
      vertex 2.341957122256004 14.5 203.7210068891709
      vertex 2.341957122256004 17.5 203.7210068891709
      vertex 2.831559480312316 14.5 203.17724838302365
    endloop
  endfacet
  facet normal -0.8660254037844355 0 -0.5000000000000057
    outer loop
      vertex 2.831559480312316 14.5 203.17724838302365
      vertex 2.831559480312316 17.5 203.17724838302365
      vertex 3.197409101749103 14.5 202.5435782507653
    endloop
  endfacet
  facet normal -0.2079116908177697 0 0.9781476007338032
    outer loop
      vertex 0.3658496214367871 14.5 197.63917336621105
      vertex 1.0815594803123159 17.5 197.79130219296698
      vertex 0.3658496214367871 17.5 197.63917336621105
    endloop
  endfacet
  facet normal -0.40673664307579493 0 0.9135454576426032
    outer loop
      vertex 1.0815594803123159 14.5 197.79130219296698
      vertex 1.75 17.5 198.08891108675448
      vertex 1.0815594803123159 17.5 197.79130219296698
    endloop
  endfacet
  facet normal -0.5877852522924558 0 0.80901699437496
    outer loop
      vertex 1.75 14.5 198.08891108675448
      vertex 2.341957122256004 17.5 198.51899311082911
      vertex 1.75 17.5 198.08891108675448
    endloop
  endfacet
  facet normal 0 0 -1
    outer loop
      vertex 0.3658496214367871 14.5 204.60082663378896
      vertex -0.3658496214367871 17.5 204.60082663378896
      vertex 0.3658496214367871 17.5 204.60082663378896
    endloop
  endfacet
  facet normal -0.2079116908177697 0 -0.9781476007338032
    outer loop
      vertex 1.0815594803123159 14.5 204.44869780703303
      vertex 0.3658496214367871 17.5 204.60082663378896
      vertex 1.0815594803123159 17.5 204.44869780703303
    endloop
  endfacet
  facet normal -0.40673664307579493 0 -0.9135454576426032
    outer loop
      vertex 1.75 14.5 204.15108891324553
      vertex 1.0815594803123159 17.5 204.44869780703303
      vertex 1.75 17.5 204.15108891324553
    endloop
  endfacet
  facet normal -0.5877852522924558 0 -0.80901699437496
    outer loop
      vertex 2.341957122256004 14.5 203.7210068891709
      vertex 1.75 17.5 204.15108891324553
      vertex 2.341957122256004 17.5 203.7210068891709
    endloop
  endfacet
  facet normal -0.7431448254774052 0 0.669130606358846
    outer loop
      vertex 2.341957122256004 14.5 198.51899311082911
      vertex 2.831559480312316 17.5 199.06275161697636
      vertex 2.341957122256004 17.5 198.51899311082911
    endloop
  endfacet
  facet normal -0.8660254037844355 0 0.5000000000000057
    outer loop
      vertex 2.831559480312316 14.5 199.06275161697636
      vertex 3.197409101749103 17.5 199.6964217492347
      vertex 2.831559480312316 17.5 199.06275161697636
    endloop
  endfacet
  facet normal -0.951056516295153 0 0.30901699437494895
    outer loop
      vertex 3.197409101749103 14.5 199.6964217492347
      vertex 3.42351660256832 17.5 200.39230908213784
      vertex 3.197409101749103 17.5 199.6964217492347
    endloop
  endfacet
  facet normal -0.951056516295153 -7.328247372738421e-19 -0.30901699437494895
    outer loop
      vertex 3.197409101749103 17.5 202.5435782507653
      vertex 3.42351660256832 17.5 201.84769091786217
      vertex 3.42351660256832 14.5 201.84769091786217
    endloop
  endfacet
  facet normal -0.9945218953682733 0 0.10452846326765257
    outer loop
      vertex 3.42351660256832 14.5 200.39230908213784
      vertex 3.5 17.5 201.12
      vertex 3.42351660256832 17.5 200.39230908213784
    endloop
  endfacet
  facet normal -0.9945218953682733 -5.85200309527553e-19 -0.10452846326765257
    outer loop
      vertex 3.42351660256832 17.5 201.84769091786217
      vertex 3.5 17.5 201.12
      vertex 3.5 14.5 201.12
    endloop
  endfacet
  facet normal -0.7431448254774052 0 -0.669130606358846
    outer loop
      vertex 2.831559480312316 14.5 203.17724838302365
      vertex 2.341957122256004 17.5 203.7210068891709
      vertex 2.831559480312316 17.5 203.17724838302365
    endloop
  endfacet
  facet normal -0.8660254037844355 -1.8448407677342354e-18 -0.5000000000000057
    outer loop
      vertex 2.831559480312316 17.5 203.17724838302365
      vertex 3.197409101749103 17.5 202.5435782507653
      vertex 3.197409101749103 14.5 202.5435782507653
    endloop
  endfacet
  facet normal 0.9945218953682734 0 0.10452846326765258
    outer loop
      vertex -3.42351660256832 8.817829795074273 224.27230908213784
      vertex -3.42351660256832 12.990381056766578 224.27230908213784
      vertex -3.5 8.783777192587836 225
    endloop
  endfacet
  facet normal 0.9945218953682734 0 -0.1045284632676526
    outer loop
      vertex -3.5 8.783777192587836 225
      vertex -3.5 12.990381056766578 225
      vertex -3.42351660256832 8.817829795074273 225.72769091786216
    endloop
  endfacet
  facet normal 0.9510565162951532 0 0.30901699437494906
    outer loop
      vertex -3.42351660256832 8.817829795074273 224.27230908213784
      vertex -3.197409101749103 8.918499340402413 223.5764217492347
      vertex -3.42351660256832 12.990381056766578 224.27230908213784
    endloop
  endfacet
  facet normal 0.9510565162951532 0 -0.30901699437494906
    outer loop
      vertex -3.42351660256832 8.817829795074273 225.72769091786216
      vertex -3.42351660256832 12.990381056766578 225.72769091786216
      vertex -3.197409101749103 8.918499340402413 226.4235782507653
    endloop
  endfacet
  facet normal 0.8660254037844309 0 0.5000000000000135
    outer loop
      vertex -3.197409101749103 8.918499340402413 223.5764217492347
      vertex -2.9356614465620003 9.035036904803958 223.12306151168863
      vertex -3.197409101749103 12.990381056766578 223.5764217492347
    endloop
  endfacet
  facet normal 0.8660254037844309 0 -0.5000000000000135
    outer loop
      vertex -3.197409101749103 8.918499340402413 226.4235782507653
      vertex -3.197409101749103 12.990381056766578 226.4235782507653
      vertex -2.9356614465620003 9.035036904803958 226.87693848831137
    endloop
  endfacet
  facet normal 0.8660254037844469 1.8816030950832093e-18 0.4999999999999856
    outer loop
      vertex -2.9356614465620003 9.035036904803958 223.12306151168863
      vertex -2.831559480312316 9.05716446081308 222.94275161697635
      vertex -2.831559480312316 12.990381056766578 222.94275161697635
    endloop
  endfacet
  facet normal 0.7431448254774052 0 0.669130606358846
    outer loop
      vertex -2.831559480312316 9.05716446081308 222.94275161697635
      vertex -2.341957122256004 9.161232654627065 222.3989931108291
      vertex -2.831559480312316 12.990381056766578 222.94275161697635
    endloop
  endfacet
  facet normal 0.8660254037844467 4.208856049057617e-15 -0.49999999999998607
    outer loop
      vertex -2.9356614465620003 9.035036904803958 226.87693848831137
      vertex -3.197409101749103 12.990381056766578 226.4235782507653
      vertex -2.831559480312316 9.05716446081308 227.05724838302365
    endloop
  endfacet
  facet normal 0.7431448254774052 0 -0.669130606358846
    outer loop
      vertex -2.831559480312316 9.05716446081308 227.05724838302365
      vertex -2.831559480312316 12.990381056766578 227.05724838302365
      vertex -2.341957122256004 9.161232654627065 227.6010068891709
    endloop
  endfacet
  facet normal 0.9945218953682734 0 0.1045284632676526
    outer loop
      vertex -3.5 8.783777192587836 225
      vertex -3.42351660256832 12.990381056766578 224.27230908213784
      vertex -3.5 12.990381056766578 225
    endloop
  endfacet
  facet normal 0.9945218953682734 0 -0.10452846326765258
    outer loop
      vertex -3.42351660256832 8.817829795074273 225.72769091786216
      vertex -3.5 12.990381056766578 225
      vertex -3.42351660256832 12.990381056766578 225.72769091786216
    endloop
  endfacet
  facet normal 0.9510565162951531 0 0.309016994374949
    outer loop
      vertex -3.197409101749103 8.918499340402413 223.5764217492347
      vertex -3.197409101749103 12.990381056766578 223.5764217492347
      vertex -3.42351660256832 12.990381056766578 224.27230908213784
    endloop
  endfacet
  facet normal 0.9510565162951531 0 -0.309016994374949
    outer loop
      vertex -3.197409101749103 8.918499340402413 226.4235782507653
      vertex -3.42351660256832 12.990381056766578 225.72769091786216
      vertex -3.197409101749103 12.990381056766578 226.4235782507653
    endloop
  endfacet
  facet normal 0.8660254037844355 1.2144103398953533e-15 0.5000000000000056
    outer loop
      vertex -2.9356614465620003 9.035036904803958 223.12306151168863
      vertex -2.831559480312316 12.990381056766578 222.94275161697635
      vertex -3.197409101749103 12.990381056766578 223.5764217492347
    endloop
  endfacet
  facet normal 0.7431448254774052 0 0.669130606358846
    outer loop
      vertex -2.341957122256004 9.161232654627065 222.3989931108291
      vertex -2.341957122256004 12.990381056766578 222.3989931108291
      vertex -2.831559480312316 12.990381056766578 222.94275161697635
    endloop
  endfacet
  facet normal 0.8660254037844354 0 -0.5000000000000056
    outer loop
      vertex -2.831559480312316 9.05716446081308 227.05724838302365
      vertex -3.197409101749103 12.990381056766578 226.4235782507653
      vertex -2.831559480312316 12.990381056766578 227.05724838302365
    endloop
  endfacet
  facet normal 0.7431448254774052 0 -0.669130606358846
    outer loop
      vertex -2.341957122256004 9.161232654627065 227.6010068891709
      vertex -2.831559480312316 12.990381056766578 227.05724838302365
      vertex -2.341957122256004 12.990381056766578 227.6010068891709
    endloop
  endfacet
  facet normal 0.5877852522924557 8.143088453271134e-18 0.80901699437496
    outer loop
      vertex -2.341957122256004 9.161232654627065 222.3989931108291
      vertex -1.75 9.287057025189883 221.96891108675447
      vertex -1.75 12.990381056766578 221.96891108675447
    endloop
  endfacet
  facet normal 0.4067366430757949 1.7014577557514571e-18 0.9135454576426033
    outer loop
      vertex -1.75 9.287057025189883 221.96891108675447
      vertex -1.0815594803123159 9.429138443735619 221.67130219296698
      vertex -1.0815594803123159 12.990381056766578 221.67130219296698
    endloop
  endfacet
  facet normal 0.5877852522924558 0 -0.80901699437496
    outer loop
      vertex -2.341957122256004 9.161232654627065 227.6010068891709
      vertex -2.341957122256004 12.990381056766578 227.6010068891709
      vertex -1.75 9.287057025189883 228.03108891324553
    endloop
  endfacet
  facet normal 0.40673664307579493 0 -0.9135454576426033
    outer loop
      vertex -1.75 9.287057025189883 228.03108891324553
      vertex -1.75 12.990381056766578 228.03108891324553
      vertex -1.0815594803123159 9.429138443735619 228.32869780703302
    endloop
  endfacet
  facet normal 0.20791169081789818 0 0.978147600733776
    outer loop
      vertex -1.0815594803123159 9.429138443735619 221.67130219296698
      vertex -0.993020401042708 9.447958005998597 221.652482630704
      vertex -1.0815594803123159 12.990381056766578 221.67130219296698
    endloop
  endfacet
  facet normal 0.20791169081775154 5.466234672231661e-19 0.9781476007338072
    outer loop
      vertex -0.993020401042708 9.447958005998597 221.652482630704
      vertex -0.3658496214367871 9.447958005998597 221.51917336621105
      vertex -0.3658496214367871 12.990381056766578 221.51917336621105
    endloop
  endfacet
  facet normal 0.20791169081789818 0 -0.978147600733776
    outer loop
      vertex -1.0815594803123159 9.429138443735619 228.32869780703302
      vertex -1.0815594803123159 12.990381056766578 228.32869780703302
      vertex -0.993020401042708 9.447958005998597 228.347517369296
    endloop
  endfacet
  facet normal 0.20791169081775154 -3.830532505001405e-15 -0.9781476007338072
    outer loop
      vertex -0.993020401042708 9.447958005998597 228.347517369296
      vertex -1.0815594803123159 12.990381056766578 228.32869780703302
      vertex -0.3658496214367871 9.447958005998597 228.48082663378895
    endloop
  endfacet
  facet normal 0 0 -1
    outer loop
      vertex -0.3658496214367871 9.447958005998597 228.48082663378895
      vertex -0.3658496214367871 12.990381056766578 228.48082663378895
      vertex 0.3658496214367871 9.447958005998597 228.48082663378895
    endloop
  endfacet
  facet normal 0.5877852522924558 0 0.80901699437496
    outer loop
      vertex -2.341957122256004 9.161232654627065 222.3989931108291
      vertex -1.75 12.990381056766578 221.96891108675447
      vertex -2.341957122256004 12.990381056766578 222.3989931108291
    endloop
  endfacet
  facet normal 0.40673664307579493 0 0.9135454576426033
    outer loop
      vertex -1.75 9.287057025189883 221.96891108675447
      vertex -1.0815594803123159 12.990381056766578 221.67130219296698
      vertex -1.75 12.990381056766578 221.96891108675447
    endloop
  endfacet
  facet normal 0.5877852522924558 0 -0.80901699437496
    outer loop
      vertex -1.75 9.287057025189883 228.03108891324553
      vertex -2.341957122256004 12.990381056766578 227.6010068891709
      vertex -1.75 12.990381056766578 228.03108891324553
    endloop
  endfacet
  facet normal 0.4067366430757949 0 -0.9135454576426033
    outer loop
      vertex -1.0815594803123159 9.429138443735619 228.32869780703302
      vertex -1.75 12.990381056766578 228.03108891324553
      vertex -1.0815594803123159 12.990381056766578 228.32869780703302
    endloop
  endfacet
  facet normal 0.20791169081776972 -3.3564090697999076e-15 0.9781476007338035
    outer loop
      vertex -0.993020401042708 9.447958005998597 221.652482630704
      vertex -0.3658496214367871 12.990381056766578 221.51917336621105
      vertex -1.0815594803123159 12.990381056766578 221.67130219296698
    endloop
  endfacet
  facet normal 0 0 1
    outer loop
      vertex -0.3658496214367871 9.447958005998597 221.51917336621105
      vertex 0.3658496214367871 12.990381056766578 221.51917336621105
      vertex -0.3658496214367871 12.990381056766578 221.51917336621105
    endloop
  endfacet
  facet normal 0.20791169081776972 0 -0.9781476007338035
    outer loop
      vertex -0.3658496214367871 9.447958005998597 228.48082663378895
      vertex -1.0815594803123159 12.990381056766578 228.32869780703302
      vertex -0.3658496214367871 12.990381056766578 228.48082663378895
    endloop
  endfacet
  facet normal 0.9945218953682733 -5.85200309527553e-19 0.10452846326765257
    outer loop
      vertex -3.5 14.5 225
      vertex -3.42351660256832 14.5 224.27230908213784
      vertex -3.42351660256832 17.5 224.27230908213784
    endloop
  endfacet
  facet normal 0.9945218953682733 0 -0.10452846326765257
    outer loop
      vertex -3.5 17.5 225
      vertex -3.42351660256832 14.5 225.72769091786216
      vertex -3.5 14.5 225
    endloop
  endfacet
  facet normal 0.951056516295153 0 0.30901699437494895
    outer loop
      vertex -3.197409101749103 14.5 223.5764217492347
      vertex -3.197409101749103 17.5 223.5764217492347
      vertex -3.42351660256832 14.5 224.27230908213784
    endloop
  endfacet
  facet normal 0.951056516295153 0 -0.30901699437494895
    outer loop
      vertex -3.42351660256832 17.5 225.72769091786216
      vertex -3.197409101749103 14.5 226.4235782507653
      vertex -3.42351660256832 14.5 225.72769091786216
    endloop
  endfacet
  facet normal 0.8660254037844355 0 0.5000000000000057
    outer loop
      vertex -2.831559480312316 14.5 222.94275161697635
      vertex -2.831559480312316 17.5 222.94275161697635
      vertex -3.197409101749103 14.5 223.5764217492347
    endloop
  endfacet
  facet normal 0.7431448254774052 -5.320489868771593e-18 0.669130606358846
    outer loop
      vertex -2.831559480312316 14.5 222.94275161697635
      vertex -2.341957122256004 14.5 222.3989931108291
      vertex -2.341957122256004 17.5 222.3989931108291
    endloop
  endfacet
  facet normal 0.8660254037844355 0 -0.5000000000000057
    outer loop
      vertex -3.197409101749103 17.5 226.4235782507653
      vertex -2.831559480312316 14.5 227.05724838302365
      vertex -3.197409101749103 14.5 226.4235782507653
    endloop
  endfacet
  facet normal 0.7431448254774052 5.320489868771593e-18 -0.669130606358846
    outer loop
      vertex -2.341957122256004 14.5 227.6010068891709
      vertex -2.831559480312316 14.5 227.05724838302365
      vertex -2.831559480312316 17.5 227.05724838302365
    endloop
  endfacet
  facet normal 0.5877852522924558 1.0052165053417896e-17 0.80901699437496
    outer loop
      vertex -2.341957122256004 14.5 222.3989931108291
      vertex -1.75 14.5 221.96891108675447
      vertex -1.75 17.5 221.96891108675447
    endloop
  endfacet
  facet normal 0.40673664307579493 2.0197679546847035e-18 0.9135454576426032
    outer loop
      vertex -1.75 14.5 221.96891108675447
      vertex -1.0815594803123159 14.5 221.67130219296698
      vertex -1.0815594803123159 17.5 221.67130219296698
    endloop
  endfacet
  facet normal 0.5877852522924558 -1.0052165053417896e-17 -0.80901699437496
    outer loop
      vertex -1.75 14.5 228.03108891324553
      vertex -2.341957122256004 14.5 227.6010068891709
      vertex -2.341957122256004 17.5 227.6010068891709
    endloop
  endfacet
  facet normal 0.40673664307579493 0 -0.9135454576426032
    outer loop
      vertex -1.75 14.5 228.03108891324553
      vertex -1.75 17.5 228.03108891324553
      vertex -1.0815594803123159 14.5 228.32869780703302
    endloop
  endfacet
  facet normal 0.2079116908177697 -1.1179574574716287e-18 0.9781476007338032
    outer loop
      vertex -1.0815594803123159 14.5 221.67130219296698
      vertex -0.3658496214367871 14.5 221.51917336621105
      vertex -0.3658496214367871 17.5 221.51917336621105
    endloop
  endfacet
  facet normal 0.2079116908177697 0 -0.9781476007338032
    outer loop
      vertex -1.0815594803123159 17.5 228.32869780703302
      vertex -0.3658496214367871 14.5 228.48082663378895
      vertex -1.0815594803123159 14.5 228.32869780703302
    endloop
  endfacet
  facet normal 0 0 -1
    outer loop
      vertex 0.3658496214367871 14.5 228.48082663378895
      vertex -0.3658496214367871 14.5 228.48082663378895
      vertex -0.3658496214367871 17.5 228.48082663378895
    endloop
  endfacet
  facet normal 0.9945218953682733 0 0.10452846326765257
    outer loop
      vertex -3.5 14.5 225
      vertex -3.42351660256832 17.5 224.27230908213784
      vertex -3.5 17.5 225
    endloop
  endfacet
  facet normal 0.9945218953682733 5.85200309527553e-19 -0.10452846326765257
    outer loop
      vertex -3.5 17.5 225
      vertex -3.42351660256832 17.5 225.72769091786216
      vertex -3.42351660256832 14.5 225.72769091786216
    endloop
  endfacet
  facet normal 0.951056516295153 -7.328247372738421e-19 0.30901699437494895
    outer loop
      vertex -3.197409101749103 17.5 223.5764217492347
      vertex -3.42351660256832 17.5 224.27230908213784
      vertex -3.42351660256832 14.5 224.27230908213784
    endloop
  endfacet
  facet normal 0.951056516295153 7.328247372738421e-19 -0.30901699437494895
    outer loop
      vertex -3.42351660256832 17.5 225.72769091786216
      vertex -3.197409101749103 17.5 226.4235782507653
      vertex -3.197409101749103 14.5 226.4235782507653
    endloop
  endfacet
  facet normal 0.8660254037844355 0 0.5000000000000057
    outer loop
      vertex -3.197409101749103 14.5 223.5764217492347
      vertex -2.831559480312316 17.5 222.94275161697635
      vertex -3.197409101749103 17.5 223.5764217492347
    endloop
  endfacet
  facet normal 0.7431448254774052 0 0.669130606358846
    outer loop
      vertex -2.831559480312316 14.5 222.94275161697635
      vertex -2.341957122256004 17.5 222.3989931108291
      vertex -2.831559480312316 17.5 222.94275161697635
    endloop
  endfacet
  facet normal 0.8660254037844355 0 -0.5000000000000057
    outer loop
      vertex -2.831559480312316 17.5 227.05724838302365
      vertex -2.831559480312316 14.5 227.05724838302365
      vertex -3.197409101749103 17.5 226.4235782507653
    endloop
  endfacet
  facet normal 0.7431448254774052 0 -0.669130606358846
    outer loop
      vertex -2.341957122256004 14.5 227.6010068891709
      vertex -2.831559480312316 17.5 227.05724838302365
      vertex -2.341957122256004 17.5 227.6010068891709
    endloop
  endfacet
  facet normal 0.5877852522924558 0 0.80901699437496
    outer loop
      vertex -2.341957122256004 14.5 222.3989931108291
      vertex -1.75 17.5 221.96891108675447
      vertex -2.341957122256004 17.5 222.3989931108291
    endloop
  endfacet
  facet normal 0.40673664307579493 0 0.9135454576426032
    outer loop
      vertex -1.75 17.5 221.96891108675447
      vertex -1.75 14.5 221.96891108675447
      vertex -1.0815594803123159 17.5 221.67130219296698
    endloop
  endfacet
  facet normal 0.5877852522924558 0 -0.80901699437496
    outer loop
      vertex -1.75 14.5 228.03108891324553
      vertex -2.341957122256004 17.5 227.6010068891709
      vertex -1.75 17.5 228.03108891324553
    endloop
  endfacet
  facet normal 0.40673664307579493 0 -0.9135454576426032
    outer loop
      vertex -1.0815594803123159 14.5 228.32869780703302
      vertex -1.75 17.5 228.03108891324553
      vertex -1.0815594803123159 17.5 228.32869780703302
    endloop
  endfacet
  facet normal 0.2079116908177697 0 0.9781476007338032
    outer loop
      vertex -1.0815594803123159 14.5 221.67130219296698
      vertex -0.3658496214367871 17.5 221.51917336621105
      vertex -1.0815594803123159 17.5 221.67130219296698
    endloop
  endfacet
  facet normal 0 0 1
    outer loop
      vertex -0.3658496214367871 14.5 221.51917336621105
      vertex 0.3658496214367871 17.5 221.51917336621105
      vertex -0.3658496214367871 17.5 221.51917336621105
    endloop
  endfacet
  facet normal 0.2079116908177697 0 -0.9781476007338032
    outer loop
      vertex -0.3658496214367871 14.5 228.48082663378895
      vertex -1.0815594803123159 17.5 228.32869780703302
      vertex -0.3658496214367871 17.5 228.48082663378895
    endloop
  endfacet
  facet normal 0 0 1
    outer loop
      vertex -0.3658496214367871 9.447958005998597 221.51917336621105
      vertex 0.3658496214367871 9.447958005998597 221.51917336621105
      vertex 0.3658496214367871 12.990381056766578 221.51917336621105
    endloop
  endfacet
  facet normal -0.20791169081775154 -3.831551093674399e-15 0.9781476007338072
    outer loop
      vertex 0.3658496214367871 9.447958005998597 221.51917336621105
      vertex 0.993020401042708 9.447958005998597 221.652482630704
      vertex 1.0815594803123159 12.990381056766578 221.67130219296698
    endloop
  endfacet
  facet normal -0.2079116908178982 -9.009045010612542e-21 0.978147600733776
    outer loop
      vertex 0.993020401042708 9.447958005998597 221.652482630704
      vertex 1.0815594803123159 9.429138443735619 221.67130219296698
      vertex 1.0815594803123159 12.990381056766578 221.67130219296698
    endloop
  endfacet
  facet normal -0.20791169081775154 0 -0.9781476007338072
    outer loop
      vertex 0.3658496214367871 9.447958005998597 228.48082663378895
      vertex 0.3658496214367871 12.990381056766578 228.48082663378895
      vertex 0.993020401042708 9.447958005998597 228.347517369296
    endloop
  endfacet
  facet normal -0.20791169081789818 9.009045010612542e-21 -0.978147600733776
    outer loop
      vertex 0.993020401042708 9.447958005998597 228.347517369296
      vertex 1.0815594803123159 12.990381056766578 228.32869780703302
      vertex 1.0815594803123159 9.429138443735619 228.32869780703302
    endloop
  endfacet
  facet normal -0.40673664307579493 -1.6361797704950906e-18 0.9135454576426033
    outer loop
      vertex 1.0815594803123159 9.429138443735619 221.67130219296698
      vertex 1.75 9.287057025189883 221.96891108675447
      vertex 1.75 12.990381056766578 221.96891108675447
    endloop
  endfacet
  facet normal -0.5877852522924558 -7.875509641622649e-18 0.80901699437496
    outer loop
      vertex 1.75 9.287057025189883 221.96891108675447
      vertex 2.341957122256004 9.161232654627065 222.3989931108291
      vertex 2.341957122256004 12.990381056766578 222.3989931108291
    endloop
  endfacet
  facet normal -0.4067366430757949 0 -0.9135454576426033
    outer loop
      vertex 1.0815594803123159 9.429138443735619 228.32869780703302
      vertex 1.0815594803123159 12.990381056766578 228.32869780703302
      vertex 1.75 9.287057025189883 228.03108891324553
    endloop
  endfacet
  facet normal -0.5877852522924558 0 -0.80901699437496
    outer loop
      vertex 1.75 9.287057025189883 228.03108891324553
      vertex 1.75 12.990381056766578 228.03108891324553
      vertex 2.341957122256004 9.161232654627065 227.6010068891709
    endloop
  endfacet
  facet normal -0.5877852522924558 0 0.80901699437496
    outer loop
      vertex 1.75 9.287057025189883 221.96891108675447
      vertex 2.341957122256004 12.990381056766578 222.3989931108291
      vertex 1.75 12.990381056766578 221.96891108675447
    endloop
  endfacet
  facet normal -0.40673664307579493 0 -0.9135454576426033
    outer loop
      vertex 1.75 9.287057025189883 228.03108891324553
      vertex 1.0815594803123159 12.990381056766578 228.32869780703302
      vertex 1.75 12.990381056766578 228.03108891324553
    endloop
  endfacet
  facet normal -0.5877852522924558 0 -0.80901699437496
    outer loop
      vertex 2.341957122256004 9.161232654627065 227.6010068891709
      vertex 1.75 12.990381056766578 228.03108891324553
      vertex 2.341957122256004 12.990381056766578 227.6010068891709
    endloop
  endfacet
  facet normal -0.8660254037844309 -5.521180070555304e-19 0.5000000000000135
    outer loop
      vertex 2.9356614465620003 9.035036904803958 223.12306151168863
      vertex 3.197409101749103 8.918499340402413 223.5764217492347
      vertex 3.197409101749103 12.990381056766578 223.5764217492347
    endloop
  endfacet
  facet normal -0.8660254037844309 5.521180070555304e-19 -0.5000000000000135
    outer loop
      vertex 2.9356614465620003 9.035036904803958 226.87693848831137
      vertex 3.197409101749103 12.990381056766578 226.4235782507653
      vertex 3.197409101749103 8.918499340402413 226.4235782507653
    endloop
  endfacet
  facet normal -0.9510565162951532 5.268896830592486e-19 0.30901699437494906
    outer loop
      vertex 3.197409101749103 8.918499340402413 223.5764217492347
      vertex 3.42351660256832 8.817829795074273 224.27230908213784
      vertex 3.42351660256832 12.990381056766578 224.27230908213784
    endloop
  endfacet
  facet normal -0.9945218953682734 4.1734401081415026e-19 0.1045284632676526
    outer loop
      vertex 3.42351660256832 8.817829795074273 224.27230908213784
      vertex 3.5 8.783777192587836 225
      vertex 3.5 12.990381056766578 225
    endloop
  endfacet
  facet normal -0.9945218953682734 0 -0.10452846326765258
    outer loop
      vertex 3.42351660256832 8.817829795074273 225.72769091786216
      vertex 3.42351660256832 12.990381056766578 225.72769091786216
      vertex 3.5 8.783777192587836 225
    endloop
  endfacet
  facet normal -0.9510565162951532 -5.268896830592486e-19 -0.30901699437494906
    outer loop
      vertex 3.197409101749103 8.918499340402413 226.4235782507653
      vertex 3.42351660256832 12.990381056766578 225.72769091786216
      vertex 3.42351660256832 8.817829795074273 225.72769091786216
    endloop
  endfacet
  facet normal -0.7431448254774052 4.058121188326108e-18 0.6691306063588461
    outer loop
      vertex 2.341957122256004 9.161232654627065 222.3989931108291
      vertex 2.831559480312316 9.05716446081308 222.94275161697635
      vertex 2.831559480312316 12.990381056766578 222.94275161697635
    endloop
  endfacet
  facet normal -0.8660254037844467 4.198496497196226e-15 0.49999999999998607
    outer loop
      vertex 2.831559480312316 9.05716446081308 222.94275161697635
      vertex 2.9356614465620003 9.035036904803958 223.12306151168863
      vertex 3.197409101749103 12.990381056766578 223.5764217492347
    endloop
  endfacet
  facet normal -0.7431448254774052 -4.058121188326108e-18 -0.6691306063588459
    outer loop
      vertex 2.341957122256004 9.161232654627065 227.6010068891709
      vertex 2.831559480312316 12.990381056766578 227.05724838302365
      vertex 2.831559480312316 9.05716446081308 227.05724838302365
    endloop
  endfacet
  facet normal -0.8660254037844469 0 -0.4999999999999856
    outer loop
      vertex 2.831559480312316 9.05716446081308 227.05724838302365
      vertex 2.831559480312316 12.990381056766578 227.05724838302365
      vertex 2.9356614465620003 9.035036904803958 226.87693848831137
    endloop
  endfacet
  facet normal -0.7431448254774052 0 0.669130606358846
    outer loop
      vertex 2.341957122256004 9.161232654627065 222.3989931108291
      vertex 2.831559480312316 12.990381056766578 222.94275161697635
      vertex 2.341957122256004 12.990381056766578 222.3989931108291
    endloop
  endfacet
  facet normal -0.8660254037844354 0 0.5000000000000056
    outer loop
      vertex 2.831559480312316 9.05716446081308 222.94275161697635
      vertex 3.197409101749103 12.990381056766578 223.5764217492347
      vertex 2.831559480312316 12.990381056766578 222.94275161697635
    endloop
  endfacet
  facet normal -0.7431448254774052 0 -0.669130606358846
    outer loop
      vertex 2.341957122256004 9.161232654627065 227.6010068891709
      vertex 2.341957122256004 12.990381056766578 227.6010068891709
      vertex 2.831559480312316 12.990381056766578 227.05724838302365
    endloop
  endfacet
  facet normal -0.8660254037844355 1.2144103398953533e-15 -0.5000000000000056
    outer loop
      vertex 2.9356614465620003 9.035036904803958 226.87693848831137
      vertex 2.831559480312316 12.990381056766578 227.05724838302365
      vertex 3.197409101749103 12.990381056766578 226.4235782507653
    endloop
  endfacet
  facet normal -0.9510565162951531 0 0.309016994374949
    outer loop
      vertex 3.197409101749103 8.918499340402413 223.5764217492347
      vertex 3.42351660256832 12.990381056766578 224.27230908213784
      vertex 3.197409101749103 12.990381056766578 223.5764217492347
    endloop
  endfacet
  facet normal -0.9945218953682734 0 0.10452846326765258
    outer loop
      vertex 3.42351660256832 8.817829795074273 224.27230908213784
      vertex 3.5 12.990381056766578 225
      vertex 3.42351660256832 12.990381056766578 224.27230908213784
    endloop
  endfacet
  facet normal -0.9945218953682734 0 -0.1045284632676526
    outer loop
      vertex 3.5 8.783777192587836 225
      vertex 3.42351660256832 12.990381056766578 225.72769091786216
      vertex 3.5 12.990381056766578 225
    endloop
  endfacet
  facet normal -0.9510565162951531 0 -0.309016994374949
    outer loop
      vertex 3.197409101749103 8.918499340402413 226.4235782507653
      vertex 3.197409101749103 12.990381056766578 226.4235782507653
      vertex 3.42351660256832 12.990381056766578 225.72769091786216
    endloop
  endfacet
  facet normal -0.20791169081776972 0 0.9781476007338035
    outer loop
      vertex 0.3658496214367871 9.447958005998597 221.51917336621105
      vertex 1.0815594803123159 12.990381056766578 221.67130219296698
      vertex 0.3658496214367871 12.990381056766578 221.51917336621105
    endloop
  endfacet
  facet normal 0 0 -1
    outer loop
      vertex 0.3658496214367871 9.447958005998597 228.48082663378895
      vertex -0.3658496214367871 12.990381056766578 228.48082663378895
      vertex 0.3658496214367871 12.990381056766578 228.48082663378895
    endloop
  endfacet
  facet normal -0.20791169081776972 -3.3564090697999076e-15 -0.9781476007338035
    outer loop
      vertex 0.993020401042708 9.447958005998597 228.347517369296
      vertex 0.3658496214367871 12.990381056766578 228.48082663378895
      vertex 1.0815594803123159 12.990381056766578 228.32869780703302
    endloop
  endfacet
  facet normal -0.4067366430757949 0 0.9135454576426033
    outer loop
      vertex 1.0815594803123159 9.429138443735619 221.67130219296698
      vertex 1.75 12.990381056766578 221.96891108675447
      vertex 1.0815594803123159 12.990381056766578 221.67130219296698
    endloop
  endfacet
  facet normal 0 0 1
    outer loop
      vertex -0.3658496214367871 14.5 221.51917336621105
      vertex 0.3658496214367871 14.5 221.51917336621105
      vertex 0.3658496214367871 17.5 221.51917336621105
    endloop
  endfacet
  facet normal -0.2079116908177697 0 0.9781476007338032
    outer loop
      vertex 1.0815594803123159 17.5 221.67130219296698
      vertex 0.3658496214367871 14.5 221.51917336621105
      vertex 1.0815594803123159 14.5 221.67130219296698
    endloop
  endfacet
  facet normal -0.2079116908177697 -1.1179574574716287e-18 -0.9781476007338032
    outer loop
      vertex 1.0815594803123159 14.5 228.32869780703302
      vertex 0.3658496214367871 14.5 228.48082663378895
      vertex 0.3658496214367871 17.5 228.48082663378895
    endloop
  endfacet
  facet normal -0.40673664307579493 -2.0197679546847035e-18 0.9135454576426032
    outer loop
      vertex 1.0815594803123159 14.5 221.67130219296698
      vertex 1.75 14.5 221.96891108675447
      vertex 1.75 17.5 221.96891108675447
    endloop
  endfacet
  facet normal -0.5877852522924558 -1.0052165053417896e-17 0.80901699437496
    outer loop
      vertex 1.75 14.5 221.96891108675447
      vertex 2.341957122256004 14.5 222.3989931108291
      vertex 2.341957122256004 17.5 222.3989931108291
    endloop
  endfacet
  facet normal -0.40673664307579493 0 -0.9135454576426032
    outer loop
      vertex 1.0815594803123159 14.5 228.32869780703302
      vertex 1.0815594803123159 17.5 228.32869780703302
      vertex 1.75 14.5 228.03108891324553
    endloop
  endfacet
  facet normal -0.5877852522924558 1.0052165053417896e-17 -0.80901699437496
    outer loop
      vertex 2.341957122256004 14.5 227.6010068891709
      vertex 1.75 14.5 228.03108891324553
      vertex 1.75 17.5 228.03108891324553
    endloop
  endfacet
  facet normal -0.7431448254774052 5.320489868771593e-18 0.669130606358846
    outer loop
      vertex 2.341957122256004 14.5 222.3989931108291
      vertex 2.831559480312316 14.5 222.94275161697635
      vertex 2.831559480312316 17.5 222.94275161697635
    endloop
  endfacet
  facet normal -0.8660254037844355 1.8448407677342354e-18 0.5000000000000057
    outer loop
      vertex 2.831559480312316 14.5 222.94275161697635
      vertex 3.197409101749103 14.5 223.5764217492347
      vertex 3.197409101749103 17.5 223.5764217492347
    endloop
  endfacet
  facet normal -0.7431448254774052 0 -0.669130606358846
    outer loop
      vertex 2.341957122256004 14.5 227.6010068891709
      vertex 2.341957122256004 17.5 227.6010068891709
      vertex 2.831559480312316 14.5 227.05724838302365
    endloop
  endfacet
  facet normal -0.8660254037844355 0 -0.5000000000000057
    outer loop
      vertex 2.831559480312316 14.5 227.05724838302365
      vertex 2.831559480312316 17.5 227.05724838302365
      vertex 3.197409101749103 14.5 226.4235782507653
    endloop
  endfacet
  facet normal -0.951056516295153 7.328247372738421e-19 0.30901699437494895
    outer loop
      vertex 3.197409101749103 14.5 223.5764217492347
      vertex 3.42351660256832 14.5 224.27230908213784
      vertex 3.42351660256832 17.5 224.27230908213784
    endloop
  endfacet
  facet normal -0.9945218953682733 5.85200309527553e-19 0.10452846326765257
    outer loop
      vertex 3.42351660256832 14.5 224.27230908213784
      vertex 3.5 14.5 225
      vertex 3.5 17.5 225
    endloop
  endfacet
  facet normal -0.9945218953682733 0 -0.10452846326765257
    outer loop
      vertex 3.42351660256832 14.5 225.72769091786216
      vertex 3.42351660256832 17.5 225.72769091786216
      vertex 3.5 14.5 225
    endloop
  endfacet
  facet normal -0.951056516295153 0 -0.30901699437494895
    outer loop
      vertex 3.197409101749103 14.5 226.4235782507653
      vertex 3.197409101749103 17.5 226.4235782507653
      vertex 3.42351660256832 14.5 225.72769091786216
    endloop
  endfacet
  facet normal -0.2079116908177697 0 0.9781476007338032
    outer loop
      vertex 0.3658496214367871 14.5 221.51917336621105
      vertex 1.0815594803123159 17.5 221.67130219296698
      vertex 0.3658496214367871 17.5 221.51917336621105
    endloop
  endfacet
  facet normal 0 0 -1
    outer loop
      vertex 0.3658496214367871 14.5 228.48082663378895
      vertex -0.3658496214367871 17.5 228.48082663378895
      vertex 0.3658496214367871 17.5 228.48082663378895
    endloop
  endfacet
  facet normal -0.2079116908177697 0 -0.9781476007338032
    outer loop
      vertex 1.0815594803123159 14.5 228.32869780703302
      vertex 0.3658496214367871 17.5 228.48082663378895
      vertex 1.0815594803123159 17.5 228.32869780703302
    endloop
  endfacet
  facet normal -0.40673664307579493 0 0.9135454576426032
    outer loop
      vertex 1.0815594803123159 14.5 221.67130219296698
      vertex 1.75 17.5 221.96891108675447
      vertex 1.0815594803123159 17.5 221.67130219296698
    endloop
  endfacet
  facet normal -0.5877852522924558 0 0.80901699437496
    outer loop
      vertex 1.75 14.5 221.96891108675447
      vertex 2.341957122256004 17.5 222.3989931108291
      vertex 1.75 17.5 221.96891108675447
    endloop
  endfacet
  facet normal -0.40673664307579493 0 -0.9135454576426032
    outer loop
      vertex 1.75 14.5 228.03108891324553
      vertex 1.0815594803123159 17.5 228.32869780703302
      vertex 1.75 17.5 228.03108891324553
    endloop
  endfacet
  facet normal -0.5877852522924558 0 -0.80901699437496
    outer loop
      vertex 2.341957122256004 14.5 227.6010068891709
      vertex 1.75 17.5 228.03108891324553
      vertex 2.341957122256004 17.5 227.6010068891709
    endloop
  endfacet
  facet normal -0.7431448254774052 0 0.669130606358846
    outer loop
      vertex 2.341957122256004 14.5 222.3989931108291
      vertex 2.831559480312316 17.5 222.94275161697635
      vertex 2.341957122256004 17.5 222.3989931108291
    endloop
  endfacet
  facet normal -0.8660254037844355 0 0.5000000000000057
    outer loop
      vertex 2.831559480312316 14.5 222.94275161697635
      vertex 3.197409101749103 17.5 223.5764217492347
      vertex 2.831559480312316 17.5 222.94275161697635
    endloop
  endfacet
  facet normal -0.7431448254774052 0 -0.669130606358846
    outer loop
      vertex 2.831559480312316 14.5 227.05724838302365
      vertex 2.341957122256004 17.5 227.6010068891709
      vertex 2.831559480312316 17.5 227.05724838302365
    endloop
  endfacet
  facet normal -0.8660254037844355 -1.8448407677342354e-18 -0.5000000000000057
    outer loop
      vertex 2.831559480312316 17.5 227.05724838302365
      vertex 3.197409101749103 17.5 226.4235782507653
      vertex 3.197409101749103 14.5 226.4235782507653
    endloop
  endfacet
  facet normal -0.951056516295153 0 0.30901699437494895
    outer loop
      vertex 3.197409101749103 14.5 223.5764217492347
      vertex 3.42351660256832 17.5 224.27230908213784
      vertex 3.197409101749103 17.5 223.5764217492347
    endloop
  endfacet
  facet normal -0.9945218953682733 0 0.10452846326765257
    outer loop
      vertex 3.42351660256832 14.5 224.27230908213784
      vertex 3.5 17.5 225
      vertex 3.42351660256832 17.5 224.27230908213784
    endloop
  endfacet
  facet normal -0.9945218953682733 -5.85200309527553e-19 -0.10452846326765257
    outer loop
      vertex 3.42351660256832 17.5 225.72769091786216
      vertex 3.5 17.5 225
      vertex 3.5 14.5 225
    endloop
  endfacet
  facet normal -0.951056516295153 -7.328247372738421e-19 -0.30901699437494895
    outer loop
      vertex 3.197409101749103 17.5 226.4235782507653
      vertex 3.42351660256832 17.5 225.72769091786216
      vertex 3.42351660256832 14.5 225.72769091786216
    endloop
  endfacet
endsolid OpenSCAD_Model
