solid OpenSCAD_Model
  facet normal -0.8660254037844387 -0.5000000000000001 0
    outer loop
      vertex -32.5 -12.990381056766578 394.8
      vertex -32.5 -12.990381056766578 395.8
      vertex -40 0 395.8
    endloop
  endfacet
  facet normal -0.7528749052599654 -0.43467252921795513 0.49420559423489335
    outer loop
      vertex -32.5 -12.990381056766578 395.8
      vertex -13.5 -5.196152422706632 431.6
      vertex -40 0 395.8
    endloop
  endfacet
  facet normal -0.8660254037844387 -0.5000000000000001 -5.921189464667503e-17
    outer loop
      vertex -32.5 -12.990381056766578 394.8
      vertex -40 0 395.8
      vertex -40 0 394.8
    endloop
  endfacet
  facet normal -0.7528749052599655 -0.4346725292179549 0.49420559423489335
    outer loop
      vertex -40 0 395.8
      vertex -13.5 -5.196152422706632 431.6
      vertex -16.5 0 431.6
    endloop
  endfacet
  facet normal -0.7528749052599655 0.4346725292179549 0.49420559423489335
    outer loop
      vertex -40 0 395.8
      vertex -16.5 0 431.6
      vertex -13.5 5.196152422706632 431.6
    endloop
  endfacet
  facet normal 0 -1 0
    outer loop
      vertex -32.5 -12.990381056766578 394.8
      vertex 32.5 -12.990381056766578 395.8
      vertex -32.5 -12.990381056766578 395.8
    endloop
  endfacet
  facet normal 0 -0.9771104826470156 0.21273247213652235
    outer loop
      vertex -32.5 -12.990381056766578 395.8
      vertex 32.5 -12.990381056766578 395.8
      vertex -13.5 -5.196152422706632 431.6
    endloop
  endfacet
  facet normal 0 0 1
    outer loop
      vertex -13.5 -5.196152422706632 431.6
      vertex -15.879919137466294 -0.26043935309973865 431.6
      vertex -16.5 0 431.6
    endloop
  endfacet
  facet normal 0 0 1
    outer loop
      vertex -13.5 -5.196152422706632 431.6
      vertex -15.45 -0.5265000000000001 431.6
      vertex -15.879919137466294 -0.26043935309973865 431.6
    endloop
  endfacet
  facet normal 0 0 1
    outer loop
      vertex -13.5 -5.196152422706632 431.6
      vertex -5.549999999999999 -0.5265000000000001 431.6
      vertex -15.45 -0.5265000000000001 431.6
    endloop
  endfacet
  facet normal 0 0 1
    outer loop
      vertex -16.5 0 431.6
      vertex -15.879919137466294 -0.26043935309973865 431.6
      vertex -15.8799191374663 0.7925606469002666 431.6
    endloop
  endfacet
  facet normal 0 0 1
    outer loop
      vertex -16.5 0 431.6
      vertex -15.8799191374663 0.7925606469002666 431.6
      vertex -13.5 5.196152422706632 431.6
    endloop
  endfacet
  facet normal 0 0 1
    outer loop
      vertex -13.5 -5.196152422706632 431.6
      vertex -4.275 -0.675 431.6
      vertex -5.549999999999999 -0.5265000000000001 431.6
    endloop
  endfacet
  facet normal 0 0 1
    outer loop
      vertex -13.5 -5.196152422706632 431.6
      vertex 13.5 -5.196152422706632 431.6
      vertex -4.275 -0.675 431.6
    endloop
  endfacet
  facet normal 0 0 1
    outer loop
      vertex -5.549999999999999 -0.5265000000000001 431.6
      vertex -4.275 0.9366576819406919 431.6
      vertex -5.549999999999999 0.5265000000000001 431.6
    endloop
  endfacet
  facet normal 0 0 1
    outer loop
      vertex -5.979919137466294 0.7925606469002622 431.6
      vertex -5.549999999999999 0.5265000000000001 431.6
      vertex -4.275 0.9366576819406919 431.6
    endloop
  endfacet
  facet normal 0 0 1
    outer loop
      vertex -5.549999999999999 -0.5265000000000001 431.6
      vertex -4.275 -0.675 431.6
      vertex -4.275 0.9366576819406919 431.6
    endloop
  endfacet
  facet normal -0.8660254037844387 0.5000000000000001 0
    outer loop
      vertex -40 0 394.8
      vertex -40 0 395.8
      vertex -32.5 12.990381056766578 394.8
    endloop
  endfacet
  facet normal -0.8660254037844387 0.5000000000000001 5.921189464667503e-17
    outer loop
      vertex -40 0 395.8
      vertex -32.5 12.990381056766578 395.8
      vertex -32.5 12.990381056766578 394.8
    endloop
  endfacet
  facet normal -0.7528749052599654 0.43467252921795513 0.49420559423489335
    outer loop
      vertex -40 0 395.8
      vertex -13.5 5.196152422706632 431.6
      vertex -32.5 12.990381056766578 395.8
    endloop
  endfacet
  facet normal 0 1 0
    outer loop
      vertex -32.5 12.990381056766578 394.8
      vertex -32.5 12.990381056766578 395.8
      vertex -29.95 12.990381056766578 394.8
    endloop
  endfacet
  facet normal 0 1 0
    outer loop
      vertex -32.5 12.990381056766578 395.8
      vertex -20.05 12.990381056766578 394.8
      vertex -29.95 12.990381056766578 394.8
    endloop
  endfacet
  facet normal 0 0 1
    outer loop
      vertex -13.5 5.196152422706632 431.6
      vertex -15.8799191374663 0.7925606469002666 431.6
      vertex -5.979919137466294 0.7925606469002622 431.6
    endloop
  endfacet
  facet normal 0 0 1
    outer loop
      vertex -13.5 5.196152422706632 431.6
      vertex -5.979919137466294 0.7925606469002622 431.6
      vertex -4.275 0.9366576819406919 431.6
    endloop
  endfacet
  facet normal 0 0 1
    outer loop
      vertex -13.5 5.196152422706632 431.6
      vertex -4.275 0.9366576819406919 431.6
      vertex 4.275 0.9366576819406922 431.6
    endloop
  endfacet
  facet normal 0 1 0
    outer loop
      vertex -4.275 12.990381056766578 394.8
      vertex -20.05 12.990381056766578 394.8
      vertex -32.5 12.990381056766578 395.8
    endloop
  endfacet
  facet normal 0 1 0
    outer loop
      vertex -4.275 12.990381056766578 394.8
      vertex -32.5 12.990381056766578 395.8
      vertex 4.275 12.990381056766578 394.8
    endloop
  endfacet
  facet normal 1.899636424808697e-17 0.9771104826470155 0.21273247213652235
    outer loop
      vertex -32.5 12.990381056766578 395.8
      vertex -13.5 5.196152422706632 431.6
      vertex 21.4 12.860145187190907 396.3981918608898
    endloop
  endfacet
  facet normal 0 1 0
    outer loop
      vertex 21.4 12.990381056766578 394.8
      vertex 4.275 12.990381056766578 394.8
      vertex -32.5 12.990381056766578 395.8
    endloop
  endfacet
  facet normal 0 -1 0
    outer loop
      vertex -32.5 -12.990381056766578 394.8
      vertex 32.5 -12.990381056766578 394.8
      vertex 32.5 -12.990381056766578 395.8
    endloop
  endfacet
  facet normal 0 -0.9771104826470155 0.21273247213652233
    outer loop
      vertex -13.5 -5.196152422706632 431.6
      vertex 32.5 -12.990381056766578 395.8
      vertex 13.5 -5.196152422706632 431.6
    endloop
  endfacet
  facet normal 0 0 1
    outer loop
      vertex 13.5 -5.196152422706632 431.6
      vertex 4.275 -0.675 431.6
      vertex -4.275 -0.675 431.6
    endloop
  endfacet
  facet normal 0 0 1
    outer loop
      vertex 13.5 -5.196152422706632 431.6
      vertex 6.9 -0.5265000000000001 431.6
      vertex 4.275 -0.675 431.6
    endloop
  endfacet
  facet normal 0 0 1
    outer loop
      vertex 4.275 -0.675 431.6
      vertex 6.9 -0.5265000000000001 431.6
      vertex 6.9 0.5265000000000001 431.6
    endloop
  endfacet
  facet normal 0 0 1
    outer loop
      vertex 4.275 0.9366576819406922 431.6
      vertex 4.275 -0.675 431.6
      vertex 6.9 0.5265000000000001 431.6
    endloop
  endfacet
  facet normal 0 0 1
    outer loop
      vertex 4.275 0.9366576819406922 431.6
      vertex 6.9 0.5265000000000001 431.6
      vertex 7.329919137466295 0.7925606469002615 431.6
    endloop
  endfacet
  facet normal 0 0 1
    outer loop
      vertex 13.5 -5.196152422706632 431.6
      vertex 14.100000000000001 -0.5265000000000001 431.6
      vertex 6.9 -0.5265000000000001 431.6
    endloop
  endfacet
  facet normal 0 0 1
    outer loop
      vertex 13.5 -5.196152422706632 431.6
      vertex 14.529919137466296 -0.2604393530997386 431.6
      vertex 14.100000000000001 -0.5265000000000001 431.6
    endloop
  endfacet
  facet normal 0 0 1
    outer loop
      vertex 13.5 -5.196152422706632 431.6
      vertex 16.5 0 431.6
      vertex 14.529919137466296 -0.2604393530997386 431.6
    endloop
  endfacet
  facet normal 0 0 1
    outer loop
      vertex 16.5 0 431.6
      vertex 13.5 5.196152422706632 431.6
      vertex 14.529919137466292 0.7925606469002595 431.6
    endloop
  endfacet
  facet normal 0 0 1
    outer loop
      vertex 16.5 0 431.6
      vertex 14.529919137466292 0.7925606469002595 431.6
      vertex 14.529919137466296 -0.2604393530997386 431.6
    endloop
  endfacet
  facet normal 0.7528749052599655 -0.434672529217955 0.49420559423489335
    outer loop
      vertex 13.5 -5.196152422706632 431.6
      vertex 32.5 -12.990381056766578 395.8
      vertex 16.5 0 431.6
    endloop
  endfacet
  facet normal 0.8660254037844387 -0.5000000000000001 0
    outer loop
      vertex 32.5 -12.990381056766578 394.8
      vertex 40 0 395.8
      vertex 32.5 -12.990381056766578 395.8
    endloop
  endfacet
  facet normal 0.7528749052599654 -0.43467252921795513 0.49420559423489335
    outer loop
      vertex 16.5 0 431.6
      vertex 32.5 -12.990381056766578 395.8
      vertex 40 0 395.8
    endloop
  endfacet
  facet normal 0.7528749052599655 0.434672529217955 0.49420559423489335
    outer loop
      vertex 16.5 0 431.6
      vertex 40 0 395.8
      vertex 13.5 5.196152422706632 431.6
    endloop
  endfacet
  facet normal 0.8660254037844387 -0.5000000000000001 5.921189464667503e-17
    outer loop
      vertex 32.5 -12.990381056766578 394.8
      vertex 40 0 394.8
      vertex 40 0 395.8
    endloop
  endfacet
  facet normal 0 0 1
    outer loop
      vertex -13.5 5.196152422706632 431.6
      vertex 4.275 0.9366576819406922 431.6
      vertex 13.5 5.196152422706632 431.6
    endloop
  endfacet
  facet normal 0 0 1
    outer loop
      vertex 13.5 5.196152422706632 431.6
      vertex 4.275 0.9366576819406922 431.6
      vertex 7.329919137466295 0.7925606469002615 431.6
    endloop
  endfacet
  facet normal 0 0 1
    outer loop
      vertex 13.5 5.196152422706632 431.6
      vertex 7.329919137466295 0.7925606469002615 431.6
      vertex 14.529919137466292 0.7925606469002595 431.6
    endloop
  endfacet
  facet normal 0 0.9771104826470155 0.21273247213652233
    outer loop
      vertex -13.5 5.196152422706632 431.6
      vertex 13.5 5.196152422706632 431.6
      vertex 32.5 12.990381056766578 395.8
    endloop
  endfacet
  facet normal 0 0.9771104826470152 0.212732472136524
    outer loop
      vertex -32.5 12.990381056766578 395.8
      vertex 21.4 12.860145187190907 396.3981918608898
      vertex 21.4 12.990381056766578 395.8
    endloop
  endfacet
  facet normal 0 1 0
    outer loop
      vertex -32.5 12.990381056766578 395.8
      vertex 21.4 12.990381056766578 395.8
      vertex 21.4 12.990381056766578 394.8
    endloop
  endfacet
  facet normal 1.6217283765311082e-17 0.9771104826470157 0.21273247213652224
    outer loop
      vertex -13.5 5.196152422706632 431.6
      vertex 28.6 12.860145187190907 396.3981918608898
      vertex 21.4 12.860145187190907 396.3981918608898
    endloop
  endfacet
  facet normal -4.842694208748006e-16 0.9771104826470157 0.21273247213652177
    outer loop
      vertex -13.5 5.196152422706632 431.6
      vertex 32.5 12.990381056766578 395.8
      vertex 28.6 12.860145187190907 396.3981918608898
    endloop
  endfacet
  facet normal 0.7528749052599654 0.43467252921795513 0.49420559423489335
    outer loop
      vertex 40 0 395.8
      vertex 32.5 12.990381056766578 395.8
      vertex 13.5 5.196152422706632 431.6
    endloop
  endfacet
  facet normal 0.8660254037844387 0.5000000000000001 0
    outer loop
      vertex 40 0 394.8
      vertex 32.5 12.990381056766578 395.8
      vertex 40 0 395.8
    endloop
  endfacet
  facet normal 0.8660254037844387 0.5000000000000001 -5.921189464667503e-17
    outer loop
      vertex 40 0 394.8
      vertex 32.5 12.990381056766578 394.8
      vertex 32.5 12.990381056766578 395.8
    endloop
  endfacet
  facet normal 0 0.9771104826470154 0.21273247213652405
    outer loop
      vertex 32.5 12.990381056766578 395.8
      vertex 28.6 12.990381056766578 395.8
      vertex 28.6 12.860145187190907 396.3981918608898
    endloop
  endfacet
  facet normal 0 1 0
    outer loop
      vertex 32.5 12.990381056766578 394.8
      vertex 28.6 12.990381056766578 394.8
      vertex 28.6 12.990381056766578 395.8
    endloop
  endfacet
  facet normal 0 1 0
    outer loop
      vertex 32.5 12.990381056766578 394.8
      vertex 28.6 12.990381056766578 395.8
      vertex 32.5 12.990381056766578 395.8
    endloop
  endfacet
  facet normal 0 0 -1
    outer loop
      vertex -32.5 -12.990381056766578 0
      vertex -33.89918693812442 -6.465637775217204 0
      vertex -32.36043666994744 -8.174593080251336 0
    endloop
  endfacet
  facet normal 0 0 -1
    outer loop
      vertex -32.5 -12.990381056766578 0
      vertex -32.36043666994744 -8.174593080251336 0
      vertex -30.5 -9.526279441628825 0
    endloop
  endfacet
  facet normal 0 0 -1
    outer loop
      vertex -32.5 -12.990381056766578 0
      vertex -30.5 -9.526279441628825 0
      vertex -28.399186938124423 -10.461621679246688 0
    endloop
  endfacet
  facet normal 0 0 -1
    outer loop
      vertex -32.5 -12.990381056766578 0
      vertex -40 0 0
      vertex -33.89918693812442 -6.465637775217204 0
    endloop
  endfacet
  facet normal 0 0 -1
    outer loop
      vertex -32.5 -12.990381056766578 0
      vertex -28.399186938124423 -10.461621679246688 0
      vertex -26.14981309594419 -10.939740849051006 0
    endloop
  endfacet
  facet normal 0 0 -1
    outer loop
      vertex -32.5 -12.990381056766578 0
      vertex -26.14981309594419 -10.939740849051006 0
      vertex -23.85018690405581 -10.939740849051006 0
    endloop
  endfacet
  facet normal 0 0 -1
    outer loop
      vertex -32.5 -12.990381056766578 0
      vertex -23.85018690405581 -10.939740849051006 0
      vertex -21.600813061875577 -10.461621679246688 0
    endloop
  endfacet
  facet normal 0 0 -1
    outer loop
      vertex -40 0 0
      vertex -35.04900003406861 -4.474103073833803 0
      vertex -33.89918693812442 -6.465637775217204 0
    endloop
  endfacet
  facet normal 0 0 -1
    outer loop
      vertex -40 0 0
      vertex -35.75962360807186 -2.2870285989953527 0
      vertex -35.04900003406861 -4.474103073833803 0
    endloop
  endfacet
  facet normal 0 0 -1
    outer loop
      vertex -40 0 0
      vertex -36 0 0
      vertex -35.75962360807186 -2.2870285989953527 0
    endloop
  endfacet
  facet normal 0 0 -1
    outer loop
      vertex -40 0 0
      vertex -35.75962360807186 2.2870285989953527 0
      vertex -36 0 0
    endloop
  endfacet
  facet normal 0 0 -1
    outer loop
      vertex -40 0 0
      vertex -35.04900003406861 4.474103073833803 0
      vertex -35.75962360807186 2.2870285989953527 0
    endloop
  endfacet
  facet normal -0.8660254037844386 -0.5 -1.499794697230877e-19
    outer loop
      vertex -32.5 -12.990381056766578 0
      vertex -40 0 394.8
      vertex -40 0 0
    endloop
  endfacet
  facet normal 0 0 -1
    outer loop
      vertex -32.5 -12.990381056766578 0
      vertex -21.600813061875577 -10.461621679246688 0
      vertex -2.9356614465620003 -9.035036904803958 0
    endloop
  endfacet
  facet normal 0 0 -1
    outer loop
      vertex -21.600813061875577 -10.461621679246688 0
      vertex -19.5 -9.526279441628825 0
      vertex -2.9356614465620003 -9.035036904803958 0
    endloop
  endfacet
  facet normal 0 0 -1
    outer loop
      vertex -32.5 -12.990381056766578 0
      vertex -2.9356614465620003 -9.035036904803958 0
      vertex -0.993020401042708 -9.447958005998597 0
    endloop
  endfacet
  facet normal 0 0 -1
    outer loop
      vertex -32.5 -12.990381056766578 0
      vertex -0.993020401042708 -9.447958005998597 0
      vertex 0.993020401042708 -9.447958005998597 0
    endloop
  endfacet
  facet normal 0 0 -1
    outer loop
      vertex -19.5 -9.526279441628825 0
      vertex -17.63956333005256 -8.174593080251336 0
      vertex -4.75 -8.227241335952167 0
    endloop
  endfacet
  facet normal 0 0 -1
    outer loop
      vertex -17.63956333005256 -8.174593080251336 0
      vertex -16.100813061875577 -6.465637775217204 0
      vertex -6.356740760409153 -7.059875842035245 0
    endloop
  endfacet
  facet normal 0 0 -1
    outer loop
      vertex -14.950999965931391 -4.474103073833803 0
      vertex -7.685661446562001 -5.583959896778495 0
      vertex -16.100813061875577 -6.465637775217204 0
    endloop
  endfacet
  facet normal 0 0 -1
    outer loop
      vertex -16.100813061875577 -6.465637775217204 0
      vertex -7.685661446562001 -5.583959896778495 0
      vertex -6.356740760409153 -7.059875842035245 0
    endloop
  endfacet
  facet normal 0 0 -1
    outer loop
      vertex -19.5 -9.526279441628825 0
      vertex -4.75 -8.227241335952167 0
      vertex -2.9356614465620003 -9.035036904803958 0
    endloop
  endfacet
  facet normal 0 0 -1
    outer loop
      vertex -17.63956333005256 -8.174593080251336 0
      vertex -6.356740760409153 -7.059875842035245 0
      vertex -4.75 -8.227241335952167 0
    endloop
  endfacet
  facet normal 0 -1 0
    outer loop
      vertex -32.5 -12.990381056766578 0
      vertex 32.5 -12.990381056766578 0
      vertex -32.5 -12.990381056766578 394.8
    endloop
  endfacet
  facet normal 0 0 -1
    outer loop
      vertex -8.678681847604707 -3.863998109220102 0
      vertex -14.950999965931391 -4.474103073833803 0
      vertex -14.240376391928137 -2.2870285989953527 0
    endloop
  endfacet
  facet normal 0 0 -1
    outer loop
      vertex -14.950999965931391 -4.474103073833803 0
      vertex -8.678681847604707 -3.863998109220102 0
      vertex -7.685661446562001 -5.583959896778495 0
    endloop
  endfacet
  facet normal 0 0 -1
    outer loop
      vertex -8.678681847604707 -3.863998109220102 0
      vertex -14.240376391928137 -2.2870285989953527 0
      vertex -9.292402206971154 -1.9751610627687137 0
    endloop
  endfacet
  facet normal 0 0 -1
    outer loop
      vertex -14.240376391928137 -2.2870285989953527 0
      vertex -14 0 0
      vertex -9.292402206971154 -1.9751610627687137 0
    endloop
  endfacet
  facet normal 0 0 -1
    outer loop
      vertex -14 0 0
      vertex -9.5 0 0
      vertex -9.292402206971154 -1.9751610627687137 0
    endloop
  endfacet
  facet normal 0 0 -1
    outer loop
      vertex -14 0 0
      vertex -14.240376391928137 2.2870285989953527 0
      vertex -9.5 0 0
    endloop
  endfacet
  facet normal 0 0 -1
    outer loop
      vertex -14.240376391928137 2.2870285989953527 0
      vertex -9.292402206971154 1.9751610627687137 0
      vertex -9.5 0 0
    endloop
  endfacet
  facet normal -0.8660254037844386 -0.5 0
    outer loop
      vertex -32.5 -12.990381056766578 0
      vertex -32.5 -12.990381056766578 394.8
      vertex -40 0 394.8
    endloop
  endfacet
  facet normal 0 0 -1
    outer loop
      vertex -40 0 0
      vertex -32.5 12.990381056766578 0
      vertex -35.04900003406861 4.474103073833803 0
    endloop
  endfacet
  facet normal 0 0 -1
    outer loop
      vertex -32.5 12.990381056766578 0
      vertex -33.89918693812442 6.465637775217204 0
      vertex -35.04900003406861 4.474103073833803 0
    endloop
  endfacet
  facet normal 0 0 -1
    outer loop
      vertex -32.5 12.990381056766578 0
      vertex -32.36043666994744 8.174593080251336 0
      vertex -33.89918693812442 6.465637775217204 0
    endloop
  endfacet
  facet normal -0.8660254037844386 0.5 1.499794697230877e-19
    outer loop
      vertex -40 0 0
      vertex -32.5 12.990381056766578 394.8
      vertex -32.5 12.990381056766578 0
    endloop
  endfacet
  facet normal 0 0 -1
    outer loop
      vertex -32.5 12.990381056766578 0
      vertex -30.5 9.526279441628825 0
      vertex -32.36043666994744 8.174593080251336 0
    endloop
  endfacet
  facet normal 0 0 -1
    outer loop
      vertex -32.5 12.990381056766578 0
      vertex -28.399186938124423 10.461621679246688 0
      vertex -30.5 9.526279441628825 0
    endloop
  endfacet
  facet normal 0 0 -1
    outer loop
      vertex -32.5 12.990381056766578 0
      vertex -26.14981309594419 10.939740849051006 0
      vertex -28.399186938124423 10.461621679246688 0
    endloop
  endfacet
  facet normal 0 0 -1
    outer loop
      vertex -32.5 12.990381056766578 0
      vertex -23.85018690405581 10.939740849051006 0
      vertex -26.14981309594419 10.939740849051006 0
    endloop
  endfacet
  facet normal 0 1 0
    outer loop
      vertex -32.5 12.990381056766578 0
      vertex -32.5 12.990381056766578 394.8
      vertex -3.42351660256832 12.990381056766578 200.39230908213784
    endloop
  endfacet
  facet normal 0 0 -1
    outer loop
      vertex -14.240376391928137 2.2870285989953527 0
      vertex -14.950999965931391 4.474103073833803 0
      vertex -8.678681847604707 3.863998109220102 0
    endloop
  endfacet
  facet normal 0 0 -1
    outer loop
      vertex -14.240376391928137 2.2870285989953527 0
      vertex -8.678681847604707 3.863998109220102 0
      vertex -9.292402206971154 1.9751610627687137 0
    endloop
  endfacet
  facet normal 0 0 -1
    outer loop
      vertex -14.950999965931391 4.474103073833803 0
      vertex -16.100813061875577 6.465637775217204 0
      vertex -7.685661446562001 5.583959896778495 0
    endloop
  endfacet
  facet normal 0 0 -1
    outer loop
      vertex -14.950999965931391 4.474103073833803 0
      vertex -7.685661446562001 5.583959896778495 0
      vertex -8.678681847604707 3.863998109220102 0
    endloop
  endfacet
  facet normal 0 0 -1
    outer loop
      vertex -17.63956333005256 8.174593080251336 0
      vertex -6.356740760409153 7.059875842035245 0
      vertex -16.100813061875577 6.465637775217204 0
    endloop
  endfacet
  facet normal 0 0 -1
    outer loop
      vertex -16.100813061875577 6.465637775217204 0
      vertex -6.356740760409153 7.059875842035245 0
      vertex -7.685661446562001 5.583959896778495 0
    endloop
  endfacet
  facet normal 0 0 -1
    outer loop
      vertex -17.63956333005256 8.174593080251336 0
      vertex -19.5 9.526279441628825 0
      vertex -4.75 8.227241335952167 0
    endloop
  endfacet
  facet normal 0 0 -1
    outer loop
      vertex -21.600813061875577 10.461621679246688 0
      vertex -2.9356614465620003 9.035036904803958 0
      vertex -19.5 9.526279441628825 0
    endloop
  endfacet
  facet normal 0 0 -1
    outer loop
      vertex -17.63956333005256 8.174593080251336 0
      vertex -4.75 8.227241335952167 0
      vertex -6.356740760409153 7.059875842035245 0
    endloop
  endfacet
  facet normal 0 0 -1
    outer loop
      vertex -19.5 9.526279441628825 0
      vertex -2.9356614465620003 9.035036904803958 0
      vertex -4.75 8.227241335952167 0
    endloop
  endfacet
  facet normal 0 0 -1
    outer loop
      vertex -32.5 12.990381056766578 0
      vertex -2.9356614465620003 9.035036904803958 0
      vertex -23.85018690405581 10.939740849051006 0
    endloop
  endfacet
  facet normal 0 0 -1
    outer loop
      vertex -23.85018690405581 10.939740849051006 0
      vertex -2.9356614465620003 9.035036904803958 0
      vertex -21.600813061875577 10.461621679246688 0
    endloop
  endfacet
  facet normal 0 0 -1
    outer loop
      vertex -32.5 12.990381056766578 0
      vertex -0.993020401042708 9.447958005998597 0
      vertex -2.9356614465620003 9.035036904803958 0
    endloop
  endfacet
  facet normal 0 0 -1
    outer loop
      vertex -32.5 12.990381056766578 0
      vertex 0.993020401042708 9.447958005998597 0
      vertex -0.993020401042708 9.447958005998597 0
    endloop
  endfacet
  facet normal 0 1 0
    outer loop
      vertex -32.5 12.990381056766578 0
      vertex -3.42351660256832 12.990381056766578 91.32230908213783
      vertex -3.197409101749103 12.990381056766578 90.6264217492347
    endloop
  endfacet
  facet normal 0 1 0
    outer loop
      vertex -32.5 12.990381056766578 0
      vertex -3.197409101749103 12.990381056766578 90.6264217492347
      vertex -2.831559480312316 12.990381056766578 89.99275161697634
    endloop
  endfacet
  facet normal 0 1 0
    outer loop
      vertex -32.5 12.990381056766578 0
      vertex -2.831559480312316 12.990381056766578 89.99275161697634
      vertex -2.341957122256004 12.990381056766578 89.44899311082912
    endloop
  endfacet
  facet normal 0 1 0
    outer loop
      vertex -32.5 12.990381056766578 0
      vertex -3.5 12.990381056766578 92.05
      vertex -3.42351660256832 12.990381056766578 91.32230908213783
    endloop
  endfacet
  facet normal 0 1 0
    outer loop
      vertex -32.5 12.990381056766578 0
      vertex -3.5 12.990381056766578 127.83
      vertex -3.5 12.990381056766578 92.05
    endloop
  endfacet
  facet normal 0 1 0
    outer loop
      vertex -32.5 12.990381056766578 0
      vertex -2.341957122256004 12.990381056766578 89.44899311082912
      vertex -1.75 12.990381056766578 89.01891108675446
    endloop
  endfacet
  facet normal 0 1 0
    outer loop
      vertex -32.5 12.990381056766578 0
      vertex -1.75 12.990381056766578 89.01891108675446
      vertex -1.0815594803123159 12.990381056766578 88.72130219296696
    endloop
  endfacet
  facet normal 0 1 0
    outer loop
      vertex -32.5 12.990381056766578 0
      vertex -1.0815594803123159 12.990381056766578 88.72130219296696
      vertex -0.3658496214367871 12.990381056766578 88.56917336621105
    endloop
  endfacet
  facet normal 0 1 0
    outer loop
      vertex -32.5 12.990381056766578 0
      vertex -0.3658496214367871 12.990381056766578 88.56917336621105
      vertex 0.3658496214367871 12.990381056766578 88.56917336621105
    endloop
  endfacet
  facet normal 0 1 0
    outer loop
      vertex -32.5 12.990381056766578 0
      vertex 0.3658496214367871 12.990381056766578 88.56917336621105
      vertex 1.0815594803123159 12.990381056766578 88.72130219296696
    endloop
  endfacet
  facet normal 0 1 0
    outer loop
      vertex -32.5 12.990381056766578 0
      vertex -3.42351660256832 12.990381056766578 128.55769091786215
      vertex -3.5 12.990381056766578 127.83
    endloop
  endfacet
  facet normal 0 1 0
    outer loop
      vertex -32.5 12.990381056766578 0
      vertex -3.42351660256832 12.990381056766578 158.98230908213785
      vertex -3.42351660256832 12.990381056766578 128.55769091786215
    endloop
  endfacet
  facet normal 0 1 0
    outer loop
      vertex -32.5 12.990381056766578 0
      vertex -3.5 12.990381056766578 159.71
      vertex -3.42351660256832 12.990381056766578 158.98230908213785
    endloop
  endfacet
  facet normal 0 1 0
    outer loop
      vertex -32.5 12.990381056766578 0
      vertex -3.42351660256832 12.990381056766578 160.43769091786217
      vertex -3.5 12.990381056766578 159.71
    endloop
  endfacet
  facet normal 0 1 0
    outer loop
      vertex -3.5 12.990381056766578 92.05
      vertex -3.42351660256832 12.990381056766578 127.10230908213784
      vertex -3.42351660256832 12.990381056766578 92.77769091786216
    endloop
  endfacet
  facet normal 0 1 0
    outer loop
      vertex -3.42351660256832 12.990381056766578 92.77769091786216
      vertex -3.197409101749103 12.990381056766578 126.4064217492347
      vertex -3.197409101749103 12.990381056766578 93.4735782507653
    endloop
  endfacet
  facet normal 0 1 0
    outer loop
      vertex -2.831559480312316 12.990381056766578 94.10724838302366
      vertex -3.197409101749103 12.990381056766578 93.4735782507653
      vertex -2.831559480312316 12.990381056766578 125.77275161697634
    endloop
  endfacet
  facet normal 0 1 0
    outer loop
      vertex -2.831559480312316 12.990381056766578 94.10724838302366
      vertex -2.341957122256004 12.990381056766578 125.22899311082912
      vertex -2.341957122256004 12.990381056766578 94.65100688917087
    endloop
  endfacet
  facet normal 0 1 0
    outer loop
      vertex -2.341957122256004 12.990381056766578 94.65100688917087
      vertex -1.75 12.990381056766578 124.79891108675446
      vertex -1.75 12.990381056766578 95.08108891324554
    endloop
  endfacet
  facet normal 0 1 0
    outer loop
      vertex -1.75 12.990381056766578 95.08108891324554
      vertex -1.0815594803123159 12.990381056766578 124.50130219296696
      vertex -1.0815594803123159 12.990381056766578 95.37869780703303
    endloop
  endfacet
  facet normal 0 1 0
    outer loop
      vertex -1.0815594803123159 12.990381056766578 95.37869780703303
      vertex -0.3658496214367871 12.990381056766578 124.34917336621105
      vertex -0.3658496214367871 12.990381056766578 95.53082663378895
    endloop
  endfacet
  facet normal 0 1 0
    outer loop
      vertex -32.5 12.990381056766578 0
      vertex -3.197409101749103 12.990381056766578 199.6964217492347
      vertex -2.831559480312316 12.990381056766578 199.06275161697636
    endloop
  endfacet
  facet normal 0 1 0
    outer loop
      vertex -32.5 12.990381056766578 0
      vertex -3.42351660256832 12.990381056766578 200.39230908213784
      vertex -3.197409101749103 12.990381056766578 199.6964217492347
    endloop
  endfacet
  facet normal 0 1 0
    outer loop
      vertex -32.5 12.990381056766578 0
      vertex -2.831559480312316 12.990381056766578 199.06275161697636
      vertex -2.341957122256004 12.990381056766578 198.51899311082911
    endloop
  endfacet
  facet normal 0 1 0
    outer loop
      vertex -32.5 12.990381056766578 0
      vertex 0.3658496214367871 12.990381056766578 197.63917336621105
      vertex -3.42351660256832 12.990381056766578 160.43769091786217
    endloop
  endfacet
  facet normal 0 1 0
    outer loop
      vertex -32.5 12.990381056766578 0
      vertex -2.341957122256004 12.990381056766578 198.51899311082911
      vertex -1.75 12.990381056766578 198.08891108675448
    endloop
  endfacet
  facet normal 0 1 0
    outer loop
      vertex -32.5 12.990381056766578 0
      vertex -1.75 12.990381056766578 198.08891108675448
      vertex -1.0815594803123159 12.990381056766578 197.79130219296698
    endloop
  endfacet
  facet normal 0 1 0
    outer loop
      vertex -32.5 12.990381056766578 0
      vertex -1.0815594803123159 12.990381056766578 197.79130219296698
      vertex -0.3658496214367871 12.990381056766578 197.63917336621105
    endloop
  endfacet
  facet normal 0 1 0
    outer loop
      vertex -32.5 12.990381056766578 0
      vertex -0.3658496214367871 12.990381056766578 197.63917336621105
      vertex 0.3658496214367871 12.990381056766578 197.63917336621105
    endloop
  endfacet
  facet normal 0 1 0
    outer loop
      vertex -3.5 12.990381056766578 92.05
      vertex -3.5 12.990381056766578 127.83
      vertex -3.42351660256832 12.990381056766578 127.10230908213784
    endloop
  endfacet
  facet normal 0 1 0
    outer loop
      vertex -3.42351660256832 12.990381056766578 92.77769091786216
      vertex -3.42351660256832 12.990381056766578 127.10230908213784
      vertex -3.197409101749103 12.990381056766578 126.4064217492347
    endloop
  endfacet
  facet normal 0 1 0
    outer loop
      vertex -3.197409101749103 12.990381056766578 93.4735782507653
      vertex -3.197409101749103 12.990381056766578 126.4064217492347
      vertex -2.831559480312316 12.990381056766578 125.77275161697634
    endloop
  endfacet
  facet normal 0 1 0
    outer loop
      vertex -2.831559480312316 12.990381056766578 94.10724838302366
      vertex -2.831559480312316 12.990381056766578 125.77275161697634
      vertex -2.341957122256004 12.990381056766578 125.22899311082912
    endloop
  endfacet
  facet normal 0 1 0
    outer loop
      vertex -2.341957122256004 12.990381056766578 94.65100688917087
      vertex -2.341957122256004 12.990381056766578 125.22899311082912
      vertex -1.75 12.990381056766578 124.79891108675446
    endloop
  endfacet
  facet normal 0 1 0
    outer loop
      vertex -1.75 12.990381056766578 95.08108891324554
      vertex -1.75 12.990381056766578 124.79891108675446
      vertex -1.0815594803123159 12.990381056766578 124.50130219296696
    endloop
  endfacet
  facet normal 0 1 0
    outer loop
      vertex -1.0815594803123159 12.990381056766578 95.37869780703303
      vertex -1.0815594803123159 12.990381056766578 124.50130219296696
      vertex -0.3658496214367871 12.990381056766578 124.34917336621105
    endloop
  endfacet
  facet normal 0 1 0
    outer loop
      vertex -0.3658496214367871 12.990381056766578 95.53082663378895
      vertex -0.3658496214367871 12.990381056766578 124.34917336621105
      vertex 0.3658496214367871 12.990381056766578 124.34917336621105
    endloop
  endfacet
  facet normal 0 1 0
    outer loop
      vertex -3.197409101749103 12.990381056766578 129.2535782507653
      vertex -3.42351660256832 12.990381056766578 128.55769091786215
      vertex -3.197409101749103 12.990381056766578 158.2864217492347
    endloop
  endfacet
  facet normal 0 1 0
    outer loop
      vertex -2.831559480312316 12.990381056766578 129.88724838302366
      vertex -3.197409101749103 12.990381056766578 129.2535782507653
      vertex -2.831559480312316 12.990381056766578 157.65275161697636
    endloop
  endfacet
  facet normal 0 1 0
    outer loop
      vertex -2.831559480312316 12.990381056766578 129.88724838302366
      vertex -2.341957122256004 12.990381056766578 157.10899311082912
      vertex -2.341957122256004 12.990381056766578 130.43100688917087
    endloop
  endfacet
  facet normal 0 1 0
    outer loop
      vertex -2.831559480312316 12.990381056766578 129.88724838302366
      vertex -2.831559480312316 12.990381056766578 157.65275161697636
      vertex -2.341957122256004 12.990381056766578 157.10899311082912
    endloop
  endfacet
  facet normal 0 1 0
    outer loop
      vertex -3.42351660256832 12.990381056766578 158.98230908213785
      vertex -3.197409101749103 12.990381056766578 158.2864217492347
      vertex -3.42351660256832 12.990381056766578 128.55769091786215
    endloop
  endfacet
  facet normal 0 1 0
    outer loop
      vertex -3.197409101749103 12.990381056766578 129.2535782507653
      vertex -3.197409101749103 12.990381056766578 158.2864217492347
      vertex -2.831559480312316 12.990381056766578 157.65275161697636
    endloop
  endfacet
  facet normal 0 1 0
    outer loop
      vertex -2.341957122256004 12.990381056766578 130.43100688917087
      vertex -1.75 12.990381056766578 156.67891108675448
      vertex -1.75 12.990381056766578 130.86108891324554
    endloop
  endfacet
  facet normal 0 1 0
    outer loop
      vertex -1.0815594803123159 12.990381056766578 156.38130219296698
      vertex -1.0815594803123159 12.990381056766578 131.15869780703304
      vertex -1.75 12.990381056766578 130.86108891324554
    endloop
  endfacet
  facet normal 0 1 0
    outer loop
      vertex -1.75 12.990381056766578 156.67891108675448
      vertex -2.341957122256004 12.990381056766578 130.43100688917087
      vertex -2.341957122256004 12.990381056766578 157.10899311082912
    endloop
  endfacet
  facet normal 0 1 0
    outer loop
      vertex -1.75 12.990381056766578 130.86108891324554
      vertex -1.75 12.990381056766578 156.67891108675448
      vertex -1.0815594803123159 12.990381056766578 156.38130219296698
    endloop
  endfacet
  facet normal 0 1 0
    outer loop
      vertex -1.0815594803123159 12.990381056766578 131.15869780703304
      vertex -0.3658496214367871 12.990381056766578 156.22917336621106
      vertex -0.3658496214367871 12.990381056766578 131.31082663378896
    endloop
  endfacet
  facet normal 0 1 0
    outer loop
      vertex -1.0815594803123159 12.990381056766578 131.15869780703304
      vertex -1.0815594803123159 12.990381056766578 156.38130219296698
      vertex -0.3658496214367871 12.990381056766578 156.22917336621106
    endloop
  endfacet
  facet normal 0 1 0
    outer loop
      vertex 0.3658496214367871 12.990381056766578 156.22917336621106
      vertex -0.3658496214367871 12.990381056766578 131.31082663378896
      vertex -0.3658496214367871 12.990381056766578 156.22917336621106
    endloop
  endfacet
  facet normal 0 1 0
    outer loop
      vertex 0.3658496214367871 12.990381056766578 197.63917336621105
      vertex -3.197409101749103 12.990381056766578 161.1335782507653
      vertex -3.42351660256832 12.990381056766578 160.43769091786217
    endloop
  endfacet
  facet normal 0 1 0
    outer loop
      vertex 0.3658496214367871 12.990381056766578 197.63917336621105
      vertex -2.831559480312316 12.990381056766578 161.76724838302366
      vertex -3.197409101749103 12.990381056766578 161.1335782507653
    endloop
  endfacet
  facet normal 0 1 0
    outer loop
      vertex 0.3658496214367871 12.990381056766578 197.63917336621105
      vertex -2.341957122256004 12.990381056766578 162.3110068891709
      vertex -2.831559480312316 12.990381056766578 161.76724838302366
    endloop
  endfacet
  facet normal 0 1 0
    outer loop
      vertex 0.3658496214367871 12.990381056766578 197.63917336621105
      vertex -1.75 12.990381056766578 162.74108891324553
      vertex -2.341957122256004 12.990381056766578 162.3110068891709
    endloop
  endfacet
  facet normal 0 1 0
    outer loop
      vertex 0.3658496214367871 12.990381056766578 197.63917336621105
      vertex -1.0815594803123159 12.990381056766578 163.03869780703303
      vertex -1.75 12.990381056766578 162.74108891324553
    endloop
  endfacet
  facet normal 0 1 0
    outer loop
      vertex 0.3658496214367871 12.990381056766578 197.63917336621105
      vertex -0.3658496214367871 12.990381056766578 163.19082663378896
      vertex -1.0815594803123159 12.990381056766578 163.03869780703303
    endloop
  endfacet
  facet normal -0.8660254037844386 0.5 0
    outer loop
      vertex -40 0 0
      vertex -40 0 394.8
      vertex -32.5 12.990381056766578 394.8
    endloop
  endfacet
  facet normal 0 1 0
    outer loop
      vertex -32.5 12.990381056766578 394.8
      vertex -29.95 12.990381056766578 389.6
      vertex -29.95 12.990381056766578 388.27634093396324
    endloop
  endfacet
  facet normal 0 1 0
    outer loop
      vertex -32.5 12.990381056766578 394.8
      vertex -29.95 12.990381056766578 394.8
      vertex -29.95 12.990381056766578 389.6
    endloop
  endfacet
  facet normal 0 1 0
    outer loop
      vertex -32.5 12.990381056766578 394.8
      vertex -29.95 12.990381056766578 388.27634093396324
      vertex -0.3658496214367871 12.990381056766578 204.60082663378896
    endloop
  endfacet
  facet normal 0 1 0
    outer loop
      vertex -32.5 12.990381056766578 394.8
      vertex -3.5 12.990381056766578 201.12
      vertex -3.42351660256832 12.990381056766578 200.39230908213784
    endloop
  endfacet
  facet normal 0 1 0
    outer loop
      vertex -32.5 12.990381056766578 394.8
      vertex -3.42351660256832 12.990381056766578 201.84769091786217
      vertex -3.5 12.990381056766578 201.12
    endloop
  endfacet
  facet normal 0 1 0
    outer loop
      vertex -32.5 12.990381056766578 394.8
      vertex -3.197409101749103 12.990381056766578 202.5435782507653
      vertex -3.42351660256832 12.990381056766578 201.84769091786217
    endloop
  endfacet
  facet normal 0 1 0
    outer loop
      vertex -32.5 12.990381056766578 394.8
      vertex -2.831559480312316 12.990381056766578 203.17724838302365
      vertex -3.197409101749103 12.990381056766578 202.5435782507653
    endloop
  endfacet
  facet normal 0 1 0
    outer loop
      vertex -32.5 12.990381056766578 394.8
      vertex -2.341957122256004 12.990381056766578 203.7210068891709
      vertex -2.831559480312316 12.990381056766578 203.17724838302365
    endloop
  endfacet
  facet normal 0 1 0
    outer loop
      vertex -32.5 12.990381056766578 394.8
      vertex -1.75 12.990381056766578 204.15108891324553
      vertex -2.341957122256004 12.990381056766578 203.7210068891709
    endloop
  endfacet
  facet normal 0 1 0
    outer loop
      vertex -32.5 12.990381056766578 394.8
      vertex -1.0815594803123159 12.990381056766578 204.44869780703303
      vertex -1.75 12.990381056766578 204.15108891324553
    endloop
  endfacet
  facet normal 0 1 0
    outer loop
      vertex -32.5 12.990381056766578 394.8
      vertex -0.3658496214367871 12.990381056766578 204.60082663378896
      vertex -1.0815594803123159 12.990381056766578 204.44869780703303
    endloop
  endfacet
  facet normal 0 1 0
    outer loop
      vertex -29.95 12.990381056766578 388.27634093396324
      vertex -3.5 12.990381056766578 225
      vertex -3.42351660256832 12.990381056766578 224.27230908213784
    endloop
  endfacet
  facet normal 0 1 0
    outer loop
      vertex -29.95 12.990381056766578 388.27634093396324
      vertex -3.42351660256832 12.990381056766578 225.72769091786216
      vertex -3.5 12.990381056766578 225
    endloop
  endfacet
  facet normal 0 1 0
    outer loop
      vertex -29.95 12.990381056766578 388.27634093396324
      vertex -3.197409101749103 12.990381056766578 226.4235782507653
      vertex -3.42351660256832 12.990381056766578 225.72769091786216
    endloop
  endfacet
  facet normal 0 1 0
    outer loop
      vertex -29.95 12.990381056766578 388.27634093396324
      vertex -2.831559480312316 12.990381056766578 227.05724838302365
      vertex -3.197409101749103 12.990381056766578 226.4235782507653
    endloop
  endfacet
  facet normal 0 1 0
    outer loop
      vertex -29.95 12.990381056766578 388.27634093396324
      vertex -2.341957122256004 12.990381056766578 227.6010068891709
      vertex -2.831559480312316 12.990381056766578 227.05724838302365
    endloop
  endfacet
  facet normal 0 1 0
    outer loop
      vertex -29.95 12.990381056766578 388.27634093396324
      vertex -1.75 12.990381056766578 228.03108891324553
      vertex -2.341957122256004 12.990381056766578 227.6010068891709
    endloop
  endfacet
  facet normal 0 1 0
    outer loop
      vertex -29.95 12.990381056766578 388.27634093396324
      vertex -3.42351660256832 12.990381056766578 224.27230908213784
      vertex -0.3658496214367871 12.990381056766578 204.60082663378896
    endloop
  endfacet
  facet normal 0 1 0
    outer loop
      vertex -29.95 12.990381056766578 388.27634093396324
      vertex -1.0815594803123159 12.990381056766578 228.32869780703302
      vertex -1.75 12.990381056766578 228.03108891324553
    endloop
  endfacet
  facet normal 0 1 0
    outer loop
      vertex -3.42351660256832 12.990381056766578 224.27230908213784
      vertex -3.197409101749103 12.990381056766578 223.5764217492347
      vertex -0.3658496214367871 12.990381056766578 204.60082663378896
    endloop
  endfacet
  facet normal 0 1 0
    outer loop
      vertex -3.197409101749103 12.990381056766578 223.5764217492347
      vertex -2.831559480312316 12.990381056766578 222.94275161697635
      vertex -0.3658496214367871 12.990381056766578 204.60082663378896
    endloop
  endfacet
  facet normal 0 1 0
    outer loop
      vertex -2.831559480312316 12.990381056766578 222.94275161697635
      vertex -2.341957122256004 12.990381056766578 222.3989931108291
      vertex -0.3658496214367871 12.990381056766578 204.60082663378896
    endloop
  endfacet
  facet normal 0 1 0
    outer loop
      vertex -1.75 12.990381056766578 221.96891108675447
      vertex -0.3658496214367871 12.990381056766578 204.60082663378896
      vertex -2.341957122256004 12.990381056766578 222.3989931108291
    endloop
  endfacet
  facet normal 0 1 0
    outer loop
      vertex -1.75 12.990381056766578 221.96891108675447
      vertex -1.0815594803123159 12.990381056766578 221.67130219296698
      vertex -0.3658496214367871 12.990381056766578 204.60082663378896
    endloop
  endfacet
  facet normal 0 1 0
    outer loop
      vertex -0.3658496214367871 12.990381056766578 204.60082663378896
      vertex -1.0815594803123159 12.990381056766578 221.67130219296698
      vertex -0.3658496214367871 12.990381056766578 221.51917336621105
    endloop
  endfacet
  facet normal 0 1 0
    outer loop
      vertex -0.3658496214367871 12.990381056766578 204.60082663378896
      vertex -0.3658496214367871 12.990381056766578 221.51917336621105
      vertex 0.3658496214367871 12.990381056766578 221.51917336621105
    endloop
  endfacet
  facet normal 0 1 0
    outer loop
      vertex -20.05 12.990381056766578 388.27634093396324
      vertex -0.3658496214367871 12.990381056766578 228.48082663378895
      vertex -1.0815594803123159 12.990381056766578 228.32869780703302
    endloop
  endfacet
  facet normal 0 1 0
    outer loop
      vertex -20.05 12.990381056766578 388.27634093396324
      vertex -1.0815594803123159 12.990381056766578 228.32869780703302
      vertex -29.95 12.990381056766578 388.27634093396324
    endloop
  endfacet
  facet normal 0 1 0
    outer loop
      vertex -20.05 12.990381056766578 389.6
      vertex -4.275 12.990381056766578 387.22602962664865
      vertex -20.05 12.990381056766578 388.27634093396324
    endloop
  endfacet
  facet normal 0 1 0
    outer loop
      vertex -20.05 12.990381056766578 389.6
      vertex -20.05 12.990381056766578 394.8
      vertex -4.275 12.990381056766578 387.22602962664865
    endloop
  endfacet
  facet normal 0 1 0
    outer loop
      vertex -20.05 12.990381056766578 388.27634093396324
      vertex -4.275 12.990381056766578 387.22602962664865
      vertex -0.3658496214367871 12.990381056766578 228.48082663378895
    endloop
  endfacet
  facet normal 0 1 0
    outer loop
      vertex -0.3658496214367871 12.990381056766578 228.48082663378895
      vertex -4.275 12.990381056766578 387.22602962664865
      vertex 4.275 12.990381056766578 387.22602962664865
    endloop
  endfacet
  facet normal 0 1 0
    outer loop
      vertex -4.275 12.990381056766578 394.44196594831743
      vertex -4.275 12.990381056766578 387.22602962664865
      vertex -20.05 12.990381056766578 394.8
    endloop
  endfacet
  facet normal 0 1 0
    outer loop
      vertex -4.275 12.990381056766578 394.8
      vertex -4.275 12.990381056766578 394.44196594831743
      vertex -20.05 12.990381056766578 394.8
    endloop
  endfacet
  facet normal 0 0 -1
    outer loop
      vertex -32.5 -12.990381056766578 0
      vertex 0.993020401042708 -9.447958005998597 0
      vertex 32.5 -12.990381056766578 0
    endloop
  endfacet
  facet normal 0 0 -1
    outer loop
      vertex 32.5 -12.990381056766578 0
      vertex 0.993020401042708 -9.447958005998597 0
      vertex 2.9356614465620003 -9.035036904803958 0
    endloop
  endfacet
  facet normal 0 0 -1
    outer loop
      vertex 32.5 -12.990381056766578 0
      vertex 2.9356614465620003 -9.035036904803958 0
      vertex 4.75 -8.227241335952167 0
    endloop
  endfacet
  facet normal 0 0 -1
    outer loop
      vertex 32.5 -12.990381056766578 0
      vertex 4.75 -8.227241335952167 0
      vertex 22.52786404500042 -7.608452130361228 0
    endloop
  endfacet
  facet normal 0 0 -1
    outer loop
      vertex 4.75 -8.227241335952167 0
      vertex 6.356740760409153 -7.059875842035245 0
      vertex 21 -6.928203230275509 0
    endloop
  endfacet
  facet normal 0 0 -1
    outer loop
      vertex 6.356740760409153 -7.059875842035245 0
      vertex 7.685661446562001 -5.583959896778495 0
      vertex 19.646955149129134 -5.945158603819154 0
    endloop
  endfacet
  facet normal 0 0 -1
    outer loop
      vertex 4.75 -8.227241335952167 0
      vertex 21 -6.928203230275509 0
      vertex 22.52786404500042 -7.608452130361228 0
    endloop
  endfacet
  facet normal 0 0 -1
    outer loop
      vertex 6.356740760409153 -7.059875842035245 0
      vertex 19.646955149129134 -5.945158603819154 0
      vertex 21 -6.928203230275509 0
    endloop
  endfacet
  facet normal 0 0 -1
    outer loop
      vertex 7.685661446562001 -5.583959896778495 0
      vertex 18.52786404500042 -4.702282018339785 0
      vertex 19.646955149129134 -5.945158603819154 0
    endloop
  endfacet
  facet normal 0 0 -1
    outer loop
      vertex 7.685661446562001 -5.583959896778495 0
      vertex 8.678681847604707 -3.863998109220102 0
      vertex 18.52786404500042 -4.702282018339785 0
    endloop
  endfacet
  facet normal 0 0 -1
    outer loop
      vertex 8.678681847604707 -3.863998109220102 0
      vertex 17.691636338859194 -3.2538931446064017 0
      vertex 18.52786404500042 -4.702282018339785 0
    endloop
  endfacet
  facet normal 0 0 -1
    outer loop
      vertex 9.292402206971154 -1.9751610627687137 0
      vertex 17.691636338859194 -3.2538931446064017 0
      vertex 8.678681847604707 -3.863998109220102 0
    endloop
  endfacet
  facet normal 0 0 -1
    outer loop
      vertex 9.292402206971154 -1.9751610627687137 0
      vertex 17.174819194129554 -1.6632935265420747 0
      vertex 17.691636338859194 -3.2538931446064017 0
    endloop
  endfacet
  facet normal 0 0 -1
    outer loop
      vertex 9.292402206971154 -1.9751610627687137 0
      vertex 9.5 0 0
      vertex 17.174819194129554 -1.6632935265420747 0
    endloop
  endfacet
  facet normal 0 0 -1
    outer loop
      vertex 9.5 0 0
      vertex 17 0 0
      vertex 17.174819194129554 -1.6632935265420747 0
    endloop
  endfacet
  facet normal 0 0 -1
    outer loop
      vertex 9.5 0 0
      vertex 9.292402206971154 1.9751610627687137 0
      vertex 17.174819194129554 1.6632935265420747 0
    endloop
  endfacet
  facet normal 0 0 -1
    outer loop
      vertex 9.5 0 0
      vertex 17.174819194129554 1.6632935265420747 0
      vertex 17 0 0
    endloop
  endfacet
  facet normal 0 0 -1
    outer loop
      vertex 32.5 -12.990381056766578 0
      vertex 22.52786404500042 -7.608452130361228 0
      vertex 24.163772293858774 -7.956175162946186 0
    endloop
  endfacet
  facet normal 0 0 -1
    outer loop
      vertex 32.5 -12.990381056766578 0
      vertex 24.163772293858774 -7.956175162946186 0
      vertex 25.836227706141226 -7.956175162946186 0
    endloop
  endfacet
  facet normal 0 0 -1
    outer loop
      vertex 32.5 -12.990381056766578 0
      vertex 25.836227706141226 -7.956175162946186 0
      vertex 27.47213595499958 -7.608452130361228 0
    endloop
  endfacet
  facet normal 0 0 -1
    outer loop
      vertex 32.5 -12.990381056766578 0
      vertex 27.47213595499958 -7.608452130361228 0
      vertex 29 -6.928203230275509 0
    endloop
  endfacet
  facet normal 0 0 -1
    outer loop
      vertex 32.5 -12.990381056766578 0
      vertex 29 -6.928203230275509 0
      vertex 30.353044850870866 -5.945158603819154 0
    endloop
  endfacet
  facet normal 0 0 -1
    outer loop
      vertex 32.5 -12.990381056766578 0
      vertex 30.353044850870866 -5.945158603819154 0
      vertex 31.47213595499958 -4.702282018339785 0
    endloop
  endfacet
  facet normal 0 0 -1
    outer loop
      vertex 32.5 -12.990381056766578 0
      vertex 31.47213595499958 -4.702282018339785 0
      vertex 32.30836366114081 -3.2538931446064017 0
    endloop
  endfacet
  facet normal 0 0 -1
    outer loop
      vertex 32.5 -12.990381056766578 0
      vertex 32.30836366114081 -3.2538931446064017 0
      vertex 32.825180805870446 -1.6632935265420747 0
    endloop
  endfacet
  facet normal 0.8660254037844386 -0.5 0
    outer loop
      vertex 32.5 -12.990381056766578 0
      vertex 40 0 0
      vertex 32.5 -12.990381056766578 394.8
    endloop
  endfacet
  facet normal 0 0 -1
    outer loop
      vertex 32.5 -12.990381056766578 0
      vertex 32.825180805870446 -1.6632935265420747 0
      vertex 40 0 0
    endloop
  endfacet
  facet normal 0 0 -1
    outer loop
      vertex 40 0 0
      vertex 32.825180805870446 -1.6632935265420747 0
      vertex 33 0 0
    endloop
  endfacet
  facet normal 0 0 -1
    outer loop
      vertex 40 0 0
      vertex 33 0 0
      vertex 32.825180805870446 1.6632935265420747 0
    endloop
  endfacet
  facet normal 0 0 -1
    outer loop
      vertex 40 0 0
      vertex 32.825180805870446 1.6632935265420747 0
      vertex 32.30836366114081 3.2538931446064017 0
    endloop
  endfacet
  facet normal 0 -1 0
    outer loop
      vertex -32.5 -12.990381056766578 394.8
      vertex 32.5 -12.990381056766578 0
      vertex 32.5 -12.990381056766578 394.8
    endloop
  endfacet
  facet normal 0.8660254037844386 -0.5 0
    outer loop
      vertex 40 0 0
      vertex 40 0 394.8
      vertex 32.5 -12.990381056766578 394.8
    endloop
  endfacet
  facet normal 0 0 -1
    outer loop
      vertex 8.678681847604707 3.863998109220102 0
      vertex 17.691636338859194 3.2538931446064017 0
      vertex 9.292402206971154 1.9751610627687137 0
    endloop
  endfacet
  facet normal 0 0 -1
    outer loop
      vertex 9.292402206971154 1.9751610627687137 0
      vertex 17.691636338859194 3.2538931446064017 0
      vertex 17.174819194129554 1.6632935265420747 0
    endloop
  endfacet
  facet normal 0 0 -1
    outer loop
      vertex 8.678681847604707 3.863998109220102 0
      vertex 18.52786404500042 4.702282018339785 0
      vertex 17.691636338859194 3.2538931446064017 0
    endloop
  endfacet
  facet normal 0 0 -1
    outer loop
      vertex 8.678681847604707 3.863998109220102 0
      vertex 19.646955149129134 5.945158603819154 0
      vertex 18.52786404500042 4.702282018339785 0
    endloop
  endfacet
  facet normal 0 0 -1
    outer loop
      vertex 8.678681847604707 3.863998109220102 0
      vertex 21 6.928203230275509 0
      vertex 19.646955149129134 5.945158603819154 0
    endloop
  endfacet
  facet normal 0 0 -1
    outer loop
      vertex 32.5 12.990381056766578 0
      vertex 6.356740760409153 7.059875842035245 0
      vertex 4.75 8.227241335952167 0
    endloop
  endfacet
  facet normal 0 0 -1
    outer loop
      vertex 8.678681847604707 3.863998109220102 0
      vertex 22.52786404500042 7.608452130361228 0
      vertex 21 6.928203230275509 0
    endloop
  endfacet
  facet normal 0 0 -1
    outer loop
      vertex 32.5 12.990381056766578 0
      vertex 8.678681847604707 3.863998109220102 0
      vertex 7.685661446562001 5.583959896778495 0
    endloop
  endfacet
  facet normal 0 0 -1
    outer loop
      vertex 32.5 12.990381056766578 0
      vertex 7.685661446562001 5.583959896778495 0
      vertex 6.356740760409153 7.059875842035245 0
    endloop
  endfacet
  facet normal 0 0 -1
    outer loop
      vertex -32.5 12.990381056766578 0
      vertex 32.5 12.990381056766578 0
      vertex 0.993020401042708 9.447958005998597 0
    endloop
  endfacet
  facet normal 0 1 0
    outer loop
      vertex -32.5 12.990381056766578 0
      vertex 1.0815594803123159 12.990381056766578 88.72130219296696
      vertex 32.5 12.990381056766578 0
    endloop
  endfacet
  facet normal 0 1 0
    outer loop
      vertex -0.3658496214367871 12.990381056766578 95.53082663378895
      vertex 0.3658496214367871 12.990381056766578 124.34917336621105
      vertex 0.3658496214367871 12.990381056766578 95.53082663378895
    endloop
  endfacet
  facet normal 0 1 0
    outer loop
      vertex 1.0815594803123159 12.990381056766578 95.37869780703303
      vertex 0.3658496214367871 12.990381056766578 95.53082663378895
      vertex 1.0815594803123159 12.990381056766578 124.50130219296696
    endloop
  endfacet
  facet normal 0 1 0
    outer loop
      vertex 1.0815594803123159 12.990381056766578 95.37869780703303
      vertex 1.75 12.990381056766578 124.79891108675446
      vertex 1.75 12.990381056766578 95.08108891324554
    endloop
  endfacet
  facet normal 0 1 0
    outer loop
      vertex 1.75 12.990381056766578 95.08108891324554
      vertex 2.341957122256004 12.990381056766578 125.22899311082912
      vertex 2.341957122256004 12.990381056766578 94.65100688917087
    endloop
  endfacet
  facet normal 0 1 0
    outer loop
      vertex 2.831559480312316 12.990381056766578 94.10724838302366
      vertex 2.341957122256004 12.990381056766578 94.65100688917087
      vertex 2.831559480312316 12.990381056766578 125.77275161697634
    endloop
  endfacet
  facet normal 0 1 0
    outer loop
      vertex 2.831559480312316 12.990381056766578 94.10724838302366
      vertex 3.197409101749103 12.990381056766578 126.4064217492347
      vertex 3.197409101749103 12.990381056766578 93.4735782507653
    endloop
  endfacet
  facet normal 0 1 0
    outer loop
      vertex 3.42351660256832 12.990381056766578 92.77769091786216
      vertex 3.197409101749103 12.990381056766578 93.4735782507653
      vertex 3.42351660256832 12.990381056766578 127.10230908213784
    endloop
  endfacet
  facet normal 0 0 -1
    outer loop
      vertex 32.5 12.990381056766578 0
      vertex 2.9356614465620003 9.035036904803958 0
      vertex 0.993020401042708 9.447958005998597 0
    endloop
  endfacet
  facet normal 0 0 -1
    outer loop
      vertex 32.5 12.990381056766578 0
      vertex 4.75 8.227241335952167 0
      vertex 2.9356614465620003 9.035036904803958 0
    endloop
  endfacet
  facet normal 0 1 0
    outer loop
      vertex 32.5 12.990381056766578 0
      vertex 1.0815594803123159 12.990381056766578 88.72130219296696
      vertex 1.75 12.990381056766578 89.01891108675446
    endloop
  endfacet
  facet normal 0 1 0
    outer loop
      vertex 32.5 12.990381056766578 0
      vertex 1.75 12.990381056766578 89.01891108675446
      vertex 2.341957122256004 12.990381056766578 89.44899311082912
    endloop
  endfacet
  facet normal 0 1 0
    outer loop
      vertex 32.5 12.990381056766578 0
      vertex 2.341957122256004 12.990381056766578 89.44899311082912
      vertex 2.831559480312316 12.990381056766578 89.99275161697634
    endloop
  endfacet
  facet normal 0 1 0
    outer loop
      vertex 32.5 12.990381056766578 0
      vertex 2.831559480312316 12.990381056766578 89.99275161697634
      vertex 3.197409101749103 12.990381056766578 90.6264217492347
    endloop
  endfacet
  facet normal 0 1 0
    outer loop
      vertex 32.5 12.990381056766578 0
      vertex 3.197409101749103 12.990381056766578 90.6264217492347
      vertex 3.42351660256832 12.990381056766578 91.32230908213783
    endloop
  endfacet
  facet normal 0 1 0
    outer loop
      vertex 32.5 12.990381056766578 0
      vertex 3.42351660256832 12.990381056766578 91.32230908213783
      vertex 3.5 12.990381056766578 92.05
    endloop
  endfacet
  facet normal 0 1 0
    outer loop
      vertex 32.5 12.990381056766578 0
      vertex 3.5 12.990381056766578 92.05
      vertex 3.42351660256832 12.990381056766578 92.77769091786216
    endloop
  endfacet
  facet normal 0 1 0
    outer loop
      vertex 32.5 12.990381056766578 0
      vertex 3.42351660256832 12.990381056766578 92.77769091786216
      vertex 3.42351660256832 12.990381056766578 127.10230908213784
    endloop
  endfacet
  facet normal 0 1 0
    outer loop
      vertex 32.5 12.990381056766578 0
      vertex 3.42351660256832 12.990381056766578 127.10230908213784
      vertex 3.5 12.990381056766578 127.83
    endloop
  endfacet
  facet normal 0 1 0
    outer loop
      vertex 32.5 12.990381056766578 0
      vertex 3.5 12.990381056766578 127.83
      vertex 3.42351660256832 12.990381056766578 128.55769091786215
    endloop
  endfacet
  facet normal 0 1 0
    outer loop
      vertex 32.5 12.990381056766578 0
      vertex 3.42351660256832 12.990381056766578 128.55769091786215
      vertex 3.42351660256832 12.990381056766578 158.98230908213785
    endloop
  endfacet
  facet normal 0 1 0
    outer loop
      vertex 32.5 12.990381056766578 0
      vertex 3.42351660256832 12.990381056766578 158.98230908213785
      vertex 3.5 12.990381056766578 159.71
    endloop
  endfacet
  facet normal 0 1 0
    outer loop
      vertex 32.5 12.990381056766578 0
      vertex 3.5 12.990381056766578 159.71
      vertex 3.42351660256832 12.990381056766578 160.43769091786217
    endloop
  endfacet
  facet normal 0 1 0
    outer loop
      vertex 0.3658496214367871 12.990381056766578 95.53082663378895
      vertex 0.3658496214367871 12.990381056766578 124.34917336621105
      vertex 1.0815594803123159 12.990381056766578 124.50130219296696
    endloop
  endfacet
  facet normal 0 1 0
    outer loop
      vertex 1.0815594803123159 12.990381056766578 95.37869780703303
      vertex 1.0815594803123159 12.990381056766578 124.50130219296696
      vertex 1.75 12.990381056766578 124.79891108675446
    endloop
  endfacet
  facet normal 0 1 0
    outer loop
      vertex 1.75 12.990381056766578 95.08108891324554
      vertex 1.75 12.990381056766578 124.79891108675446
      vertex 2.341957122256004 12.990381056766578 125.22899311082912
    endloop
  endfacet
  facet normal 0 1 0
    outer loop
      vertex 2.341957122256004 12.990381056766578 94.65100688917087
      vertex 2.341957122256004 12.990381056766578 125.22899311082912
      vertex 2.831559480312316 12.990381056766578 125.77275161697634
    endloop
  endfacet
  facet normal 0 1 0
    outer loop
      vertex 2.831559480312316 12.990381056766578 94.10724838302366
      vertex 2.831559480312316 12.990381056766578 125.77275161697634
      vertex 3.197409101749103 12.990381056766578 126.4064217492347
    endloop
  endfacet
  facet normal 0 1 0
    outer loop
      vertex 3.197409101749103 12.990381056766578 93.4735782507653
      vertex 3.197409101749103 12.990381056766578 126.4064217492347
      vertex 3.42351660256832 12.990381056766578 127.10230908213784
    endloop
  endfacet
  facet normal 0 1 0
    outer loop
      vertex -0.3658496214367871 12.990381056766578 131.31082663378896
      vertex 0.3658496214367871 12.990381056766578 156.22917336621106
      vertex 0.3658496214367871 12.990381056766578 131.31082663378896
    endloop
  endfacet
  facet normal 0 1 0
    outer loop
      vertex 1.0815594803123159 12.990381056766578 131.15869780703304
      vertex 0.3658496214367871 12.990381056766578 131.31082663378896
      vertex 1.0815594803123159 12.990381056766578 156.38130219296698
    endloop
  endfacet
  facet normal 0 1 0
    outer loop
      vertex 1.0815594803123159 12.990381056766578 156.38130219296698
      vertex 0.3658496214367871 12.990381056766578 131.31082663378896
      vertex 0.3658496214367871 12.990381056766578 156.22917336621106
    endloop
  endfacet
  facet normal 0 1 0
    outer loop
      vertex 1.0815594803123159 12.990381056766578 131.15869780703304
      vertex 1.75 12.990381056766578 156.67891108675448
      vertex 1.75 12.990381056766578 130.86108891324554
    endloop
  endfacet
  facet normal 0 1 0
    outer loop
      vertex 1.75 12.990381056766578 130.86108891324554
      vertex 2.341957122256004 12.990381056766578 157.10899311082912
      vertex 2.341957122256004 12.990381056766578 130.43100688917087
    endloop
  endfacet
  facet normal 0 1 0
    outer loop
      vertex 1.0815594803123159 12.990381056766578 131.15869780703304
      vertex 1.0815594803123159 12.990381056766578 156.38130219296698
      vertex 1.75 12.990381056766578 156.67891108675448
    endloop
  endfacet
  facet normal 0 1 0
    outer loop
      vertex 1.75 12.990381056766578 130.86108891324554
      vertex 1.75 12.990381056766578 156.67891108675448
      vertex 2.341957122256004 12.990381056766578 157.10899311082912
    endloop
  endfacet
  facet normal 0 1 0
    outer loop
      vertex 2.831559480312316 12.990381056766578 129.88724838302366
      vertex 2.341957122256004 12.990381056766578 130.43100688917087
      vertex 2.831559480312316 12.990381056766578 157.65275161697636
    endloop
  endfacet
  facet normal 0 1 0
    outer loop
      vertex 2.831559480312316 12.990381056766578 129.88724838302366
      vertex 3.197409101749103 12.990381056766578 158.2864217492347
      vertex 3.197409101749103 12.990381056766578 129.2535782507653
    endloop
  endfacet
  facet normal 0 1 0
    outer loop
      vertex 3.42351660256832 12.990381056766578 128.55769091786215
      vertex 3.197409101749103 12.990381056766578 129.2535782507653
      vertex 3.42351660256832 12.990381056766578 158.98230908213785
    endloop
  endfacet
  facet normal 0 1 0
    outer loop
      vertex 2.831559480312316 12.990381056766578 157.65275161697636
      vertex 2.341957122256004 12.990381056766578 130.43100688917087
      vertex 2.341957122256004 12.990381056766578 157.10899311082912
    endloop
  endfacet
  facet normal 0 1 0
    outer loop
      vertex 2.831559480312316 12.990381056766578 157.65275161697636
      vertex 3.197409101749103 12.990381056766578 158.2864217492347
      vertex 2.831559480312316 12.990381056766578 129.88724838302366
    endloop
  endfacet
  facet normal 0 1 0
    outer loop
      vertex 3.42351660256832 12.990381056766578 158.98230908213785
      vertex 3.197409101749103 12.990381056766578 129.2535782507653
      vertex 3.197409101749103 12.990381056766578 158.2864217492347
    endloop
  endfacet
  facet normal 0 1 0
    outer loop
      vertex -0.3658496214367871 12.990381056766578 163.19082663378896
      vertex 0.3658496214367871 12.990381056766578 197.63917336621105
      vertex 0.3658496214367871 12.990381056766578 163.19082663378896
    endloop
  endfacet
  facet normal 0 1 0
    outer loop
      vertex 1.0815594803123159 12.990381056766578 163.03869780703303
      vertex 0.3658496214367871 12.990381056766578 163.19082663378896
      vertex 1.0815594803123159 12.990381056766578 197.79130219296698
    endloop
  endfacet
  facet normal 0 1 0
    outer loop
      vertex 1.0815594803123159 12.990381056766578 163.03869780703303
      vertex 1.75 12.990381056766578 198.08891108675448
      vertex 1.75 12.990381056766578 162.74108891324553
    endloop
  endfacet
  facet normal 0 1 0
    outer loop
      vertex 1.75 12.990381056766578 162.74108891324553
      vertex 2.341957122256004 12.990381056766578 198.51899311082911
      vertex 2.341957122256004 12.990381056766578 162.3110068891709
    endloop
  endfacet
  facet normal 0 1 0
    outer loop
      vertex 1.0815594803123159 12.990381056766578 197.79130219296698
      vertex 0.3658496214367871 12.990381056766578 163.19082663378896
      vertex 0.3658496214367871 12.990381056766578 197.63917336621105
    endloop
  endfacet
  facet normal 0 1 0
    outer loop
      vertex 1.0815594803123159 12.990381056766578 163.03869780703303
      vertex 1.0815594803123159 12.990381056766578 197.79130219296698
      vertex 1.75 12.990381056766578 198.08891108675448
    endloop
  endfacet
  facet normal 0 1 0
    outer loop
      vertex 1.75 12.990381056766578 162.74108891324553
      vertex 1.75 12.990381056766578 198.08891108675448
      vertex 2.341957122256004 12.990381056766578 198.51899311082911
    endloop
  endfacet
  facet normal 0 1 0
    outer loop
      vertex 2.831559480312316 12.990381056766578 161.76724838302366
      vertex 2.341957122256004 12.990381056766578 162.3110068891709
      vertex 2.831559480312316 12.990381056766578 199.06275161697636
    endloop
  endfacet
  facet normal 0 1 0
    outer loop
      vertex 2.831559480312316 12.990381056766578 161.76724838302366
      vertex 3.197409101749103 12.990381056766578 199.6964217492347
      vertex 3.197409101749103 12.990381056766578 161.1335782507653
    endloop
  endfacet
  facet normal 0 1 0
    outer loop
      vertex 3.42351660256832 12.990381056766578 160.43769091786217
      vertex 3.197409101749103 12.990381056766578 161.1335782507653
      vertex 3.42351660256832 12.990381056766578 200.39230908213784
    endloop
  endfacet
  facet normal 0 1 0
    outer loop
      vertex 2.831559480312316 12.990381056766578 199.06275161697636
      vertex 2.341957122256004 12.990381056766578 162.3110068891709
      vertex 2.341957122256004 12.990381056766578 198.51899311082911
    endloop
  endfacet
  facet normal 0 1 0
    outer loop
      vertex 2.831559480312316 12.990381056766578 199.06275161697636
      vertex 3.197409101749103 12.990381056766578 199.6964217492347
      vertex 2.831559480312316 12.990381056766578 161.76724838302366
    endloop
  endfacet
  facet normal 0 1 0
    outer loop
      vertex 3.42351660256832 12.990381056766578 200.39230908213784
      vertex 3.197409101749103 12.990381056766578 161.1335782507653
      vertex 3.197409101749103 12.990381056766578 199.6964217492347
    endloop
  endfacet
  facet normal 0 1 0
    outer loop
      vertex 0.3658496214367871 12.990381056766578 204.60082663378896
      vertex -0.3658496214367871 12.990381056766578 204.60082663378896
      vertex 0.3658496214367871 12.990381056766578 221.51917336621105
    endloop
  endfacet
  facet normal 0 1 0
    outer loop
      vertex 32.5 12.990381056766578 0
      vertex 3.42351660256832 12.990381056766578 160.43769091786217
      vertex 3.42351660256832 12.990381056766578 200.39230908213784
    endloop
  endfacet
  facet normal 0 1 0
    outer loop
      vertex 32.5 12.990381056766578 0
      vertex 3.42351660256832 12.990381056766578 200.39230908213784
      vertex 3.5 12.990381056766578 201.12
    endloop
  endfacet
  facet normal 0 0 -1
    outer loop
      vertex 32.5 12.990381056766578 0
      vertex 22.52786404500042 7.608452130361228 0
      vertex 8.678681847604707 3.863998109220102 0
    endloop
  endfacet
  facet normal 0 0 -1
    outer loop
      vertex 32.5 12.990381056766578 0
      vertex 24.163772293858774 7.956175162946186 0
      vertex 22.52786404500042 7.608452130361228 0
    endloop
  endfacet
  facet normal 0 0 -1
    outer loop
      vertex 32.5 12.990381056766578 0
      vertex 25.836227706141226 7.956175162946186 0
      vertex 24.163772293858774 7.956175162946186 0
    endloop
  endfacet
  facet normal 0 0 -1
    outer loop
      vertex 32.5 12.990381056766578 0
      vertex 27.47213595499958 7.608452130361228 0
      vertex 25.836227706141226 7.956175162946186 0
    endloop
  endfacet
  facet normal 0 0 -1
    outer loop
      vertex 32.5 12.990381056766578 0
      vertex 29 6.928203230275509 0
      vertex 27.47213595499958 7.608452130361228 0
    endloop
  endfacet
  facet normal 0 0 -1
    outer loop
      vertex 40 0 0
      vertex 32.30836366114081 3.2538931446064017 0
      vertex 32.5 12.990381056766578 0
    endloop
  endfacet
  facet normal 0 0 -1
    outer loop
      vertex 32.5 12.990381056766578 0
      vertex 32.30836366114081 3.2538931446064017 0
      vertex 31.47213595499958 4.702282018339785 0
    endloop
  endfacet
  facet normal 0 0 -1
    outer loop
      vertex 32.5 12.990381056766578 0
      vertex 31.47213595499958 4.702282018339785 0
      vertex 30.353044850870866 5.945158603819154 0
    endloop
  endfacet
  facet normal 0 0 -1
    outer loop
      vertex 32.5 12.990381056766578 0
      vertex 30.353044850870866 5.945158603819154 0
      vertex 29 6.928203230275509 0
    endloop
  endfacet
  facet normal 0.8660254037844386 0.5 0
    outer loop
      vertex 40 0 0
      vertex 32.5 12.990381056766578 0
      vertex 40 0 394.8
    endloop
  endfacet
  facet normal 0 1 0
    outer loop
      vertex 32.5 12.990381056766578 0
      vertex 3.5 12.990381056766578 201.12
      vertex 32.5 12.990381056766578 394.8
    endloop
  endfacet
  facet normal 0 1 0
    outer loop
      vertex 0.3658496214367871 12.990381056766578 204.60082663378896
      vertex 0.3658496214367871 12.990381056766578 221.51917336621105
      vertex 1.0815594803123159 12.990381056766578 221.67130219296698
    endloop
  endfacet
  facet normal 0 1 0
    outer loop
      vertex 0.3658496214367871 12.990381056766578 204.60082663378896
      vertex 1.0815594803123159 12.990381056766578 221.67130219296698
      vertex 1.75 12.990381056766578 221.96891108675447
    endloop
  endfacet
  facet normal 0 1 0
    outer loop
      vertex 0.3658496214367871 12.990381056766578 204.60082663378896
      vertex 1.75 12.990381056766578 221.96891108675447
      vertex 2.341957122256004 12.990381056766578 222.3989931108291
    endloop
  endfacet
  facet normal 0 1 0
    outer loop
      vertex 0.3658496214367871 12.990381056766578 204.60082663378896
      vertex 2.341957122256004 12.990381056766578 222.3989931108291
      vertex 2.831559480312316 12.990381056766578 222.94275161697635
    endloop
  endfacet
  facet normal 0 1 0
    outer loop
      vertex 0.3658496214367871 12.990381056766578 204.60082663378896
      vertex 2.831559480312316 12.990381056766578 222.94275161697635
      vertex 3.197409101749103 12.990381056766578 223.5764217492347
    endloop
  endfacet
  facet normal 0 1 0
    outer loop
      vertex 0.3658496214367871 12.990381056766578 204.60082663378896
      vertex 3.197409101749103 12.990381056766578 223.5764217492347
      vertex 3.42351660256832 12.990381056766578 224.27230908213784
    endloop
  endfacet
  facet normal 0 1 0
    outer loop
      vertex -0.3658496214367871 12.990381056766578 228.48082663378895
      vertex 4.275 12.990381056766578 387.22602962664865
      vertex 0.3658496214367871 12.990381056766578 228.48082663378895
    endloop
  endfacet
  facet normal 0 1 0
    outer loop
      vertex 1.0815594803123159 12.990381056766578 228.32869780703302
      vertex 0.3658496214367871 12.990381056766578 228.48082663378895
      vertex 21.4 12.990381056766578 386.1757183193341
    endloop
  endfacet
  facet normal 0 1 0
    outer loop
      vertex 32.5 12.990381056766578 394.8
      vertex 1.0815594803123159 12.990381056766578 204.44869780703303
      vertex 0.3658496214367871 12.990381056766578 204.60082663378896
    endloop
  endfacet
  facet normal 0 1 0
    outer loop
      vertex 32.5 12.990381056766578 394.8
      vertex 1.75 12.990381056766578 204.15108891324553
      vertex 1.0815594803123159 12.990381056766578 204.44869780703303
    endloop
  endfacet
  facet normal 0 1 0
    outer loop
      vertex 32.5 12.990381056766578 394.8
      vertex 2.341957122256004 12.990381056766578 203.7210068891709
      vertex 1.75 12.990381056766578 204.15108891324553
    endloop
  endfacet
  facet normal 0 1 0
    outer loop
      vertex 32.5 12.990381056766578 394.8
      vertex 2.831559480312316 12.990381056766578 203.17724838302365
      vertex 2.341957122256004 12.990381056766578 203.7210068891709
    endloop
  endfacet
  facet normal 0 1 0
    outer loop
      vertex 32.5 12.990381056766578 394.8
      vertex 3.197409101749103 12.990381056766578 202.5435782507653
      vertex 2.831559480312316 12.990381056766578 203.17724838302365
    endloop
  endfacet
  facet normal 0 1 0
    outer loop
      vertex 32.5 12.990381056766578 394.8
      vertex 3.42351660256832 12.990381056766578 201.84769091786217
      vertex 3.197409101749103 12.990381056766578 202.5435782507653
    endloop
  endfacet
  facet normal 0 1 0
    outer loop
      vertex 32.5 12.990381056766578 394.8
      vertex 3.5 12.990381056766578 201.12
      vertex 3.42351660256832 12.990381056766578 201.84769091786217
    endloop
  endfacet
  facet normal 0 1 0
    outer loop
      vertex 1.0815594803123159 12.990381056766578 228.32869780703302
      vertex 28.6 12.990381056766578 386.1757183193341
      vertex 1.75 12.990381056766578 228.03108891324553
    endloop
  endfacet
  facet normal 0 1 0
    outer loop
      vertex 1.75 12.990381056766578 228.03108891324553
      vertex 28.6 12.990381056766578 386.1757183193341
      vertex 2.341957122256004 12.990381056766578 227.6010068891709
    endloop
  endfacet
  facet normal 0 1 0
    outer loop
      vertex 32.5 12.990381056766578 394.8
      vertex 0.3658496214367871 12.990381056766578 204.60082663378896
      vertex 3.42351660256832 12.990381056766578 224.27230908213784
    endloop
  endfacet
  facet normal 0 1 0
    outer loop
      vertex 3.42351660256832 12.990381056766578 225.72769091786216
      vertex 3.197409101749103 12.990381056766578 226.4235782507653
      vertex 28.6 12.990381056766578 386.1757183193341
    endloop
  endfacet
  facet normal 0 1 0
    outer loop
      vertex 2.831559480312316 12.990381056766578 227.05724838302365
      vertex 2.341957122256004 12.990381056766578 227.6010068891709
      vertex 28.6 12.990381056766578 386.1757183193341
    endloop
  endfacet
  facet normal 0 1 0
    outer loop
      vertex 2.831559480312316 12.990381056766578 227.05724838302365
      vertex 28.6 12.990381056766578 386.1757183193341
      vertex 3.197409101749103 12.990381056766578 226.4235782507653
    endloop
  endfacet
  facet normal 0 1 0
    outer loop
      vertex 32.5 12.990381056766578 394.8
      vertex 3.42351660256832 12.990381056766578 224.27230908213784
      vertex 3.5 12.990381056766578 225
    endloop
  endfacet
  facet normal 0 1 0
    outer loop
      vertex 32.5 12.990381056766578 394.8
      vertex 3.5 12.990381056766578 225
      vertex 3.42351660256832 12.990381056766578 225.72769091786216
    endloop
  endfacet
  facet normal 0 1 0
    outer loop
      vertex 0.3658496214367871 12.990381056766578 228.48082663378895
      vertex 4.275 12.990381056766578 387.22602962664865
      vertex 21.4 12.990381056766578 386.1757183193341
    endloop
  endfacet
  facet normal 0 1 0
    outer loop
      vertex 4.275 12.990381056766578 389.6
      vertex 21.4 12.990381056766578 386.1757183193341
      vertex 4.275 12.990381056766578 387.22602962664865
    endloop
  endfacet
  facet normal 0 1 0
    outer loop
      vertex 4.275 12.990381056766578 394.8
      vertex 21.4 12.990381056766578 386.1757183193341
      vertex 4.275 12.990381056766578 389.6
    endloop
  endfacet
  facet normal 0 1 0
    outer loop
      vertex 1.0815594803123159 12.990381056766578 228.32869780703302
      vertex 21.4 12.990381056766578 386.1757183193341
      vertex 28.6 12.990381056766578 386.1757183193341
    endloop
  endfacet
  facet normal 0 1 0
    outer loop
      vertex 4.275 12.990381056766578 394.8
      vertex 21.4 12.990381056766578 394.8
      vertex 21.4 12.990381056766578 386.1757183193341
    endloop
  endfacet
  facet normal 0.8660254037844386 0.5 -1.499794697230877e-19
    outer loop
      vertex 40 0 394.8
      vertex 32.5 12.990381056766578 0
      vertex 32.5 12.990381056766578 394.8
    endloop
  endfacet
  facet normal 0 1 0
    outer loop
      vertex 32.5 12.990381056766578 394.8
      vertex 3.42351660256832 12.990381056766578 225.72769091786216
      vertex 28.6 12.990381056766578 386.1757183193341
    endloop
  endfacet
  facet normal 0 1 0
    outer loop
      vertex 32.5 12.990381056766578 394.8
      vertex 28.6 12.990381056766578 386.1757183193341
      vertex 28.6 12.990381056766578 389.6
    endloop
  endfacet
  facet normal 0 1 0
    outer loop
      vertex 32.5 12.990381056766578 394.8
      vertex 28.6 12.990381056766578 389.6
      vertex 28.6 12.990381056766578 394.8
    endloop
  endfacet
  facet normal 0 -1 0
    outer loop
      vertex -6.5 14.5 92.05
      vertex -3.42351660256832 14.5 91.32230908213783
      vertex -3.5 14.5 92.05
    endloop
  endfacet
  facet normal 0 -1 0
    outer loop
      vertex -6.5 14.5 92.05
      vertex -3.5 14.5 92.05
      vertex -3.42351660256832 14.5 92.77769091786216
    endloop
  endfacet
  facet normal 0 -1 0
    outer loop
      vertex -6.5 14.5 92.05
      vertex -3.25 14.5 86.42083487540114
      vertex -3.197409101749103 14.5 90.6264217492347
    endloop
  endfacet
  facet normal 0 -1 0
    outer loop
      vertex -6.5 14.5 92.05
      vertex -3.197409101749103 14.5 90.6264217492347
      vertex -3.42351660256832 14.5 91.32230908213783
    endloop
  endfacet
  facet normal 0 -1 0
    outer loop
      vertex -6.5 14.5 92.05
      vertex -3.42351660256832 14.5 92.77769091786216
      vertex -3.197409101749103 14.5 93.4735782507653
    endloop
  endfacet
  facet normal 0 -1 0
    outer loop
      vertex -6.5 14.5 92.05
      vertex -3.197409101749103 14.5 93.4735782507653
      vertex -2.831559480312316 14.5 94.10724838302366
    endloop
  endfacet
  facet normal 0 -1 0
    outer loop
      vertex -6.5 14.5 92.05
      vertex -2.831559480312316 14.5 94.10724838302366
      vertex -2.341957122256004 14.5 94.65100688917087
    endloop
  endfacet
  facet normal 0 -1 0
    outer loop
      vertex -3.25 14.5 86.42083487540114
      vertex -2.831559480312316 14.5 89.99275161697634
      vertex -3.197409101749103 14.5 90.6264217492347
    endloop
  endfacet
  facet normal 0 -1 0
    outer loop
      vertex -3.25 14.5 86.42083487540114
      vertex -2.341957122256004 14.5 89.44899311082912
      vertex -2.831559480312316 14.5 89.99275161697634
    endloop
  endfacet
  facet normal 0 -1 0
    outer loop
      vertex -6.5 14.5 92.05
      vertex -2.341957122256004 14.5 94.65100688917087
      vertex -3.25 14.5 97.67916512459885
    endloop
  endfacet
  facet normal -0.7729879516809968 0.45090963848058263 -0.44628480198336057
    outer loop
      vertex -6.5 14.5 92.05
      vertex -2.375 17.5 87.93637933202392
      vertex -3.25 14.5 86.42083487540114
    endloop
  endfacet
  facet normal -0.7729879516809967 0.45090963848058263 0.44628480198336046
    outer loop
      vertex -6.5 14.5 92.05
      vertex -3.25 14.5 97.67916512459885
      vertex -2.375 17.5 96.16362066797608
    endloop
  endfacet
  facet normal 0 -1 0
    outer loop
      vertex -3.25 14.5 86.42083487540114
      vertex -1.75 14.5 89.01891108675446
      vertex -2.341957122256004 14.5 89.44899311082912
    endloop
  endfacet
  facet normal 0 -1 0
    outer loop
      vertex -3.25 14.5 86.42083487540114
      vertex -1.0815594803123159 14.5 88.72130219296696
      vertex -1.75 14.5 89.01891108675446
    endloop
  endfacet
  facet normal 0 -1 0
    outer loop
      vertex -3.25 14.5 86.42083487540114
      vertex -0.3658496214367871 14.5 88.56917336621105
      vertex -1.0815594803123159 14.5 88.72130219296696
    endloop
  endfacet
  facet normal 0 -1 0
    outer loop
      vertex -3.25 14.5 86.42083487540114
      vertex 0.3658496214367871 14.5 88.56917336621105
      vertex -0.3658496214367871 14.5 88.56917336621105
    endloop
  endfacet
  facet normal 0 -1 0
    outer loop
      vertex -3.25 14.5 97.67916512459885
      vertex -2.341957122256004 14.5 94.65100688917087
      vertex -1.75 14.5 95.08108891324554
    endloop
  endfacet
  facet normal 0 -1 0
    outer loop
      vertex -3.25 14.5 97.67916512459885
      vertex -1.75 14.5 95.08108891324554
      vertex -1.0815594803123159 14.5 95.37869780703303
    endloop
  endfacet
  facet normal 0 -1 0
    outer loop
      vertex -3.25 14.5 97.67916512459885
      vertex -1.0815594803123159 14.5 95.37869780703303
      vertex -0.3658496214367871 14.5 95.53082663378895
    endloop
  endfacet
  facet normal 0 -1 0
    outer loop
      vertex -3.25 14.5 97.67916512459885
      vertex -0.3658496214367871 14.5 95.53082663378895
      vertex 3.25 14.5 97.67916512459885
    endloop
  endfacet
  facet normal 0 0.45090963848058385 -0.8925696039667209
    outer loop
      vertex -3.25 14.5 86.42083487540114
      vertex -2.375 17.5 87.93637933202392
      vertex 3.25 14.5 86.42083487540114
    endloop
  endfacet
  facet normal 0 0.45090963848058385 0.8925696039667209
    outer loop
      vertex -3.25 14.5 97.67916512459885
      vertex 3.25 14.5 97.67916512459885
      vertex -2.375 17.5 96.16362066797608
    endloop
  endfacet
  facet normal -0.7729879516809969 0.4509096384805815 -0.44628480198336146
    outer loop
      vertex -6.5 14.5 92.05
      vertex -4.75 17.5 92.05
      vertex -2.375 17.5 87.93637933202392
    endloop
  endfacet
  facet normal -0.7729879516809969 0.4509096384805815 0.44628480198336146
    outer loop
      vertex -6.5 14.5 92.05
      vertex -2.375 17.5 96.16362066797608
      vertex -4.75 17.5 92.05
    endloop
  endfacet
  facet normal 0 1 0
    outer loop
      vertex -4.75 17.5 92.05
      vertex -3.5 17.5 92.05
      vertex -3.42351660256832 17.5 91.32230908213783
    endloop
  endfacet
  facet normal 0 1 0
    outer loop
      vertex -4.75 17.5 92.05
      vertex -3.42351660256832 17.5 91.32230908213783
      vertex -3.197409101749103 17.5 90.6264217492347
    endloop
  endfacet
  facet normal 0 1 0
    outer loop
      vertex -4.75 17.5 92.05
      vertex -3.42351660256832 17.5 92.77769091786216
      vertex -3.5 17.5 92.05
    endloop
  endfacet
  facet normal 0 1 0
    outer loop
      vertex -4.75 17.5 92.05
      vertex -3.197409101749103 17.5 93.4735782507653
      vertex -3.42351660256832 17.5 92.77769091786216
    endloop
  endfacet
  facet normal 0 1 0
    outer loop
      vertex -4.75 17.5 92.05
      vertex -3.197409101749103 17.5 90.6264217492347
      vertex -2.831559480312316 17.5 89.99275161697634
    endloop
  endfacet
  facet normal 0 1 0
    outer loop
      vertex -4.75 17.5 92.05
      vertex -2.831559480312316 17.5 89.99275161697634
      vertex -2.375 17.5 87.93637933202392
    endloop
  endfacet
  facet normal 0 1 0
    outer loop
      vertex -4.75 17.5 92.05
      vertex -2.375 17.5 96.16362066797608
      vertex -3.197409101749103 17.5 93.4735782507653
    endloop
  endfacet
  facet normal 0 1 0
    outer loop
      vertex -2.375 17.5 87.93637933202392
      vertex -2.831559480312316 17.5 89.99275161697634
      vertex -2.341957122256004 17.5 89.44899311082912
    endloop
  endfacet
  facet normal 0 1 0
    outer loop
      vertex -2.375 17.5 96.16362066797608
      vertex -2.831559480312316 17.5 94.10724838302366
      vertex -3.197409101749103 17.5 93.4735782507653
    endloop
  endfacet
  facet normal 0 1 0
    outer loop
      vertex -2.375 17.5 96.16362066797608
      vertex -2.341957122256004 17.5 94.65100688917087
      vertex -2.831559480312316 17.5 94.10724838302366
    endloop
  endfacet
  facet normal 0 1 0
    outer loop
      vertex -2.375 17.5 87.93637933202392
      vertex -2.341957122256004 17.5 89.44899311082912
      vertex -1.75 17.5 89.01891108675446
    endloop
  endfacet
  facet normal 0 1 0
    outer loop
      vertex -2.375 17.5 87.93637933202392
      vertex -1.75 17.5 89.01891108675446
      vertex -1.0815594803123159 17.5 88.72130219296696
    endloop
  endfacet
  facet normal 0 1 0
    outer loop
      vertex -2.375 17.5 87.93637933202392
      vertex -1.0815594803123159 17.5 88.72130219296696
      vertex -0.3658496214367871 17.5 88.56917336621105
    endloop
  endfacet
  facet normal 0 1 0
    outer loop
      vertex -2.375 17.5 87.93637933202392
      vertex -0.3658496214367871 17.5 88.56917336621105
      vertex 0.3658496214367871 17.5 88.56917336621105
    endloop
  endfacet
  facet normal 0 1 0
    outer loop
      vertex -2.375 17.5 96.16362066797608
      vertex -1.75 17.5 95.08108891324554
      vertex -2.341957122256004 17.5 94.65100688917087
    endloop
  endfacet
  facet normal 0 1 0
    outer loop
      vertex -2.375 17.5 96.16362066797608
      vertex -1.0815594803123159 17.5 95.37869780703303
      vertex -1.75 17.5 95.08108891324554
    endloop
  endfacet
  facet normal 0 1 0
    outer loop
      vertex -2.375 17.5 96.16362066797608
      vertex -0.3658496214367871 17.5 95.53082663378895
      vertex -1.0815594803123159 17.5 95.37869780703303
    endloop
  endfacet
  facet normal 0 1 0
    outer loop
      vertex -2.375 17.5 96.16362066797608
      vertex 2.375 17.5 96.16362066797608
      vertex -0.3658496214367871 17.5 95.53082663378895
    endloop
  endfacet
  facet normal 0 -1 0
    outer loop
      vertex -3.25 14.5 86.42083487540114
      vertex 3.25 14.5 86.42083487540114
      vertex 0.3658496214367871 14.5 88.56917336621105
    endloop
  endfacet
  facet normal 0 -1 0
    outer loop
      vertex 3.25 14.5 86.42083487540114
      vertex 1.0815594803123159 14.5 88.72130219296696
      vertex 0.3658496214367871 14.5 88.56917336621105
    endloop
  endfacet
  facet normal 0 -1 0
    outer loop
      vertex 3.25 14.5 86.42083487540114
      vertex 1.75 14.5 89.01891108675446
      vertex 1.0815594803123159 14.5 88.72130219296696
    endloop
  endfacet
  facet normal 0 -1 0
    outer loop
      vertex 3.25 14.5 86.42083487540114
      vertex 2.341957122256004 14.5 89.44899311082912
      vertex 1.75 14.5 89.01891108675446
    endloop
  endfacet
  facet normal 0 -1 0
    outer loop
      vertex 3.25 14.5 97.67916512459885
      vertex -0.3658496214367871 14.5 95.53082663378895
      vertex 0.3658496214367871 14.5 95.53082663378895
    endloop
  endfacet
  facet normal 0 -1 0
    outer loop
      vertex 3.25 14.5 97.67916512459885
      vertex 0.3658496214367871 14.5 95.53082663378895
      vertex 1.0815594803123159 14.5 95.37869780703303
    endloop
  endfacet
  facet normal 0 -1 0
    outer loop
      vertex 3.25 14.5 97.67916512459885
      vertex 1.0815594803123159 14.5 95.37869780703303
      vertex 1.75 14.5 95.08108891324554
    endloop
  endfacet
  facet normal 0 -1 0
    outer loop
      vertex 3.25 14.5 97.67916512459885
      vertex 1.75 14.5 95.08108891324554
      vertex 2.341957122256004 14.5 94.65100688917087
    endloop
  endfacet
  facet normal 0 -1 0
    outer loop
      vertex 3.25 14.5 86.42083487540114
      vertex 6.5 14.5 92.05
      vertex 2.341957122256004 14.5 89.44899311082912
    endloop
  endfacet
  facet normal 0 -1 0
    outer loop
      vertex 6.5 14.5 92.05
      vertex 2.831559480312316 14.5 89.99275161697634
      vertex 2.341957122256004 14.5 89.44899311082912
    endloop
  endfacet
  facet normal 0 -1 0
    outer loop
      vertex 6.5 14.5 92.05
      vertex 3.197409101749103 14.5 90.6264217492347
      vertex 2.831559480312316 14.5 89.99275161697634
    endloop
  endfacet
  facet normal 0 -1 0
    outer loop
      vertex 6.5 14.5 92.05
      vertex 3.42351660256832 14.5 91.32230908213783
      vertex 3.197409101749103 14.5 90.6264217492347
    endloop
  endfacet
  facet normal 0 -1 0
    outer loop
      vertex 6.5 14.5 92.05
      vertex 3.197409101749103 14.5 93.4735782507653
      vertex 3.42351660256832 14.5 92.77769091786216
    endloop
  endfacet
  facet normal 0 -1 0
    outer loop
      vertex 3.25 14.5 97.67916512459885
      vertex 3.197409101749103 14.5 93.4735782507653
      vertex 6.5 14.5 92.05
    endloop
  endfacet
  facet normal 0 -1 0
    outer loop
      vertex 6.5 14.5 92.05
      vertex 3.5 14.5 92.05
      vertex 3.42351660256832 14.5 91.32230908213783
    endloop
  endfacet
  facet normal 0 -1 0
    outer loop
      vertex 6.5 14.5 92.05
      vertex 3.42351660256832 14.5 92.77769091786216
      vertex 3.5 14.5 92.05
    endloop
  endfacet
  facet normal 0 -1 0
    outer loop
      vertex 3.25 14.5 97.67916512459885
      vertex 2.341957122256004 14.5 94.65100688917087
      vertex 2.831559480312316 14.5 94.10724838302366
    endloop
  endfacet
  facet normal 0 -1 0
    outer loop
      vertex 3.25 14.5 97.67916512459885
      vertex 2.831559480312316 14.5 94.10724838302366
      vertex 3.197409101749103 14.5 93.4735782507653
    endloop
  endfacet
  facet normal 0.7729879516809967 0.45090963848058263 -0.44628480198336046
    outer loop
      vertex 3.25 14.5 86.42083487540114
      vertex 2.375 17.5 87.93637933202392
      vertex 6.5 14.5 92.05
    endloop
  endfacet
  facet normal 0.7729879516809967 0.45090963848058263 0.44628480198336046
    outer loop
      vertex 3.25 14.5 97.67916512459885
      vertex 6.5 14.5 92.05
      vertex 2.375 17.5 96.16362066797608
    endloop
  endfacet
  facet normal 0 0.45090963848058385 -0.8925696039667209
    outer loop
      vertex -2.375 17.5 87.93637933202392
      vertex 2.375 17.5 87.93637933202392
      vertex 3.25 14.5 86.42083487540114
    endloop
  endfacet
  facet normal 0 0.45090963848058385 0.8925696039667209
    outer loop
      vertex -2.375 17.5 96.16362066797608
      vertex 3.25 14.5 97.67916512459885
      vertex 2.375 17.5 96.16362066797608
    endloop
  endfacet
  facet normal 0 1 0
    outer loop
      vertex -2.375 17.5 87.93637933202392
      vertex 0.3658496214367871 17.5 88.56917336621105
      vertex 2.375 17.5 87.93637933202392
    endloop
  endfacet
  facet normal 0 1 0
    outer loop
      vertex 2.375 17.5 87.93637933202392
      vertex 0.3658496214367871 17.5 88.56917336621105
      vertex 1.0815594803123159 17.5 88.72130219296696
    endloop
  endfacet
  facet normal 0 1 0
    outer loop
      vertex 2.375 17.5 87.93637933202392
      vertex 1.0815594803123159 17.5 88.72130219296696
      vertex 1.75 17.5 89.01891108675446
    endloop
  endfacet
  facet normal 0 1 0
    outer loop
      vertex 2.375 17.5 87.93637933202392
      vertex 1.75 17.5 89.01891108675446
      vertex 2.341957122256004 17.5 89.44899311082912
    endloop
  endfacet
  facet normal 0 1 0
    outer loop
      vertex 2.375 17.5 96.16362066797608
      vertex 0.3658496214367871 17.5 95.53082663378895
      vertex -0.3658496214367871 17.5 95.53082663378895
    endloop
  endfacet
  facet normal 0 1 0
    outer loop
      vertex 2.375 17.5 96.16362066797608
      vertex 1.0815594803123159 17.5 95.37869780703303
      vertex 0.3658496214367871 17.5 95.53082663378895
    endloop
  endfacet
  facet normal 0 1 0
    outer loop
      vertex 2.375 17.5 96.16362066797608
      vertex 1.75 17.5 95.08108891324554
      vertex 1.0815594803123159 17.5 95.37869780703303
    endloop
  endfacet
  facet normal 0 1 0
    outer loop
      vertex 2.375 17.5 96.16362066797608
      vertex 2.341957122256004 17.5 94.65100688917087
      vertex 1.75 17.5 95.08108891324554
    endloop
  endfacet
  facet normal 0.7729879516809969 0.4509096384805815 -0.44628480198336146
    outer loop
      vertex 2.375 17.5 87.93637933202392
      vertex 4.75 17.5 92.05
      vertex 6.5 14.5 92.05
    endloop
  endfacet
  facet normal 0.7729879516809969 0.4509096384805815 0.44628480198336146
    outer loop
      vertex 2.375 17.5 96.16362066797608
      vertex 6.5 14.5 92.05
      vertex 4.75 17.5 92.05
    endloop
  endfacet
  facet normal 0 1 0
    outer loop
      vertex 2.375 17.5 87.93637933202392
      vertex 2.341957122256004 17.5 89.44899311082912
      vertex 2.831559480312316 17.5 89.99275161697634
    endloop
  endfacet
  facet normal 0 1 0
    outer loop
      vertex 2.375 17.5 87.93637933202392
      vertex 2.831559480312316 17.5 89.99275161697634
      vertex 3.197409101749103 17.5 90.6264217492347
    endloop
  endfacet
  facet normal 0 1 0
    outer loop
      vertex 2.375 17.5 87.93637933202392
      vertex 3.197409101749103 17.5 90.6264217492347
      vertex 4.75 17.5 92.05
    endloop
  endfacet
  facet normal 0 1 0
    outer loop
      vertex 2.375 17.5 96.16362066797608
      vertex 4.75 17.5 92.05
      vertex 2.831559480312316 17.5 94.10724838302366
    endloop
  endfacet
  facet normal 0 1 0
    outer loop
      vertex 4.75 17.5 92.05
      vertex 3.197409101749103 17.5 93.4735782507653
      vertex 2.831559480312316 17.5 94.10724838302366
    endloop
  endfacet
  facet normal 0 1 0
    outer loop
      vertex 4.75 17.5 92.05
      vertex 3.197409101749103 17.5 90.6264217492347
      vertex 3.42351660256832 17.5 91.32230908213783
    endloop
  endfacet
  facet normal 0 1 0
    outer loop
      vertex 4.75 17.5 92.05
      vertex 3.42351660256832 17.5 91.32230908213783
      vertex 3.5 17.5 92.05
    endloop
  endfacet
  facet normal 0 1 0
    outer loop
      vertex 4.75 17.5 92.05
      vertex 3.5 17.5 92.05
      vertex 3.42351660256832 17.5 92.77769091786216
    endloop
  endfacet
  facet normal 0 1 0
    outer loop
      vertex 4.75 17.5 92.05
      vertex 3.42351660256832 17.5 92.77769091786216
      vertex 3.197409101749103 17.5 93.4735782507653
    endloop
  endfacet
  facet normal 0 1 0
    outer loop
      vertex 2.375 17.5 96.16362066797608
      vertex 2.831559480312316 17.5 94.10724838302366
      vertex 2.341957122256004 17.5 94.65100688917087
    endloop
  endfacet
  facet normal 0 -1 0
    outer loop
      vertex -6.5 14.5 127.83
      vertex -3.42351660256832 14.5 127.10230908213784
      vertex -3.5 14.5 127.83
    endloop
  endfacet
  facet normal 0 -1 0
    outer loop
      vertex -6.5 14.5 127.83
      vertex -3.5 14.5 127.83
      vertex -3.42351660256832 14.5 128.55769091786215
    endloop
  endfacet
  facet normal 0 -1 0
    outer loop
      vertex -6.5 14.5 127.83
      vertex -3.25 14.5 122.20083487540114
      vertex -3.197409101749103 14.5 126.4064217492347
    endloop
  endfacet
  facet normal 0 -1 0
    outer loop
      vertex -6.5 14.5 127.83
      vertex -3.197409101749103 14.5 126.4064217492347
      vertex -3.42351660256832 14.5 127.10230908213784
    endloop
  endfacet
  facet normal 0 -1 0
    outer loop
      vertex -6.5 14.5 127.83
      vertex -3.42351660256832 14.5 128.55769091786215
      vertex -3.197409101749103 14.5 129.2535782507653
    endloop
  endfacet
  facet normal 0 -1 0
    outer loop
      vertex -6.5 14.5 127.83
      vertex -3.197409101749103 14.5 129.2535782507653
      vertex -2.831559480312316 14.5 129.88724838302366
    endloop
  endfacet
  facet normal 0 -1 0
    outer loop
      vertex -6.5 14.5 127.83
      vertex -2.831559480312316 14.5 129.88724838302366
      vertex -2.341957122256004 14.5 130.43100688917087
    endloop
  endfacet
  facet normal 0 -1 0
    outer loop
      vertex -6.5 14.5 127.83
      vertex -2.341957122256004 14.5 130.43100688917087
      vertex -3.25 14.5 133.45916512459885
    endloop
  endfacet
  facet normal 0 -1 0
    outer loop
      vertex -3.25 14.5 122.20083487540114
      vertex -2.341957122256004 14.5 125.22899311082912
      vertex -2.831559480312316 14.5 125.77275161697634
    endloop
  endfacet
  facet normal 0 -1 0
    outer loop
      vertex -3.25 14.5 122.20083487540114
      vertex -2.831559480312316 14.5 125.77275161697634
      vertex -3.197409101749103 14.5 126.4064217492347
    endloop
  endfacet
  facet normal -0.7729879516809968 0.45090963848058263 -0.44628480198336057
    outer loop
      vertex -6.5 14.5 127.83
      vertex -2.375 17.5 123.71637933202392
      vertex -3.25 14.5 122.20083487540114
    endloop
  endfacet
  facet normal -0.7729879516809974 0.45090963848058097 0.4462848019833609
    outer loop
      vertex -6.5 14.5 127.83
      vertex -3.25 14.5 133.45916512459885
      vertex -2.375 17.5 131.9436206679761
    endloop
  endfacet
  facet normal 0 -1 0
    outer loop
      vertex -3.25 14.5 122.20083487540114
      vertex -1.75 14.5 124.79891108675446
      vertex -2.341957122256004 14.5 125.22899311082912
    endloop
  endfacet
  facet normal 0 -1 0
    outer loop
      vertex -3.25 14.5 122.20083487540114
      vertex -1.0815594803123159 14.5 124.50130219296696
      vertex -1.75 14.5 124.79891108675446
    endloop
  endfacet
  facet normal 0 -1 0
    outer loop
      vertex -3.25 14.5 122.20083487540114
      vertex -0.3658496214367871 14.5 124.34917336621105
      vertex -1.0815594803123159 14.5 124.50130219296696
    endloop
  endfacet
  facet normal 0 -1 0
    outer loop
      vertex -3.25 14.5 133.45916512459885
      vertex -2.341957122256004 14.5 130.43100688917087
      vertex -1.75 14.5 130.86108891324554
    endloop
  endfacet
  facet normal 0 -1 0
    outer loop
      vertex -3.25 14.5 133.45916512459885
      vertex -1.75 14.5 130.86108891324554
      vertex -1.0815594803123159 14.5 131.15869780703304
    endloop
  endfacet
  facet normal 0 -1 0
    outer loop
      vertex -3.25 14.5 133.45916512459885
      vertex -1.0815594803123159 14.5 131.15869780703304
      vertex -0.3658496214367871 14.5 131.31082663378896
    endloop
  endfacet
  facet normal 0 -1 0
    outer loop
      vertex -3.25 14.5 122.20083487540114
      vertex 0.3658496214367871 14.5 124.34917336621105
      vertex -0.3658496214367871 14.5 124.34917336621105
    endloop
  endfacet
  facet normal 0 -1 0
    outer loop
      vertex -3.25 14.5 133.45916512459885
      vertex -0.3658496214367871 14.5 131.31082663378896
      vertex 3.25 14.5 133.45916512459885
    endloop
  endfacet
  facet normal 0 0.45090963848058385 -0.8925696039667209
    outer loop
      vertex -3.25 14.5 122.20083487540114
      vertex -2.375 17.5 123.71637933202392
      vertex 3.25 14.5 122.20083487540114
    endloop
  endfacet
  facet normal 0 0.45090963848058047 0.8925696039667227
    outer loop
      vertex -3.25 14.5 133.45916512459885
      vertex 3.25 14.5 133.45916512459885
      vertex -2.375 17.5 131.9436206679761
    endloop
  endfacet
  facet normal -0.7729879516809969 0.4509096384805815 -0.44628480198336146
    outer loop
      vertex -6.5 14.5 127.83
      vertex -4.75 17.5 127.83
      vertex -2.375 17.5 123.71637933202392
    endloop
  endfacet
  facet normal -0.7729879516809974 0.4509096384805818 0.44628480198336024
    outer loop
      vertex -6.5 14.5 127.83
      vertex -2.375 17.5 131.9436206679761
      vertex -4.75 17.5 127.83
    endloop
  endfacet
  facet normal 0 1 0
    outer loop
      vertex -4.75 17.5 127.83
      vertex -3.42351660256832 17.5 127.10230908213784
      vertex -3.197409101749103 17.5 126.4064217492347
    endloop
  endfacet
  facet normal 0 1 0
    outer loop
      vertex -4.75 17.5 127.83
      vertex -3.5 17.5 127.83
      vertex -3.42351660256832 17.5 127.10230908213784
    endloop
  endfacet
  facet normal 0 1 0
    outer loop
      vertex -4.75 17.5 127.83
      vertex -3.42351660256832 17.5 128.55769091786215
      vertex -3.5 17.5 127.83
    endloop
  endfacet
  facet normal 0 1 0
    outer loop
      vertex -4.75 17.5 127.83
      vertex -3.197409101749103 17.5 129.2535782507653
      vertex -3.42351660256832 17.5 128.55769091786215
    endloop
  endfacet
  facet normal 0 1 0
    outer loop
      vertex -4.75 17.5 127.83
      vertex -3.197409101749103 17.5 126.4064217492347
      vertex -2.831559480312316 17.5 125.77275161697634
    endloop
  endfacet
  facet normal 0 1 0
    outer loop
      vertex -4.75 17.5 127.83
      vertex -2.831559480312316 17.5 125.77275161697634
      vertex -2.375 17.5 123.71637933202392
    endloop
  endfacet
  facet normal 0 1 0
    outer loop
      vertex -2.375 17.5 123.71637933202392
      vertex -2.831559480312316 17.5 125.77275161697634
      vertex -2.341957122256004 17.5 125.22899311082912
    endloop
  endfacet
  facet normal 0 1 0
    outer loop
      vertex -4.75 17.5 127.83
      vertex -2.375 17.5 131.9436206679761
      vertex -3.197409101749103 17.5 129.2535782507653
    endloop
  endfacet
  facet normal 0 1 0
    outer loop
      vertex -2.375 17.5 131.9436206679761
      vertex -2.831559480312316 17.5 129.88724838302366
      vertex -3.197409101749103 17.5 129.2535782507653
    endloop
  endfacet
  facet normal 0 1 0
    outer loop
      vertex -2.375 17.5 131.9436206679761
      vertex -2.341957122256004 17.5 130.43100688917087
      vertex -2.831559480312316 17.5 129.88724838302366
    endloop
  endfacet
  facet normal 0 1 0
    outer loop
      vertex -2.375 17.5 123.71637933202392
      vertex -2.341957122256004 17.5 125.22899311082912
      vertex -1.75 17.5 124.79891108675446
    endloop
  endfacet
  facet normal 0 1 0
    outer loop
      vertex -2.375 17.5 123.71637933202392
      vertex -1.75 17.5 124.79891108675446
      vertex -1.0815594803123159 17.5 124.50130219296696
    endloop
  endfacet
  facet normal 0 1 0
    outer loop
      vertex -2.375 17.5 123.71637933202392
      vertex -1.0815594803123159 17.5 124.50130219296696
      vertex -0.3658496214367871 17.5 124.34917336621105
    endloop
  endfacet
  facet normal 0 1 0
    outer loop
      vertex -2.375 17.5 131.9436206679761
      vertex -1.75 17.5 130.86108891324554
      vertex -2.341957122256004 17.5 130.43100688917087
    endloop
  endfacet
  facet normal 0 1 0
    outer loop
      vertex -2.375 17.5 131.9436206679761
      vertex -1.0815594803123159 17.5 131.15869780703304
      vertex -1.75 17.5 130.86108891324554
    endloop
  endfacet
  facet normal 0 1 0
    outer loop
      vertex -2.375 17.5 131.9436206679761
      vertex -0.3658496214367871 17.5 131.31082663378896
      vertex -1.0815594803123159 17.5 131.15869780703304
    endloop
  endfacet
  facet normal 0 1 0
    outer loop
      vertex -2.375 17.5 123.71637933202392
      vertex -0.3658496214367871 17.5 124.34917336621105
      vertex 0.3658496214367871 17.5 124.34917336621105
    endloop
  endfacet
  facet normal 0 1 0
    outer loop
      vertex -2.375 17.5 131.9436206679761
      vertex 2.375 17.5 131.9436206679761
      vertex -0.3658496214367871 17.5 131.31082663378896
    endloop
  endfacet
  facet normal 0 -1 0
    outer loop
      vertex -3.25 14.5 122.20083487540114
      vertex 3.25 14.5 122.20083487540114
      vertex 0.3658496214367871 14.5 124.34917336621105
    endloop
  endfacet
  facet normal 0 -1 0
    outer loop
      vertex 3.25 14.5 133.45916512459885
      vertex -0.3658496214367871 14.5 131.31082663378896
      vertex 0.3658496214367871 14.5 131.31082663378896
    endloop
  endfacet
  facet normal 0 -1 0
    outer loop
      vertex 3.25 14.5 122.20083487540114
      vertex 1.0815594803123159 14.5 124.50130219296696
      vertex 0.3658496214367871 14.5 124.34917336621105
    endloop
  endfacet
  facet normal 0 -1 0
    outer loop
      vertex 3.25 14.5 122.20083487540114
      vertex 1.75 14.5 124.79891108675446
      vertex 1.0815594803123159 14.5 124.50130219296696
    endloop
  endfacet
  facet normal 0 -1 0
    outer loop
      vertex 3.25 14.5 122.20083487540114
      vertex 2.341957122256004 14.5 125.22899311082912
      vertex 1.75 14.5 124.79891108675446
    endloop
  endfacet
  facet normal 0 -1 0
    outer loop
      vertex 3.25 14.5 133.45916512459885
      vertex 0.3658496214367871 14.5 131.31082663378896
      vertex 1.0815594803123159 14.5 131.15869780703304
    endloop
  endfacet
  facet normal 0 -1 0
    outer loop
      vertex 3.25 14.5 133.45916512459885
      vertex 1.0815594803123159 14.5 131.15869780703304
      vertex 1.75 14.5 130.86108891324554
    endloop
  endfacet
  facet normal 0 -1 0
    outer loop
      vertex 3.25 14.5 133.45916512459885
      vertex 1.75 14.5 130.86108891324554
      vertex 2.341957122256004 14.5 130.43100688917087
    endloop
  endfacet
  facet normal 0 -1 0
    outer loop
      vertex 3.25 14.5 133.45916512459885
      vertex 2.341957122256004 14.5 130.43100688917087
      vertex 2.831559480312316 14.5 129.88724838302366
    endloop
  endfacet
  facet normal 0 -1 0
    outer loop
      vertex 3.25 14.5 133.45916512459885
      vertex 2.831559480312316 14.5 129.88724838302366
      vertex 3.197409101749103 14.5 129.2535782507653
    endloop
  endfacet
  facet normal 0 -1 0
    outer loop
      vertex 6.5 14.5 127.83
      vertex 2.831559480312316 14.5 125.77275161697634
      vertex 2.341957122256004 14.5 125.22899311082912
    endloop
  endfacet
  facet normal 0 -1 0
    outer loop
      vertex 3.25 14.5 122.20083487540114
      vertex 6.5 14.5 127.83
      vertex 2.341957122256004 14.5 125.22899311082912
    endloop
  endfacet
  facet normal 0 -1 0
    outer loop
      vertex 6.5 14.5 127.83
      vertex 3.197409101749103 14.5 126.4064217492347
      vertex 2.831559480312316 14.5 125.77275161697634
    endloop
  endfacet
  facet normal 0 -1 0
    outer loop
      vertex 6.5 14.5 127.83
      vertex 3.42351660256832 14.5 127.10230908213784
      vertex 3.197409101749103 14.5 126.4064217492347
    endloop
  endfacet
  facet normal 0 -1 0
    outer loop
      vertex 6.5 14.5 127.83
      vertex 3.5 14.5 127.83
      vertex 3.42351660256832 14.5 127.10230908213784
    endloop
  endfacet
  facet normal 0 -1 0
    outer loop
      vertex 6.5 14.5 127.83
      vertex 3.42351660256832 14.5 128.55769091786215
      vertex 3.5 14.5 127.83
    endloop
  endfacet
  facet normal 0 -1 0
    outer loop
      vertex 6.5 14.5 127.83
      vertex 3.197409101749103 14.5 129.2535782507653
      vertex 3.42351660256832 14.5 128.55769091786215
    endloop
  endfacet
  facet normal 0 -1 0
    outer loop
      vertex 3.25 14.5 133.45916512459885
      vertex 3.197409101749103 14.5 129.2535782507653
      vertex 6.5 14.5 127.83
    endloop
  endfacet
  facet normal 0.7729879516809967 0.45090963848058263 -0.44628480198336046
    outer loop
      vertex 3.25 14.5 122.20083487540114
      vertex 2.375 17.5 123.71637933202392
      vertex 6.5 14.5 127.83
    endloop
  endfacet
  facet normal 0.7729879516809974 0.45090963848058097 0.4462848019833609
    outer loop
      vertex 3.25 14.5 133.45916512459885
      vertex 6.5 14.5 127.83
      vertex 2.375 17.5 131.9436206679761
    endloop
  endfacet
  facet normal 0 0.45090963848058385 -0.8925696039667209
    outer loop
      vertex -2.375 17.5 123.71637933202392
      vertex 2.375 17.5 123.71637933202392
      vertex 3.25 14.5 122.20083487540114
    endloop
  endfacet
  facet normal 0 0.45090963848058047 0.8925696039667227
    outer loop
      vertex -2.375 17.5 131.9436206679761
      vertex 3.25 14.5 133.45916512459885
      vertex 2.375 17.5 131.9436206679761
    endloop
  endfacet
  facet normal 0 1 0
    outer loop
      vertex -2.375 17.5 123.71637933202392
      vertex 0.3658496214367871 17.5 124.34917336621105
      vertex 2.375 17.5 123.71637933202392
    endloop
  endfacet
  facet normal 0 1 0
    outer loop
      vertex 2.375 17.5 131.9436206679761
      vertex 0.3658496214367871 17.5 131.31082663378896
      vertex -0.3658496214367871 17.5 131.31082663378896
    endloop
  endfacet
  facet normal 0 1 0
    outer loop
      vertex 2.375 17.5 123.71637933202392
      vertex 0.3658496214367871 17.5 124.34917336621105
      vertex 1.0815594803123159 17.5 124.50130219296696
    endloop
  endfacet
  facet normal 0 1 0
    outer loop
      vertex 2.375 17.5 123.71637933202392
      vertex 1.0815594803123159 17.5 124.50130219296696
      vertex 1.75 17.5 124.79891108675446
    endloop
  endfacet
  facet normal 0 1 0
    outer loop
      vertex 2.375 17.5 123.71637933202392
      vertex 1.75 17.5 124.79891108675446
      vertex 2.341957122256004 17.5 125.22899311082912
    endloop
  endfacet
  facet normal 0 1 0
    outer loop
      vertex 2.375 17.5 131.9436206679761
      vertex 1.0815594803123159 17.5 131.15869780703304
      vertex 0.3658496214367871 17.5 131.31082663378896
    endloop
  endfacet
  facet normal 0 1 0
    outer loop
      vertex 2.375 17.5 131.9436206679761
      vertex 1.75 17.5 130.86108891324554
      vertex 1.0815594803123159 17.5 131.15869780703304
    endloop
  endfacet
  facet normal 0 1 0
    outer loop
      vertex 2.375 17.5 131.9436206679761
      vertex 2.341957122256004 17.5 130.43100688917087
      vertex 1.75 17.5 130.86108891324554
    endloop
  endfacet
  facet normal 0.7729879516809969 0.4509096384805815 -0.44628480198336146
    outer loop
      vertex 2.375 17.5 123.71637933202392
      vertex 4.75 17.5 127.83
      vertex 6.5 14.5 127.83
    endloop
  endfacet
  facet normal 0.7729879516809974 0.45090963848058174 0.4462848019833603
    outer loop
      vertex 2.375 17.5 131.9436206679761
      vertex 6.5 14.5 127.83
      vertex 4.75 17.5 127.83
    endloop
  endfacet
  facet normal 0 1 0
    outer loop
      vertex 2.375 17.5 123.71637933202392
      vertex 2.341957122256004 17.5 125.22899311082912
      vertex 2.831559480312316 17.5 125.77275161697634
    endloop
  endfacet
  facet normal 0 1 0
    outer loop
      vertex 2.375 17.5 123.71637933202392
      vertex 2.831559480312316 17.5 125.77275161697634
      vertex 3.197409101749103 17.5 126.4064217492347
    endloop
  endfacet
  facet normal 0 1 0
    outer loop
      vertex 2.375 17.5 123.71637933202392
      vertex 3.197409101749103 17.5 126.4064217492347
      vertex 4.75 17.5 127.83
    endloop
  endfacet
  facet normal 0 1 0
    outer loop
      vertex 2.375 17.5 131.9436206679761
      vertex 2.831559480312316 17.5 129.88724838302366
      vertex 2.341957122256004 17.5 130.43100688917087
    endloop
  endfacet
  facet normal 0 1 0
    outer loop
      vertex 2.375 17.5 131.9436206679761
      vertex 4.75 17.5 127.83
      vertex 2.831559480312316 17.5 129.88724838302366
    endloop
  endfacet
  facet normal 0 1 0
    outer loop
      vertex 4.75 17.5 127.83
      vertex 3.197409101749103 17.5 129.2535782507653
      vertex 2.831559480312316 17.5 129.88724838302366
    endloop
  endfacet
  facet normal 0 1 0
    outer loop
      vertex 4.75 17.5 127.83
      vertex 3.197409101749103 17.5 126.4064217492347
      vertex 3.42351660256832 17.5 127.10230908213784
    endloop
  endfacet
  facet normal 0 1 0
    outer loop
      vertex 4.75 17.5 127.83
      vertex 3.42351660256832 17.5 127.10230908213784
      vertex 3.5 17.5 127.83
    endloop
  endfacet
  facet normal 0 1 0
    outer loop
      vertex 4.75 17.5 127.83
      vertex 3.5 17.5 127.83
      vertex 3.42351660256832 17.5 128.55769091786215
    endloop
  endfacet
  facet normal 0 1 0
    outer loop
      vertex 4.75 17.5 127.83
      vertex 3.42351660256832 17.5 128.55769091786215
      vertex 3.197409101749103 17.5 129.2535782507653
    endloop
  endfacet
  facet normal 0 -1 0
    outer loop
      vertex -6.5 14.5 159.71
      vertex -3.42351660256832 14.5 158.98230908213785
      vertex -3.5 14.5 159.71
    endloop
  endfacet
  facet normal 0 -1 0
    outer loop
      vertex -6.5 14.5 159.71
      vertex -3.5 14.5 159.71
      vertex -3.42351660256832 14.5 160.43769091786217
    endloop
  endfacet
  facet normal 0 -1 0
    outer loop
      vertex -6.5 14.5 159.71
      vertex -3.25 14.5 154.08083487540117
      vertex -3.197409101749103 14.5 158.2864217492347
    endloop
  endfacet
  facet normal 0 -1 0
    outer loop
      vertex -6.5 14.5 159.71
      vertex -3.197409101749103 14.5 158.2864217492347
      vertex -3.42351660256832 14.5 158.98230908213785
    endloop
  endfacet
  facet normal 0 -1 0
    outer loop
      vertex -6.5 14.5 159.71
      vertex -3.42351660256832 14.5 160.43769091786217
      vertex -3.197409101749103 14.5 161.1335782507653
    endloop
  endfacet
  facet normal 0 -1 0
    outer loop
      vertex -6.5 14.5 159.71
      vertex -3.197409101749103 14.5 161.1335782507653
      vertex -2.831559480312316 14.5 161.76724838302366
    endloop
  endfacet
  facet normal 0 -1 0
    outer loop
      vertex -6.5 14.5 159.71
      vertex -2.831559480312316 14.5 161.76724838302366
      vertex -2.341957122256004 14.5 162.3110068891709
    endloop
  endfacet
  facet normal 0 -1 0
    outer loop
      vertex -3.25 14.5 154.08083487540117
      vertex -2.831559480312316 14.5 157.65275161697636
      vertex -3.197409101749103 14.5 158.2864217492347
    endloop
  endfacet
  facet normal 0 -1 0
    outer loop
      vertex -3.25 14.5 154.08083487540117
      vertex -2.341957122256004 14.5 157.10899311082912
      vertex -2.831559480312316 14.5 157.65275161697636
    endloop
  endfacet
  facet normal -0.7729879516809969 0.4509096384805812 -0.44628480198336173
    outer loop
      vertex -6.5 14.5 159.71
      vertex -2.375 17.5 155.59637933202393
      vertex -3.25 14.5 154.08083487540117
    endloop
  endfacet
  facet normal 0 -1 0
    outer loop
      vertex -3.25 14.5 154.08083487540117
      vertex -1.75 14.5 156.67891108675448
      vertex -2.341957122256004 14.5 157.10899311082912
    endloop
  endfacet
  facet normal 0 -1 0
    outer loop
      vertex -3.25 14.5 154.08083487540117
      vertex -1.0815594803123159 14.5 156.38130219296698
      vertex -1.75 14.5 156.67891108675448
    endloop
  endfacet
  facet normal 0 -1 0
    outer loop
      vertex -3.25 14.5 154.08083487540117
      vertex -0.3658496214367871 14.5 156.22917336621106
      vertex -1.0815594803123159 14.5 156.38130219296698
    endloop
  endfacet
  facet normal 0 -1 0
    outer loop
      vertex -3.25 14.5 154.08083487540117
      vertex 0.3658496214367871 14.5 156.22917336621106
      vertex -0.3658496214367871 14.5 156.22917336621106
    endloop
  endfacet
  facet normal 0 0.45090963848058047 -0.8925696039667227
    outer loop
      vertex -3.25 14.5 154.08083487540117
      vertex -2.375 17.5 155.59637933202393
      vertex 3.25 14.5 154.08083487540117
    endloop
  endfacet
  facet normal -0.7729879516809969 0.4509096384805815 -0.44628480198336146
    outer loop
      vertex -6.5 14.5 159.71
      vertex -4.75 17.5 159.71
      vertex -2.375 17.5 155.59637933202393
    endloop
  endfacet
  facet normal -0.7729879516809969 0.4509096384805815 0.44628480198336146
    outer loop
      vertex -6.5 14.5 159.71
      vertex -2.375 17.5 163.8236206679761
      vertex -4.75 17.5 159.71
    endloop
  endfacet
  facet normal 0 1 0
    outer loop
      vertex -4.75 17.5 159.71
      vertex -3.42351660256832 17.5 158.98230908213785
      vertex -3.197409101749103 17.5 158.2864217492347
    endloop
  endfacet
  facet normal 0 1 0
    outer loop
      vertex -4.75 17.5 159.71
      vertex -3.5 17.5 159.71
      vertex -3.42351660256832 17.5 158.98230908213785
    endloop
  endfacet
  facet normal 0 1 0
    outer loop
      vertex -4.75 17.5 159.71
      vertex -3.42351660256832 17.5 160.43769091786217
      vertex -3.5 17.5 159.71
    endloop
  endfacet
  facet normal 0 1 0
    outer loop
      vertex -4.75 17.5 159.71
      vertex -3.197409101749103 17.5 161.1335782507653
      vertex -3.42351660256832 17.5 160.43769091786217
    endloop
  endfacet
  facet normal 0 1 0
    outer loop
      vertex -4.75 17.5 159.71
      vertex -2.831559480312316 17.5 157.65275161697636
      vertex -2.375 17.5 155.59637933202393
    endloop
  endfacet
  facet normal 0 1 0
    outer loop
      vertex -4.75 17.5 159.71
      vertex -3.197409101749103 17.5 158.2864217492347
      vertex -2.831559480312316 17.5 157.65275161697636
    endloop
  endfacet
  facet normal 0 1 0
    outer loop
      vertex -4.75 17.5 159.71
      vertex -2.375 17.5 163.8236206679761
      vertex -3.197409101749103 17.5 161.1335782507653
    endloop
  endfacet
  facet normal 0 1 0
    outer loop
      vertex -2.375 17.5 155.59637933202393
      vertex -2.831559480312316 17.5 157.65275161697636
      vertex -2.341957122256004 17.5 157.10899311082912
    endloop
  endfacet
  facet normal 0 1 0
    outer loop
      vertex -2.375 17.5 155.59637933202393
      vertex -2.341957122256004 17.5 157.10899311082912
      vertex -1.75 17.5 156.67891108675448
    endloop
  endfacet
  facet normal 0 1 0
    outer loop
      vertex -2.375 17.5 155.59637933202393
      vertex -1.75 17.5 156.67891108675448
      vertex -1.0815594803123159 17.5 156.38130219296698
    endloop
  endfacet
  facet normal 0 1 0
    outer loop
      vertex -2.375 17.5 155.59637933202393
      vertex -1.0815594803123159 17.5 156.38130219296698
      vertex -0.3658496214367871 17.5 156.22917336621106
    endloop
  endfacet
  facet normal 0 1 0
    outer loop
      vertex -2.375 17.5 155.59637933202393
      vertex -0.3658496214367871 17.5 156.22917336621106
      vertex 0.3658496214367871 17.5 156.22917336621106
    endloop
  endfacet
  facet normal 0 -1 0
    outer loop
      vertex -6.5 14.5 159.71
      vertex -2.341957122256004 14.5 162.3110068891709
      vertex -3.25 14.5 165.33916512459885
    endloop
  endfacet
  facet normal -0.7729879516809969 0.4509096384805812 0.44628480198336173
    outer loop
      vertex -6.5 14.5 159.71
      vertex -3.25 14.5 165.33916512459885
      vertex -2.375 17.5 163.8236206679761
    endloop
  endfacet
  facet normal 0 -1 0
    outer loop
      vertex -3.25 14.5 165.33916512459885
      vertex -2.341957122256004 14.5 162.3110068891709
      vertex -1.75 14.5 162.74108891324553
    endloop
  endfacet
  facet normal 0 -1 0
    outer loop
      vertex -3.25 14.5 165.33916512459885
      vertex -1.75 14.5 162.74108891324553
      vertex -1.0815594803123159 14.5 163.03869780703303
    endloop
  endfacet
  facet normal 0 -1 0
    outer loop
      vertex -3.25 14.5 165.33916512459885
      vertex -1.0815594803123159 14.5 163.03869780703303
      vertex -0.3658496214367871 14.5 163.19082663378896
    endloop
  endfacet
  facet normal 0 -1 0
    outer loop
      vertex -3.25 14.5 165.33916512459885
      vertex -0.3658496214367871 14.5 163.19082663378896
      vertex 3.25 14.5 165.33916512459885
    endloop
  endfacet
  facet normal 0 0.45090963848058047 0.8925696039667227
    outer loop
      vertex -3.25 14.5 165.33916512459885
      vertex 3.25 14.5 165.33916512459885
      vertex -2.375 17.5 163.8236206679761
    endloop
  endfacet
  facet normal 0 1 0
    outer loop
      vertex -2.375 17.5 163.8236206679761
      vertex -2.831559480312316 17.5 161.76724838302366
      vertex -3.197409101749103 17.5 161.1335782507653
    endloop
  endfacet
  facet normal 0 1 0
    outer loop
      vertex -2.375 17.5 163.8236206679761
      vertex -2.341957122256004 17.5 162.3110068891709
      vertex -2.831559480312316 17.5 161.76724838302366
    endloop
  endfacet
  facet normal 0 1 0
    outer loop
      vertex -2.375 17.5 163.8236206679761
      vertex -1.75 17.5 162.74108891324553
      vertex -2.341957122256004 17.5 162.3110068891709
    endloop
  endfacet
  facet normal 0 1 0
    outer loop
      vertex -2.375 17.5 163.8236206679761
      vertex -1.0815594803123159 17.5 163.03869780703303
      vertex -1.75 17.5 162.74108891324553
    endloop
  endfacet
  facet normal 0 1 0
    outer loop
      vertex -2.375 17.5 163.8236206679761
      vertex -0.3658496214367871 17.5 163.19082663378896
      vertex -1.0815594803123159 17.5 163.03869780703303
    endloop
  endfacet
  facet normal 0 1 0
    outer loop
      vertex -2.375 17.5 163.8236206679761
      vertex 2.375 17.5 163.8236206679761
      vertex -0.3658496214367871 17.5 163.19082663378896
    endloop
  endfacet
  facet normal 0 -1 0
    outer loop
      vertex -3.25 14.5 154.08083487540117
      vertex 3.25 14.5 154.08083487540117
      vertex 0.3658496214367871 14.5 156.22917336621106
    endloop
  endfacet
  facet normal 0 -1 0
    outer loop
      vertex 3.25 14.5 154.08083487540117
      vertex 1.0815594803123159 14.5 156.38130219296698
      vertex 0.3658496214367871 14.5 156.22917336621106
    endloop
  endfacet
  facet normal 0 -1 0
    outer loop
      vertex 3.25 14.5 154.08083487540117
      vertex 1.75 14.5 156.67891108675448
      vertex 1.0815594803123159 14.5 156.38130219296698
    endloop
  endfacet
  facet normal 0 -1 0
    outer loop
      vertex 3.25 14.5 154.08083487540117
      vertex 2.341957122256004 14.5 157.10899311082912
      vertex 1.75 14.5 156.67891108675448
    endloop
  endfacet
  facet normal 0 -1 0
    outer loop
      vertex 6.5 14.5 159.71
      vertex 2.831559480312316 14.5 157.65275161697636
      vertex 2.341957122256004 14.5 157.10899311082912
    endloop
  endfacet
  facet normal 0 -1 0
    outer loop
      vertex 3.25 14.5 154.08083487540117
      vertex 6.5 14.5 159.71
      vertex 2.341957122256004 14.5 157.10899311082912
    endloop
  endfacet
  facet normal 0 -1 0
    outer loop
      vertex 6.5 14.5 159.71
      vertex 3.197409101749103 14.5 158.2864217492347
      vertex 2.831559480312316 14.5 157.65275161697636
    endloop
  endfacet
  facet normal 0 -1 0
    outer loop
      vertex 6.5 14.5 159.71
      vertex 3.42351660256832 14.5 158.98230908213785
      vertex 3.197409101749103 14.5 158.2864217492347
    endloop
  endfacet
  facet normal 0 -1 0
    outer loop
      vertex 6.5 14.5 159.71
      vertex 3.197409101749103 14.5 161.1335782507653
      vertex 3.42351660256832 14.5 160.43769091786217
    endloop
  endfacet
  facet normal 0 -1 0
    outer loop
      vertex 6.5 14.5 159.71
      vertex 3.5 14.5 159.71
      vertex 3.42351660256832 14.5 158.98230908213785
    endloop
  endfacet
  facet normal 0 -1 0
    outer loop
      vertex 6.5 14.5 159.71
      vertex 3.42351660256832 14.5 160.43769091786217
      vertex 3.5 14.5 159.71
    endloop
  endfacet
  facet normal 0.7729879516809969 0.4509096384805812 -0.44628480198336173
    outer loop
      vertex 3.25 14.5 154.08083487540117
      vertex 2.375 17.5 155.59637933202393
      vertex 6.5 14.5 159.71
    endloop
  endfacet
  facet normal 0 0.45090963848058047 -0.8925696039667227
    outer loop
      vertex -2.375 17.5 155.59637933202393
      vertex 2.375 17.5 155.59637933202393
      vertex 3.25 14.5 154.08083487540117
    endloop
  endfacet
  facet normal 0 1 0
    outer loop
      vertex -2.375 17.5 155.59637933202393
      vertex 0.3658496214367871 17.5 156.22917336621106
      vertex 2.375 17.5 155.59637933202393
    endloop
  endfacet
  facet normal 0 1 0
    outer loop
      vertex 2.375 17.5 155.59637933202393
      vertex 0.3658496214367871 17.5 156.22917336621106
      vertex 1.0815594803123159 17.5 156.38130219296698
    endloop
  endfacet
  facet normal 0 1 0
    outer loop
      vertex 2.375 17.5 155.59637933202393
      vertex 1.0815594803123159 17.5 156.38130219296698
      vertex 1.75 17.5 156.67891108675448
    endloop
  endfacet
  facet normal 0 1 0
    outer loop
      vertex 2.375 17.5 155.59637933202393
      vertex 1.75 17.5 156.67891108675448
      vertex 2.341957122256004 17.5 157.10899311082912
    endloop
  endfacet
  facet normal 0.7729879516809969 0.4509096384805815 -0.44628480198336146
    outer loop
      vertex 2.375 17.5 155.59637933202393
      vertex 4.75 17.5 159.71
      vertex 6.5 14.5 159.71
    endloop
  endfacet
  facet normal 0.7729879516809969 0.4509096384805815 0.44628480198336146
    outer loop
      vertex 4.75 17.5 159.71
      vertex 2.375 17.5 163.8236206679761
      vertex 6.5 14.5 159.71
    endloop
  endfacet
  facet normal 0 1 0
    outer loop
      vertex 2.375 17.5 155.59637933202393
      vertex 2.341957122256004 17.5 157.10899311082912
      vertex 2.831559480312316 17.5 157.65275161697636
    endloop
  endfacet
  facet normal 0 1 0
    outer loop
      vertex 2.375 17.5 155.59637933202393
      vertex 2.831559480312316 17.5 157.65275161697636
      vertex 3.197409101749103 17.5 158.2864217492347
    endloop
  endfacet
  facet normal 0 1 0
    outer loop
      vertex 2.375 17.5 155.59637933202393
      vertex 3.197409101749103 17.5 158.2864217492347
      vertex 4.75 17.5 159.71
    endloop
  endfacet
  facet normal 0 1 0
    outer loop
      vertex 4.75 17.5 159.71
      vertex 2.831559480312316 17.5 161.76724838302366
      vertex 2.375 17.5 163.8236206679761
    endloop
  endfacet
  facet normal 0 1 0
    outer loop
      vertex 4.75 17.5 159.71
      vertex 3.197409101749103 17.5 161.1335782507653
      vertex 2.831559480312316 17.5 161.76724838302366
    endloop
  endfacet
  facet normal 0 1 0
    outer loop
      vertex 4.75 17.5 159.71
      vertex 3.197409101749103 17.5 158.2864217492347
      vertex 3.42351660256832 17.5 158.98230908213785
    endloop
  endfacet
  facet normal 0 1 0
    outer loop
      vertex 4.75 17.5 159.71
      vertex 3.42351660256832 17.5 158.98230908213785
      vertex 3.5 17.5 159.71
    endloop
  endfacet
  facet normal 0 1 0
    outer loop
      vertex 4.75 17.5 159.71
      vertex 3.5 17.5 159.71
      vertex 3.42351660256832 17.5 160.43769091786217
    endloop
  endfacet
  facet normal 0 1 0
    outer loop
      vertex 4.75 17.5 159.71
      vertex 3.42351660256832 17.5 160.43769091786217
      vertex 3.197409101749103 17.5 161.1335782507653
    endloop
  endfacet
  facet normal 0 -1 0
    outer loop
      vertex 3.25 14.5 165.33916512459885
      vertex -0.3658496214367871 14.5 163.19082663378896
      vertex 0.3658496214367871 14.5 163.19082663378896
    endloop
  endfacet
  facet normal 0 -1 0
    outer loop
      vertex 3.25 14.5 165.33916512459885
      vertex 0.3658496214367871 14.5 163.19082663378896
      vertex 1.0815594803123159 14.5 163.03869780703303
    endloop
  endfacet
  facet normal 0 -1 0
    outer loop
      vertex 3.25 14.5 165.33916512459885
      vertex 1.0815594803123159 14.5 163.03869780703303
      vertex 1.75 14.5 162.74108891324553
    endloop
  endfacet
  facet normal 0 -1 0
    outer loop
      vertex 3.25 14.5 165.33916512459885
      vertex 1.75 14.5 162.74108891324553
      vertex 2.341957122256004 14.5 162.3110068891709
    endloop
  endfacet
  facet normal 0 -1 0
    outer loop
      vertex 3.25 14.5 165.33916512459885
      vertex 2.341957122256004 14.5 162.3110068891709
      vertex 2.831559480312316 14.5 161.76724838302366
    endloop
  endfacet
  facet normal 0 -1 0
    outer loop
      vertex 3.25 14.5 165.33916512459885
      vertex 2.831559480312316 14.5 161.76724838302366
      vertex 3.197409101749103 14.5 161.1335782507653
    endloop
  endfacet
  facet normal 0 -1 0
    outer loop
      vertex 6.5 14.5 159.71
      vertex 3.25 14.5 165.33916512459885
      vertex 3.197409101749103 14.5 161.1335782507653
    endloop
  endfacet
  facet normal 0.7729879516809969 0.4509096384805812 0.44628480198336173
    outer loop
      vertex 6.5 14.5 159.71
      vertex 2.375 17.5 163.8236206679761
      vertex 3.25 14.5 165.33916512459885
    endloop
  endfacet
  facet normal 0 0.45090963848058047 0.8925696039667227
    outer loop
      vertex -2.375 17.5 163.8236206679761
      vertex 3.25 14.5 165.33916512459885
      vertex 2.375 17.5 163.8236206679761
    endloop
  endfacet
  facet normal 0 1 0
    outer loop
      vertex 2.375 17.5 163.8236206679761
      vertex 0.3658496214367871 17.5 163.19082663378896
      vertex -0.3658496214367871 17.5 163.19082663378896
    endloop
  endfacet
  facet normal 0 1 0
    outer loop
      vertex 2.375 17.5 163.8236206679761
      vertex 1.0815594803123159 17.5 163.03869780703303
      vertex 0.3658496214367871 17.5 163.19082663378896
    endloop
  endfacet
  facet normal 0 1 0
    outer loop
      vertex 2.375 17.5 163.8236206679761
      vertex 1.75 17.5 162.74108891324553
      vertex 1.0815594803123159 17.5 163.03869780703303
    endloop
  endfacet
  facet normal 0 1 0
    outer loop
      vertex 2.375 17.5 163.8236206679761
      vertex 2.341957122256004 17.5 162.3110068891709
      vertex 1.75 17.5 162.74108891324553
    endloop
  endfacet
  facet normal 0 1 0
    outer loop
      vertex 2.375 17.5 163.8236206679761
      vertex 2.831559480312316 17.5 161.76724838302366
      vertex 2.341957122256004 17.5 162.3110068891709
    endloop
  endfacet
  facet normal 0 -1 0
    outer loop
      vertex -6.5 14.5 201.12
      vertex -3.42351660256832 14.5 200.39230908213784
      vertex -3.5 14.5 201.12
    endloop
  endfacet
  facet normal 0 -1 0
    outer loop
      vertex -6.5 14.5 201.12
      vertex -3.5 14.5 201.12
      vertex -3.42351660256832 14.5 201.84769091786217
    endloop
  endfacet
  facet normal 0 -1 0
    outer loop
      vertex -6.5 14.5 201.12
      vertex -3.25 14.5 195.49083487540116
      vertex -3.197409101749103 14.5 199.6964217492347
    endloop
  endfacet
  facet normal 0 -1 0
    outer loop
      vertex -6.5 14.5 201.12
      vertex -3.197409101749103 14.5 199.6964217492347
      vertex -3.42351660256832 14.5 200.39230908213784
    endloop
  endfacet
  facet normal 0 -1 0
    outer loop
      vertex -6.5 14.5 201.12
      vertex -3.42351660256832 14.5 201.84769091786217
      vertex -3.197409101749103 14.5 202.5435782507653
    endloop
  endfacet
  facet normal 0 -1 0
    outer loop
      vertex -6.5 14.5 201.12
      vertex -3.197409101749103 14.5 202.5435782507653
      vertex -2.831559480312316 14.5 203.17724838302365
    endloop
  endfacet
  facet normal 0 -1 0
    outer loop
      vertex -3.25 14.5 195.49083487540116
      vertex -2.831559480312316 14.5 199.06275161697636
      vertex -3.197409101749103 14.5 199.6964217492347
    endloop
  endfacet
  facet normal 0 -1 0
    outer loop
      vertex -3.25 14.5 195.49083487540116
      vertex -2.341957122256004 14.5 198.51899311082911
      vertex -2.831559480312316 14.5 199.06275161697636
    endloop
  endfacet
  facet normal 0 -1 0
    outer loop
      vertex -6.5 14.5 201.12
      vertex -2.341957122256004 14.5 203.7210068891709
      vertex -3.25 14.5 206.74916512459885
    endloop
  endfacet
  facet normal 0 -1 0
    outer loop
      vertex -6.5 14.5 201.12
      vertex -2.831559480312316 14.5 203.17724838302365
      vertex -2.341957122256004 14.5 203.7210068891709
    endloop
  endfacet
  facet normal -0.7729879516809969 0.4509096384805812 -0.44628480198336173
    outer loop
      vertex -6.5 14.5 201.12
      vertex -2.375 17.5 197.00637933202393
      vertex -3.25 14.5 195.49083487540116
    endloop
  endfacet
  facet normal -0.7729879516809969 0.4509096384805812 0.44628480198336173
    outer loop
      vertex -6.5 14.5 201.12
      vertex -3.25 14.5 206.74916512459885
      vertex -2.375 17.5 205.23362066797608
    endloop
  endfacet
  facet normal 0 -1 0
    outer loop
      vertex -3.25 14.5 195.49083487540116
      vertex -1.75 14.5 198.08891108675448
      vertex -2.341957122256004 14.5 198.51899311082911
    endloop
  endfacet
  facet normal 0 -1 0
    outer loop
      vertex -3.25 14.5 195.49083487540116
      vertex -1.0815594803123159 14.5 197.79130219296698
      vertex -1.75 14.5 198.08891108675448
    endloop
  endfacet
  facet normal 0 -1 0
    outer loop
      vertex -3.25 14.5 195.49083487540116
      vertex -0.3658496214367871 14.5 197.63917336621105
      vertex -1.0815594803123159 14.5 197.79130219296698
    endloop
  endfacet
  facet normal 0 -1 0
    outer loop
      vertex -3.25 14.5 195.49083487540116
      vertex 0.3658496214367871 14.5 197.63917336621105
      vertex -0.3658496214367871 14.5 197.63917336621105
    endloop
  endfacet
  facet normal 0 -1 0
    outer loop
      vertex -3.25 14.5 206.74916512459885
      vertex -2.341957122256004 14.5 203.7210068891709
      vertex -1.75 14.5 204.15108891324553
    endloop
  endfacet
  facet normal 0 -1 0
    outer loop
      vertex -3.25 14.5 206.74916512459885
      vertex -1.75 14.5 204.15108891324553
      vertex -1.0815594803123159 14.5 204.44869780703303
    endloop
  endfacet
  facet normal 0 -1 0
    outer loop
      vertex -3.25 14.5 206.74916512459885
      vertex -1.0815594803123159 14.5 204.44869780703303
      vertex -0.3658496214367871 14.5 204.60082663378896
    endloop
  endfacet
  facet normal 0 -1 0
    outer loop
      vertex -3.25 14.5 206.74916512459885
      vertex -0.3658496214367871 14.5 204.60082663378896
      vertex 3.25 14.5 206.74916512459885
    endloop
  endfacet
  facet normal 0 0.45090963848058047 -0.8925696039667227
    outer loop
      vertex -3.25 14.5 195.49083487540116
      vertex -2.375 17.5 197.00637933202393
      vertex 3.25 14.5 195.49083487540116
    endloop
  endfacet
  facet normal 0 0.45090963848058047 0.8925696039667227
    outer loop
      vertex -3.25 14.5 206.74916512459885
      vertex 3.25 14.5 206.74916512459885
      vertex -2.375 17.5 205.23362066797608
    endloop
  endfacet
  facet normal -0.7729879516809969 0.4509096384805815 -0.44628480198336146
    outer loop
      vertex -6.5 14.5 201.12
      vertex -4.75 17.5 201.12
      vertex -2.375 17.5 197.00637933202393
    endloop
  endfacet
  facet normal -0.7729879516809969 0.4509096384805815 0.44628480198336146
    outer loop
      vertex -6.5 14.5 201.12
      vertex -2.375 17.5 205.23362066797608
      vertex -4.75 17.5 201.12
    endloop
  endfacet
  facet normal 0 1 0
    outer loop
      vertex -4.75 17.5 201.12
      vertex -3.42351660256832 17.5 200.39230908213784
      vertex -3.197409101749103 17.5 199.6964217492347
    endloop
  endfacet
  facet normal 0 1 0
    outer loop
      vertex -4.75 17.5 201.12
      vertex -3.5 17.5 201.12
      vertex -3.42351660256832 17.5 200.39230908213784
    endloop
  endfacet
  facet normal 0 1 0
    outer loop
      vertex -4.75 17.5 201.12
      vertex -3.42351660256832 17.5 201.84769091786217
      vertex -3.5 17.5 201.12
    endloop
  endfacet
  facet normal 0 1 0
    outer loop
      vertex -4.75 17.5 201.12
      vertex -3.197409101749103 17.5 202.5435782507653
      vertex -3.42351660256832 17.5 201.84769091786217
    endloop
  endfacet
  facet normal 0 1 0
    outer loop
      vertex -4.75 17.5 201.12
      vertex -3.197409101749103 17.5 199.6964217492347
      vertex -2.831559480312316 17.5 199.06275161697636
    endloop
  endfacet
  facet normal 0 1 0
    outer loop
      vertex -4.75 17.5 201.12
      vertex -2.831559480312316 17.5 199.06275161697636
      vertex -2.375 17.5 197.00637933202393
    endloop
  endfacet
  facet normal 0 1 0
    outer loop
      vertex -2.375 17.5 197.00637933202393
      vertex -2.831559480312316 17.5 199.06275161697636
      vertex -2.341957122256004 17.5 198.51899311082911
    endloop
  endfacet
  facet normal 0 1 0
    outer loop
      vertex -4.75 17.5 201.12
      vertex -2.375 17.5 205.23362066797608
      vertex -3.197409101749103 17.5 202.5435782507653
    endloop
  endfacet
  facet normal 0 1 0
    outer loop
      vertex -2.375 17.5 205.23362066797608
      vertex -2.831559480312316 17.5 203.17724838302365
      vertex -3.197409101749103 17.5 202.5435782507653
    endloop
  endfacet
  facet normal 0 1 0
    outer loop
      vertex -2.375 17.5 205.23362066797608
      vertex -2.341957122256004 17.5 203.7210068891709
      vertex -2.831559480312316 17.5 203.17724838302365
    endloop
  endfacet
  facet normal 0 1 0
    outer loop
      vertex -2.375 17.5 197.00637933202393
      vertex -2.341957122256004 17.5 198.51899311082911
      vertex -1.75 17.5 198.08891108675448
    endloop
  endfacet
  facet normal 0 1 0
    outer loop
      vertex -2.375 17.5 197.00637933202393
      vertex -1.75 17.5 198.08891108675448
      vertex -1.0815594803123159 17.5 197.79130219296698
    endloop
  endfacet
  facet normal 0 1 0
    outer loop
      vertex -2.375 17.5 197.00637933202393
      vertex -1.0815594803123159 17.5 197.79130219296698
      vertex -0.3658496214367871 17.5 197.63917336621105
    endloop
  endfacet
  facet normal 0 1 0
    outer loop
      vertex -2.375 17.5 197.00637933202393
      vertex -0.3658496214367871 17.5 197.63917336621105
      vertex 0.3658496214367871 17.5 197.63917336621105
    endloop
  endfacet
  facet normal 0 1 0
    outer loop
      vertex -2.375 17.5 205.23362066797608
      vertex -1.75 17.5 204.15108891324553
      vertex -2.341957122256004 17.5 203.7210068891709
    endloop
  endfacet
  facet normal 0 1 0
    outer loop
      vertex -2.375 17.5 205.23362066797608
      vertex -1.0815594803123159 17.5 204.44869780703303
      vertex -1.75 17.5 204.15108891324553
    endloop
  endfacet
  facet normal 0 1 0
    outer loop
      vertex -2.375 17.5 205.23362066797608
      vertex -0.3658496214367871 17.5 204.60082663378896
      vertex -1.0815594803123159 17.5 204.44869780703303
    endloop
  endfacet
  facet normal 0 1 0
    outer loop
      vertex -2.375 17.5 205.23362066797608
      vertex 2.375 17.5 205.23362066797608
      vertex -0.3658496214367871 17.5 204.60082663378896
    endloop
  endfacet
  facet normal 0 -1 0
    outer loop
      vertex -3.25 14.5 195.49083487540116
      vertex 3.25 14.5 195.49083487540116
      vertex 0.3658496214367871 14.5 197.63917336621105
    endloop
  endfacet
  facet normal 0 -1 0
    outer loop
      vertex 3.25 14.5 195.49083487540116
      vertex 1.0815594803123159 14.5 197.79130219296698
      vertex 0.3658496214367871 14.5 197.63917336621105
    endloop
  endfacet
  facet normal 0 -1 0
    outer loop
      vertex 3.25 14.5 195.49083487540116
      vertex 1.75 14.5 198.08891108675448
      vertex 1.0815594803123159 14.5 197.79130219296698
    endloop
  endfacet
  facet normal 0 -1 0
    outer loop
      vertex 3.25 14.5 195.49083487540116
      vertex 2.341957122256004 14.5 198.51899311082911
      vertex 1.75 14.5 198.08891108675448
    endloop
  endfacet
  facet normal 0 -1 0
    outer loop
      vertex 3.25 14.5 206.74916512459885
      vertex -0.3658496214367871 14.5 204.60082663378896
      vertex 0.3658496214367871 14.5 204.60082663378896
    endloop
  endfacet
  facet normal 0 -1 0
    outer loop
      vertex 3.25 14.5 206.74916512459885
      vertex 0.3658496214367871 14.5 204.60082663378896
      vertex 1.0815594803123159 14.5 204.44869780703303
    endloop
  endfacet
  facet normal 0 -1 0
    outer loop
      vertex 3.25 14.5 206.74916512459885
      vertex 1.0815594803123159 14.5 204.44869780703303
      vertex 1.75 14.5 204.15108891324553
    endloop
  endfacet
  facet normal 0 -1 0
    outer loop
      vertex 3.25 14.5 206.74916512459885
      vertex 1.75 14.5 204.15108891324553
      vertex 2.341957122256004 14.5 203.7210068891709
    endloop
  endfacet
  facet normal 0 -1 0
    outer loop
      vertex 3.25 14.5 195.49083487540116
      vertex 6.5 14.5 201.12
      vertex 2.341957122256004 14.5 198.51899311082911
    endloop
  endfacet
  facet normal 0 -1 0
    outer loop
      vertex 6.5 14.5 201.12
      vertex 2.831559480312316 14.5 199.06275161697636
      vertex 2.341957122256004 14.5 198.51899311082911
    endloop
  endfacet
  facet normal 0 -1 0
    outer loop
      vertex 6.5 14.5 201.12
      vertex 3.197409101749103 14.5 199.6964217492347
      vertex 2.831559480312316 14.5 199.06275161697636
    endloop
  endfacet
  facet normal 0 -1 0
    outer loop
      vertex 6.5 14.5 201.12
      vertex 3.42351660256832 14.5 200.39230908213784
      vertex 3.197409101749103 14.5 199.6964217492347
    endloop
  endfacet
  facet normal 0 -1 0
    outer loop
      vertex 6.5 14.5 201.12
      vertex 3.197409101749103 14.5 202.5435782507653
      vertex 3.42351660256832 14.5 201.84769091786217
    endloop
  endfacet
  facet normal 0 -1 0
    outer loop
      vertex 6.5 14.5 201.12
      vertex 3.5 14.5 201.12
      vertex 3.42351660256832 14.5 200.39230908213784
    endloop
  endfacet
  facet normal 0 -1 0
    outer loop
      vertex 6.5 14.5 201.12
      vertex 3.42351660256832 14.5 201.84769091786217
      vertex 3.5 14.5 201.12
    endloop
  endfacet
  facet normal 0 -1 0
    outer loop
      vertex 3.25 14.5 206.74916512459885
      vertex 2.341957122256004 14.5 203.7210068891709
      vertex 2.831559480312316 14.5 203.17724838302365
    endloop
  endfacet
  facet normal 0 -1 0
    outer loop
      vertex 3.25 14.5 206.74916512459885
      vertex 2.831559480312316 14.5 203.17724838302365
      vertex 3.197409101749103 14.5 202.5435782507653
    endloop
  endfacet
  facet normal 0 -1 0
    outer loop
      vertex 3.25 14.5 206.74916512459885
      vertex 3.197409101749103 14.5 202.5435782507653
      vertex 6.5 14.5 201.12
    endloop
  endfacet
  facet normal 0.7729879516809969 0.4509096384805812 -0.44628480198336173
    outer loop
      vertex 3.25 14.5 195.49083487540116
      vertex 2.375 17.5 197.00637933202393
      vertex 6.5 14.5 201.12
    endloop
  endfacet
  facet normal 0.7729879516809969 0.4509096384805812 0.44628480198336173
    outer loop
      vertex 3.25 14.5 206.74916512459885
      vertex 6.5 14.5 201.12
      vertex 2.375 17.5 205.23362066797608
    endloop
  endfacet
  facet normal 0 0.45090963848058047 -0.8925696039667227
    outer loop
      vertex -2.375 17.5 197.00637933202393
      vertex 2.375 17.5 197.00637933202393
      vertex 3.25 14.5 195.49083487540116
    endloop
  endfacet
  facet normal 0 0.45090963848058047 0.8925696039667227
    outer loop
      vertex -2.375 17.5 205.23362066797608
      vertex 3.25 14.5 206.74916512459885
      vertex 2.375 17.5 205.23362066797608
    endloop
  endfacet
  facet normal 0 1 0
    outer loop
      vertex -2.375 17.5 197.00637933202393
      vertex 0.3658496214367871 17.5 197.63917336621105
      vertex 2.375 17.5 197.00637933202393
    endloop
  endfacet
  facet normal 0 1 0
    outer loop
      vertex 2.375 17.5 197.00637933202393
      vertex 0.3658496214367871 17.5 197.63917336621105
      vertex 1.0815594803123159 17.5 197.79130219296698
    endloop
  endfacet
  facet normal 0 1 0
    outer loop
      vertex 2.375 17.5 197.00637933202393
      vertex 1.0815594803123159 17.5 197.79130219296698
      vertex 1.75 17.5 198.08891108675448
    endloop
  endfacet
  facet normal 0 1 0
    outer loop
      vertex 2.375 17.5 197.00637933202393
      vertex 1.75 17.5 198.08891108675448
      vertex 2.341957122256004 17.5 198.51899311082911
    endloop
  endfacet
  facet normal 0 1 0
    outer loop
      vertex 2.375 17.5 205.23362066797608
      vertex 0.3658496214367871 17.5 204.60082663378896
      vertex -0.3658496214367871 17.5 204.60082663378896
    endloop
  endfacet
  facet normal 0 1 0
    outer loop
      vertex 2.375 17.5 205.23362066797608
      vertex 1.0815594803123159 17.5 204.44869780703303
      vertex 0.3658496214367871 17.5 204.60082663378896
    endloop
  endfacet
  facet normal 0 1 0
    outer loop
      vertex 2.375 17.5 205.23362066797608
      vertex 1.75 17.5 204.15108891324553
      vertex 1.0815594803123159 17.5 204.44869780703303
    endloop
  endfacet
  facet normal 0 1 0
    outer loop
      vertex 2.375 17.5 205.23362066797608
      vertex 2.341957122256004 17.5 203.7210068891709
      vertex 1.75 17.5 204.15108891324553
    endloop
  endfacet
  facet normal 0.7729879516809969 0.4509096384805815 -0.44628480198336146
    outer loop
      vertex 2.375 17.5 197.00637933202393
      vertex 4.75 17.5 201.12
      vertex 6.5 14.5 201.12
    endloop
  endfacet
  facet normal 0.7729879516809969 0.4509096384805815 0.44628480198336146
    outer loop
      vertex 2.375 17.5 205.23362066797608
      vertex 6.5 14.5 201.12
      vertex 4.75 17.5 201.12
    endloop
  endfacet
  facet normal 0 1 0
    outer loop
      vertex 2.375 17.5 197.00637933202393
      vertex 2.341957122256004 17.5 198.51899311082911
      vertex 2.831559480312316 17.5 199.06275161697636
    endloop
  endfacet
  facet normal 0 1 0
    outer loop
      vertex 2.375 17.5 197.00637933202393
      vertex 2.831559480312316 17.5 199.06275161697636
      vertex 3.197409101749103 17.5 199.6964217492347
    endloop
  endfacet
  facet normal 0 1 0
    outer loop
      vertex 2.375 17.5 197.00637933202393
      vertex 3.197409101749103 17.5 199.6964217492347
      vertex 4.75 17.5 201.12
    endloop
  endfacet
  facet normal 0 1 0
    outer loop
      vertex 4.75 17.5 201.12
      vertex 3.197409101749103 17.5 202.5435782507653
      vertex 2.831559480312316 17.5 203.17724838302365
    endloop
  endfacet
  facet normal 0 1 0
    outer loop
      vertex 4.75 17.5 201.12
      vertex 3.197409101749103 17.5 199.6964217492347
      vertex 3.42351660256832 17.5 200.39230908213784
    endloop
  endfacet
  facet normal 0 1 0
    outer loop
      vertex 4.75 17.5 201.12
      vertex 3.42351660256832 17.5 200.39230908213784
      vertex 3.5 17.5 201.12
    endloop
  endfacet
  facet normal 0 1 0
    outer loop
      vertex 4.75 17.5 201.12
      vertex 3.5 17.5 201.12
      vertex 3.42351660256832 17.5 201.84769091786217
    endloop
  endfacet
  facet normal 0 1 0
    outer loop
      vertex 4.75 17.5 201.12
      vertex 3.42351660256832 17.5 201.84769091786217
      vertex 3.197409101749103 17.5 202.5435782507653
    endloop
  endfacet
  facet normal 0 1 0
    outer loop
      vertex 2.375 17.5 205.23362066797608
      vertex 2.831559480312316 17.5 203.17724838302365
      vertex 2.341957122256004 17.5 203.7210068891709
    endloop
  endfacet
  facet normal 0 1 0
    outer loop
      vertex 2.375 17.5 205.23362066797608
      vertex 4.75 17.5 201.12
      vertex 2.831559480312316 17.5 203.17724838302365
    endloop
  endfacet
  facet normal 0 -1 0
    outer loop
      vertex -6.5 14.5 225
      vertex -3.42351660256832 14.5 224.27230908213784
      vertex -3.5 14.5 225
    endloop
  endfacet
  facet normal 0 -1 0
    outer loop
      vertex -6.5 14.5 225
      vertex -3.5 14.5 225
      vertex -3.42351660256832 14.5 225.72769091786216
    endloop
  endfacet
  facet normal 0 -1 0
    outer loop
      vertex -6.5 14.5 225
      vertex -3.25 14.5 219.37083487540116
      vertex -3.197409101749103 14.5 223.5764217492347
    endloop
  endfacet
  facet normal 0 -1 0
    outer loop
      vertex -6.5 14.5 225
      vertex -3.197409101749103 14.5 223.5764217492347
      vertex -3.42351660256832 14.5 224.27230908213784
    endloop
  endfacet
  facet normal 0 -1 0
    outer loop
      vertex -6.5 14.5 225
      vertex -3.42351660256832 14.5 225.72769091786216
      vertex -3.197409101749103 14.5 226.4235782507653
    endloop
  endfacet
  facet normal 0 -1 0
    outer loop
      vertex -6.5 14.5 225
      vertex -3.197409101749103 14.5 226.4235782507653
      vertex -2.831559480312316 14.5 227.05724838302365
    endloop
  endfacet
  facet normal 0 -1 0
    outer loop
      vertex -6.5 14.5 225
      vertex -2.831559480312316 14.5 227.05724838302365
      vertex -2.341957122256004 14.5 227.6010068891709
    endloop
  endfacet
  facet normal 0 -1 0
    outer loop
      vertex -6.5 14.5 225
      vertex -2.341957122256004 14.5 227.6010068891709
      vertex -3.25 14.5 230.62916512459884
    endloop
  endfacet
  facet normal 0 -1 0
    outer loop
      vertex -3.25 14.5 219.37083487540116
      vertex -2.831559480312316 14.5 222.94275161697635
      vertex -3.197409101749103 14.5 223.5764217492347
    endloop
  endfacet
  facet normal 0 -1 0
    outer loop
      vertex -3.25 14.5 219.37083487540116
      vertex -2.341957122256004 14.5 222.3989931108291
      vertex -2.831559480312316 14.5 222.94275161697635
    endloop
  endfacet
  facet normal -0.7729879516809969 0.4509096384805812 -0.44628480198336173
    outer loop
      vertex -6.5 14.5 225
      vertex -2.375 17.5 220.88637933202392
      vertex -3.25 14.5 219.37083487540116
    endloop
  endfacet
  facet normal -0.7729879516809969 0.4509096384805812 0.44628480198336173
    outer loop
      vertex -6.5 14.5 225
      vertex -3.25 14.5 230.62916512459884
      vertex -2.375 17.5 229.11362066797608
    endloop
  endfacet
  facet normal 0 -1 0
    outer loop
      vertex -3.25 14.5 219.37083487540116
      vertex -1.75 14.5 221.96891108675447
      vertex -2.341957122256004 14.5 222.3989931108291
    endloop
  endfacet
  facet normal 0 -1 0
    outer loop
      vertex -3.25 14.5 219.37083487540116
      vertex -1.0815594803123159 14.5 221.67130219296698
      vertex -1.75 14.5 221.96891108675447
    endloop
  endfacet
  facet normal 0 -1 0
    outer loop
      vertex -3.25 14.5 219.37083487540116
      vertex -0.3658496214367871 14.5 221.51917336621105
      vertex -1.0815594803123159 14.5 221.67130219296698
    endloop
  endfacet
  facet normal 0 -1 0
    outer loop
      vertex -3.25 14.5 230.62916512459884
      vertex -2.341957122256004 14.5 227.6010068891709
      vertex -1.75 14.5 228.03108891324553
    endloop
  endfacet
  facet normal 0 -1 0
    outer loop
      vertex -3.25 14.5 230.62916512459884
      vertex -1.75 14.5 228.03108891324553
      vertex -1.0815594803123159 14.5 228.32869780703302
    endloop
  endfacet
  facet normal 0 -1 0
    outer loop
      vertex -3.25 14.5 230.62916512459884
      vertex -1.0815594803123159 14.5 228.32869780703302
      vertex -0.3658496214367871 14.5 228.48082663378895
    endloop
  endfacet
  facet normal 0 -1 0
    outer loop
      vertex -3.25 14.5 219.37083487540116
      vertex 0.3658496214367871 14.5 221.51917336621105
      vertex -0.3658496214367871 14.5 221.51917336621105
    endloop
  endfacet
  facet normal 0 -1 0
    outer loop
      vertex -3.25 14.5 230.62916512459884
      vertex -0.3658496214367871 14.5 228.48082663378895
      vertex 3.25 14.5 230.62916512459884
    endloop
  endfacet
  facet normal 0 0.45090963848058047 -0.8925696039667227
    outer loop
      vertex -3.25 14.5 219.37083487540116
      vertex -2.375 17.5 220.88637933202392
      vertex 3.25 14.5 219.37083487540116
    endloop
  endfacet
  facet normal 0 0.45090963848058047 0.8925696039667227
    outer loop
      vertex -3.25 14.5 230.62916512459884
      vertex 3.25 14.5 230.62916512459884
      vertex -2.375 17.5 229.11362066797608
    endloop
  endfacet
  facet normal -0.7729879516809969 0.4509096384805815 -0.44628480198336146
    outer loop
      vertex -6.5 14.5 225
      vertex -4.75 17.5 225
      vertex -2.375 17.5 220.88637933202392
    endloop
  endfacet
  facet normal -0.7729879516809969 0.4509096384805815 0.44628480198336146
    outer loop
      vertex -6.5 14.5 225
      vertex -2.375 17.5 229.11362066797608
      vertex -4.75 17.5 225
    endloop
  endfacet
  facet normal 0 1 0
    outer loop
      vertex -4.75 17.5 225
      vertex -3.5 17.5 225
      vertex -3.42351660256832 17.5 224.27230908213784
    endloop
  endfacet
  facet normal 0 1 0
    outer loop
      vertex -4.75 17.5 225
      vertex -3.42351660256832 17.5 224.27230908213784
      vertex -3.197409101749103 17.5 223.5764217492347
    endloop
  endfacet
  facet normal 0 1 0
    outer loop
      vertex -4.75 17.5 225
      vertex -3.42351660256832 17.5 225.72769091786216
      vertex -3.5 17.5 225
    endloop
  endfacet
  facet normal 0 1 0
    outer loop
      vertex -4.75 17.5 225
      vertex -3.197409101749103 17.5 226.4235782507653
      vertex -3.42351660256832 17.5 225.72769091786216
    endloop
  endfacet
  facet normal 0 1 0
    outer loop
      vertex -2.375 17.5 220.88637933202392
      vertex -2.831559480312316 17.5 222.94275161697635
      vertex -2.341957122256004 17.5 222.3989931108291
    endloop
  endfacet
  facet normal 0 1 0
    outer loop
      vertex -4.75 17.5 225
      vertex -3.197409101749103 17.5 223.5764217492347
      vertex -2.831559480312316 17.5 222.94275161697635
    endloop
  endfacet
  facet normal 0 1 0
    outer loop
      vertex -4.75 17.5 225
      vertex -2.831559480312316 17.5 222.94275161697635
      vertex -2.375 17.5 220.88637933202392
    endloop
  endfacet
  facet normal 0 1 0
    outer loop
      vertex -4.75 17.5 225
      vertex -2.375 17.5 229.11362066797608
      vertex -3.197409101749103 17.5 226.4235782507653
    endloop
  endfacet
  facet normal 0 1 0
    outer loop
      vertex -2.375 17.5 229.11362066797608
      vertex -2.831559480312316 17.5 227.05724838302365
      vertex -3.197409101749103 17.5 226.4235782507653
    endloop
  endfacet
  facet normal 0 1 0
    outer loop
      vertex -2.375 17.5 229.11362066797608
      vertex -2.341957122256004 17.5 227.6010068891709
      vertex -2.831559480312316 17.5 227.05724838302365
    endloop
  endfacet
  facet normal 0 1 0
    outer loop
      vertex -2.375 17.5 220.88637933202392
      vertex -2.341957122256004 17.5 222.3989931108291
      vertex -1.75 17.5 221.96891108675447
    endloop
  endfacet
  facet normal 0 1 0
    outer loop
      vertex -2.375 17.5 220.88637933202392
      vertex -1.75 17.5 221.96891108675447
      vertex -1.0815594803123159 17.5 221.67130219296698
    endloop
  endfacet
  facet normal 0 1 0
    outer loop
      vertex -2.375 17.5 220.88637933202392
      vertex -1.0815594803123159 17.5 221.67130219296698
      vertex -0.3658496214367871 17.5 221.51917336621105
    endloop
  endfacet
  facet normal 0 1 0
    outer loop
      vertex -2.375 17.5 229.11362066797608
      vertex -1.75 17.5 228.03108891324553
      vertex -2.341957122256004 17.5 227.6010068891709
    endloop
  endfacet
  facet normal 0 1 0
    outer loop
      vertex -2.375 17.5 229.11362066797608
      vertex -1.0815594803123159 17.5 228.32869780703302
      vertex -1.75 17.5 228.03108891324553
    endloop
  endfacet
  facet normal 0 1 0
    outer loop
      vertex -2.375 17.5 229.11362066797608
      vertex -0.3658496214367871 17.5 228.48082663378895
      vertex -1.0815594803123159 17.5 228.32869780703302
    endloop
  endfacet
  facet normal 0 1 0
    outer loop
      vertex -2.375 17.5 220.88637933202392
      vertex -0.3658496214367871 17.5 221.51917336621105
      vertex 0.3658496214367871 17.5 221.51917336621105
    endloop
  endfacet
  facet normal 0 1 0
    outer loop
      vertex -2.375 17.5 229.11362066797608
      vertex 2.375 17.5 229.11362066797608
      vertex -0.3658496214367871 17.5 228.48082663378895
    endloop
  endfacet
  facet normal 0 -1 0
    outer loop
      vertex -3.25 14.5 219.37083487540116
      vertex 3.25 14.5 219.37083487540116
      vertex 0.3658496214367871 14.5 221.51917336621105
    endloop
  endfacet
  facet normal 0 -1 0
    outer loop
      vertex 3.25 14.5 230.62916512459884
      vertex -0.3658496214367871 14.5 228.48082663378895
      vertex 0.3658496214367871 14.5 228.48082663378895
    endloop
  endfacet
  facet normal 0 -1 0
    outer loop
      vertex 3.25 14.5 219.37083487540116
      vertex 1.0815594803123159 14.5 221.67130219296698
      vertex 0.3658496214367871 14.5 221.51917336621105
    endloop
  endfacet
  facet normal 0 -1 0
    outer loop
      vertex 3.25 14.5 219.37083487540116
      vertex 1.75 14.5 221.96891108675447
      vertex 1.0815594803123159 14.5 221.67130219296698
    endloop
  endfacet
  facet normal 0 -1 0
    outer loop
      vertex 3.25 14.5 219.37083487540116
      vertex 2.341957122256004 14.5 222.3989931108291
      vertex 1.75 14.5 221.96891108675447
    endloop
  endfacet
  facet normal 0 -1 0
    outer loop
      vertex 3.25 14.5 230.62916512459884
      vertex 0.3658496214367871 14.5 228.48082663378895
      vertex 1.0815594803123159 14.5 228.32869780703302
    endloop
  endfacet
  facet normal 0 -1 0
    outer loop
      vertex 3.25 14.5 230.62916512459884
      vertex 1.0815594803123159 14.5 228.32869780703302
      vertex 1.75 14.5 228.03108891324553
    endloop
  endfacet
  facet normal 0 -1 0
    outer loop
      vertex 3.25 14.5 230.62916512459884
      vertex 1.75 14.5 228.03108891324553
      vertex 2.341957122256004 14.5 227.6010068891709
    endloop
  endfacet
  facet normal 0 -1 0
    outer loop
      vertex 3.25 14.5 230.62916512459884
      vertex 2.341957122256004 14.5 227.6010068891709
      vertex 2.831559480312316 14.5 227.05724838302365
    endloop
  endfacet
  facet normal 0 -1 0
    outer loop
      vertex 3.25 14.5 230.62916512459884
      vertex 2.831559480312316 14.5 227.05724838302365
      vertex 3.197409101749103 14.5 226.4235782507653
    endloop
  endfacet
  facet normal 0 -1 0
    outer loop
      vertex 3.25 14.5 219.37083487540116
      vertex 6.5 14.5 225
      vertex 2.341957122256004 14.5 222.3989931108291
    endloop
  endfacet
  facet normal 0 -1 0
    outer loop
      vertex 6.5 14.5 225
      vertex 2.831559480312316 14.5 222.94275161697635
      vertex 2.341957122256004 14.5 222.3989931108291
    endloop
  endfacet
  facet normal 0 -1 0
    outer loop
      vertex 6.5 14.5 225
      vertex 3.197409101749103 14.5 223.5764217492347
      vertex 2.831559480312316 14.5 222.94275161697635
    endloop
  endfacet
  facet normal 0 -1 0
    outer loop
      vertex 6.5 14.5 225
      vertex 3.42351660256832 14.5 224.27230908213784
      vertex 3.197409101749103 14.5 223.5764217492347
    endloop
  endfacet
  facet normal 0 -1 0
    outer loop
      vertex 6.5 14.5 225
      vertex 3.197409101749103 14.5 226.4235782507653
      vertex 3.42351660256832 14.5 225.72769091786216
    endloop
  endfacet
  facet normal 0 -1 0
    outer loop
      vertex 3.25 14.5 230.62916512459884
      vertex 3.197409101749103 14.5 226.4235782507653
      vertex 6.5 14.5 225
    endloop
  endfacet
  facet normal 0 -1 0
    outer loop
      vertex 6.5 14.5 225
      vertex 3.5 14.5 225
      vertex 3.42351660256832 14.5 224.27230908213784
    endloop
  endfacet
  facet normal 0 -1 0
    outer loop
      vertex 6.5 14.5 225
      vertex 3.42351660256832 14.5 225.72769091786216
      vertex 3.5 14.5 225
    endloop
  endfacet
  facet normal 0.7729879516809969 0.4509096384805812 -0.44628480198336173
    outer loop
      vertex 3.25 14.5 219.37083487540116
      vertex 2.375 17.5 220.88637933202392
      vertex 6.5 14.5 225
    endloop
  endfacet
  facet normal 0.7729879516809969 0.4509096384805812 0.44628480198336173
    outer loop
      vertex 3.25 14.5 230.62916512459884
      vertex 6.5 14.5 225
      vertex 2.375 17.5 229.11362066797608
    endloop
  endfacet
  facet normal 0 0.45090963848058047 -0.8925696039667227
    outer loop
      vertex -2.375 17.5 220.88637933202392
      vertex 2.375 17.5 220.88637933202392
      vertex 3.25 14.5 219.37083487540116
    endloop
  endfacet
  facet normal 0 0.45090963848058047 0.8925696039667227
    outer loop
      vertex -2.375 17.5 229.11362066797608
      vertex 3.25 14.5 230.62916512459884
      vertex 2.375 17.5 229.11362066797608
    endloop
  endfacet
  facet normal 0 1 0
    outer loop
      vertex -2.375 17.5 220.88637933202392
      vertex 0.3658496214367871 17.5 221.51917336621105
      vertex 2.375 17.5 220.88637933202392
    endloop
  endfacet
  facet normal 0 1 0
    outer loop
      vertex 2.375 17.5 229.11362066797608
      vertex 0.3658496214367871 17.5 228.48082663378895
      vertex -0.3658496214367871 17.5 228.48082663378895
    endloop
  endfacet
  facet normal 0 1 0
    outer loop
      vertex 2.375 17.5 220.88637933202392
      vertex 0.3658496214367871 17.5 221.51917336621105
      vertex 1.0815594803123159 17.5 221.67130219296698
    endloop
  endfacet
  facet normal 0 1 0
    outer loop
      vertex 2.375 17.5 220.88637933202392
      vertex 1.0815594803123159 17.5 221.67130219296698
      vertex 1.75 17.5 221.96891108675447
    endloop
  endfacet
  facet normal 0 1 0
    outer loop
      vertex 2.375 17.5 220.88637933202392
      vertex 1.75 17.5 221.96891108675447
      vertex 2.341957122256004 17.5 222.3989931108291
    endloop
  endfacet
  facet normal 0 1 0
    outer loop
      vertex 2.375 17.5 229.11362066797608
      vertex 1.0815594803123159 17.5 228.32869780703302
      vertex 0.3658496214367871 17.5 228.48082663378895
    endloop
  endfacet
  facet normal 0 1 0
    outer loop
      vertex 2.375 17.5 229.11362066797608
      vertex 1.75 17.5 228.03108891324553
      vertex 1.0815594803123159 17.5 228.32869780703302
    endloop
  endfacet
  facet normal 0 1 0
    outer loop
      vertex 2.375 17.5 229.11362066797608
      vertex 2.341957122256004 17.5 227.6010068891709
      vertex 1.75 17.5 228.03108891324553
    endloop
  endfacet
  facet normal 0.7729879516809969 0.4509096384805815 -0.44628480198336146
    outer loop
      vertex 2.375 17.5 220.88637933202392
      vertex 4.75 17.5 225
      vertex 6.5 14.5 225
    endloop
  endfacet
  facet normal 0.7729879516809969 0.4509096384805815 0.44628480198336146
    outer loop
      vertex 2.375 17.5 229.11362066797608
      vertex 6.5 14.5 225
      vertex 4.75 17.5 225
    endloop
  endfacet
  facet normal 0 1 0
    outer loop
      vertex 2.375 17.5 220.88637933202392
      vertex 2.341957122256004 17.5 222.3989931108291
      vertex 2.831559480312316 17.5 222.94275161697635
    endloop
  endfacet
  facet normal 0 1 0
    outer loop
      vertex 2.375 17.5 220.88637933202392
      vertex 2.831559480312316 17.5 222.94275161697635
      vertex 3.197409101749103 17.5 223.5764217492347
    endloop
  endfacet
  facet normal 0 1 0
    outer loop
      vertex 2.375 17.5 229.11362066797608
      vertex 2.831559480312316 17.5 227.05724838302365
      vertex 2.341957122256004 17.5 227.6010068891709
    endloop
  endfacet
  facet normal 0 1 0
    outer loop
      vertex 2.375 17.5 220.88637933202392
      vertex 3.197409101749103 17.5 223.5764217492347
      vertex 4.75 17.5 225
    endloop
  endfacet
  facet normal 0 1 0
    outer loop
      vertex 2.375 17.5 229.11362066797608
      vertex 4.75 17.5 225
      vertex 2.831559480312316 17.5 227.05724838302365
    endloop
  endfacet
  facet normal 0 1 0
    outer loop
      vertex 4.75 17.5 225
      vertex 3.197409101749103 17.5 226.4235782507653
      vertex 2.831559480312316 17.5 227.05724838302365
    endloop
  endfacet
  facet normal 0 1 0
    outer loop
      vertex 4.75 17.5 225
      vertex 3.197409101749103 17.5 223.5764217492347
      vertex 3.42351660256832 17.5 224.27230908213784
    endloop
  endfacet
  facet normal 0 1 0
    outer loop
      vertex 4.75 17.5 225
      vertex 3.42351660256832 17.5 224.27230908213784
      vertex 3.5 17.5 225
    endloop
  endfacet
  facet normal 0 1 0
    outer loop
      vertex 4.75 17.5 225
      vertex 3.42351660256832 17.5 225.72769091786216
      vertex 3.197409101749103 17.5 226.4235782507653
    endloop
  endfacet
  facet normal 0 1 0
    outer loop
      vertex 4.75 17.5 225
      vertex 3.5 17.5 225
      vertex 3.42351660256832 17.5 225.72769091786216
    endloop
  endfacet
  facet normal 0.5877852522924734 0.8090169943749472 1.4304309396014504e-19
    outer loop
      vertex -32.36043666994744 -8.174593080251336 34.80000000000001
      vertex -30.5 -9.526279441628825 389.65000000000003
      vertex -30.5 -9.526279441628825 34.80000000000001
    endloop
  endfacet
  facet normal 0.7431448254773937 0.6691306063588587 -1.0661729092708647e-19
    outer loop
      vertex -32.36043666994744 -8.174593080251336 34.80000000000001
      vertex -33.89918693812442 -6.465637775217204 34.80000000000001
      vertex -33.89918693812442 -6.465637775217204 389.65000000000003
    endloop
  endfacet
  facet normal 0.4067366430758002 0.913545457642601 -3.789957726125516e-20
    outer loop
      vertex -30.5 -9.526279441628825 34.80000000000001
      vertex -28.399186938124423 -10.461621679246688 389.65000000000003
      vertex -28.399186938124423 -10.461621679246688 34.80000000000001
    endloop
  endfacet
  facet normal 0.20791169081775943 0.9781476007338056 -7.040478364790484e-20
    outer loop
      vertex -28.399186938124423 -10.461621679246688 34.80000000000001
      vertex -26.14981309594419 -10.939740849051006 389.65000000000003
      vertex -26.14981309594419 -10.939740849051006 34.80000000000001
    endloop
  endfacet
  facet normal 0 1 0
    outer loop
      vertex -26.14981309594419 -10.939740849051006 34.80000000000001
      vertex -23.85018690405581 -10.939740849051006 389.65000000000003
      vertex -23.85018690405581 -10.939740849051006 34.80000000000001
    endloop
  endfacet
  facet normal -0.20791169081775943 0.9781476007338056 7.040478364790484e-20
    outer loop
      vertex -23.85018690405581 -10.939740849051006 34.80000000000001
      vertex -21.600813061875577 -10.461621679246688 389.65000000000003
      vertex -21.600813061875577 -10.461621679246688 34.80000000000001
    endloop
  endfacet
  facet normal -0.4067366430758002 0.913545457642601 3.789957726125516e-20
    outer loop
      vertex -21.600813061875577 -10.461621679246688 34.80000000000001
      vertex -19.5 -9.526279441628825 389.65000000000003
      vertex -19.5 -9.526279441628825 34.80000000000001
    endloop
  endfacet
  facet normal 0.9510565162951538 0.3090169943749466 3.4972077518412685e-20
    outer loop
      vertex -35.04900003406861 -4.474103073833803 34.80000000000001
      vertex -35.75962360807186 -2.2870285989953527 34.80000000000001
      vertex -35.75962360807186 -2.2870285989953527 389.65000000000003
    endloop
  endfacet
  facet normal 0.8660254037844384 0.5000000000000004 -1.7731833661993941e-19
    outer loop
      vertex -33.89918693812442 -6.465637775217204 34.80000000000001
      vertex -35.04900003406861 -4.474103073833803 34.80000000000001
      vertex -35.04900003406861 -4.474103073833803 389.65000000000003
    endloop
  endfacet
  facet normal 0.9945218953682734 0.10452846326765323 -5.4943259400483e-21
    outer loop
      vertex -35.75962360807186 -2.2870285989953527 34.80000000000001
      vertex -36 0 34.80000000000001
      vertex -36 0 389.65000000000003
    endloop
  endfacet
  facet normal 0.9945218953682734 -0.10452846326765323 5.4943259400483e-21
    outer loop
      vertex -36 0 34.80000000000001
      vertex -35.75962360807186 2.2870285989953527 34.80000000000001
      vertex -35.75962360807186 2.2870285989953527 389.65000000000003
    endloop
  endfacet
  facet normal -0.5877852522924734 0.8090169943749472 -1.4304309396014504e-19
    outer loop
      vertex -19.5 -9.526279441628825 34.80000000000001
      vertex -17.63956333005256 -8.174593080251336 389.65000000000003
      vertex -17.63956333005256 -8.174593080251336 34.80000000000001
    endloop
  endfacet
  facet normal -0.7431448254773937 0.6691306063588587 0
    outer loop
      vertex -17.63956333005256 -8.174593080251336 34.80000000000001
      vertex -17.63956333005256 -8.174593080251336 389.65000000000003
      vertex -16.100813061875577 -6.465637775217204 34.80000000000001
    endloop
  endfacet
  facet normal -0.866025403784439 0.4999999999999993 0
    outer loop
      vertex -16.100813061875577 -6.465637775217204 34.80000000000001
      vertex -16.100813061875577 -6.465637775217204 389.65000000000003
      vertex -14.950999965931391 -4.474103073833803 34.80000000000001
    endloop
  endfacet
  facet normal -0.9510565162951534 0.30901699437494806 0
    outer loop
      vertex -14.950999965931391 -4.474103073833803 34.80000000000001
      vertex -14.950999965931391 -4.474103073833803 389.65000000000003
      vertex -14.240376391928137 -2.2870285989953527 34.80000000000001
    endloop
  endfacet
  facet normal -0.9945218953682734 0.10452846326765323 0
    outer loop
      vertex -14.240376391928137 -2.2870285989953527 34.80000000000001
      vertex -14.240376391928137 -2.2870285989953527 389.65000000000003
      vertex -14 0 34.80000000000001
    endloop
  endfacet
  facet normal -0.9945218953682734 -0.10452846326765323 0
    outer loop
      vertex -14 0 34.80000000000001
      vertex -14 0 389.65000000000003
      vertex -14.240376391928137 2.2870285989953527 34.80000000000001
    endloop
  endfacet
  facet normal 0.7431448254773937 0.6691306063588587 0
    outer loop
      vertex -32.36043666994744 -8.174593080251336 34.80000000000001
      vertex -33.89918693812442 -6.465637775217204 389.65000000000003
      vertex -32.36043666994744 -8.174593080251336 389.65000000000003
    endloop
  endfacet
  facet normal 0.5877852522924734 0.8090169943749472 0
    outer loop
      vertex -32.36043666994744 -8.174593080251336 34.80000000000001
      vertex -32.36043666994744 -8.174593080251336 389.65000000000003
      vertex -30.5 -9.526279441628825 389.65000000000003
    endloop
  endfacet
  facet normal 0.8660254037844384 0.5000000000000004 0
    outer loop
      vertex -33.89918693812442 -6.465637775217204 34.80000000000001
      vertex -35.04900003406861 -4.474103073833803 389.65000000000003
      vertex -33.89918693812442 -6.465637775217204 389.65000000000003
    endloop
  endfacet
  facet normal 0.20791169081775943 0.9781476007338056 0
    outer loop
      vertex -28.399186938124423 -10.461621679246688 34.80000000000001
      vertex -28.399186938124423 -10.461621679246688 389.65000000000003
      vertex -26.14981309594419 -10.939740849051006 389.65000000000003
    endloop
  endfacet
  facet normal 0.4067366430758002 0.913545457642601 0
    outer loop
      vertex -30.5 -9.526279441628825 34.80000000000001
      vertex -30.5 -9.526279441628825 389.65000000000003
      vertex -28.399186938124423 -10.461621679246688 389.65000000000003
    endloop
  endfacet
  facet normal 0 1 0
    outer loop
      vertex -26.14981309594419 -10.939740849051006 34.80000000000001
      vertex -26.14981309594419 -10.939740849051006 389.65000000000003
      vertex -23.85018690405581 -10.939740849051006 389.65000000000003
    endloop
  endfacet
  facet normal -0.20791169081775943 0.9781476007338056 0
    outer loop
      vertex -23.85018690405581 -10.939740849051006 34.80000000000001
      vertex -23.85018690405581 -10.939740849051006 389.65000000000003
      vertex -21.600813061875577 -10.461621679246688 389.65000000000003
    endloop
  endfacet
  facet normal -0.4067366430758002 0.913545457642601 0
    outer loop
      vertex -21.600813061875577 -10.461621679246688 34.80000000000001
      vertex -21.600813061875577 -10.461621679246688 389.65000000000003
      vertex -19.5 -9.526279441628825 389.65000000000003
    endloop
  endfacet
  facet normal 0.9510565162951538 0.3090169943749466 0
    outer loop
      vertex -35.04900003406861 -4.474103073833803 34.80000000000001
      vertex -35.75962360807186 -2.2870285989953527 389.65000000000003
      vertex -35.04900003406861 -4.474103073833803 389.65000000000003
    endloop
  endfacet
  facet normal 0.9945218953682734 0.10452846326765323 0
    outer loop
      vertex -35.75962360807186 -2.2870285989953527 34.80000000000001
      vertex -36 0 389.65000000000003
      vertex -35.75962360807186 -2.2870285989953527 389.65000000000003
    endloop
  endfacet
  facet normal 0.9945218953682734 -0.10452846326765323 0
    outer loop
      vertex -36 0 34.80000000000001
      vertex -35.75962360807186 2.2870285989953527 389.65000000000003
      vertex -36 0 389.65000000000003
    endloop
  endfacet
  facet normal 0 0 -1
    outer loop
      vertex -32.36043666994744 -8.174593080251336 389.65000000000003
      vertex -33.89918693812442 -6.465637775217204 389.65000000000003
      vertex -33.89918693812442 6.465637775217204 389.65000000000003
    endloop
  endfacet
  facet normal 0 0 -1
    outer loop
      vertex -33.89918693812442 -6.465637775217204 389.65000000000003
      vertex -35.04900003406861 -4.474103073833803 389.65000000000003
      vertex -35.04900003406861 4.474103073833803 389.65000000000003
    endloop
  endfacet
  facet normal 0 0 -1
    outer loop
      vertex -32.36043666994744 -8.174593080251336 389.65000000000003
      vertex -32.36043666994744 8.174593080251336 389.65000000000003
      vertex -30.5 -9.526279441628825 389.65000000000003
    endloop
  endfacet
  facet normal 0 0 -1
    outer loop
      vertex -35.04900003406861 -4.474103073833803 389.65000000000003
      vertex -35.75962360807186 -2.2870285989953527 389.65000000000003
      vertex -35.75962360807186 2.2870285989953527 389.65000000000003
    endloop
  endfacet
  facet normal 0 0 -1
    outer loop
      vertex -35.75962360807186 -2.2870285989953527 389.65000000000003
      vertex -36 0 389.65000000000003
      vertex -35.75962360807186 2.2870285989953527 389.65000000000003
    endloop
  endfacet
  facet normal 0 0 -1
    outer loop
      vertex -35.04900003406861 -4.474103073833803 389.65000000000003
      vertex -35.75962360807186 2.2870285989953527 389.65000000000003
      vertex -35.04900003406861 4.474103073833803 389.65000000000003
    endloop
  endfacet
  facet normal 0 0 -1
    outer loop
      vertex -33.89918693812442 -6.465637775217204 389.65000000000003
      vertex -35.04900003406861 4.474103073833803 389.65000000000003
      vertex -33.89918693812442 6.465637775217204 389.65000000000003
    endloop
  endfacet
  facet normal 0 0 -1
    outer loop
      vertex -32.36043666994744 -8.174593080251336 389.65000000000003
      vertex -33.89918693812442 6.465637775217204 389.65000000000003
      vertex -32.36043666994744 8.174593080251336 389.65000000000003
    endloop
  endfacet
  facet normal 0 0 -1
    outer loop
      vertex -30.5 -9.526279441628825 389.65000000000003
      vertex -30.5 9.526279441628825 389.65000000000003
      vertex -28.399186938124423 -10.461621679246688 389.65000000000003
    endloop
  endfacet
  facet normal 0 0 -1
    outer loop
      vertex -28.399186938124423 -10.461621679246688 389.65000000000003
      vertex -29.95 9.450000000000001 389.65000000000003
      vertex -26.14981309594419 -10.939740849051006 389.65000000000003
    endloop
  endfacet
  facet normal 0 0 -1
    outer loop
      vertex -26.14981309594419 -10.939740849051006 389.65000000000003
      vertex -29.95 9.450000000000001 389.65000000000003
      vertex -23.85018690405581 -10.939740849051006 389.65000000000003
    endloop
  endfacet
  facet normal 0 0 -1
    outer loop
      vertex -23.85018690405581 -10.939740849051006 389.65000000000003
      vertex -29.95 9.450000000000001 389.65000000000003
      vertex -21.600813061875577 -10.461621679246688 389.65000000000003
    endloop
  endfacet
  facet normal 0 0 -1
    outer loop
      vertex -21.600813061875577 -10.461621679246688 389.65000000000003
      vertex -29.95 9.450000000000001 389.65000000000003
      vertex -19.5 -9.526279441628825 389.65000000000003
    endloop
  endfacet
  facet normal -0.5877852522924734 0.8090169943749472 0
    outer loop
      vertex -19.5 -9.526279441628825 34.80000000000001
      vertex -19.5 -9.526279441628825 389.65000000000003
      vertex -17.63956333005256 -8.174593080251336 389.65000000000003
    endloop
  endfacet
  facet normal -0.7431448254773937 0.6691306063588587 0
    outer loop
      vertex -16.100813061875577 -6.465637775217204 34.80000000000001
      vertex -17.63956333005256 -8.174593080251336 389.65000000000003
      vertex -16.100813061875577 -6.465637775217204 389.65000000000003
    endloop
  endfacet
  facet normal -0.866025403784439 0.4999999999999993 0
    outer loop
      vertex -14.950999965931391 -4.474103073833803 34.80000000000001
      vertex -16.100813061875577 -6.465637775217204 389.65000000000003
      vertex -14.950999965931391 -4.474103073833803 389.65000000000003
    endloop
  endfacet
  facet normal -0.9510565162951534 0.30901699437494806 0
    outer loop
      vertex -14.240376391928137 -2.2870285989953527 34.80000000000001
      vertex -14.950999965931391 -4.474103073833803 389.65000000000003
      vertex -14.240376391928137 -2.2870285989953527 389.65000000000003
    endloop
  endfacet
  facet normal -0.9945218953682734 0.10452846326765323 0
    outer loop
      vertex -14 0 34.80000000000001
      vertex -14.240376391928137 -2.2870285989953527 389.65000000000003
      vertex -14 0 389.65000000000003
    endloop
  endfacet
  facet normal -0.9945218953682734 -0.10452846326765323 0
    outer loop
      vertex -14.240376391928137 2.2870285989953527 34.80000000000001
      vertex -14 0 389.65000000000003
      vertex -14.240376391928137 2.2870285989953527 389.65000000000003
    endloop
  endfacet
  facet normal 0 0 -1
    outer loop
      vertex -19.5 -9.526279441628825 389.65000000000003
      vertex -19.5 9.526279441628825 389.65000000000003
      vertex -17.63956333005256 -8.174593080251336 389.65000000000003
    endloop
  endfacet
  facet normal 0 0 -1
    outer loop
      vertex -17.63956333005256 -8.174593080251336 389.65000000000003
      vertex -17.63956333005256 8.174593080251336 389.65000000000003
      vertex -16.100813061875577 -6.465637775217204 389.65000000000003
    endloop
  endfacet
  facet normal 0 0 -1
    outer loop
      vertex -16.100813061875577 -6.465637775217204 389.65000000000003
      vertex -16.100813061875577 6.465637775217204 389.65000000000003
      vertex -14.950999965931391 -4.474103073833803 389.65000000000003
    endloop
  endfacet
  facet normal 0 0 -1
    outer loop
      vertex -14.950999965931391 -4.474103073833803 389.65000000000003
      vertex -16.100813061875577 6.465637775217204 389.65000000000003
      vertex -14.950999965931391 4.474103073833803 389.65000000000003
    endloop
  endfacet
  facet normal 0 0 -1
    outer loop
      vertex -14.950999965931391 -4.474103073833803 389.65000000000003
      vertex -14.950999965931391 4.474103073833803 389.65000000000003
      vertex -14.240376391928137 -2.2870285989953527 389.65000000000003
    endloop
  endfacet
  facet normal 0 0 -1
    outer loop
      vertex -14.240376391928137 -2.2870285989953527 389.65000000000003
      vertex -14.240376391928137 2.2870285989953527 389.65000000000003
      vertex -14 0 389.65000000000003
    endloop
  endfacet
  facet normal 0 0 -1
    outer loop
      vertex -14.240376391928137 -2.2870285989953527 389.65000000000003
      vertex -14.950999965931391 4.474103073833803 389.65000000000003
      vertex -14.240376391928137 2.2870285989953527 389.65000000000003
    endloop
  endfacet
  facet normal 0.9510565162951538 -0.3090169943749466 -3.4972077518412685e-20
    outer loop
      vertex -35.75962360807186 2.2870285989953527 34.80000000000001
      vertex -35.04900003406861 4.474103073833803 34.80000000000001
      vertex -35.04900003406861 4.474103073833803 389.65000000000003
    endloop
  endfacet
  facet normal 0.8660254037844384 -0.5000000000000004 1.7731833661993941e-19
    outer loop
      vertex -35.04900003406861 4.474103073833803 34.80000000000001
      vertex -33.89918693812442 6.465637775217204 34.80000000000001
      vertex -33.89918693812442 6.465637775217204 389.65000000000003
    endloop
  endfacet
  facet normal 0.7431448254773937 -0.6691306063588587 1.0661729092708647e-19
    outer loop
      vertex -33.89918693812442 6.465637775217204 34.80000000000001
      vertex -32.36043666994744 8.174593080251336 34.80000000000001
      vertex -32.36043666994744 8.174593080251336 389.65000000000003
    endloop
  endfacet
  facet normal 0.5877852522924734 -0.8090169943749472 0
    outer loop
      vertex -32.36043666994744 8.174593080251336 34.80000000000001
      vertex -30.5 9.526279441628825 34.80000000000001
      vertex -32.36043666994744 8.174593080251336 389.65000000000003
    endloop
  endfacet
  facet normal 0.4067366430758002 -0.913545457642601 0
    outer loop
      vertex -30.5 9.526279441628825 34.80000000000001
      vertex -28.399186938124423 10.461621679246688 34.80000000000001
      vertex -30.5 9.526279441628825 389.65000000000003
    endloop
  endfacet
  facet normal 0.20791169081775943 -0.9781476007338056 7.041470540433775e-20
    outer loop
      vertex -28.399186938124423 10.461621679246688 34.80000000000001
      vertex -26.14981309594419 10.939740849051006 34.80000000000001
      vertex -26.14981309594419 10.939740849051006 389.6
    endloop
  endfacet
  facet normal 0 -1 0
    outer loop
      vertex -26.14981309594419 10.939740849051006 34.80000000000001
      vertex -23.85018690405581 10.939740849051006 34.80000000000001
      vertex -23.85018690405581 10.939740849051006 389.6
    endloop
  endfacet
  facet normal -0.20791169081775943 -0.9781476007338056 -7.041470540433775e-20
    outer loop
      vertex -23.85018690405581 10.939740849051006 34.80000000000001
      vertex -21.600813061875577 10.461621679246688 34.80000000000001
      vertex -21.600813061875577 10.461621679246688 389.6
    endloop
  endfacet
  facet normal -0.40673664307580015 -0.9135454576426009 -1.615544427730391e-20
    outer loop
      vertex -21.600813061875577 10.461621679246688 34.80000000000001
      vertex -19.5 9.526279441628825 34.80000000000001
      vertex -20.05 9.77115521854852 389.6
    endloop
  endfacet
  facet normal -0.866025403784439 -0.4999999999999993 0
    outer loop
      vertex -14.950999965931391 4.474103073833803 34.80000000000001
      vertex -14.950999965931391 4.474103073833803 389.65000000000003
      vertex -16.100813061875577 6.465637775217204 34.80000000000001
    endloop
  endfacet
  facet normal -0.9510565162951534 -0.30901699437494806 3.6824684930878297e-20
    outer loop
      vertex -14.950999965931391 4.474103073833803 34.80000000000001
      vertex -14.240376391928137 2.2870285989953527 34.80000000000001
      vertex -14.240376391928137 2.2870285989953527 389.65000000000003
    endloop
  endfacet
  facet normal -0.7431448254773937 -0.6691306063588587 -1.0661729092708647e-19
    outer loop
      vertex -17.63956333005256 8.174593080251336 34.80000000000001
      vertex -16.100813061875577 6.465637775217204 34.80000000000001
      vertex -16.100813061875577 6.465637775217204 389.65000000000003
    endloop
  endfacet
  facet normal -0.5877852522924734 -0.8090169943749472 0
    outer loop
      vertex -19.5 9.526279441628825 34.80000000000001
      vertex -17.63956333005256 8.174593080251336 34.80000000000001
      vertex -19.5 9.526279441628825 389.65000000000003
    endloop
  endfacet
  facet normal 0.9510565162951538 -0.3090169943749466 0
    outer loop
      vertex -35.75962360807186 2.2870285989953527 34.80000000000001
      vertex -35.04900003406861 4.474103073833803 389.65000000000003
      vertex -35.75962360807186 2.2870285989953527 389.65000000000003
    endloop
  endfacet
  facet normal 0.8660254037844384 -0.5000000000000004 0
    outer loop
      vertex -35.04900003406861 4.474103073833803 34.80000000000001
      vertex -33.89918693812442 6.465637775217204 389.65000000000003
      vertex -35.04900003406861 4.474103073833803 389.65000000000003
    endloop
  endfacet
  facet normal 0.7431448254773937 -0.6691306063588587 0
    outer loop
      vertex -33.89918693812442 6.465637775217204 34.80000000000001
      vertex -32.36043666994744 8.174593080251336 389.65000000000003
      vertex -33.89918693812442 6.465637775217204 389.65000000000003
    endloop
  endfacet
  facet normal 0.5877852522924734 -0.8090169943749472 0
    outer loop
      vertex -30.5 9.526279441628825 34.80000000000001
      vertex -30.5 9.526279441628825 389.65000000000003
      vertex -32.36043666994744 8.174593080251336 389.65000000000003
    endloop
  endfacet
  facet normal 0 0 -1
    outer loop
      vertex -30.5 -9.526279441628825 389.65000000000003
      vertex -32.36043666994744 8.174593080251336 389.65000000000003
      vertex -30.5 9.526279441628825 389.65000000000003
    endloop
  endfacet
  facet normal 0 0 -1
    outer loop
      vertex -30.5 9.526279441628825 389.65000000000003
      vertex -29.95 9.77115521854852 389.65000000000003
      vertex -29.95 9.450000000000001 389.65000000000003
    endloop
  endfacet
  facet normal 0.40673664307580026 -0.913545457642601 2.4786151782707753e-16
    outer loop
      vertex -30.5 9.526279441628825 389.65000000000003
      vertex -29.95 9.77115521854852 389.6
      vertex -29.95 9.77115521854852 389.65000000000003
    endloop
  endfacet
  facet normal 0 0 -1
    outer loop
      vertex -28.399186938124423 -10.461621679246688 389.65000000000003
      vertex -30.5 9.526279441628825 389.65000000000003
      vertex -29.95 9.450000000000001 389.65000000000003
    endloop
  endfacet
  facet normal 0 0 -1
    outer loop
      vertex -19.5 -9.526279441628825 389.65000000000003
      vertex -29.95 9.450000000000001 389.65000000000003
      vertex -20.05 9.450000000000001 389.65000000000003
    endloop
  endfacet
  facet normal 0.40673664307580026 -0.9135454576426009 3.6000433482982364e-19
    outer loop
      vertex -28.399186938124423 10.461621679246688 34.80000000000001
      vertex -29.95 9.77115521854852 389.6
      vertex -30.5 9.526279441628825 389.65000000000003
    endloop
  endfacet
  facet normal 0.40673664307580015 -0.913545457642601 0
    outer loop
      vertex -28.399186938124423 10.461621679246688 34.80000000000001
      vertex -28.399186938124423 10.461621679246688 389.6
      vertex -29.95 9.77115521854852 389.6
    endloop
  endfacet
  facet normal 0.20791169081775943 -0.9781476007338056 0
    outer loop
      vertex -28.399186938124423 10.461621679246688 34.80000000000001
      vertex -26.14981309594419 10.939740849051006 389.6
      vertex -28.399186938124423 10.461621679246688 389.6
    endloop
  endfacet
  facet normal 0 -1 0
    outer loop
      vertex -26.14981309594419 10.939740849051006 34.80000000000001
      vertex -23.85018690405581 10.939740849051006 389.6
      vertex -26.14981309594419 10.939740849051006 389.6
    endloop
  endfacet
  facet normal -0.20791169081775943 -0.9781476007338056 0
    outer loop
      vertex -23.85018690405581 10.939740849051006 34.80000000000001
      vertex -21.600813061875577 10.461621679246688 389.6
      vertex -23.85018690405581 10.939740849051006 389.6
    endloop
  endfacet
  facet normal -0.40673664307580015 -0.913545457642601 0
    outer loop
      vertex -21.600813061875577 10.461621679246688 34.80000000000001
      vertex -20.05 9.77115521854852 389.6
      vertex -21.600813061875577 10.461621679246688 389.6
    endloop
  endfacet
  facet normal -0.866025403784439 -0.4999999999999993 0
    outer loop
      vertex -16.100813061875577 6.465637775217204 34.80000000000001
      vertex -14.950999965931391 4.474103073833803 389.65000000000003
      vertex -16.100813061875577 6.465637775217204 389.65000000000003
    endloop
  endfacet
  facet normal -0.9510565162951534 -0.30901699437494806 0
    outer loop
      vertex -14.950999965931391 4.474103073833803 34.80000000000001
      vertex -14.240376391928137 2.2870285989953527 389.65000000000003
      vertex -14.950999965931391 4.474103073833803 389.65000000000003
    endloop
  endfacet
  facet normal -0.7431448254773937 -0.6691306063588587 0
    outer loop
      vertex -17.63956333005256 8.174593080251336 34.80000000000001
      vertex -16.100813061875577 6.465637775217204 389.65000000000003
      vertex -17.63956333005256 8.174593080251336 389.65000000000003
    endloop
  endfacet
  facet normal -0.5877852522924734 -0.8090169943749472 0
    outer loop
      vertex -17.63956333005256 8.174593080251336 34.80000000000001
      vertex -17.63956333005256 8.174593080251336 389.65000000000003
      vertex -19.5 9.526279441628825 389.65000000000003
    endloop
  endfacet
  facet normal -0.40673664307580015 -0.9135454576426009 0
    outer loop
      vertex -19.5 9.526279441628825 34.80000000000001
      vertex -19.5 9.526279441628825 389.65000000000003
      vertex -20.05 9.77115521854852 389.6
    endloop
  endfacet
  facet normal 0 0 -1
    outer loop
      vertex -19.5 -9.526279441628825 389.65000000000003
      vertex -20.05 9.450000000000001 389.65000000000003
      vertex -19.5 9.526279441628825 389.65000000000003
    endloop
  endfacet
  facet normal 0 0 -1
    outer loop
      vertex -19.5 9.526279441628825 389.65000000000003
      vertex -17.63956333005256 8.174593080251336 389.65000000000003
      vertex -17.63956333005256 -8.174593080251336 389.65000000000003
    endloop
  endfacet
  facet normal 0 0 -1
    outer loop
      vertex -16.100813061875577 -6.465637775217204 389.65000000000003
      vertex -17.63956333005256 8.174593080251336 389.65000000000003
      vertex -16.100813061875577 6.465637775217204 389.65000000000003
    endloop
  endfacet
  facet normal 0 0 -1
    outer loop
      vertex -20.05 9.450000000000001 389.65000000000003
      vertex -20.05 9.77115521854852 389.65000000000003
      vertex -19.5 9.526279441628825 389.65000000000003
    endloop
  endfacet
  facet normal -0.40673664307580026 -0.913545457642601 0
    outer loop
      vertex -20.05 9.77115521854852 389.65000000000003
      vertex -20.05 9.77115521854852 389.6
      vertex -19.5 9.526279441628825 389.65000000000003
    endloop
  endfacet
  facet normal 0.20791169081776 0.9781476007338054 2.2284996930250718e-20
    outer loop
      vertex -2.9356614465620003 -9.035036904803958 30
      vertex -0.993020401042708 -9.447958005998597 389.65000000000003
      vertex -0.993020401042708 -9.447958005998597 30
    endloop
  endfacet
  facet normal 0.5877852522924731 0.8090169943749473 8.034568805711516e-20
    outer loop
      vertex -6.356740760409153 -7.059875842035245 30
      vertex -4.75 -8.227241335952167 389.65000000000003
      vertex -4.75 -8.227241335952167 30
    endloop
  endfacet
  facet normal 0.7431448254773939 0.6691306063588587 -1.1865744861336412e-19
    outer loop
      vertex -6.356740760409153 -7.059875842035245 30
      vertex -7.685661446562001 -5.583959896778495 30
      vertex -7.685661446562001 -5.583959896778495 389.65000000000003
    endloop
  endfacet
  facet normal 0.40673664307579993 0.9135454576426011 -1.7479144150278672e-20
    outer loop
      vertex -4.75 -8.227241335952167 30
      vertex -2.9356614465620003 -9.035036904803958 389.65000000000003
      vertex -2.9356614465620003 -9.035036904803958 30
    endloop
  endfacet
  facet normal 0.866025403784439 0.4999999999999992 7.022080152149183e-20
    outer loop
      vertex -7.685661446562001 -5.583959896778495 30
      vertex -8.678681847604707 -3.863998109220102 30
      vertex -8.678681847604707 -3.863998109220102 389.65000000000003
    endloop
  endfacet
  facet normal 0.9510565162951533 0.3090169943749481 5.52666041696237e-20
    outer loop
      vertex -8.678681847604707 -3.863998109220102 30
      vertex -9.292402206971154 -1.9751610627687137 30
      vertex -9.292402206971154 -1.9751610627687137 389.65000000000003
    endloop
  endfacet
  facet normal 0.9945218953682733 0.10452846326765322 -2.1988974004324367e-21
    outer loop
      vertex -9.292402206971154 -1.9751610627687137 30
      vertex -9.5 0 30
      vertex -9.5 0 389.65000000000003
    endloop
  endfacet
  facet normal 0.9945218953682733 -0.10452846326765322 2.1988974004324367e-21
    outer loop
      vertex -9.5 0 30
      vertex -9.292402206971154 1.9751610627687137 30
      vertex -9.292402206971154 1.9751610627687137 389.65000000000003
    endloop
  endfacet
  facet normal 0 1 0
    outer loop
      vertex -0.993020401042708 -9.447958005998597 30
      vertex -0.993020401042708 -9.447958005998597 389.65000000000003
      vertex 0.993020401042708 -9.447958005998597 389.65000000000003
    endloop
  endfacet
  facet normal 0.5877852522924731 0.8090169943749473 0
    outer loop
      vertex -6.356740760409153 -7.059875842035245 30
      vertex -6.356740760409153 -7.059875842035245 389.65000000000003
      vertex -4.75 -8.227241335952167 389.65000000000003
    endloop
  endfacet
  facet normal 0.7431448254773939 0.6691306063588587 0
    outer loop
      vertex -6.356740760409153 -7.059875842035245 30
      vertex -7.685661446562001 -5.583959896778495 389.65000000000003
      vertex -6.356740760409153 -7.059875842035245 389.65000000000003
    endloop
  endfacet
  facet normal 0.40673664307579993 0.9135454576426011 0
    outer loop
      vertex -4.75 -8.227241335952167 30
      vertex -4.75 -8.227241335952167 389.65000000000003
      vertex -2.9356614465620003 -9.035036904803958 389.65000000000003
    endloop
  endfacet
  facet normal 0.20791169081776 0.9781476007338054 0
    outer loop
      vertex -2.9356614465620003 -9.035036904803958 30
      vertex -2.9356614465620003 -9.035036904803958 389.65000000000003
      vertex -0.993020401042708 -9.447958005998597 389.65000000000003
    endloop
  endfacet
  facet normal 0.866025403784439 0.4999999999999992 0
    outer loop
      vertex -7.685661446562001 -5.583959896778495 30
      vertex -8.678681847604707 -3.863998109220102 389.65000000000003
      vertex -7.685661446562001 -5.583959896778495 389.65000000000003
    endloop
  endfacet
  facet normal 0.9510565162951533 0.3090169943749481 0
    outer loop
      vertex -8.678681847604707 -3.863998109220102 30
      vertex -9.292402206971154 -1.9751610627687137 389.65000000000003
      vertex -8.678681847604707 -3.863998109220102 389.65000000000003
    endloop
  endfacet
  facet normal 0.9945218953682733 0.10452846326765322 0
    outer loop
      vertex -9.292402206971154 -1.9751610627687137 30
      vertex -9.5 0 389.65000000000003
      vertex -9.292402206971154 -1.9751610627687137 389.65000000000003
    endloop
  endfacet
  facet normal 0.9945218953682733 -0.10452846326765322 0
    outer loop
      vertex -9.5 0 30
      vertex -9.292402206971154 1.9751610627687137 389.65000000000003
      vertex -9.5 0 389.65000000000003
    endloop
  endfacet
  facet normal 0 0 -1
    outer loop
      vertex -7.685661446562001 -5.583959896778495 389.65000000000003
      vertex -8.678681847604707 -3.863998109220102 389.65000000000003
      vertex -8.678681847604707 3.863998109220102 389.65000000000003
    endloop
  endfacet
  facet normal 0 0 -1
    outer loop
      vertex -6.356740760409153 -7.059875842035245 389.65000000000003
      vertex -6.356740760409153 7.059875842035245 389.65000000000003
      vertex -4.75 -8.227241335952167 389.65000000000003
    endloop
  endfacet
  facet normal 0 0 -1
    outer loop
      vertex -6.356740760409153 -7.059875842035245 389.65000000000003
      vertex -7.685661446562001 -5.583959896778495 389.65000000000003
      vertex -7.685661446562001 5.583959896778495 389.65000000000003
    endloop
  endfacet
  facet normal 0 0 -1
    outer loop
      vertex -2.9356614465620003 -9.035036904803958 389.65000000000003
      vertex -4.275 7.95 389.65000000000003
      vertex -0.993020401042708 -9.447958005998597 389.65000000000003
    endloop
  endfacet
  facet normal 0 0 -1
    outer loop
      vertex -4.275 7.95 389.65000000000003
      vertex 0.993020401042708 -9.447958005998597 389.65000000000003
      vertex -0.993020401042708 -9.447958005998597 389.65000000000003
    endloop
  endfacet
  facet normal 0 0 -1
    outer loop
      vertex -4.275 7.95 389.65000000000003
      vertex 2.9356614465620003 -9.035036904803958 389.65000000000003
      vertex 0.993020401042708 -9.447958005998597 389.65000000000003
    endloop
  endfacet
  facet normal 0 0 -1
    outer loop
      vertex -4.75 -8.227241335952167 389.65000000000003
      vertex -4.75 8.227241335952167 389.65000000000003
      vertex -2.9356614465620003 -9.035036904803958 389.65000000000003
    endloop
  endfacet
  facet normal 0 0 -1
    outer loop
      vertex -8.678681847604707 -3.863998109220102 389.65000000000003
      vertex -9.292402206971154 -1.9751610627687137 389.65000000000003
      vertex -9.292402206971154 1.9751610627687137 389.65000000000003
    endloop
  endfacet
  facet normal 0 0 -1
    outer loop
      vertex -9.292402206971154 -1.9751610627687137 389.65000000000003
      vertex -9.5 0 389.65000000000003
      vertex -9.292402206971154 1.9751610627687137 389.65000000000003
    endloop
  endfacet
  facet normal 0 0 -1
    outer loop
      vertex -8.678681847604707 -3.863998109220102 389.65000000000003
      vertex -9.292402206971154 1.9751610627687137 389.65000000000003
      vertex -8.678681847604707 3.863998109220102 389.65000000000003
    endloop
  endfacet
  facet normal 0 0 -1
    outer loop
      vertex -7.685661446562001 -5.583959896778495 389.65000000000003
      vertex -8.678681847604707 3.863998109220102 389.65000000000003
      vertex -7.685661446562001 5.583959896778495 389.65000000000003
    endloop
  endfacet
  facet normal 0 0 -1
    outer loop
      vertex -6.356740760409153 -7.059875842035245 389.65000000000003
      vertex -7.685661446562001 5.583959896778495 389.65000000000003
      vertex -6.356740760409153 7.059875842035245 389.65000000000003
    endloop
  endfacet
  facet normal 0.4067366430757999 -0.913545457642601 -1.1386462907579007e-17
    outer loop
      vertex -4.75 8.227241335952167 30
      vertex -2.9356614465620003 9.035036904803958 30
      vertex -3.42351660256832 8.817829795074273 91.32230908213783
    endloop
  endfacet
  facet normal 0.20791169081776006 -0.9781476007338055 1.2972256835720764e-17
    outer loop
      vertex -2.9356614465620003 9.035036904803958 30
      vertex -0.993020401042708 9.447958005998597 30
      vertex -1.75 9.287057025189883 89.01891108675446
    endloop
  endfacet
  facet normal 0.40673664307579577 -0.913545457642603 8.680118548092904e-17
    outer loop
      vertex -4.75 8.227241335952167 30
      vertex -3.42351660256832 8.817829795074273 91.32230908213783
      vertex -3.5 8.783777192587836 92.05
    endloop
  endfacet
  facet normal 0.4067366430758041 -0.9135454576425993 2.785814408157588e-17
    outer loop
      vertex -2.9356614465620003 9.035036904803958 30
      vertex -3.197409101749103 8.918499340402413 90.6264217492347
      vertex -3.42351660256832 8.817829795074273 91.32230908213783
    endloop
  endfacet
  facet normal 0.4067366430757987 -0.9135454576426016 0
    outer loop
      vertex -2.9356614465620003 9.035036904803958 30
      vertex -2.9356614465620003 9.035036904803958 90.17306151168862
      vertex -3.197409101749103 8.918499340402413 90.6264217492347
    endloop
  endfacet
  facet normal 0.20791169081776792 -0.9781476007338038 0
    outer loop
      vertex -2.9356614465620003 9.035036904803958 30
      vertex -2.831559480312316 9.05716446081308 89.99275161697634
      vertex -2.9356614465620003 9.035036904803958 90.17306151168862
    endloop
  endfacet
  facet normal 0.20791169081776 -0.9781476007338055 1.4342868660921664e-17
    outer loop
      vertex -2.9356614465620003 9.035036904803958 30
      vertex -2.341957122256004 9.161232654627065 89.44899311082912
      vertex -2.831559480312316 9.05716446081308 89.99275161697634
    endloop
  endfacet
  facet normal 0.2079116908177599 -0.9781476007338055 1.5099194661776933e-17
    outer loop
      vertex -2.9356614465620003 9.035036904803958 30
      vertex -1.75 9.287057025189883 89.01891108675446
      vertex -2.341957122256004 9.161232654627065 89.44899311082912
    endloop
  endfacet
  facet normal 0.20791169081775807 -0.9781476007338059 -1.3589030073450683e-17
    outer loop
      vertex -1.75 9.287057025189883 89.01891108675446
      vertex -0.993020401042708 9.447958005998597 30
      vertex -1.0815594803123159 9.429138443735619 88.72130219296696
    endloop
  endfacet
  facet normal 0.20791169081776678 -0.978147600733804 0
    outer loop
      vertex -0.993020401042708 9.447958005998597 30
      vertex -0.993020401042708 9.447958005998597 88.70248263070398
      vertex -1.0815594803123159 9.429138443735619 88.72130219296696
    endloop
  endfacet
  facet normal 0 -1 0
    outer loop
      vertex -0.993020401042708 9.447958005998597 30
      vertex -0.3658496214367871 9.447958005998597 88.56917336621105
      vertex -0.993020401042708 9.447958005998597 88.70248263070398
    endloop
  endfacet
  facet normal 0 -1 0
    outer loop
      vertex -0.993020401042708 9.447958005998597 30
      vertex 0.3658496214367871 9.447958005998597 88.56917336621105
      vertex -0.3658496214367871 9.447958005998597 88.56917336621105
    endloop
  endfacet
  facet normal 0.4067366430758039 -0.9135454576425993 2.2243565812228112e-17
    outer loop
      vertex -3.42351660256832 8.817829795074273 92.77769091786216
      vertex -3.197409101749103 8.918499340402413 93.4735782507653
      vertex -3.5 8.783777192587836 127.83
    endloop
  endfacet
  facet normal 0.40673664307579865 -0.9135454576426016 0
    outer loop
      vertex -3.197409101749103 8.918499340402413 93.4735782507653
      vertex -2.9356614465620003 9.035036904803958 93.92693848831138
      vertex -3.197409101749103 8.918499340402413 126.4064217492347
    endloop
  endfacet
  facet normal 0.2079116908177679 -0.9781476007338038 0
    outer loop
      vertex -2.9356614465620003 9.035036904803958 93.92693848831138
      vertex -2.831559480312316 9.05716446081308 94.10724838302366
      vertex -2.9356614465620003 9.035036904803958 125.95306151168862
    endloop
  endfacet
  facet normal 0.20791169081775998 -0.9781476007338055 0
    outer loop
      vertex -2.831559480312316 9.05716446081308 94.10724838302366
      vertex -2.341957122256004 9.161232654627065 94.65100688917087
      vertex -2.831559480312316 9.05716446081308 125.77275161697634
    endloop
  endfacet
  facet normal 0.20791169081775993 -0.9781476007338056 0
    outer loop
      vertex -2.341957122256004 9.161232654627065 94.65100688917087
      vertex -1.75 9.287057025189883 95.08108891324554
      vertex -2.341957122256004 9.161232654627065 125.22899311082912
    endloop
  endfacet
  facet normal 0.20791169081775812 -0.978147600733806 0
    outer loop
      vertex -1.75 9.287057025189883 95.08108891324554
      vertex -1.0815594803123159 9.429138443735619 95.37869780703303
      vertex -1.75 9.287057025189883 124.79891108675446
    endloop
  endfacet
  facet normal 0.20791169081776675 -0.978147600733804 0
    outer loop
      vertex -1.0815594803123159 9.429138443735619 95.37869780703303
      vertex -0.993020401042708 9.447958005998597 95.39751736929601
      vertex -1.0815594803123159 9.429138443735619 124.50130219296696
    endloop
  endfacet
  facet normal 0 -1 0
    outer loop
      vertex -0.993020401042708 9.447958005998597 95.39751736929601
      vertex -0.3658496214367871 9.447958005998597 95.53082663378895
      vertex -0.993020401042708 9.447958005998597 124.48248263070398
    endloop
  endfacet
  facet normal 0 -1 0
    outer loop
      vertex -0.3658496214367871 9.447958005998597 95.53082663378895
      vertex 0.3658496214367871 9.447958005998597 95.53082663378895
      vertex -0.3658496214367871 9.447958005998597 124.34917336621105
    endloop
  endfacet
  facet normal 0.9510565162951533 -0.3090169943749481 -5.52666041696237e-20
    outer loop
      vertex -9.292402206971154 1.9751610627687137 30
      vertex -8.678681847604707 3.863998109220102 30
      vertex -8.678681847604707 3.863998109220102 389.65000000000003
    endloop
  endfacet
  facet normal 0.866025403784439 -0.4999999999999992 -7.022080152149183e-20
    outer loop
      vertex -8.678681847604707 3.863998109220102 30
      vertex -7.685661446562001 5.583959896778495 30
      vertex -7.685661446562001 5.583959896778495 389.65000000000003
    endloop
  endfacet
  facet normal 0.7431448254773939 -0.6691306063588587 1.1865744861336412e-19
    outer loop
      vertex -7.685661446562001 5.583959896778495 30
      vertex -6.356740760409153 7.059875842035245 30
      vertex -6.356740760409153 7.059875842035245 389.65000000000003
    endloop
  endfacet
  facet normal 0.5877852522924731 -0.8090169943749473 0
    outer loop
      vertex -6.356740760409153 7.059875842035245 30
      vertex -4.75 8.227241335952167 30
      vertex -6.356740760409153 7.059875842035245 389.65000000000003
    endloop
  endfacet
  facet normal 0.4067366430757947 -0.9135454576426033 -7.379964133097784e-17
    outer loop
      vertex -3.197409101749103 8.918499340402413 93.4735782507653
      vertex -3.42351660256832 8.817829795074273 127.10230908213784
      vertex -3.5 8.783777192587836 127.83
    endloop
  endfacet
  facet normal 0.406736643075804 -0.9135454576425993 0
    outer loop
      vertex -3.197409101749103 8.918499340402413 93.4735782507653
      vertex -3.197409101749103 8.918499340402413 126.4064217492347
      vertex -3.42351660256832 8.817829795074273 127.10230908213784
    endloop
  endfacet
  facet normal 0.4067366430757987 -0.9135454576426016 0
    outer loop
      vertex -2.9356614465620003 9.035036904803958 93.92693848831138
      vertex -2.9356614465620003 9.035036904803958 125.95306151168862
      vertex -3.197409101749103 8.918499340402413 126.4064217492347
    endloop
  endfacet
  facet normal 0.2079116908177679 -0.9781476007338038 0
    outer loop
      vertex -2.831559480312316 9.05716446081308 94.10724838302366
      vertex -2.831559480312316 9.05716446081308 125.77275161697634
      vertex -2.9356614465620003 9.035036904803958 125.95306151168862
    endloop
  endfacet
  facet normal 0.20791169081776 -0.9781476007338055 0
    outer loop
      vertex -2.341957122256004 9.161232654627065 94.65100688917087
      vertex -2.341957122256004 9.161232654627065 125.22899311082912
      vertex -2.831559480312316 9.05716446081308 125.77275161697634
    endloop
  endfacet
  facet normal 0.20791169081775993 -0.9781476007338055 0
    outer loop
      vertex -1.75 9.287057025189883 95.08108891324554
      vertex -1.75 9.287057025189883 124.79891108675446
      vertex -2.341957122256004 9.161232654627065 125.22899311082912
    endloop
  endfacet
  facet normal 0.2079116908177581 -0.9781476007338058 -1.6376503526833638e-19
    outer loop
      vertex -1.75 9.287057025189883 124.79891108675446
      vertex -1.0815594803123159 9.429138443735619 95.37869780703303
      vertex -1.0815594803123159 9.429138443735619 124.50130219296696
    endloop
  endfacet
  facet normal 0.20791169081776673 -0.9781476007338039 0
    outer loop
      vertex -0.993020401042708 9.447958005998597 95.39751736929601
      vertex -0.993020401042708 9.447958005998597 124.48248263070398
      vertex -1.0815594803123159 9.429138443735619 124.50130219296696
    endloop
  endfacet
  facet normal 0 -1 0
    outer loop
      vertex -0.3658496214367871 9.447958005998597 95.53082663378895
      vertex -0.3658496214367871 9.447958005998597 124.34917336621105
      vertex -0.993020401042708 9.447958005998597 124.48248263070398
    endloop
  endfacet
  facet normal 0.40673664307580387 -0.9135454576425992 -2.9796871233762815e-20
    outer loop
      vertex -3.42351660256832 8.817829795074273 128.55769091786215
      vertex -3.197409101749103 8.918499340402413 129.2535782507653
      vertex -3.197409101749103 8.918499340402413 158.2864217492347
    endloop
  endfacet
  facet normal 0.4067366430757954 -0.9135454576426031 0
    outer loop
      vertex -3.42351660256832 8.817829795074273 128.55769091786215
      vertex -3.42351660256832 8.817829795074273 158.98230908213785
      vertex -3.5 8.783777192587836 159.71
    endloop
  endfacet
  facet normal 0.40673664307580387 -0.9135454576425992 0
    outer loop
      vertex -3.42351660256832 8.817829795074273 128.55769091786215
      vertex -3.197409101749103 8.918499340402413 158.2864217492347
      vertex -3.42351660256832 8.817829795074273 158.98230908213785
    endloop
  endfacet
  facet normal 0.4067366430757986 -0.9135454576426015 0
    outer loop
      vertex -3.197409101749103 8.918499340402413 129.2535782507653
      vertex -2.9356614465620003 9.035036904803958 129.70693848831138
      vertex -3.197409101749103 8.918499340402413 158.2864217492347
    endloop
  endfacet
  facet normal 0.20791169081776792 -0.9781476007338038 0
    outer loop
      vertex -2.9356614465620003 9.035036904803958 129.70693848831138
      vertex -2.831559480312316 9.05716446081308 129.88724838302366
      vertex -2.9356614465620003 9.035036904803958 157.83306151168864
    endloop
  endfacet
  facet normal 0.20791169081775998 -0.9781476007338055 0
    outer loop
      vertex -2.831559480312316 9.05716446081308 129.88724838302366
      vertex -2.341957122256004 9.161232654627065 130.43100688917087
      vertex -2.831559480312316 9.05716446081308 157.65275161697636
    endloop
  endfacet
  facet normal 0.40673664307579865 -0.9135454576426016 0
    outer loop
      vertex -2.9356614465620003 9.035036904803958 129.70693848831138
      vertex -2.9356614465620003 9.035036904803958 157.83306151168864
      vertex -3.197409101749103 8.918499340402413 158.2864217492347
    endloop
  endfacet
  facet normal 0.2079116908177679 -0.9781476007338038 0
    outer loop
      vertex -2.831559480312316 9.05716446081308 129.88724838302366
      vertex -2.831559480312316 9.05716446081308 157.65275161697636
      vertex -2.9356614465620003 9.035036904803958 157.83306151168864
    endloop
  endfacet
  facet normal 0.20791169081776 -0.9781476007338055 0
    outer loop
      vertex -2.341957122256004 9.161232654627065 130.43100688917087
      vertex -2.341957122256004 9.161232654627065 157.10899311082912
      vertex -2.831559480312316 9.05716446081308 157.65275161697636
    endloop
  endfacet
  facet normal 0.20791169081775993 -0.9781476007338056 0
    outer loop
      vertex -2.341957122256004 9.161232654627065 130.43100688917087
      vertex -1.75 9.287057025189883 130.86108891324554
      vertex -2.341957122256004 9.161232654627065 157.10899311082912
    endloop
  endfacet
  facet normal 0.20791169081775807 -0.9781476007338059 0
    outer loop
      vertex -1.75 9.287057025189883 130.86108891324554
      vertex -1.0815594803123159 9.429138443735619 131.15869780703304
      vertex -1.75 9.287057025189883 156.67891108675448
    endloop
  endfacet
  facet normal 0.20791169081775993 -0.9781476007338056 0
    outer loop
      vertex -1.75 9.287057025189883 130.86108891324554
      vertex -1.75 9.287057025189883 156.67891108675448
      vertex -2.341957122256004 9.161232654627065 157.10899311082912
    endloop
  endfacet
  facet normal 0.2079116908177581 -0.9781476007338059 -1.890869103520485e-19
    outer loop
      vertex -1.75 9.287057025189883 156.67891108675448
      vertex -1.0815594803123159 9.429138443735619 131.15869780703304
      vertex -1.0815594803123159 9.429138443735619 156.38130219296698
    endloop
  endfacet
  facet normal 0.2079116908177668 -0.9781476007338041 0
    outer loop
      vertex -1.0815594803123159 9.429138443735619 131.15869780703304
      vertex -0.993020401042708 9.447958005998597 131.17751736929603
      vertex -1.0815594803123159 9.429138443735619 156.38130219296698
    endloop
  endfacet
  facet normal 0 -1 0
    outer loop
      vertex -0.993020401042708 9.447958005998597 131.17751736929603
      vertex -0.3658496214367871 9.447958005998597 131.31082663378896
      vertex -0.993020401042708 9.447958005998597 156.362482630704
    endloop
  endfacet
  facet normal 0 -1 0
    outer loop
      vertex -0.3658496214367871 9.447958005998597 131.31082663378896
      vertex 0.3658496214367871 9.447958005998597 131.31082663378896
      vertex -0.3658496214367871 9.447958005998597 156.22917336621106
    endloop
  endfacet
  facet normal 0.20791169081776678 -0.978147600733804 0
    outer loop
      vertex -0.993020401042708 9.447958005998597 131.17751736929603
      vertex -0.993020401042708 9.447958005998597 156.362482630704
      vertex -1.0815594803123159 9.429138443735619 156.38130219296698
    endloop
  endfacet
  facet normal 0 -1 0
    outer loop
      vertex -0.3658496214367871 9.447958005998597 131.31082663378896
      vertex -0.3658496214367871 9.447958005998597 156.22917336621106
      vertex -0.993020401042708 9.447958005998597 156.362482630704
    endloop
  endfacet
  facet normal 0.4067366430757996 -0.9135454576426011 0
    outer loop
      vertex -4.75 8.227241335952167 30
      vertex -3.5 8.783777192587836 92.05
      vertex -4.75 8.227241335952167 389.65000000000003
    endloop
  endfacet
  facet normal 0.4067366430757953 -0.913545457642603 0
    outer loop
      vertex -3.5 8.783777192587836 159.71
      vertex -3.42351660256832 8.817829795074273 160.43769091786217
      vertex -3.5 8.783777192587836 201.12
    endloop
  endfacet
  facet normal 0.4067366430758039 -0.9135454576425992 0
    outer loop
      vertex -3.42351660256832 8.817829795074273 160.43769091786217
      vertex -3.197409101749103 8.918499340402413 161.1335782507653
      vertex -3.42351660256832 8.817829795074273 200.39230908213784
    endloop
  endfacet
  facet normal 0.4067366430757953 -0.9135454576426031 0
    outer loop
      vertex -3.42351660256832 8.817829795074273 160.43769091786217
      vertex -3.42351660256832 8.817829795074273 200.39230908213784
      vertex -3.5 8.783777192587836 201.12
    endloop
  endfacet
  facet normal 0.406736643075804 -0.9135454576425992 0
    outer loop
      vertex -3.197409101749103 8.918499340402413 161.1335782507653
      vertex -3.197409101749103 8.918499340402413 199.6964217492347
      vertex -3.42351660256832 8.817829795074273 200.39230908213784
    endloop
  endfacet
  facet normal 0.4067366430757986 -0.9135454576426015 0
    outer loop
      vertex -3.197409101749103 8.918499340402413 161.1335782507653
      vertex -2.9356614465620003 9.035036904803958 161.58693848831138
      vertex -3.197409101749103 8.918499340402413 199.6964217492347
    endloop
  endfacet
  facet normal 0.2079116908177679 -0.9781476007338037 0
    outer loop
      vertex -2.9356614465620003 9.035036904803958 161.58693848831138
      vertex -2.831559480312316 9.05716446081308 161.76724838302366
      vertex -2.9356614465620003 9.035036904803958 199.24306151168864
    endloop
  endfacet
  facet normal 0.20791169081775998 -0.9781476007338055 0
    outer loop
      vertex -2.831559480312316 9.05716446081308 161.76724838302366
      vertex -2.341957122256004 9.161232654627065 162.3110068891709
      vertex -2.831559480312316 9.05716446081308 199.06275161697636
    endloop
  endfacet
  facet normal 0.4067366430757986 -0.9135454576426016 0
    outer loop
      vertex -2.9356614465620003 9.035036904803958 161.58693848831138
      vertex -2.9356614465620003 9.035036904803958 199.24306151168864
      vertex -3.197409101749103 8.918499340402413 199.6964217492347
    endloop
  endfacet
  facet normal 0.2079116908177679 -0.9781476007338038 0
    outer loop
      vertex -2.831559480312316 9.05716446081308 161.76724838302366
      vertex -2.831559480312316 9.05716446081308 199.06275161697636
      vertex -2.9356614465620003 9.035036904803958 199.24306151168864
    endloop
  endfacet
  facet normal 0.20791169081776 -0.9781476007338055 0
    outer loop
      vertex -2.341957122256004 9.161232654627065 162.3110068891709
      vertex -2.341957122256004 9.161232654627065 198.51899311082911
      vertex -2.831559480312316 9.05716446081308 199.06275161697636
    endloop
  endfacet
  facet normal 0.20791169081775995 -0.9781476007338055 0
    outer loop
      vertex -2.341957122256004 9.161232654627065 162.3110068891709
      vertex -1.75 9.287057025189883 162.74108891324553
      vertex -2.341957122256004 9.161232654627065 198.51899311082911
    endloop
  endfacet
  facet normal 0.2079116908177581 -0.9781476007338059 -3.17832067016525e-17
    outer loop
      vertex -1.75 9.287057025189883 162.74108891324553
      vertex -1.0815594803123159 9.429138443735619 163.03869780703303
      vertex -2.341957122256004 9.161232654627065 198.51899311082911
    endloop
  endfacet
  facet normal 0.20791169081776678 -0.978147600733804 0
    outer loop
      vertex -1.0815594803123159 9.429138443735619 163.03869780703303
      vertex -0.993020401042708 9.447958005998597 163.05751736929602
      vertex -1.0815594803123159 9.429138443735619 197.79130219296698
    endloop
  endfacet
  facet normal 0 -1 0
    outer loop
      vertex -0.993020401042708 9.447958005998597 163.05751736929602
      vertex -0.3658496214367871 9.447958005998597 163.19082663378896
      vertex -0.993020401042708 9.447958005998597 197.772482630704
    endloop
  endfacet
  facet normal 0 -1 0
    outer loop
      vertex -0.3658496214367871 9.447958005998597 163.19082663378896
      vertex 0.3658496214367871 9.447958005998597 163.19082663378896
      vertex -0.3658496214367871 9.447958005998597 197.63917336621105
    endloop
  endfacet
  facet normal 0.20791169081775998 -0.9781476007338056 3.802805873075151e-17
    outer loop
      vertex -2.341957122256004 9.161232654627065 198.51899311082911
      vertex -1.0815594803123159 9.429138443735619 163.03869780703303
      vertex -1.75 9.287057025189883 198.08891108675448
    endloop
  endfacet
  facet normal 0.2079116908177581 -0.978147600733806 -1.3723473157305668e-19
    outer loop
      vertex -1.75 9.287057025189883 198.08891108675448
      vertex -1.0815594803123159 9.429138443735619 163.03869780703303
      vertex -1.0815594803123159 9.429138443735619 197.79130219296698
    endloop
  endfacet
  facet normal 0.20791169081776675 -0.9781476007338039 0
    outer loop
      vertex -0.993020401042708 9.447958005998597 163.05751736929602
      vertex -0.993020401042708 9.447958005998597 197.772482630704
      vertex -1.0815594803123159 9.429138443735619 197.79130219296698
    endloop
  endfacet
  facet normal 0 -1 0
    outer loop
      vertex -0.3658496214367871 9.447958005998597 163.19082663378896
      vertex -0.3658496214367871 9.447958005998597 197.63917336621105
      vertex -0.993020401042708 9.447958005998597 197.772482630704
    endloop
  endfacet
  facet normal 0.40673664307579555 -0.913545457642603 -2.0738230340241832e-17
    outer loop
      vertex -3.5 8.783777192587836 92.05
      vertex -3.42351660256832 8.817829795074273 92.77769091786216
      vertex -4.75 8.227241335952167 389.65000000000003
    endloop
  endfacet
  facet normal 0.4067366430758032 -0.9135454576425995 2.0582991968209953e-17
    outer loop
      vertex -3.42351660256832 8.817829795074273 92.77769091786216
      vertex -3.5 8.783777192587836 127.83
      vertex -4.75 8.227241335952167 389.65000000000003
    endloop
  endfacet
  facet normal 0.40673664307579555 -0.913545457642603 -2.344915017973082e-17
    outer loop
      vertex -3.5 8.783777192587836 127.83
      vertex -3.42351660256832 8.817829795074273 128.55769091786215
      vertex -4.75 8.227241335952167 389.65000000000003
    endloop
  endfacet
  facet normal 0.4067366430757954 -0.9135454576426031 0
    outer loop
      vertex -3.5 8.783777192587836 201.12
      vertex -3.42351660256832 8.817829795074273 201.84769091786217
      vertex -3.5 8.783777192587836 225
    endloop
  endfacet
  facet normal 0.4067366430758039 -0.9135454576425992 0
    outer loop
      vertex -3.42351660256832 8.817829795074273 201.84769091786217
      vertex -3.197409101749103 8.918499340402413 202.5435782507653
      vertex -3.42351660256832 8.817829795074273 224.27230908213784
    endloop
  endfacet
  facet normal 0.4067366430757987 -0.9135454576426016 0
    outer loop
      vertex -3.197409101749103 8.918499340402413 202.5435782507653
      vertex -2.9356614465620003 9.035036904803958 202.99693848831137
      vertex -3.197409101749103 8.918499340402413 223.5764217492347
    endloop
  endfacet
  facet normal 0.20791169081776795 -0.9781476007338039 0
    outer loop
      vertex -2.9356614465620003 9.035036904803958 202.99693848831137
      vertex -2.831559480312316 9.05716446081308 203.17724838302365
      vertex -2.9356614465620003 9.035036904803958 223.12306151168863
    endloop
  endfacet
  facet normal 0.20791169081776 -0.9781476007338056 0
    outer loop
      vertex -2.831559480312316 9.05716446081308 203.17724838302365
      vertex -2.341957122256004 9.161232654627065 203.7210068891709
      vertex -2.831559480312316 9.05716446081308 222.94275161697635
    endloop
  endfacet
  facet normal 0.20791169081775995 -0.9781476007338055 0
    outer loop
      vertex -2.341957122256004 9.161232654627065 203.7210068891709
      vertex -1.75 9.287057025189883 204.15108891324553
      vertex -2.341957122256004 9.161232654627065 222.3989931108291
    endloop
  endfacet
  facet normal 0.20791169081775804 -0.9781476007338059 0
    outer loop
      vertex -1.75 9.287057025189883 204.15108891324553
      vertex -1.0815594803123159 9.429138443735619 204.44869780703303
      vertex -1.75 9.287057025189883 221.96891108675447
    endloop
  endfacet
  facet normal 0.20791169081776678 -0.978147600733804 0
    outer loop
      vertex -1.0815594803123159 9.429138443735619 204.44869780703303
      vertex -0.993020401042708 9.447958005998597 204.46751736929602
      vertex -1.0815594803123159 9.429138443735619 221.67130219296698
    endloop
  endfacet
  facet normal 0 -1 0
    outer loop
      vertex -0.993020401042708 9.447958005998597 204.46751736929602
      vertex -0.3658496214367871 9.447958005998597 204.60082663378896
      vertex -0.993020401042708 9.447958005998597 221.652482630704
    endloop
  endfacet
  facet normal 0 -1 0
    outer loop
      vertex -0.3658496214367871 9.447958005998597 204.60082663378896
      vertex 0.3658496214367871 9.447958005998597 204.60082663378896
      vertex -0.3658496214367871 9.447958005998597 221.51917336621105
    endloop
  endfacet
  facet normal 0.9510565162951533 -0.3090169943749481 0
    outer loop
      vertex -9.292402206971154 1.9751610627687137 30
      vertex -8.678681847604707 3.863998109220102 389.65000000000003
      vertex -9.292402206971154 1.9751610627687137 389.65000000000003
    endloop
  endfacet
  facet normal 0.866025403784439 -0.4999999999999992 0
    outer loop
      vertex -8.678681847604707 3.863998109220102 30
      vertex -7.685661446562001 5.583959896778495 389.65000000000003
      vertex -8.678681847604707 3.863998109220102 389.65000000000003
    endloop
  endfacet
  facet normal 0.4067366430758032 -0.9135454576425995 2.29317440385147e-17
    outer loop
      vertex -3.42351660256832 8.817829795074273 128.55769091786215
      vertex -3.5 8.783777192587836 159.71
      vertex -4.75 8.227241335952167 389.65000000000003
    endloop
  endfacet
  facet normal 0.4067366430757954 -0.9135454576426031 0
    outer loop
      vertex -3.42351660256832 8.817829795074273 201.84769091786217
      vertex -3.42351660256832 8.817829795074273 224.27230908213784
      vertex -3.5 8.783777192587836 225
    endloop
  endfacet
  facet normal 0.406736643075804 -0.9135454576425992 0
    outer loop
      vertex -3.197409101749103 8.918499340402413 202.5435782507653
      vertex -3.197409101749103 8.918499340402413 223.5764217492347
      vertex -3.42351660256832 8.817829795074273 224.27230908213784
    endloop
  endfacet
  facet normal 0.40673664307579865 -0.9135454576426015 0
    outer loop
      vertex -2.9356614465620003 9.035036904803958 202.99693848831137
      vertex -2.9356614465620003 9.035036904803958 223.12306151168863
      vertex -3.197409101749103 8.918499340402413 223.5764217492347
    endloop
  endfacet
  facet normal 0.2079116908177679 -0.9781476007338038 0
    outer loop
      vertex -2.831559480312316 9.05716446081308 203.17724838302365
      vertex -2.831559480312316 9.05716446081308 222.94275161697635
      vertex -2.9356614465620003 9.035036904803958 223.12306151168863
    endloop
  endfacet
  facet normal 0.20791169081776004 -0.9781476007338056 0
    outer loop
      vertex -2.341957122256004 9.161232654627065 203.7210068891709
      vertex -2.341957122256004 9.161232654627065 222.3989931108291
      vertex -2.831559480312316 9.05716446081308 222.94275161697635
    endloop
  endfacet
  facet normal 0.20791169081775993 -0.9781476007338055 0
    outer loop
      vertex -1.75 9.287057025189883 204.15108891324553
      vertex -1.75 9.287057025189883 221.96891108675447
      vertex -2.341957122256004 9.161232654627065 222.3989931108291
    endloop
  endfacet
  facet normal 0.2079116908177581 -0.9781476007338059 -2.769188809947601e-19
    outer loop
      vertex -1.75 9.287057025189883 221.96891108675447
      vertex -1.0815594803123159 9.429138443735619 204.44869780703303
      vertex -1.0815594803123159 9.429138443735619 221.67130219296698
    endloop
  endfacet
  facet normal 0.20791169081776678 -0.9781476007338041 0
    outer loop
      vertex -0.993020401042708 9.447958005998597 204.46751736929602
      vertex -0.993020401042708 9.447958005998597 221.652482630704
      vertex -1.0815594803123159 9.429138443735619 221.67130219296698
    endloop
  endfacet
  facet normal 0 -1 0
    outer loop
      vertex -0.3658496214367871 9.447958005998597 204.60082663378896
      vertex -0.3658496214367871 9.447958005998597 221.51917336621105
      vertex -0.993020401042708 9.447958005998597 221.652482630704
    endloop
  endfacet
  facet normal 0.40673664307579965 -0.9135454576426011 0
    outer loop
      vertex -3.5 8.783777192587836 159.71
      vertex -3.5 8.783777192587836 201.12
      vertex -4.75 8.227241335952167 389.65000000000003
    endloop
  endfacet
  facet normal 0.7431448254773939 -0.6691306063588587 0
    outer loop
      vertex -7.685661446562001 5.583959896778495 30
      vertex -6.356740760409153 7.059875842035245 389.65000000000003
      vertex -7.685661446562001 5.583959896778495 389.65000000000003
    endloop
  endfacet
  facet normal 0.5877852522924731 -0.8090169943749473 0
    outer loop
      vertex -4.75 8.227241335952167 30
      vertex -4.75 8.227241335952167 389.65000000000003
      vertex -6.356740760409153 7.059875842035245 389.65000000000003
    endloop
  endfacet
  facet normal 0.40673664307579965 -0.9135454576426012 0
    outer loop
      vertex -3.5 8.783777192587836 201.12
      vertex -3.5 8.783777192587836 225
      vertex -4.75 8.227241335952167 389.65000000000003
    endloop
  endfacet
  facet normal 0.40673664307579566 -0.913545457642603 -3.635566302039557e-17
    outer loop
      vertex -3.5 8.783777192587836 225
      vertex -3.42351660256832 8.817829795074273 225.72769091786216
      vertex -4.75 8.227241335952167 389.65000000000003
    endloop
  endfacet
  facet normal 0.40673664307580387 -0.9135454576425993 4.3262718950380996e-17
    outer loop
      vertex -3.42351660256832 8.817829795074273 225.72769091786216
      vertex -3.197409101749103 8.918499340402413 226.4235782507653
      vertex -4.75 8.227241335952167 389.65000000000003
    endloop
  endfacet
  facet normal 0.4067366430757987 -0.9135454576426015 -1.558470669885933e-17
    outer loop
      vertex -3.197409101749103 8.918499340402413 226.4235782507653
      vertex -2.9356614465620003 9.035036904803958 226.87693848831137
      vertex -4.75 8.227241335952167 389.65000000000003
    endloop
  endfacet
  facet normal 0.20791169081776792 -0.9781476007338039 0
    outer loop
      vertex -2.9356614465620003 9.035036904803958 226.87693848831137
      vertex -2.831559480312316 9.05716446081308 227.05724838302365
      vertex -2.9356614465620003 9.035036904803958 389.6
    endloop
  endfacet
  facet normal 0.20791169081775998 -0.9781476007338055 -4.8687059518667585e-18
    outer loop
      vertex -2.831559480312316 9.05716446081308 227.05724838302365
      vertex -2.341957122256004 9.161232654627065 227.6010068891709
      vertex -0.993020401042708 9.447958005998597 389.6
    endloop
  endfacet
  facet normal 0.20791169081775993 -0.9781476007338055 -4.060632424108395e-18
    outer loop
      vertex -2.341957122256004 9.161232654627065 227.6010068891709
      vertex -1.75 9.287057025189883 228.03108891324553
      vertex -0.993020401042708 9.447958005998597 389.6
    endloop
  endfacet
  facet normal 0.20791169081775807 -0.9781476007338059 4.961754946650248e-18
    outer loop
      vertex -1.75 9.287057025189883 228.03108891324553
      vertex -1.0815594803123159 9.429138443735619 228.32869780703302
      vertex -0.993020401042708 9.447958005998597 389.6
    endloop
  endfacet
  facet normal 0.20791169081776678 -0.9781476007338041 -2.9467624087729877e-21
    outer loop
      vertex -1.0815594803123159 9.429138443735619 228.32869780703302
      vertex -0.993020401042708 9.447958005998597 228.347517369296
      vertex -0.993020401042708 9.447958005998597 389.6
    endloop
  endfacet
  facet normal 0 -1 0
    outer loop
      vertex -0.993020401042708 9.447958005998597 228.347517369296
      vertex -0.3658496214367871 9.447958005998597 228.48082663378895
      vertex -0.993020401042708 9.447958005998597 389.6
    endloop
  endfacet
  facet normal 0 0 -1
    outer loop
      vertex -4.75 -8.227241335952167 389.65000000000003
      vertex -6.356740760409153 7.059875842035245 389.65000000000003
      vertex -4.75 8.227241335952167 389.65000000000003
    endloop
  endfacet
  facet normal 0 0 -1
    outer loop
      vertex -2.9356614465620003 -9.035036904803958 389.65000000000003
      vertex -4.75 8.227241335952167 389.65000000000003
      vertex -4.275 7.95 389.65000000000003
    endloop
  endfacet
  facet normal 0.40673664307579954 -0.9135454576426013 -8.014731334609249e-18
    outer loop
      vertex -2.9356614465620003 9.035036904803958 226.87693848831137
      vertex -4.275 8.43872496147372 389.6
      vertex -4.75 8.227241335952167 389.65000000000003
    endloop
  endfacet
  facet normal 0.40673664307580004 -0.913545457642601 0
    outer loop
      vertex -2.9356614465620003 9.035036904803958 226.87693848831137
      vertex -2.9356614465620003 9.035036904803958 389.6
      vertex -4.275 8.43872496147372 389.6
    endloop
  endfacet
  facet normal 0.20791169081776006 -0.9781476007338056 -5.272144992052527e-18
    outer loop
      vertex -2.831559480312316 9.05716446081308 227.05724838302365
      vertex -0.993020401042708 9.447958005998597 389.6
      vertex -2.9356614465620003 9.035036904803958 389.6
    endloop
  endfacet
  facet normal 0 -1 0
    outer loop
      vertex -0.3658496214367871 9.447958005998597 228.48082663378895
      vertex 0.993020401042708 9.447958005998597 389.6
      vertex -0.993020401042708 9.447958005998597 389.6
    endloop
  endfacet
  facet normal 0 0 -1
    outer loop
      vertex -4.75 8.227241335952167 389.65000000000003
      vertex -4.275 8.43872496147372 389.65000000000003
      vertex -4.275 7.95 389.65000000000003
    endloop
  endfacet
  facet normal 0.4067366430757994 -0.9135454576426012 -1.1422512062533145e-16
    outer loop
      vertex -4.75 8.227241335952167 389.65000000000003
      vertex -4.275 8.43872496147372 389.6
      vertex -4.275 8.43872496147372 389.65000000000003
    endloop
  endfacet
  facet normal 0 1 0
    outer loop
      vertex -0.993020401042708 -9.447958005998597 30
      vertex 0.993020401042708 -9.447958005998597 389.65000000000003
      vertex 0.993020401042708 -9.447958005998597 30
    endloop
  endfacet
  facet normal -0.20791169081776 0.9781476007338054 -2.2284996930250718e-20
    outer loop
      vertex 0.993020401042708 -9.447958005998597 30
      vertex 2.9356614465620003 -9.035036904803958 389.65000000000003
      vertex 2.9356614465620003 -9.035036904803958 30
    endloop
  endfacet
  facet normal -0.40673664307579993 0.9135454576426011 1.7479144150278672e-20
    outer loop
      vertex 2.9356614465620003 -9.035036904803958 30
      vertex 4.75 -8.227241335952167 389.65000000000003
      vertex 4.75 -8.227241335952167 30
    endloop
  endfacet
  facet normal -0.5877852522924731 0.8090169943749473 -8.034568805711516e-20
    outer loop
      vertex 4.75 -8.227241335952167 30
      vertex 6.356740760409153 -7.059875842035245 389.65000000000003
      vertex 6.356740760409153 -7.059875842035245 30
    endloop
  endfacet
  facet normal -0.7431448254773939 0.6691306063588587 0
    outer loop
      vertex 6.356740760409153 -7.059875842035245 30
      vertex 6.356740760409153 -7.059875842035245 389.65000000000003
      vertex 7.685661446562001 -5.583959896778495 30
    endloop
  endfacet
  facet normal -0.866025403784439 0.4999999999999992 0
    outer loop
      vertex 7.685661446562001 -5.583959896778495 30
      vertex 7.685661446562001 -5.583959896778495 389.65000000000003
      vertex 8.678681847604707 -3.863998109220102 30
    endloop
  endfacet
  facet normal -0.9510565162951533 0.3090169943749481 0
    outer loop
      vertex 8.678681847604707 -3.863998109220102 30
      vertex 8.678681847604707 -3.863998109220102 389.65000000000003
      vertex 9.292402206971154 -1.9751610627687137 30
    endloop
  endfacet
  facet normal -0.9945218953682733 0.10452846326765322 0
    outer loop
      vertex 9.292402206971154 -1.9751610627687137 30
      vertex 9.292402206971154 -1.9751610627687137 389.65000000000003
      vertex 9.5 0 30
    endloop
  endfacet
  facet normal -0.9945218953682733 -0.10452846326765322 0
    outer loop
      vertex 9.5 0 30
      vertex 9.5 0 389.65000000000003
      vertex 9.292402206971154 1.9751610627687137 30
    endloop
  endfacet
  facet normal -0.20791169081776 0.9781476007338054 0
    outer loop
      vertex 0.993020401042708 -9.447958005998597 30
      vertex 0.993020401042708 -9.447958005998597 389.65000000000003
      vertex 2.9356614465620003 -9.035036904803958 389.65000000000003
    endloop
  endfacet
  facet normal -0.40673664307579993 0.9135454576426011 0
    outer loop
      vertex 2.9356614465620003 -9.035036904803958 30
      vertex 2.9356614465620003 -9.035036904803958 389.65000000000003
      vertex 4.75 -8.227241335952167 389.65000000000003
    endloop
  endfacet
  facet normal -0.5877852522924731 0.8090169943749473 0
    outer loop
      vertex 4.75 -8.227241335952167 30
      vertex 4.75 -8.227241335952167 389.65000000000003
      vertex 6.356740760409153 -7.059875842035245 389.65000000000003
    endloop
  endfacet
  facet normal -0.7431448254773939 0.6691306063588587 0
    outer loop
      vertex 7.685661446562001 -5.583959896778495 30
      vertex 6.356740760409153 -7.059875842035245 389.65000000000003
      vertex 7.685661446562001 -5.583959896778495 389.65000000000003
    endloop
  endfacet
  facet normal -0.866025403784439 0.4999999999999992 0
    outer loop
      vertex 8.678681847604707 -3.863998109220102 30
      vertex 7.685661446562001 -5.583959896778495 389.65000000000003
      vertex 8.678681847604707 -3.863998109220102 389.65000000000003
    endloop
  endfacet
  facet normal -0.9510565162951533 0.3090169943749481 0
    outer loop
      vertex 9.292402206971154 -1.9751610627687137 30
      vertex 8.678681847604707 -3.863998109220102 389.65000000000003
      vertex 9.292402206971154 -1.9751610627687137 389.65000000000003
    endloop
  endfacet
  facet normal -0.9945218953682733 0.10452846326765322 0
    outer loop
      vertex 9.5 0 30
      vertex 9.292402206971154 -1.9751610627687137 389.65000000000003
      vertex 9.5 0 389.65000000000003
    endloop
  endfacet
  facet normal -0.9945218953682733 -0.10452846326765322 0
    outer loop
      vertex 9.292402206971154 1.9751610627687137 30
      vertex 9.5 0 389.65000000000003
      vertex 9.292402206971154 1.9751610627687137 389.65000000000003
    endloop
  endfacet
  facet normal 0 0 -1
    outer loop
      vertex -4.275 7.95 389.65000000000003
      vertex 4.75 -8.227241335952167 389.65000000000003
      vertex 2.9356614465620003 -9.035036904803958 389.65000000000003
    endloop
  endfacet
  facet normal 0 0 -1
    outer loop
      vertex 4.75 -8.227241335952167 389.65000000000003
      vertex 4.75 8.227241335952167 389.65000000000003
      vertex 6.356740760409153 -7.059875842035245 389.65000000000003
    endloop
  endfacet
  facet normal 0 0 -1
    outer loop
      vertex 6.356740760409153 -7.059875842035245 389.65000000000003
      vertex 6.356740760409153 7.059875842035245 389.65000000000003
      vertex 7.685661446562001 -5.583959896778495 389.65000000000003
    endloop
  endfacet
  facet normal 0 0 -1
    outer loop
      vertex 7.685661446562001 -5.583959896778495 389.65000000000003
      vertex 7.685661446562001 5.583959896778495 389.65000000000003
      vertex 8.678681847604707 -3.863998109220102 389.65000000000003
    endloop
  endfacet
  facet normal 0 0 -1
    outer loop
      vertex 8.678681847604707 -3.863998109220102 389.65000000000003
      vertex 8.678681847604707 3.863998109220102 389.65000000000003
      vertex 9.292402206971154 -1.9751610627687137 389.65000000000003
    endloop
  endfacet
  facet normal 0 0 -1
    outer loop
      vertex 9.292402206971154 -1.9751610627687137 389.65000000000003
      vertex 9.292402206971154 1.9751610627687137 389.65000000000003
      vertex 9.5 0 389.65000000000003
    endloop
  endfacet
  facet normal 0 0 -1
    outer loop
      vertex 9.292402206971154 -1.9751610627687137 389.65000000000003
      vertex 8.678681847604707 3.863998109220102 389.65000000000003
      vertex 9.292402206971154 1.9751610627687137 389.65000000000003
    endloop
  endfacet
  facet normal 0 0 -1
    outer loop
      vertex 8.678681847604707 -3.863998109220102 389.65000000000003
      vertex 7.685661446562001 5.583959896778495 389.65000000000003
      vertex 8.678681847604707 3.863998109220102 389.65000000000003
    endloop
  endfacet
  facet normal 0 -1 0
    outer loop
      vertex -0.993020401042708 9.447958005998597 30
      vertex 0.993020401042708 9.447958005998597 30
      vertex 0.3658496214367871 9.447958005998597 88.56917336621105
    endloop
  endfacet
  facet normal -0.20791169081776004 -0.9781476007338054 0
    outer loop
      vertex 0.993020401042708 9.447958005998597 30
      vertex 2.9356614465620003 9.035036904803958 30
      vertex 0.993020401042708 9.447958005998597 88.70248263070398
    endloop
  endfacet
  facet normal -0.4067366430757998 -0.913545457642601 -1.0447156976426398e-19
    outer loop
      vertex 4.75 8.227241335952167 30
      vertex 2.9356614465620003 9.035036904803958 90.17306151168862
      vertex 2.9356614465620003 9.035036904803958 30
    endloop
  endfacet
  facet normal 0 -1 0
    outer loop
      vertex 0.993020401042708 9.447958005998597 30
      vertex 0.993020401042708 9.447958005998597 88.70248263070398
      vertex 0.3658496214367871 9.447958005998597 88.56917336621105
    endloop
  endfacet
  facet normal -0.20791169081776673 -0.978147600733804 -2.3524502112618043e-16
    outer loop
      vertex 2.9356614465620003 9.035036904803958 30
      vertex 1.0815594803123159 9.429138443735619 88.72130219296696
      vertex 0.993020401042708 9.447958005998597 88.70248263070398
    endloop
  endfacet
  facet normal -0.2079116908177599 -0.9781476007338055 1.531365633269716e-17
    outer loop
      vertex 2.9356614465620003 9.035036904803958 30
      vertex 2.341957122256004 9.161232654627065 89.44899311082912
      vertex 1.75 9.287057025189883 89.01891108675446
    endloop
  endfacet
  facet normal -0.20791169081775807 -0.9781476007338058 5.3584749103582854e-17
    outer loop
      vertex 2.9356614465620003 9.035036904803958 30
      vertex 1.75 9.287057025189883 89.01891108675446
      vertex 1.0815594803123159 9.429138443735619 88.72130219296696
    endloop
  endfacet
  facet normal -0.4067366430757987 -0.9135454576426016 4.2380935497517374e-17
    outer loop
      vertex 4.75 8.227241335952167 30
      vertex 3.197409101749103 8.918499340402413 90.6264217492347
      vertex 2.9356614465620003 9.035036904803958 90.17306151168862
    endloop
  endfacet
  facet normal -0.4067366430758039 -0.9135454576425992 -1.1371327556233085e-16
    outer loop
      vertex 4.75 8.227241335952167 30
      vertex 3.42351660256832 8.817829795074273 91.32230908213783
      vertex 3.197409101749103 8.918499340402413 90.6264217492347
    endloop
  endfacet
  facet normal -0.4067366430757961 -0.9135454576426028 8.966984512748861e-17
    outer loop
      vertex 4.75 8.227241335952167 30
      vertex 3.5 8.783777192587836 92.05
      vertex 3.42351660256832 8.817829795074273 91.32230908213783
    endloop
  endfacet
  facet normal -0.20791169081776 -0.9781476007338055 1.434175197779032e-17
    outer loop
      vertex 2.9356614465620003 9.035036904803958 30
      vertex 2.831559480312316 9.05716446081308 89.99275161697634
      vertex 2.341957122256004 9.161232654627065 89.44899311082912
    endloop
  endfacet
  facet normal -0.20791169081776792 -0.9781476007338038 0
    outer loop
      vertex 2.9356614465620003 9.035036904803958 30
      vertex 2.9356614465620003 9.035036904803958 90.17306151168862
      vertex 2.831559480312316 9.05716446081308 89.99275161697634
    endloop
  endfacet
  facet normal 0 -1 0
    outer loop
      vertex 0.3658496214367871 9.447958005998597 95.53082663378895
      vertex 0.993020401042708 9.447958005998597 95.39751736929601
      vertex 0.3658496214367871 9.447958005998597 124.34917336621105
    endloop
  endfacet
  facet normal -0.20791169081776673 -0.9781476007338039 0
    outer loop
      vertex 0.993020401042708 9.447958005998597 95.39751736929601
      vertex 1.0815594803123159 9.429138443735619 95.37869780703303
      vertex 0.993020401042708 9.447958005998597 124.48248263070398
    endloop
  endfacet
  facet normal -0.20791169081775804 -0.9781476007338058 0
    outer loop
      vertex 1.0815594803123159 9.429138443735619 95.37869780703303
      vertex 1.75 9.287057025189883 95.08108891324554
      vertex 1.0815594803123159 9.429138443735619 124.50130219296696
    endloop
  endfacet
  facet normal -0.20791169081775993 -0.9781476007338055 0
    outer loop
      vertex 1.75 9.287057025189883 95.08108891324554
      vertex 2.341957122256004 9.161232654627065 94.65100688917087
      vertex 1.75 9.287057025189883 124.79891108675446
    endloop
  endfacet
  facet normal -0.40673664307579965 -0.9135454576426011 0
    outer loop
      vertex 4.75 8.227241335952167 30
      vertex 3.5 8.783777192587836 127.83
      vertex 3.5 8.783777192587836 92.05
    endloop
  endfacet
  facet normal -0.406736643075804 -0.9135454576425993 0
    outer loop
      vertex 3.197409101749103 8.918499340402413 93.4735782507653
      vertex 3.42351660256832 8.817829795074273 92.77769091786216
      vertex 3.197409101749103 8.918499340402413 126.4064217492347
    endloop
  endfacet
  facet normal -0.4067366430757953 -0.9135454576426031 1.0612236871321676e-20
    outer loop
      vertex 3.5 8.783777192587836 92.05
      vertex 3.42351660256832 8.817829795074273 127.10230908213784
      vertex 3.42351660256832 8.817829795074273 92.77769091786216
    endloop
  endfacet
  facet normal -0.4067366430757995 -0.9135454576426012 0
    outer loop
      vertex 4.75 8.227241335952167 30
      vertex 3.5 8.783777192587836 159.71
      vertex 3.5 8.783777192587836 127.83
    endloop
  endfacet
  facet normal -0.20791169081776814 -0.9781476007338038 -1.3353052535959527e-16
    outer loop
      vertex 2.831559480312316 9.05716446081308 94.10724838302366
      vertex 2.9356614465620003 9.035036904803958 93.92693848831138
      vertex 2.341957122256004 9.161232654627065 125.22899311082912
    endloop
  endfacet
  facet normal -0.4067366430757987 -0.9135454576426016 1.2817239023160506e-19
    outer loop
      vertex 3.197409101749103 8.918499340402413 93.4735782507653
      vertex 2.9356614465620003 9.035036904803958 125.95306151168862
      vertex 2.9356614465620003 9.035036904803958 93.92693848831138
    endloop
  endfacet
  facet normal -0.20791169081776 -0.9781476007338055 0
    outer loop
      vertex 2.341957122256004 9.161232654627065 94.65100688917087
      vertex 2.831559480312316 9.05716446081308 94.10724838302366
      vertex 2.341957122256004 9.161232654627065 125.22899311082912
    endloop
  endfacet
  facet normal -0.9510565162951533 -0.3090169943749481 5.52666041696237e-20
    outer loop
      vertex 8.678681847604707 3.863998109220102 30
      vertex 9.292402206971154 1.9751610627687137 30
      vertex 9.292402206971154 1.9751610627687137 389.65000000000003
    endloop
  endfacet
  facet normal -0.866025403784439 -0.4999999999999992 0
    outer loop
      vertex 8.678681847604707 3.863998109220102 30
      vertex 8.678681847604707 3.863998109220102 389.65000000000003
      vertex 7.685661446562001 5.583959896778495 30
    endloop
  endfacet
  facet normal 0 -1 0
    outer loop
      vertex 0.3658496214367871 9.447958005998597 95.53082663378895
      vertex 0.3658496214367871 9.447958005998597 124.34917336621105
      vertex -0.3658496214367871 9.447958005998597 124.34917336621105
    endloop
  endfacet
  facet normal 0 -1 0
    outer loop
      vertex 0.993020401042708 9.447958005998597 95.39751736929601
      vertex 0.993020401042708 9.447958005998597 124.48248263070398
      vertex 0.3658496214367871 9.447958005998597 124.34917336621105
    endloop
  endfacet
  facet normal -0.20791169081776675 -0.978147600733804 0
    outer loop
      vertex 1.0815594803123159 9.429138443735619 95.37869780703303
      vertex 1.0815594803123159 9.429138443735619 124.50130219296696
      vertex 0.993020401042708 9.447958005998597 124.48248263070398
    endloop
  endfacet
  facet normal -0.20791169081775812 -0.978147600733806 0
    outer loop
      vertex 1.75 9.287057025189883 95.08108891324554
      vertex 1.75 9.287057025189883 124.79891108675446
      vertex 1.0815594803123159 9.429138443735619 124.50130219296696
    endloop
  endfacet
  facet normal -0.20791169081775993 -0.9781476007338056 0
    outer loop
      vertex 2.341957122256004 9.161232654627065 94.65100688917087
      vertex 2.341957122256004 9.161232654627065 125.22899311082912
      vertex 1.75 9.287057025189883 124.79891108675446
    endloop
  endfacet
  facet normal -0.406736643075804 -0.9135454576425993 0
    outer loop
      vertex 3.42351660256832 8.817829795074273 92.77769091786216
      vertex 3.42351660256832 8.817829795074273 127.10230908213784
      vertex 3.197409101749103 8.918499340402413 126.4064217492347
    endloop
  endfacet
  facet normal -0.40673664307579543 -0.9135454576426031 0
    outer loop
      vertex 3.5 8.783777192587836 92.05
      vertex 3.5 8.783777192587836 127.83
      vertex 3.42351660256832 8.817829795074273 127.10230908213784
    endloop
  endfacet
  facet normal -0.40673664307579976 -0.9135454576426011 0
    outer loop
      vertex 4.75 8.227241335952167 30
      vertex 3.5 8.783777192587836 201.12
      vertex 3.5 8.783777192587836 159.71
    endloop
  endfacet
  facet normal -0.20791169081776004 -0.9781476007338055 2.6971863014239428e-17
    outer loop
      vertex 2.9356614465620003 9.035036904803958 93.92693848831138
      vertex 2.831559480312316 9.05716446081308 125.77275161697634
      vertex 2.341957122256004 9.161232654627065 125.22899311082912
    endloop
  endfacet
  facet normal -0.2079116908177679 -0.9781476007338038 0
    outer loop
      vertex 2.9356614465620003 9.035036904803958 93.92693848831138
      vertex 2.9356614465620003 9.035036904803958 125.95306151168862
      vertex 2.831559480312316 9.05716446081308 125.77275161697634
    endloop
  endfacet
  facet normal -0.40673664307579865 -0.9135454576426016 0
    outer loop
      vertex 3.197409101749103 8.918499340402413 93.4735782507653
      vertex 3.197409101749103 8.918499340402413 126.4064217492347
      vertex 2.9356614465620003 9.035036904803958 125.95306151168862
    endloop
  endfacet
  facet normal 0 -1 0
    outer loop
      vertex 0.3658496214367871 9.447958005998597 131.31082663378896
      vertex 0.993020401042708 9.447958005998597 131.17751736929603
      vertex -0.3658496214367871 9.447958005998597 156.22917336621106
    endloop
  endfacet
  facet normal -0.20791169081776678 -0.978147600733804 0
    outer loop
      vertex 0.993020401042708 9.447958005998597 131.17751736929603
      vertex 1.0815594803123159 9.429138443735619 131.15869780703304
      vertex 0.993020401042708 9.447958005998597 156.362482630704
    endloop
  endfacet
  facet normal 0 -1 0
    outer loop
      vertex 0.993020401042708 9.447958005998597 131.17751736929603
      vertex 0.3658496214367871 9.447958005998597 156.22917336621106
      vertex -0.3658496214367871 9.447958005998597 156.22917336621106
    endloop
  endfacet
  facet normal 0 -1 0
    outer loop
      vertex 0.993020401042708 9.447958005998597 131.17751736929603
      vertex 0.993020401042708 9.447958005998597 156.362482630704
      vertex 0.3658496214367871 9.447958005998597 156.22917336621106
    endloop
  endfacet
  facet normal -0.2079116908177668 -0.9781476007338041 0
    outer loop
      vertex 1.0815594803123159 9.429138443735619 131.15869780703304
      vertex 1.0815594803123159 9.429138443735619 156.38130219296698
      vertex 0.993020401042708 9.447958005998597 156.362482630704
    endloop
  endfacet
  facet normal -0.20791169081775807 -0.9781476007338059 0
    outer loop
      vertex 1.0815594803123159 9.429138443735619 131.15869780703304
      vertex 1.75 9.287057025189883 130.86108891324554
      vertex 1.0815594803123159 9.429138443735619 156.38130219296698
    endloop
  endfacet
  facet normal -0.20791169081775993 -0.9781476007338056 0
    outer loop
      vertex 1.75 9.287057025189883 130.86108891324554
      vertex 2.341957122256004 9.161232654627065 130.43100688917087
      vertex 1.75 9.287057025189883 156.67891108675448
    endloop
  endfacet
  facet normal -0.20791169081776004 -0.9781476007338055 -1.4150796569851032e-18
    outer loop
      vertex 2.341957122256004 9.161232654627065 130.43100688917087
      vertex 2.831559480312316 9.05716446081308 129.88724838302366
      vertex 1.75 9.287057025189883 156.67891108675448
    endloop
  endfacet
  facet normal -0.20791169081775807 -0.9781476007338059 0
    outer loop
      vertex 1.75 9.287057025189883 130.86108891324554
      vertex 1.75 9.287057025189883 156.67891108675448
      vertex 1.0815594803123159 9.429138443735619 156.38130219296698
    endloop
  endfacet
  facet normal -0.20791169081775995 -0.9781476007338056 1.1595647447035138e-18
    outer loop
      vertex 1.75 9.287057025189883 156.67891108675448
      vertex 2.831559480312316 9.05716446081308 129.88724838302366
      vertex 2.341957122256004 9.161232654627065 157.10899311082912
    endloop
  endfacet
  facet normal -0.40673664307580387 -0.9135454576425992 0
    outer loop
      vertex 3.197409101749103 8.918499340402413 129.2535782507653
      vertex 3.42351660256832 8.817829795074273 128.55769091786215
      vertex 3.197409101749103 8.918499340402413 158.2864217492347
    endloop
  endfacet
  facet normal -0.4067366430757954 -0.9135454576426031 0
    outer loop
      vertex 3.42351660256832 8.817829795074273 128.55769091786215
      vertex 3.5 8.783777192587836 127.83
      vertex 3.42351660256832 8.817829795074273 158.98230908213785
    endloop
  endfacet
  facet normal -0.40673664307580387 -0.9135454576425992 0
    outer loop
      vertex 3.42351660256832 8.817829795074273 128.55769091786215
      vertex 3.42351660256832 8.817829795074273 158.98230908213785
      vertex 3.197409101749103 8.918499340402413 158.2864217492347
    endloop
  endfacet
  facet normal -0.4067366430757953 -0.913545457642603 0
    outer loop
      vertex 3.5 8.783777192587836 127.83
      vertex 3.5 8.783777192587836 159.71
      vertex 3.42351660256832 8.817829795074273 158.98230908213785
    endloop
  endfacet
  facet normal -0.4067366430757998 -0.913545457642601 0
    outer loop
      vertex 4.75 8.227241335952167 30
      vertex 3.5 8.783777192587836 225
      vertex 3.5 8.783777192587836 201.12
    endloop
  endfacet
  facet normal -0.40673664307579865 -0.9135454576426016 0
    outer loop
      vertex 2.9356614465620003 9.035036904803958 129.70693848831138
      vertex 3.197409101749103 8.918499340402413 129.2535782507653
      vertex 2.9356614465620003 9.035036904803958 157.83306151168864
    endloop
  endfacet
  facet normal -0.2079116908177679 -0.9781476007338038 0
    outer loop
      vertex 2.831559480312316 9.05716446081308 129.88724838302366
      vertex 2.9356614465620003 9.035036904803958 129.70693848831138
      vertex 2.831559480312316 9.05716446081308 157.65275161697636
    endloop
  endfacet
  facet normal -0.20791169081775995 -0.9781476007338055 -1.650769409660487e-20
    outer loop
      vertex 2.341957122256004 9.161232654627065 157.10899311082912
      vertex 2.831559480312316 9.05716446081308 129.88724838302366
      vertex 2.831559480312316 9.05716446081308 157.65275161697636
    endloop
  endfacet
  facet normal -0.20791169081776792 -0.9781476007338038 0
    outer loop
      vertex 2.9356614465620003 9.035036904803958 129.70693848831138
      vertex 2.9356614465620003 9.035036904803958 157.83306151168864
      vertex 2.831559480312316 9.05716446081308 157.65275161697636
    endloop
  endfacet
  facet normal -0.4067366430757986 -0.9135454576426015 0
    outer loop
      vertex 3.197409101749103 8.918499340402413 129.2535782507653
      vertex 3.197409101749103 8.918499340402413 158.2864217492347
      vertex 2.9356614465620003 9.035036904803958 157.83306151168864
    endloop
  endfacet
  facet normal -0.7431448254773939 -0.6691306063588587 -1.1865744861336412e-19
    outer loop
      vertex 6.356740760409153 7.059875842035245 30
      vertex 7.685661446562001 5.583959896778495 30
      vertex 7.685661446562001 5.583959896778495 389.65000000000003
    endloop
  endfacet
  facet normal -0.5877852522924731 -0.8090169943749473 0
    outer loop
      vertex 4.75 8.227241335952167 30
      vertex 6.356740760409153 7.059875842035245 30
      vertex 4.75 8.227241335952167 389.65000000000003
    endloop
  endfacet
  facet normal 0 -1 0
    outer loop
      vertex 0.3658496214367871 9.447958005998597 163.19082663378896
      vertex 0.993020401042708 9.447958005998597 163.05751736929602
      vertex 0.3658496214367871 9.447958005998597 197.63917336621105
    endloop
  endfacet
  facet normal -0.20791169081776678 -0.978147600733804 1.3673011347886287e-20
    outer loop
      vertex 0.993020401042708 9.447958005998597 163.05751736929602
      vertex 1.0815594803123159 9.429138443735619 163.03869780703303
      vertex 1.0815594803123159 9.429138443735619 197.79130219296698
    endloop
  endfacet
  facet normal -0.2079116908177581 -0.978147600733806 0
    outer loop
      vertex 1.0815594803123159 9.429138443735619 163.03869780703303
      vertex 1.75 9.287057025189883 162.74108891324553
      vertex 1.0815594803123159 9.429138443735619 197.79130219296698
    endloop
  endfacet
  facet normal -0.20791169081775993 -0.9781476007338055 0
    outer loop
      vertex 1.75 9.287057025189883 162.74108891324553
      vertex 2.341957122256004 9.161232654627065 162.3110068891709
      vertex 1.75 9.287057025189883 198.08891108675448
    endloop
  endfacet
  facet normal 0 -1 0
    outer loop
      vertex 0.3658496214367871 9.447958005998597 163.19082663378896
      vertex 0.3658496214367871 9.447958005998597 197.63917336621105
      vertex -0.3658496214367871 9.447958005998597 197.63917336621105
    endloop
  endfacet
  facet normal 0 -1 0
    outer loop
      vertex 0.993020401042708 9.447958005998597 163.05751736929602
      vertex 0.993020401042708 9.447958005998597 197.772482630704
      vertex 0.3658496214367871 9.447958005998597 197.63917336621105
    endloop
  endfacet
  facet normal -0.20791169081776675 -0.9781476007338039 0
    outer loop
      vertex 0.993020401042708 9.447958005998597 163.05751736929602
      vertex 1.0815594803123159 9.429138443735619 197.79130219296698
      vertex 0.993020401042708 9.447958005998597 197.772482630704
    endloop
  endfacet
  facet normal -0.20791169081775804 -0.9781476007338058 0
    outer loop
      vertex 1.75 9.287057025189883 162.74108891324553
      vertex 1.75 9.287057025189883 198.08891108675448
      vertex 1.0815594803123159 9.429138443735619 197.79130219296698
    endloop
  endfacet
  facet normal -0.20791169081775995 -0.9781476007338055 0
    outer loop
      vertex 2.341957122256004 9.161232654627065 162.3110068891709
      vertex 2.341957122256004 9.161232654627065 198.51899311082911
      vertex 1.75 9.287057025189883 198.08891108675448
    endloop
  endfacet
  facet normal -0.406736643075804 -0.9135454576425992 0
    outer loop
      vertex 3.197409101749103 8.918499340402413 161.1335782507653
      vertex 3.42351660256832 8.817829795074273 160.43769091786217
      vertex 3.197409101749103 8.918499340402413 199.6964217492347
    endloop
  endfacet
  facet normal -0.4067366430757953 -0.9135454576426031 9.11686796703411e-21
    outer loop
      vertex 3.5 8.783777192587836 159.71
      vertex 3.42351660256832 8.817829795074273 200.39230908213784
      vertex 3.42351660256832 8.817829795074273 160.43769091786217
    endloop
  endfacet
  facet normal -0.4067366430758039 -0.9135454576425992 0
    outer loop
      vertex 3.42351660256832 8.817829795074273 160.43769091786217
      vertex 3.42351660256832 8.817829795074273 200.39230908213784
      vertex 3.197409101749103 8.918499340402413 199.6964217492347
    endloop
  endfacet
  facet normal -0.4067366430757953 -0.913545457642603 0
    outer loop
      vertex 3.5 8.783777192587836 159.71
      vertex 3.5 8.783777192587836 201.12
      vertex 3.42351660256832 8.817829795074273 200.39230908213784
    endloop
  endfacet
  facet normal -0.20791169081776 -0.9781476007338055 0
    outer loop
      vertex 2.341957122256004 9.161232654627065 162.3110068891709
      vertex 2.831559480312316 9.05716446081308 161.76724838302366
      vertex 2.341957122256004 9.161232654627065 198.51899311082911
    endloop
  endfacet
  facet normal -0.4067366430757986 -0.9135454576426016 0
    outer loop
      vertex 2.9356614465620003 9.035036904803958 161.58693848831138
      vertex 3.197409101749103 8.918499340402413 161.1335782507653
      vertex 2.9356614465620003 9.035036904803958 199.24306151168864
    endloop
  endfacet
  facet normal -0.2079116908177679 -0.9781476007338038 -9.03782075270315e-21
    outer loop
      vertex 2.9356614465620003 9.035036904803958 161.58693848831138
      vertex 2.831559480312316 9.05716446081308 199.06275161697636
      vertex 2.831559480312316 9.05716446081308 161.76724838302366
    endloop
  endfacet
  facet normal -0.20791169081775995 -0.9781476007338055 -1.2289536112415864e-20
    outer loop
      vertex 2.341957122256004 9.161232654627065 198.51899311082911
      vertex 2.831559480312316 9.05716446081308 161.76724838302366
      vertex 2.831559480312316 9.05716446081308 199.06275161697636
    endloop
  endfacet
  facet normal -0.2079116908177679 -0.9781476007338037 0
    outer loop
      vertex 2.9356614465620003 9.035036904803958 161.58693848831138
      vertex 2.9356614465620003 9.035036904803958 199.24306151168864
      vertex 2.831559480312316 9.05716446081308 199.06275161697636
    endloop
  endfacet
  facet normal -0.4067366430757986 -0.9135454576426015 0
    outer loop
      vertex 3.197409101749103 8.918499340402413 161.1335782507653
      vertex 3.197409101749103 8.918499340402413 199.6964217492347
      vertex 2.9356614465620003 9.035036904803958 199.24306151168864
    endloop
  endfacet
  facet normal 0 -1 0
    outer loop
      vertex 0.3658496214367871 9.447958005998597 204.60082663378896
      vertex 0.993020401042708 9.447958005998597 204.46751736929602
      vertex 0.3658496214367871 9.447958005998597 221.51917336621105
    endloop
  endfacet
  facet normal -0.20791169081776678 -0.9781476007338041 0
    outer loop
      vertex 0.993020401042708 9.447958005998597 204.46751736929602
      vertex 1.0815594803123159 9.429138443735619 204.44869780703303
      vertex 0.993020401042708 9.447958005998597 221.652482630704
    endloop
  endfacet
  facet normal -0.20791169081775804 -0.9781476007338059 0
    outer loop
      vertex 1.0815594803123159 9.429138443735619 204.44869780703303
      vertex 1.75 9.287057025189883 204.15108891324553
      vertex 1.0815594803123159 9.429138443735619 221.67130219296698
    endloop
  endfacet
  facet normal -0.20791169081775993 -0.9781476007338055 0
    outer loop
      vertex 1.75 9.287057025189883 204.15108891324553
      vertex 2.341957122256004 9.161232654627065 203.7210068891709
      vertex 1.75 9.287057025189883 221.96891108675447
    endloop
  endfacet
  facet normal -0.406736643075804 -0.9135454576425992 4.113033500852302e-20
    outer loop
      vertex 3.42351660256832 8.817829795074273 201.84769091786217
      vertex 3.197409101749103 8.918499340402413 223.5764217492347
      vertex 3.197409101749103 8.918499340402413 202.5435782507653
    endloop
  endfacet
  facet normal -0.4067366430757954 -0.9135454576426031 0
    outer loop
      vertex 3.42351660256832 8.817829795074273 201.84769091786217
      vertex 3.5 8.783777192587836 201.12
      vertex 3.42351660256832 8.817829795074273 224.27230908213784
    endloop
  endfacet
  facet normal -0.4067366430757997 -0.9135454576426011 -6.3066431105013715e-19
    outer loop
      vertex 4.75 8.227241335952167 30
      vertex 4.275 8.43872496147372 389.6
      vertex 3.5 8.783777192587836 225
    endloop
  endfacet
  facet normal -0.20791169081776004 -0.9781476007338056 0
    outer loop
      vertex 2.341957122256004 9.161232654627065 203.7210068891709
      vertex 2.831559480312316 9.05716446081308 203.17724838302365
      vertex 2.341957122256004 9.161232654627065 222.3989931108291
    endloop
  endfacet
  facet normal -0.40673664307579865 -0.9135454576426015 0
    outer loop
      vertex 2.9356614465620003 9.035036904803958 202.99693848831137
      vertex 3.197409101749103 8.918499340402413 202.5435782507653
      vertex 2.9356614465620003 9.035036904803958 223.12306151168863
    endloop
  endfacet
  facet normal -0.20791169081776792 -0.9781476007338038 -1.7053452630101236e-20
    outer loop
      vertex 2.9356614465620003 9.035036904803958 202.99693848831137
      vertex 2.831559480312316 9.05716446081308 222.94275161697635
      vertex 2.831559480312316 9.05716446081308 203.17724838302365
    endloop
  endfacet
  facet normal -0.9510565162951533 -0.3090169943749481 0
    outer loop
      vertex 8.678681847604707 3.863998109220102 30
      vertex 9.292402206971154 1.9751610627687137 389.65000000000003
      vertex 8.678681847604707 3.863998109220102 389.65000000000003
    endloop
  endfacet
  facet normal -0.866025403784439 -0.4999999999999992 0
    outer loop
      vertex 7.685661446562001 5.583959896778495 30
      vertex 8.678681847604707 3.863998109220102 389.65000000000003
      vertex 7.685661446562001 5.583959896778495 389.65000000000003
    endloop
  endfacet
  facet normal 0 -1 0
    outer loop
      vertex 0.3658496214367871 9.447958005998597 204.60082663378896
      vertex 0.3658496214367871 9.447958005998597 221.51917336621105
      vertex -0.3658496214367871 9.447958005998597 221.51917336621105
    endloop
  endfacet
  facet normal 0 -1 0
    outer loop
      vertex 0.993020401042708 9.447958005998597 204.46751736929602
      vertex 0.993020401042708 9.447958005998597 221.652482630704
      vertex 0.3658496214367871 9.447958005998597 221.51917336621105
    endloop
  endfacet
  facet normal -0.20791169081776678 -0.978147600733804 0
    outer loop
      vertex 1.0815594803123159 9.429138443735619 204.44869780703303
      vertex 1.0815594803123159 9.429138443735619 221.67130219296698
      vertex 0.993020401042708 9.447958005998597 221.652482630704
    endloop
  endfacet
  facet normal -0.20791169081775804 -0.9781476007338059 0
    outer loop
      vertex 1.75 9.287057025189883 204.15108891324553
      vertex 1.75 9.287057025189883 221.96891108675447
      vertex 1.0815594803123159 9.429138443735619 221.67130219296698
    endloop
  endfacet
  facet normal -0.20791169081775995 -0.9781476007338055 0
    outer loop
      vertex 2.341957122256004 9.161232654627065 203.7210068891709
      vertex 2.341957122256004 9.161232654627065 222.3989931108291
      vertex 1.75 9.287057025189883 221.96891108675447
    endloop
  endfacet
  facet normal -0.4067366430758039 -0.9135454576425992 0
    outer loop
      vertex 3.42351660256832 8.817829795074273 201.84769091786217
      vertex 3.42351660256832 8.817829795074273 224.27230908213784
      vertex 3.197409101749103 8.918499340402413 223.5764217492347
    endloop
  endfacet
  facet normal -0.4067366430757954 -0.9135454576426031 0
    outer loop
      vertex 3.5 8.783777192587836 201.12
      vertex 3.5 8.783777192587836 225
      vertex 3.42351660256832 8.817829795074273 224.27230908213784
    endloop
  endfacet
  facet normal -0.20791169081776 -0.9781476007338056 0
    outer loop
      vertex 2.831559480312316 9.05716446081308 203.17724838302365
      vertex 2.831559480312316 9.05716446081308 222.94275161697635
      vertex 2.341957122256004 9.161232654627065 222.3989931108291
    endloop
  endfacet
  facet normal -0.20791169081776795 -0.9781476007338039 0
    outer loop
      vertex 2.9356614465620003 9.035036904803958 202.99693848831137
      vertex 2.9356614465620003 9.035036904803958 223.12306151168863
      vertex 2.831559480312316 9.05716446081308 222.94275161697635
    endloop
  endfacet
  facet normal -0.4067366430757987 -0.9135454576426016 0
    outer loop
      vertex 3.197409101749103 8.918499340402413 202.5435782507653
      vertex 3.197409101749103 8.918499340402413 223.5764217492347
      vertex 2.9356614465620003 9.035036904803958 223.12306151168863
    endloop
  endfacet
  facet normal 0 -1 0
    outer loop
      vertex -0.3658496214367871 9.447958005998597 228.48082663378895
      vertex 0.3658496214367871 9.447958005998597 228.48082663378895
      vertex 0.993020401042708 9.447958005998597 389.6
    endloop
  endfacet
  facet normal 0 -1 0
    outer loop
      vertex 0.3658496214367871 9.447958005998597 228.48082663378895
      vertex 0.993020401042708 9.447958005998597 228.347517369296
      vertex 0.993020401042708 9.447958005998597 389.6
    endloop
  endfacet
  facet normal -0.20791169081776678 -0.9781476007338041 8.473776919283104e-17
    outer loop
      vertex 0.993020401042708 9.447958005998597 228.347517369296
      vertex 1.0815594803123159 9.429138443735619 228.32869780703302
      vertex 2.9356614465620003 9.035036904803958 389.6
    endloop
  endfacet
  facet normal -0.20791169081775993 -0.9781476007338056 -5.591272886183073e-18
    outer loop
      vertex 1.75 9.287057025189883 228.03108891324553
      vertex 2.341957122256004 9.161232654627065 227.6010068891709
      vertex 2.9356614465620003 9.035036904803958 389.6
    endloop
  endfacet
  facet normal -0.2079116908177581 -0.9781476007338059 -1.948712414761836e-17
    outer loop
      vertex 1.0815594803123159 9.429138443735619 228.32869780703302
      vertex 1.75 9.287057025189883 228.03108891324553
      vertex 2.9356614465620003 9.035036904803958 389.6
    endloop
  endfacet
  facet normal -0.40673664307579555 -0.913545457642603 -2.4259461229760402e-17
    outer loop
      vertex 3.42351660256832 8.817829795074273 225.72769091786216
      vertex 3.5 8.783777192587836 225
      vertex 4.275 8.43872496147372 389.6
    endloop
  endfacet
  facet normal -0.4067366430757987 -0.9135454576426015 -1.3751036158500218e-17
    outer loop
      vertex 2.9356614465620003 9.035036904803958 226.87693848831137
      vertex 3.197409101749103 8.918499340402413 226.4235782507653
      vertex 4.275 8.43872496147372 389.6
    endloop
  endfacet
  facet normal -0.4067366430758038 -0.9135454576425992 2.7479562055561245e-17
    outer loop
      vertex 3.197409101749103 8.918499340402413 226.4235782507653
      vertex 3.42351660256832 8.817829795074273 225.72769091786216
      vertex 4.275 8.43872496147372 389.6
    endloop
  endfacet
  facet normal -0.4067366430757994 -0.9135454576426013 0
    outer loop
      vertex 4.75 8.227241335952167 30
      vertex 4.75 8.227241335952167 389.65000000000003
      vertex 4.275 8.43872496147372 389.65000000000003
    endloop
  endfacet
  facet normal -0.40673664307605467 -0.9135454576424876 1.142251206253439e-16
    outer loop
      vertex 4.75 8.227241335952167 30
      vertex 4.275 8.43872496147372 389.65000000000003
      vertex 4.275 8.43872496147372 389.6
    endloop
  endfacet
  facet normal -0.20791169081776004 -0.9781476007338055 -5.275971911022853e-18
    outer loop
      vertex 2.341957122256004 9.161232654627065 227.6010068891709
      vertex 2.831559480312316 9.05716446081308 227.05724838302365
      vertex 2.9356614465620003 9.035036904803958 389.6
    endloop
  endfacet
  facet normal -0.20791169081776792 -0.9781476007338039 -2.071433944143885e-21
    outer loop
      vertex 2.831559480312316 9.05716446081308 227.05724838302365
      vertex 2.9356614465620003 9.035036904803958 226.87693848831137
      vertex 2.9356614465620003 9.035036904803958 389.6
    endloop
  endfacet
  facet normal -0.7431448254773939 -0.6691306063588587 0
    outer loop
      vertex 6.356740760409153 7.059875842035245 30
      vertex 7.685661446562001 5.583959896778495 389.65000000000003
      vertex 6.356740760409153 7.059875842035245 389.65000000000003
    endloop
  endfacet
  facet normal -0.5877852522924731 -0.8090169943749473 0
    outer loop
      vertex 6.356740760409153 7.059875842035245 30
      vertex 6.356740760409153 7.059875842035245 389.65000000000003
      vertex 4.75 8.227241335952167 389.65000000000003
    endloop
  endfacet
  facet normal 0 0 -1
    outer loop
      vertex -4.275 7.95 389.65000000000003
      vertex 4.275 7.95 389.65000000000003
      vertex 4.75 -8.227241335952167 389.65000000000003
    endloop
  endfacet
  facet normal 0 0 -1
    outer loop
      vertex 4.75 -8.227241335952167 389.65000000000003
      vertex 4.275 7.95 389.65000000000003
      vertex 4.75 8.227241335952167 389.65000000000003
    endloop
  endfacet
  facet normal 0 0 -1
    outer loop
      vertex 6.356740760409153 -7.059875842035245 389.65000000000003
      vertex 4.75 8.227241335952167 389.65000000000003
      vertex 6.356740760409153 7.059875842035245 389.65000000000003
    endloop
  endfacet
  facet normal 0 0 -1
    outer loop
      vertex 7.685661446562001 -5.583959896778495 389.65000000000003
      vertex 6.356740760409153 7.059875842035245 389.65000000000003
      vertex 7.685661446562001 5.583959896778495 389.65000000000003
    endloop
  endfacet
  facet normal -0.20791169081776006 -0.9781476007338056 0
    outer loop
      vertex 0.993020401042708 9.447958005998597 228.347517369296
      vertex 2.9356614465620003 9.035036904803958 389.6
      vertex 0.993020401042708 9.447958005998597 389.6
    endloop
  endfacet
  facet normal -0.40673664307580004 -0.913545457642601 0
    outer loop
      vertex 2.9356614465620003 9.035036904803958 226.87693848831137
      vertex 4.275 8.43872496147372 389.6
      vertex 2.9356614465620003 9.035036904803958 389.6
    endloop
  endfacet
  facet normal 0 0 -1
    outer loop
      vertex 4.275 7.95 389.65000000000003
      vertex 4.275 8.43872496147372 389.65000000000003
      vertex 4.75 8.227241335952167 389.65000000000003
    endloop
  endfacet
  facet normal 0.7431448254770908 0.6691306063591952 -3.490174958261869e-19
    outer loop
      vertex 18.528581365110753 -4.703078683031459 154.91000000000003
      vertex 18.52786404500042 -4.702282018339785 154.91000000000003
      vertex 18.52786404500042 -4.702282018339785 155.01000000000002
    endloop
  endfacet
  facet normal 0.9945218953682734 0.10452846326765322 2.5913426152836937e-17
    outer loop
      vertex 17.174819194129554 -1.6632935265420747 154.91000000000003
      vertex 17 0 154.91000000000003
      vertex 17 0 155.01000000000002
    endloop
  endfacet
  facet normal 0 1 0
    outer loop
      vertex 24.163772293858774 -7.956175162946186 154.91000000000003
      vertex 25.836227706141226 -7.956175162946186 155.01000000000002
      vertex 25.836227706141226 -7.956175162946186 154.91000000000003
    endloop
  endfacet
  facet normal -0.20791169081709668 0.9781476007339465 -2.4774524118207874e-20
    outer loop
      vertex 27.471087363083125 -7.608675015453584 154.91000000000003
      vertex 27.47213595499958 -7.608452130361228 155.01000000000002
      vertex 27.47213595499958 -7.608452130361228 154.91000000000003
    endloop
  endfacet
  facet normal -0.9945218953682734 -0.10452846326765322 0
    outer loop
      vertex 33 0 155.01000000000002
      vertex 32.825180805870446 1.6632935265420747 154.91000000000003
      vertex 33 0 154.91000000000003
    endloop
  endfacet
  facet normal 0.7431448254778051 0.6691306063584019 0
    outer loop
      vertex 19.646955149129134 -5.945158603819154 154.91000000000003
      vertex 19.64647841269558 -5.944629134369772 155.01000000000002
      vertex 19.646955149129134 -5.945158603819154 389.65000000000003
    endloop
  endfacet
  facet normal 0.7431448254773942 0.6691306063588582 1.864355754220098e-18
    outer loop
      vertex 19.64647841269558 -5.944629134369772 155.01000000000002
      vertex 18.52786404500042 -4.702282018339785 389.65000000000003
      vertex 19.646955149129134 -5.945158603819154 389.65000000000003
    endloop
  endfacet
  facet normal 0.743144825477394 0.6691306063588583 0
    outer loop
      vertex 18.52786404500042 -4.702282018339785 155.01000000000002
      vertex 18.52786404500042 -4.702282018339785 389.65000000000003
      vertex 19.64647841269558 -5.944629134369772 155.01000000000002
    endloop
  endfacet
  facet normal 0.8660254037844389 0.49999999999999933 0
    outer loop
      vertex 18.52786404500042 -4.702282018339785 155.01000000000002
      vertex 18.52786404500042 -4.702282018339785 154.91000000000003
      vertex 17.691636338859194 -3.2538931446064017 389.65000000000003
    endloop
  endfacet
  facet normal 0.866025403784439 0.49999999999999944 -2.1437901279807622e-19
    outer loop
      vertex 18.52786404500042 -4.702282018339785 154.91000000000003
      vertex 17.691636338859194 -3.2538931446064017 154.91000000000003
      vertex 17.691636338859194 -3.2538931446064017 389.65000000000003
    endloop
  endfacet
  facet normal 0.9510565162951533 0.3090169943749483 3.24187562919705e-20
    outer loop
      vertex 17.691636338859194 -3.2538931446064017 154.91000000000003
      vertex 17.174819194129554 -1.6632935265420747 154.91000000000003
      vertex 17.174819194129554 -1.6632935265420747 389.65000000000003
    endloop
  endfacet
  facet normal 0.866025403784439 0.49999999999999944 0
    outer loop
      vertex 18.52786404500042 -4.702282018339785 155.01000000000002
      vertex 17.691636338859194 -3.2538931446064017 389.65000000000003
      vertex 18.52786404500042 -4.702282018339785 389.65000000000003
    endloop
  endfacet
  facet normal 0.9510565162951533 0.3090169943749483 0
    outer loop
      vertex 17.691636338859194 -3.2538931446064017 154.91000000000003
      vertex 17.174819194129554 -1.6632935265420747 389.65000000000003
      vertex 17.691636338859194 -3.2538931446064017 389.65000000000003
    endloop
  endfacet
  facet normal 0.9945218953682733 0.10452846326765323 1.1043908179694621e-20
    outer loop
      vertex 17.174819194129554 -1.6632935265420747 154.91000000000003
      vertex 17 0 155.01000000000002
      vertex 17 0 389.65000000000003
    endloop
  endfacet
  facet normal 0.9945218953682734 -0.10452846326765322 0
    outer loop
      vertex 17 0 155.01000000000002
      vertex 17 0 154.91000000000003
      vertex 17.174819194129554 1.6632935265420747 389.65000000000003
    endloop
  endfacet
  facet normal 0.9945218953682734 -0.10452846326765322 -1.1039203439054043e-20
    outer loop
      vertex 17 0 154.91000000000003
      vertex 17.174819194129554 1.6632935265420747 154.91000000000003
      vertex 17.174819194129554 1.6632935265420747 389.65000000000003
    endloop
  endfacet
  facet normal 0.9945218953682734 0.10452846326765322 0
    outer loop
      vertex 17.174819194129554 -1.6632935265420747 154.91000000000003
      vertex 17 0 389.65000000000003
      vertex 17.174819194129554 -1.6632935265420747 389.65000000000003
    endloop
  endfacet
  facet normal 0.9945218953682733 -0.10452846326765323 0
    outer loop
      vertex 17 0 155.01000000000002
      vertex 17.174819194129554 1.6632935265420747 389.65000000000003
      vertex 17 0 389.65000000000003
    endloop
  endfacet
  facet normal 0.9510565162951533 -0.3090169943749483 0
    outer loop
      vertex 17.174819194129554 1.6632935265420747 154.91000000000003
      vertex 17.691636338859194 3.2538931446064017 389.65000000000003
      vertex 17.174819194129554 1.6632935265420747 389.65000000000003
    endloop
  endfacet
  facet normal 0 0 -1
    outer loop
      vertex 18.52786404500042 -4.702282018339785 389.65000000000003
      vertex 17.691636338859194 -3.2538931446064017 389.65000000000003
      vertex 17.691636338859194 3.2538931446064017 389.65000000000003
    endloop
  endfacet
  facet normal 0 0 -1
    outer loop
      vertex 18.52786404500042 -4.702282018339785 389.65000000000003
      vertex 18.52786404500042 4.702282018339785 389.65000000000003
      vertex 19.646955149129134 -5.945158603819154 389.65000000000003
    endloop
  endfacet
  facet normal 0 0 -1
    outer loop
      vertex 17.691636338859194 -3.2538931446064017 389.65000000000003
      vertex 17.174819194129554 -1.6632935265420747 389.65000000000003
      vertex 17.174819194129554 1.6632935265420747 389.65000000000003
    endloop
  endfacet
  facet normal 0 0 -1
    outer loop
      vertex 17.174819194129554 -1.6632935265420747 389.65000000000003
      vertex 17 0 389.65000000000003
      vertex 17.174819194129554 1.6632935265420747 389.65000000000003
    endloop
  endfacet
  facet normal 0 0 -1
    outer loop
      vertex 17.691636338859194 -3.2538931446064017 389.65000000000003
      vertex 17.174819194129554 1.6632935265420747 389.65000000000003
      vertex 17.691636338859194 3.2538931446064017 389.65000000000003
    endloop
  endfacet
  facet normal 0 0 -1
    outer loop
      vertex 18.52786404500042 -4.702282018339785 389.65000000000003
      vertex 17.691636338859194 3.2538931446064017 389.65000000000003
      vertex 18.52786404500042 4.702282018339785 389.65000000000003
    endloop
  endfacet
  facet normal 0 0 -1
    outer loop
      vertex 19.646955149129134 -5.945158603819154 389.65000000000003
      vertex 18.52786404500042 4.702282018339785 389.65000000000003
      vertex 19.646955149129134 5.945158603819154 389.65000000000003
    endloop
  endfacet
  facet normal 0.40673664307580026 0.9135454576426009 -7.452557817658204e-20
    outer loop
      vertex 21 -6.928203230275509 154.91000000000003
      vertex 22.52786404500042 -7.608452130361228 389.65000000000003
      vertex 22.52786404500042 -7.608452130361228 154.91000000000003
    endloop
  endfacet
  facet normal 0.20791169081775912 0.9781476007338058 0
    outer loop
      vertex 24.163772293858774 -7.956175162946186 154.91000000000003
      vertex 22.52786404500042 -7.608452130361228 154.91000000000003
      vertex 24.163772293858774 -7.956175162946186 389.65000000000003
    endloop
  endfacet
  facet normal 0.5877852522924729 0.8090169943749477 1.4903498142982736e-19
    outer loop
      vertex 19.646955149129134 -5.945158603819154 154.91000000000003
      vertex 21 -6.928203230275509 389.65000000000003
      vertex 21 -6.928203230275509 154.91000000000003
    endloop
  endfacet
  facet normal 0 1 0
    outer loop
      vertex 24.163772293858774 -7.956175162946186 154.91000000000003
      vertex 25.836227706141226 -7.956175162946186 389.65000000000003
      vertex 25.836227706141226 -7.956175162946186 155.01000000000002
    endloop
  endfacet
  facet normal -0.20791169081775912 0.9781476007338057 -8.129317113782215e-20
    outer loop
      vertex 25.836227706141226 -7.956175162946186 155.01000000000002
      vertex 27.47213595499958 -7.608452130361228 389.65000000000003
      vertex 27.47213595499958 -7.608452130361228 155.01000000000002
    endloop
  endfacet
  facet normal -0.40673664307580026 0.9135454576426009 0
    outer loop
      vertex 27.47213595499958 -7.608452130361228 155.01000000000002
      vertex 29 -6.928203230275509 389.65000000000003
      vertex 27.47213595499958 -7.608452130361228 154.91000000000003
    endloop
  endfacet
  facet normal -0.40673664307580026 0.9135454576426009 7.452557817658204e-20
    outer loop
      vertex 27.47213595499958 -7.608452130361228 154.91000000000003
      vertex 29 -6.928203230275509 389.65000000000003
      vertex 29 -6.928203230275509 154.91000000000003
    endloop
  endfacet
  facet normal -0.5877852522924729 0.8090169943749477 -1.4903498142982736e-19
    outer loop
      vertex 29 -6.928203230275509 154.91000000000003
      vertex 30.353044850870866 -5.945158603819154 389.65000000000003
      vertex 30.353044850870866 -5.945158603819154 154.91000000000003
    endloop
  endfacet
  facet normal 0.20791169081775912 0.9781476007338058 0
    outer loop
      vertex 22.52786404500042 -7.608452130361228 154.91000000000003
      vertex 22.52786404500042 -7.608452130361228 389.65000000000003
      vertex 24.163772293858774 -7.956175162946186 389.65000000000003
    endloop
  endfacet
  facet normal 0 1 0
    outer loop
      vertex 24.163772293858774 -7.956175162946186 154.91000000000003
      vertex 24.163772293858774 -7.956175162946186 389.65000000000003
      vertex 25.836227706141226 -7.956175162946186 389.65000000000003
    endloop
  endfacet
  facet normal 0.40673664307580026 0.9135454576426009 0
    outer loop
      vertex 21 -6.928203230275509 154.91000000000003
      vertex 21 -6.928203230275509 389.65000000000003
      vertex 22.52786404500042 -7.608452130361228 389.65000000000003
    endloop
  endfacet
  facet normal 0.5877852522924729 0.8090169943749477 0
    outer loop
      vertex 19.646955149129134 -5.945158603819154 154.91000000000003
      vertex 19.646955149129134 -5.945158603819154 389.65000000000003
      vertex 21 -6.928203230275509 389.65000000000003
    endloop
  endfacet
  facet normal -0.20791169081775912 0.9781476007338057 0
    outer loop
      vertex 25.836227706141226 -7.956175162946186 155.01000000000002
      vertex 25.836227706141226 -7.956175162946186 389.65000000000003
      vertex 27.47213595499958 -7.608452130361228 389.65000000000003
    endloop
  endfacet
  facet normal -0.40673664307580026 0.9135454576426009 0
    outer loop
      vertex 27.47213595499958 -7.608452130361228 155.01000000000002
      vertex 27.47213595499958 -7.608452130361228 389.65000000000003
      vertex 29 -6.928203230275509 389.65000000000003
    endloop
  endfacet
  facet normal -0.5877852522924729 0.8090169943749477 0
    outer loop
      vertex 29 -6.928203230275509 154.91000000000003
      vertex 29 -6.928203230275509 389.65000000000003
      vertex 30.353044850870866 -5.945158603819154 389.65000000000003
    endloop
  endfacet
  facet normal -0.7431448254773942 0.6691306063588582 0
    outer loop
      vertex 30.353044850870866 -5.945158603819154 154.91000000000003
      vertex 30.353044850870866 -5.945158603819154 389.65000000000003
      vertex 31.47213595499958 -4.702282018339785 154.91000000000003
    endloop
  endfacet
  facet normal -0.866025403784438 0.5000000000000009 0
    outer loop
      vertex 31.47213595499958 -4.702282018339785 154.91000000000003
      vertex 31.47213595499958 -4.702282018339785 389.65000000000003
      vertex 32.30836366114081 -3.2538931446064017 154.91000000000003
    endloop
  endfacet
  facet normal -0.9510565162951539 0.30901699437494634 0
    outer loop
      vertex 32.30836366114081 -3.2538931446064017 154.91000000000003
      vertex 32.30836366114081 -3.2538931446064017 389.65000000000003
      vertex 32.825180805870446 -1.6632935265420747 154.91000000000003
    endloop
  endfacet
  facet normal -0.7431448254773942 0.6691306063588582 0
    outer loop
      vertex 31.47213595499958 -4.702282018339785 154.91000000000003
      vertex 30.353044850870866 -5.945158603819154 389.65000000000003
      vertex 31.47213595499958 -4.702282018339785 389.65000000000003
    endloop
  endfacet
  facet normal -0.866025403784438 0.5000000000000009 0
    outer loop
      vertex 32.30836366114081 -3.2538931446064017 154.91000000000003
      vertex 31.47213595499958 -4.702282018339785 389.65000000000003
      vertex 32.30836366114081 -3.2538931446064017 389.65000000000003
    endloop
  endfacet
  facet normal -0.9510565162951539 0.30901699437494634 0
    outer loop
      vertex 32.825180805870446 -1.6632935265420747 154.91000000000003
      vertex 32.30836366114081 -3.2538931446064017 389.65000000000003
      vertex 32.825180805870446 -1.6632935265420747 389.65000000000003
    endloop
  endfacet
  facet normal -0.9945218953682734 0.10452846326765322 0
    outer loop
      vertex 32.825180805870446 -1.6632935265420747 154.91000000000003
      vertex 32.825180805870446 -1.6632935265420747 389.65000000000003
      vertex 33 0 154.91000000000003
    endloop
  endfacet
  facet normal -0.9945218953682734 0.10452846326765322 0
    outer loop
      vertex 33 0 155.01000000000002
      vertex 33 0 154.91000000000003
      vertex 32.825180805870446 -1.6632935265420747 389.65000000000003
    endloop
  endfacet
  facet normal -0.9945218953682733 -0.10452846326765323 0
    outer loop
      vertex 33 0 155.01000000000002
      vertex 33 0 389.65000000000003
      vertex 32.825180805870446 1.6632935265420747 154.91000000000003
    endloop
  endfacet
  facet normal -0.9510565162951539 -0.30901699437494634 0
    outer loop
      vertex 32.825180805870446 1.6632935265420747 154.91000000000003
      vertex 32.825180805870446 1.6632935265420747 389.65000000000003
      vertex 32.30836366114081 3.2538931446064017 154.91000000000003
    endloop
  endfacet
  facet normal -0.9945218953682733 0.10452846326765323 0
    outer loop
      vertex 33 0 155.01000000000002
      vertex 32.825180805870446 -1.6632935265420747 389.65000000000003
      vertex 33 0 389.65000000000003
    endloop
  endfacet
  facet normal -0.9945218953682734 -0.10452846326765322 0
    outer loop
      vertex 32.825180805870446 1.6632935265420747 154.91000000000003
      vertex 33 0 389.65000000000003
      vertex 32.825180805870446 1.6632935265420747 389.65000000000003
    endloop
  endfacet
  facet normal 0 0 -1
    outer loop
      vertex 21 -6.928203230275509 389.65000000000003
      vertex 21 6.928203230275509 389.65000000000003
      vertex 22.52786404500042 -7.608452130361228 389.65000000000003
    endloop
  endfacet
  facet normal 0 0 -1
    outer loop
      vertex 19.646955149129134 -5.945158603819154 389.65000000000003
      vertex 19.646955149129134 5.945158603819154 389.65000000000003
      vertex 21 -6.928203230275509 389.65000000000003
    endloop
  endfacet
  facet normal 0 0 -1
    outer loop
      vertex 24.163772293858774 -7.956175162946186 389.65000000000003
      vertex 22.52786404500042 -7.608452130361228 389.65000000000003
      vertex 21.4 6.45 389.65000000000003
    endloop
  endfacet
  facet normal 0 0 -1
    outer loop
      vertex 24.163772293858774 -7.956175162946186 389.65000000000003
      vertex 21.4 6.45 389.65000000000003
      vertex 25.836227706141226 -7.956175162946186 389.65000000000003
    endloop
  endfacet
  facet normal 0 0 -1
    outer loop
      vertex 25.836227706141226 -7.956175162946186 389.65000000000003
      vertex 21.4 6.45 389.65000000000003
      vertex 27.47213595499958 -7.608452130361228 389.65000000000003
    endloop
  endfacet
  facet normal 0 0 -1
    outer loop
      vertex 27.47213595499958 -7.608452130361228 389.65000000000003
      vertex 21.4 6.45 389.65000000000003
      vertex 29 -6.928203230275509 389.65000000000003
    endloop
  endfacet
  facet normal 0 0 -1
    outer loop
      vertex 29 -6.928203230275509 389.65000000000003
      vertex 29 6.928203230275509 389.65000000000003
      vertex 30.353044850870866 -5.945158603819154 389.65000000000003
    endloop
  endfacet
  facet normal 0 0 -1
    outer loop
      vertex 21 -6.928203230275509 389.65000000000003
      vertex 19.646955149129134 5.945158603819154 389.65000000000003
      vertex 21 6.928203230275509 389.65000000000003
    endloop
  endfacet
  facet normal 0 0 -1
    outer loop
      vertex 22.52786404500042 -7.608452130361228 389.65000000000003
      vertex 21 6.928203230275509 389.65000000000003
      vertex 21.4 6.45 389.65000000000003
    endloop
  endfacet
  facet normal 0 0 -1
    outer loop
      vertex 29 -6.928203230275509 389.65000000000003
      vertex 21.4 6.45 389.65000000000003
      vertex 28.6 6.45 389.65000000000003
    endloop
  endfacet
  facet normal 0 0 -1
    outer loop
      vertex 29 -6.928203230275509 389.65000000000003
      vertex 28.6 6.45 389.65000000000003
      vertex 29 6.928203230275509 389.65000000000003
    endloop
  endfacet
  facet normal 0 0 -1
    outer loop
      vertex 30.353044850870866 -5.945158603819154 389.65000000000003
      vertex 30.353044850870866 5.945158603819154 389.65000000000003
      vertex 31.47213595499958 -4.702282018339785 389.65000000000003
    endloop
  endfacet
  facet normal 0 0 -1
    outer loop
      vertex 31.47213595499958 -4.702282018339785 389.65000000000003
      vertex 31.47213595499958 4.702282018339785 389.65000000000003
      vertex 32.30836366114081 -3.2538931446064017 389.65000000000003
    endloop
  endfacet
  facet normal 0 0 -1
    outer loop
      vertex 32.30836366114081 -3.2538931446064017 389.65000000000003
      vertex 32.30836366114081 3.2538931446064017 389.65000000000003
      vertex 32.825180805870446 -1.6632935265420747 389.65000000000003
    endloop
  endfacet
  facet normal 0 0 -1
    outer loop
      vertex 32.825180805870446 -1.6632935265420747 389.65000000000003
      vertex 32.825180805870446 1.6632935265420747 389.65000000000003
      vertex 33 0 389.65000000000003
    endloop
  endfacet
  facet normal 0 0 -1
    outer loop
      vertex 31.47213595499958 -4.702282018339785 389.65000000000003
      vertex 30.353044850870866 5.945158603819154 389.65000000000003
      vertex 31.47213595499958 4.702282018339785 389.65000000000003
    endloop
  endfacet
  facet normal 0 0 -1
    outer loop
      vertex 32.30836366114081 -3.2538931446064017 389.65000000000003
      vertex 31.47213595499958 4.702282018339785 389.65000000000003
      vertex 32.30836366114081 3.2538931446064017 389.65000000000003
    endloop
  endfacet
  facet normal 0 0 -1
    outer loop
      vertex 32.825180805870446 -1.6632935265420747 389.65000000000003
      vertex 32.30836366114081 3.2538931446064017 389.65000000000003
      vertex 32.825180805870446 1.6632935265420747 389.65000000000003
    endloop
  endfacet
  facet normal 0.40673664307566976 -0.913545457642659 -8.848450525578285e-20
    outer loop
      vertex 21.00097933725082 6.928639259312164 154.91000000000003
      vertex 21 6.928203230275509 155.01000000000002
      vertex 21 6.928203230275509 154.91000000000003
    endloop
  endfacet
  facet normal 0.2079116908177591 -0.9781476007338057 1.5489383035980685e-15
    outer loop
      vertex 22.52786404500042 7.608452130361228 154.91000000000003
      vertex 24.163772293858774 7.956175162946186 154.91000000000003
      vertex 24.163075391648302 7.9560270318085085 155.01000000000002
    endloop
  endfacet
  facet normal 0 -1 0
    outer loop
      vertex 24.163772293858774 7.956175162946186 155.01000000000002
      vertex 24.163772293858774 7.956175162946186 154.91000000000003
      vertex 25.836227706141226 7.956175162946186 154.91000000000003
    endloop
  endfacet
  facet normal -0.7431448254770908 -0.6691306063591952 -3.490174958261869e-19
    outer loop
      vertex 31.471418634889247 4.703078683031459 154.91000000000003
      vertex 31.47213595499958 4.702282018339785 154.91000000000003
      vertex 31.47213595499958 4.702282018339785 155.01000000000002
    endloop
  endfacet
  facet normal 0.9510565162951533 -0.3090169943749483 -3.24187562919705e-20
    outer loop
      vertex 17.174819194129554 1.6632935265420747 154.91000000000003
      vertex 17.691636338859194 3.2538931446064017 154.91000000000003
      vertex 17.691636338859194 3.2538931446064017 389.65000000000003
    endloop
  endfacet
  facet normal 0.866025403784439 -0.49999999999999944 2.1437901279807622e-19
    outer loop
      vertex 17.691636338859194 3.2538931446064017 154.91000000000003
      vertex 18.52786404500042 4.702282018339785 154.91000000000003
      vertex 18.52786404500042 4.702282018339785 389.65000000000003
    endloop
  endfacet
  facet normal 0.7431448254773942 -0.6691306063588582 4.6983660717460344e-20
    outer loop
      vertex 18.52786404500042 4.702282018339785 154.91000000000003
      vertex 19.646955149129134 5.945158603819154 154.91000000000003
      vertex 19.646955149129134 5.945158603819154 389.65000000000003
    endloop
  endfacet
  facet normal 0.866025403784439 -0.49999999999999944 0
    outer loop
      vertex 17.691636338859194 3.2538931446064017 154.91000000000003
      vertex 18.52786404500042 4.702282018339785 389.65000000000003
      vertex 17.691636338859194 3.2538931446064017 389.65000000000003
    endloop
  endfacet
  facet normal 0.7431448254773942 -0.6691306063588582 0
    outer loop
      vertex 18.52786404500042 4.702282018339785 154.91000000000003
      vertex 19.646955149129134 5.945158603819154 389.65000000000003
      vertex 18.52786404500042 4.702282018339785 389.65000000000003
    endloop
  endfacet
  facet normal 0.5877852522924729 -0.8090169943749477 0
    outer loop
      vertex 19.646955149129134 5.945158603819154 154.91000000000003
      vertex 21 6.928203230275509 154.91000000000003
      vertex 19.646955149129134 5.945158603819154 389.65000000000003
    endloop
  endfacet
  facet normal 0.5877852522924729 -0.8090169943749476 0
    outer loop
      vertex 21 6.928203230275509 155.01000000000002
      vertex 19.646955149129134 5.945158603819154 389.65000000000003
      vertex 21 6.928203230275509 154.91000000000003
    endloop
  endfacet
  facet normal 0.4067366430758001 -0.913545457642601 0
    outer loop
      vertex 21 6.928203230275509 155.01000000000002
      vertex 22.5272131699706 7.608162342127401 155.01000000000002
      vertex 21 6.928203230275509 389.65000000000003
    endloop
  endfacet
  facet normal 0.40673664307624274 -0.9135454576424038 0
    outer loop
      vertex 22.52786404500042 7.608452130361228 154.91000000000003
      vertex 22.52786404500042 7.608452130361228 389.6
      vertex 22.5272131699706 7.608162342127401 155.01000000000002
    endloop
  endfacet
  facet normal 0.20791169081775915 -0.9781476007338056 0
    outer loop
      vertex 22.52786404500042 7.608452130361228 154.91000000000003
      vertex 24.163075391648302 7.9560270318085085 155.01000000000002
      vertex 22.52786404500042 7.608452130361228 389.6
    endloop
  endfacet
  facet normal 0.2079116908175683 -0.9781476007338462 0
    outer loop
      vertex 24.163772293858774 7.956175162946186 155.01000000000002
      vertex 24.163772293858774 7.956175162946186 389.6
      vertex 24.163075391648302 7.9560270318085085 155.01000000000002
    endloop
  endfacet
  facet normal 0 -1 0
    outer loop
      vertex 24.163772293858774 7.956175162946186 155.01000000000002
      vertex 25.836227706141226 7.956175162946186 154.91000000000003
      vertex 25.836227706141226 7.956175162946186 389.6
    endloop
  endfacet
  facet normal -0.20791169081775912 -0.9781476007338057 8.12758518717397e-20
    outer loop
      vertex 25.836227706141226 7.956175162946186 154.91000000000003
      vertex 27.47213595499958 7.608452130361228 154.91000000000003
      vertex 27.47213595499958 7.608452130361228 389.6
    endloop
  endfacet
  facet normal -0.5877852522924729 -0.8090169943749477 1.4903498142982736e-19
    outer loop
      vertex 30.353044850870866 5.945158603819154 154.91000000000003
      vertex 29 6.928203230275509 389.65000000000003
      vertex 29 6.928203230275509 154.91000000000003
    endloop
  endfacet
  facet normal -0.4067366430758003 -0.9135454576426009 -9.728234998128936e-19
    outer loop
      vertex 27.47213595499958 7.608452130361228 154.91000000000003
      vertex 29 6.928203230275509 154.91000000000003
      vertex 28.6 7.106294704398922 389.6
    endloop
  endfacet
  facet normal 0.5877852522924729 -0.8090169943749476 0
    outer loop
      vertex 21 6.928203230275509 155.01000000000002
      vertex 21 6.928203230275509 389.65000000000003
      vertex 19.646955149129134 5.945158603819154 389.65000000000003
    endloop
  endfacet
  facet normal 0.40673664307580004 -0.913545457642601 -1.7114344709706855e-18
    outer loop
      vertex 22.5272131699706 7.608162342127401 155.01000000000002
      vertex 21.4 7.106294704398922 389.6
      vertex 21 6.928203230275509 389.65000000000003
    endloop
  endfacet
  facet normal 0.40673664307580043 -0.9135454576426008 1.47044250630953e-18
    outer loop
      vertex 22.5272131699706 7.608162342127401 155.01000000000002
      vertex 22.52786404500042 7.608452130361228 389.6
      vertex 21.4 7.106294704398922 389.6
    endloop
  endfacet
  facet normal 0.20791169081775915 -0.9781476007338058 -5.924973383179313e-19
    outer loop
      vertex 24.163075391648302 7.9560270318085085 155.01000000000002
      vertex 24.163772293858774 7.956175162946186 389.6
      vertex 22.52786404500042 7.608452130361228 389.6
    endloop
  endfacet
  facet normal 0 -1 0
    outer loop
      vertex 24.163772293858774 7.956175162946186 155.01000000000002
      vertex 25.836227706141226 7.956175162946186 389.6
      vertex 24.163772293858774 7.956175162946186 389.6
    endloop
  endfacet
  facet normal -0.20791169081775912 -0.9781476007338057 0
    outer loop
      vertex 25.836227706141226 7.956175162946186 154.91000000000003
      vertex 27.47213595499958 7.608452130361228 389.6
      vertex 25.836227706141226 7.956175162946186 389.6
    endloop
  endfacet
  facet normal -0.5877852522924729 -0.8090169943749477 0
    outer loop
      vertex 30.353044850870866 5.945158603819154 154.91000000000003
      vertex 30.353044850870866 5.945158603819154 389.65000000000003
      vertex 29 6.928203230275509 389.65000000000003
    endloop
  endfacet
  facet normal -0.4067366430757999 -0.9135454576426012 0
    outer loop
      vertex 29 6.928203230275509 154.91000000000003
      vertex 29 6.928203230275509 389.65000000000003
      vertex 28.6 7.106294704398922 389.65000000000003
    endloop
  endfacet
  facet normal -0.40673664307580043 -0.9135454576426008 0
    outer loop
      vertex 27.47213595499958 7.608452130361228 154.91000000000003
      vertex 28.6 7.106294704398922 389.6
      vertex 27.47213595499958 7.608452130361228 389.6
    endloop
  endfacet
  facet normal -0.40673664307589 -0.9135454576425609 2.3179771497621555e-17
    outer loop
      vertex 29 6.928203230275509 154.91000000000003
      vertex 28.6 7.106294704398922 389.65000000000003
      vertex 28.6 7.106294704398922 389.6
    endloop
  endfacet
  facet normal -0.866025403784438 -0.5000000000000009 0
    outer loop
      vertex 32.30836366114081 3.2538931446064017 154.91000000000003
      vertex 32.30836366114081 3.2538931446064017 389.65000000000003
      vertex 31.47213595499958 4.702282018339785 154.91000000000003
    endloop
  endfacet
  facet normal -0.866025403784438 -0.5000000000000009 0
    outer loop
      vertex 31.47213595499958 4.702282018339785 155.01000000000002
      vertex 31.47213595499958 4.702282018339785 154.91000000000003
      vertex 32.30836366114081 3.2538931446064017 389.65000000000003
    endloop
  endfacet
  facet normal -0.743144825477394 -0.6691306063588583 0
    outer loop
      vertex 31.47213595499958 4.702282018339785 155.01000000000002
      vertex 31.47213595499958 4.702282018339785 389.65000000000003
      vertex 30.35352158730442 5.944629134369772 155.01000000000002
    endloop
  endfacet
  facet normal -0.7431448254778051 -0.6691306063584019 -6.124323716255176e-23
    outer loop
      vertex 30.35352158730442 5.944629134369772 155.01000000000002
      vertex 30.353044850870866 5.945158603819154 389.65000000000003
      vertex 30.353044850870866 5.945158603819154 154.91000000000003
    endloop
  endfacet
  facet normal -0.9510565162951539 -0.30901699437494634 0
    outer loop
      vertex 32.30836366114081 3.2538931446064017 154.91000000000003
      vertex 32.825180805870446 1.6632935265420747 389.65000000000003
      vertex 32.30836366114081 3.2538931446064017 389.65000000000003
    endloop
  endfacet
  facet normal -0.8660254037844382 -0.500000000000001 0
    outer loop
      vertex 31.47213595499958 4.702282018339785 155.01000000000002
      vertex 32.30836366114081 3.2538931446064017 389.65000000000003
      vertex 31.47213595499958 4.702282018339785 389.65000000000003
    endloop
  endfacet
  facet normal -0.7431448254773942 -0.6691306063588582 1.864355754220098e-18
    outer loop
      vertex 30.35352158730442 5.944629134369772 155.01000000000002
      vertex 31.47213595499958 4.702282018339785 389.65000000000003
      vertex 30.353044850870866 5.945158603819154 389.65000000000003
    endloop
  endfacet
  facet normal 0 0 -1
    outer loop
      vertex 30.353044850870866 -5.945158603819154 389.65000000000003
      vertex 29 6.928203230275509 389.65000000000003
      vertex 30.353044850870866 5.945158603819154 389.65000000000003
    endloop
  endfacet
  facet normal 0 0 -1
    outer loop
      vertex 21.4 6.45 389.65000000000003
      vertex 21 6.928203230275509 389.65000000000003
      vertex 21.4 7.106294704398922 389.65000000000003
    endloop
  endfacet
  facet normal 0.4067366430757998 -0.9135454576426011 -2.3179771497624732e-17
    outer loop
      vertex 21 6.928203230275509 389.65000000000003
      vertex 21.4 7.106294704398922 389.6
      vertex 21.4 7.106294704398922 389.65000000000003
    endloop
  endfacet
  facet normal 0 0 -1
    outer loop
      vertex 28.6 6.45 389.65000000000003
      vertex 28.6 7.106294704398922 389.65000000000003
      vertex 29 6.928203230275509 389.65000000000003
    endloop
  endfacet
  facet normal 0.7431448254773938 0.6691306063588587 0
    outer loop
      vertex -32.36043666994744 -8.174593080251336 34.80000000000001
      vertex -32.36043666994744 -8.174593080251336 0
      vertex -33.89918693812442 -6.465637775217204 34.80000000000001
    endloop
  endfacet
  facet normal 0.5877852522924732 0.8090169943749473 0
    outer loop
      vertex -32.36043666994744 -8.174593080251336 34.80000000000001
      vertex -30.5 -9.526279441628825 0
      vertex -32.36043666994744 -8.174593080251336 0
    endloop
  endfacet
  facet normal 0.5877852522924732 0.8090169943749473 1.4585874106826854e-18
    outer loop
      vertex -32.36043666994744 -8.174593080251336 34.80000000000001
      vertex -30.5 -9.526279441628825 34.80000000000001
      vertex -30.5 -9.526279441628825 0
    endloop
  endfacet
  facet normal 0.7431448254773938 0.6691306063588587 0
    outer loop
      vertex -33.89918693812442 -6.465637775217204 34.80000000000001
      vertex -32.36043666994744 -8.174593080251336 0
      vertex -33.89918693812442 -6.465637775217204 0
    endloop
  endfacet
  facet normal 0.8660254037844385 0.5000000000000006 0
    outer loop
      vertex -33.89918693812442 -6.465637775217204 34.80000000000001
      vertex -33.89918693812442 -6.465637775217204 0
      vertex -35.04900003406861 -4.474103073833803 34.80000000000001
    endloop
  endfacet
  facet normal 0.20791169081775943 0.9781476007338056 0
    outer loop
      vertex -28.399186938124423 -10.461621679246688 34.80000000000001
      vertex -26.14981309594419 -10.939740849051006 0
      vertex -28.399186938124423 -10.461621679246688 0
    endloop
  endfacet
  facet normal 0.40673664307580015 0.9135454576426009 -3.864558905504709e-19
    outer loop
      vertex -30.5 -9.526279441628825 34.80000000000001
      vertex -28.399186938124423 -10.461621679246688 34.80000000000001
      vertex -28.399186938124423 -10.461621679246688 0
    endloop
  endfacet
  facet normal 0.40673664307580015 0.9135454576426009 0
    outer loop
      vertex -30.5 -9.526279441628825 34.80000000000001
      vertex -28.399186938124423 -10.461621679246688 0
      vertex -30.5 -9.526279441628825 0
    endloop
  endfacet
  facet normal 0 1 0
    outer loop
      vertex -26.14981309594419 -10.939740849051006 34.80000000000001
      vertex -23.85018690405581 -10.939740849051006 0
      vertex -26.14981309594419 -10.939740849051006 0
    endloop
  endfacet
  facet normal 0.20791169081775943 0.9781476007338056 -7.179062493522709e-19
    outer loop
      vertex -28.399186938124423 -10.461621679246688 34.80000000000001
      vertex -26.14981309594419 -10.939740849051006 34.80000000000001
      vertex -26.14981309594419 -10.939740849051006 0
    endloop
  endfacet
  facet normal -0.20791169081775943 0.9781476007338056 0
    outer loop
      vertex -23.85018690405581 -10.939740849051006 34.80000000000001
      vertex -21.600813061875577 -10.461621679246688 0
      vertex -23.85018690405581 -10.939740849051006 0
    endloop
  endfacet
  facet normal 0 1 0
    outer loop
      vertex -26.14981309594419 -10.939740849051006 34.80000000000001
      vertex -23.85018690405581 -10.939740849051006 34.80000000000001
      vertex -23.85018690405581 -10.939740849051006 0
    endloop
  endfacet
  facet normal -0.40673664307580015 0.9135454576426009 0
    outer loop
      vertex -21.600813061875577 -10.461621679246688 34.80000000000001
      vertex -19.5 -9.526279441628825 0
      vertex -21.600813061875577 -10.461621679246688 0
    endloop
  endfacet
  facet normal -0.20791169081775943 0.9781476007338056 7.179062493522709e-19
    outer loop
      vertex -23.85018690405581 -10.939740849051006 34.80000000000001
      vertex -21.600813061875577 -10.461621679246688 34.80000000000001
      vertex -21.600813061875577 -10.461621679246688 0
    endloop
  endfacet
  facet normal -0.40673664307580015 0.9135454576426009 3.864558905504709e-19
    outer loop
      vertex -21.600813061875577 -10.461621679246688 34.80000000000001
      vertex -19.5 -9.526279441628825 34.80000000000001
      vertex -19.5 -9.526279441628825 0
    endloop
  endfacet
  facet normal 0.9510565162951539 0.3090169943749467 0
    outer loop
      vertex -35.04900003406861 -4.474103073833803 34.80000000000001
      vertex -35.04900003406861 -4.474103073833803 0
      vertex -35.75962360807186 -2.2870285989953527 34.80000000000001
    endloop
  endfacet
  facet normal 0.9510565162951539 0.3090169943749467 0
    outer loop
      vertex -35.75962360807186 -2.2870285989953527 34.80000000000001
      vertex -35.04900003406861 -4.474103073833803 0
      vertex -35.75962360807186 -2.2870285989953527 0
    endloop
  endfacet
  facet normal 0.8660254037844385 0.5000000000000006 0
    outer loop
      vertex -35.04900003406861 -4.474103073833803 34.80000000000001
      vertex -33.89918693812442 -6.465637775217204 0
      vertex -35.04900003406861 -4.474103073833803 0
    endloop
  endfacet
  facet normal 0.9945218953682734 0.10452846326765322 0
    outer loop
      vertex -36 0 34.80000000000001
      vertex -35.75962360807186 -2.2870285989953527 0
      vertex -36 0 0
    endloop
  endfacet
  facet normal 0.9945218953682734 0.10452846326765322 0
    outer loop
      vertex -35.75962360807186 -2.2870285989953527 34.80000000000001
      vertex -35.75962360807186 -2.2870285989953527 0
      vertex -36 0 34.80000000000001
    endloop
  endfacet
  facet normal 0.9945218953682734 -0.10452846326765322 0
    outer loop
      vertex -36 0 34.80000000000001
      vertex -36 0 0
      vertex -35.75962360807186 2.2870285989953527 34.80000000000001
    endloop
  endfacet
  facet normal 0.9945218953682734 -0.10452846326765322 0
    outer loop
      vertex -35.75962360807186 2.2870285989953527 34.80000000000001
      vertex -36 0 0
      vertex -35.75962360807186 2.2870285989953527 0
    endloop
  endfacet
  facet normal -0.5877852522924732 0.8090169943749473 0
    outer loop
      vertex -19.5 -9.526279441628825 34.80000000000001
      vertex -17.63956333005256 -8.174593080251336 0
      vertex -19.5 -9.526279441628825 0
    endloop
  endfacet
  facet normal -0.5877852522924732 0.8090169943749473 -1.4585874106826854e-18
    outer loop
      vertex -19.5 -9.526279441628825 34.80000000000001
      vertex -17.63956333005256 -8.174593080251336 34.80000000000001
      vertex -17.63956333005256 -8.174593080251336 0
    endloop
  endfacet
  facet normal -0.7431448254773938 0.6691306063588587 0
    outer loop
      vertex -17.63956333005256 -8.174593080251336 34.80000000000001
      vertex -16.100813061875577 -6.465637775217204 0
      vertex -17.63956333005256 -8.174593080251336 0
    endloop
  endfacet
  facet normal -0.7431448254773938 0.6691306063588587 1.0871593587780641e-18
    outer loop
      vertex -17.63956333005256 -8.174593080251336 34.80000000000001
      vertex -16.100813061875577 -6.465637775217204 34.80000000000001
      vertex -16.100813061875577 -6.465637775217204 0
    endloop
  endfacet
  facet normal -0.866025403784439 0.4999999999999994 0
    outer loop
      vertex -16.100813061875577 -6.465637775217204 34.80000000000001
      vertex -14.950999965931391 -4.474103073833803 0
      vertex -16.100813061875577 -6.465637775217204 0
    endloop
  endfacet
  facet normal -0.866025403784439 0.4999999999999994 2.183894526747599e-18
    outer loop
      vertex -16.100813061875577 -6.465637775217204 34.80000000000001
      vertex -14.950999965931391 -4.474103073833803 34.80000000000001
      vertex -14.950999965931391 -4.474103073833803 0
    endloop
  endfacet
  facet normal -0.9510565162951534 0.309016994374948 0
    outer loop
      vertex -14.950999965931391 -4.474103073833803 34.80000000000001
      vertex -14.240376391928137 -2.2870285989953527 0
      vertex -14.950999965931391 -4.474103073833803 0
    endloop
  endfacet
  facet normal -0.9510565162951534 0.309016994374948 -3.7549538642879766e-19
    outer loop
      vertex -14.950999965931391 -4.474103073833803 34.80000000000001
      vertex -14.240376391928137 -2.2870285989953527 34.80000000000001
      vertex -14.240376391928137 -2.2870285989953527 0
    endloop
  endfacet
  facet normal -0.9945218953682734 0.10452846326765322 0
    outer loop
      vertex -14.240376391928137 -2.2870285989953527 34.80000000000001
      vertex -14 0 0
      vertex -14.240376391928137 -2.2870285989953527 0
    endloop
  endfacet
  facet normal -0.9945218953682734 0.10452846326765322 5.602475746626834e-20
    outer loop
      vertex -14.240376391928137 -2.2870285989953527 34.80000000000001
      vertex -14 0 34.80000000000001
      vertex -14 0 0
    endloop
  endfacet
  facet normal -0.9945218953682734 -0.10452846326765322 0
    outer loop
      vertex -14 0 34.80000000000001
      vertex -14.240376391928137 2.2870285989953527 0
      vertex -14 0 0
    endloop
  endfacet
  facet normal -0.9945218953682734 -0.10452846326765322 -5.602475746626834e-20
    outer loop
      vertex -14 0 34.80000000000001
      vertex -14.240376391928137 2.2870285989953527 34.80000000000001
      vertex -14.240376391928137 2.2870285989953527 0
    endloop
  endfacet
  facet normal 0.9510565162951539 -0.3090169943749467 0
    outer loop
      vertex -35.75962360807186 2.2870285989953527 34.80000000000001
      vertex -35.75962360807186 2.2870285989953527 0
      vertex -35.04900003406861 4.474103073833803 34.80000000000001
    endloop
  endfacet
  facet normal 0.9510565162951539 -0.3090169943749467 0
    outer loop
      vertex -35.04900003406861 4.474103073833803 34.80000000000001
      vertex -35.75962360807186 2.2870285989953527 0
      vertex -35.04900003406861 4.474103073833803 0
    endloop
  endfacet
  facet normal 0.8660254037844385 -0.5000000000000006 0
    outer loop
      vertex -33.89918693812442 6.465637775217204 34.80000000000001
      vertex -35.04900003406861 4.474103073833803 0
      vertex -33.89918693812442 6.465637775217204 0
    endloop
  endfacet
  facet normal 0.8660254037844385 -0.5000000000000006 0
    outer loop
      vertex -35.04900003406861 4.474103073833803 34.80000000000001
      vertex -35.04900003406861 4.474103073833803 0
      vertex -33.89918693812442 6.465637775217204 34.80000000000001
    endloop
  endfacet
  facet normal 0.7431448254773938 -0.6691306063588587 0
    outer loop
      vertex -32.36043666994744 8.174593080251336 34.80000000000001
      vertex -33.89918693812442 6.465637775217204 0
      vertex -32.36043666994744 8.174593080251336 0
    endloop
  endfacet
  facet normal 0.7431448254773938 -0.6691306063588587 0
    outer loop
      vertex -33.89918693812442 6.465637775217204 34.80000000000001
      vertex -33.89918693812442 6.465637775217204 0
      vertex -32.36043666994744 8.174593080251336 34.80000000000001
    endloop
  endfacet
  facet normal 0.5877852522924732 -0.8090169943749473 0
    outer loop
      vertex -32.36043666994744 8.174593080251336 34.80000000000001
      vertex -32.36043666994744 8.174593080251336 0
      vertex -30.5 9.526279441628825 34.80000000000001
    endloop
  endfacet
  facet normal 0.5877852522924732 -0.8090169943749473 0
    outer loop
      vertex -30.5 9.526279441628825 34.80000000000001
      vertex -32.36043666994744 8.174593080251336 0
      vertex -30.5 9.526279441628825 0
    endloop
  endfacet
  facet normal 0.40673664307580015 -0.9135454576426009 0
    outer loop
      vertex -30.5 9.526279441628825 34.80000000000001
      vertex -30.5 9.526279441628825 0
      vertex -28.399186938124423 10.461621679246688 34.80000000000001
    endloop
  endfacet
  facet normal -0.40673664307580015 -0.9135454576426009 0
    outer loop
      vertex -19.5 9.526279441628825 34.80000000000001
      vertex -21.600813061875577 10.461621679246688 0
      vertex -19.5 9.526279441628825 0
    endloop
  endfacet
  facet normal 0.40673664307580015 -0.9135454576426009 0
    outer loop
      vertex -28.399186938124423 10.461621679246688 34.80000000000001
      vertex -30.5 9.526279441628825 0
      vertex -28.399186938124423 10.461621679246688 0
    endloop
  endfacet
  facet normal 0.20791169081775943 -0.9781476007338056 0
    outer loop
      vertex -28.399186938124423 10.461621679246688 34.80000000000001
      vertex -28.399186938124423 10.461621679246688 0
      vertex -26.14981309594419 10.939740849051006 34.80000000000001
    endloop
  endfacet
  facet normal 0.20791169081775943 -0.9781476007338056 0
    outer loop
      vertex -26.14981309594419 10.939740849051006 34.80000000000001
      vertex -28.399186938124423 10.461621679246688 0
      vertex -26.14981309594419 10.939740849051006 0
    endloop
  endfacet
  facet normal 0 -1 0
    outer loop
      vertex -26.14981309594419 10.939740849051006 34.80000000000001
      vertex -26.14981309594419 10.939740849051006 0
      vertex -23.85018690405581 10.939740849051006 34.80000000000001
    endloop
  endfacet
  facet normal -0.20791169081775943 -0.9781476007338056 0
    outer loop
      vertex -23.85018690405581 10.939740849051006 34.80000000000001
      vertex -23.85018690405581 10.939740849051006 0
      vertex -21.600813061875577 10.461621679246688 34.80000000000001
    endloop
  endfacet
  facet normal 0 -1 0
    outer loop
      vertex -23.85018690405581 10.939740849051006 34.80000000000001
      vertex -26.14981309594419 10.939740849051006 0
      vertex -23.85018690405581 10.939740849051006 0
    endloop
  endfacet
  facet normal -0.20791169081775943 -0.9781476007338056 0
    outer loop
      vertex -21.600813061875577 10.461621679246688 34.80000000000001
      vertex -23.85018690405581 10.939740849051006 0
      vertex -21.600813061875577 10.461621679246688 0
    endloop
  endfacet
  facet normal -0.40673664307580015 -0.9135454576426009 0
    outer loop
      vertex -21.600813061875577 10.461621679246688 34.80000000000001
      vertex -21.600813061875577 10.461621679246688 0
      vertex -19.5 9.526279441628825 34.80000000000001
    endloop
  endfacet
  facet normal -0.866025403784439 -0.4999999999999994 0
    outer loop
      vertex -14.950999965931391 4.474103073833803 34.80000000000001
      vertex -16.100813061875577 6.465637775217204 0
      vertex -14.950999965931391 4.474103073833803 0
    endloop
  endfacet
  facet normal -0.866025403784439 -0.4999999999999994 -2.183894526747599e-18
    outer loop
      vertex -14.950999965931391 4.474103073833803 34.80000000000001
      vertex -16.100813061875577 6.465637775217204 34.80000000000001
      vertex -16.100813061875577 6.465637775217204 0
    endloop
  endfacet
  facet normal -0.9510565162951534 -0.309016994374948 0
    outer loop
      vertex -14.240376391928137 2.2870285989953527 34.80000000000001
      vertex -14.950999965931391 4.474103073833803 0
      vertex -14.240376391928137 2.2870285989953527 0
    endloop
  endfacet
  facet normal -0.9510565162951534 -0.309016994374948 0
    outer loop
      vertex -14.950999965931391 4.474103073833803 34.80000000000001
      vertex -14.950999965931391 4.474103073833803 0
      vertex -14.240376391928137 2.2870285989953527 34.80000000000001
    endloop
  endfacet
  facet normal -0.7431448254773938 -0.6691306063588587 0
    outer loop
      vertex -16.100813061875577 6.465637775217204 34.80000000000001
      vertex -17.63956333005256 8.174593080251336 0
      vertex -16.100813061875577 6.465637775217204 0
    endloop
  endfacet
  facet normal -0.7431448254773938 -0.6691306063588587 0
    outer loop
      vertex -17.63956333005256 8.174593080251336 34.80000000000001
      vertex -17.63956333005256 8.174593080251336 0
      vertex -16.100813061875577 6.465637775217204 34.80000000000001
    endloop
  endfacet
  facet normal -0.5877852522924732 -0.8090169943749473 0
    outer loop
      vertex -17.63956333005256 8.174593080251336 34.80000000000001
      vertex -19.5 9.526279441628825 0
      vertex -17.63956333005256 8.174593080251336 0
    endloop
  endfacet
  facet normal -0.5877852522924732 -0.8090169943749473 0
    outer loop
      vertex -19.5 9.526279441628825 34.80000000000001
      vertex -19.5 9.526279441628825 0
      vertex -17.63956333005256 8.174593080251336 34.80000000000001
    endloop
  endfacet
  facet normal 0 1 0
    outer loop
      vertex -0.993020401042708 -9.447958005998597 30
      vertex 0.993020401042708 -9.447958005998597 0
      vertex -0.993020401042708 -9.447958005998597 0
    endloop
  endfacet
  facet normal 0.20791169081776004 0.9781476007338055 2.6715997153215574e-19
    outer loop
      vertex -2.9356614465620003 -9.035036904803958 30
      vertex -0.993020401042708 -9.447958005998597 30
      vertex -0.993020401042708 -9.447958005998597 0
    endloop
  endfacet
  facet normal 0.5877852522924731 0.8090169943749475 0
    outer loop
      vertex -6.356740760409153 -7.059875842035245 30
      vertex -4.75 -8.227241335952167 0
      vertex -6.356740760409153 -7.059875842035245 0
    endloop
  endfacet
  facet normal 0.5877852522924731 0.8090169943749475 9.632108903247158e-19
    outer loop
      vertex -6.356740760409153 -7.059875842035245 30
      vertex -4.75 -8.227241335952167 30
      vertex -4.75 -8.227241335952167 0
    endloop
  endfacet
  facet normal 0.7431448254773939 0.6691306063588587 0
    outer loop
      vertex -6.356740760409153 -7.059875842035245 30
      vertex -6.356740760409153 -7.059875842035245 0
      vertex -7.685661446562001 -5.583959896778495 30
    endloop
  endfacet
  facet normal 0.7431448254773939 0.6691306063588587 0
    outer loop
      vertex -7.685661446562001 -5.583959896778495 30
      vertex -6.356740760409153 -7.059875842035245 0
      vertex -7.685661446562001 -5.583959896778495 0
    endloop
  endfacet
  facet normal 0.4067366430757998 0.9135454576426011 0
    outer loop
      vertex -4.75 -8.227241335952167 30
      vertex -2.9356614465620003 -9.035036904803958 0
      vertex -4.75 -8.227241335952167 0
    endloop
  endfacet
  facet normal 0.4067366430757998 0.9135454576426011 -2.0954580645492417e-19
    outer loop
      vertex -4.75 -8.227241335952167 30
      vertex -2.9356614465620003 -9.035036904803958 30
      vertex -2.9356614465620003 -9.035036904803958 0
    endloop
  endfacet
  facet normal 0.20791169081776004 0.9781476007338055 0
    outer loop
      vertex -2.9356614465620003 -9.035036904803958 30
      vertex -0.993020401042708 -9.447958005998597 0
      vertex -2.9356614465620003 -9.035036904803958 0
    endloop
  endfacet
  facet normal 0.8660254037844392 0.4999999999999992 0
    outer loop
      vertex -8.678681847604707 -3.863998109220102 30
      vertex -7.685661446562001 -5.583959896778495 0
      vertex -8.678681847604707 -3.863998109220102 0
    endloop
  endfacet
  facet normal 0.8660254037844392 0.4999999999999992 0
    outer loop
      vertex -7.685661446562001 -5.583959896778495 30
      vertex -7.685661446562001 -5.583959896778495 0
      vertex -8.678681847604707 -3.863998109220102 30
    endloop
  endfacet
  facet normal 0.9510565162951533 0.3090169943749482 0
    outer loop
      vertex -9.292402206971154 -1.9751610627687137 30
      vertex -8.678681847604707 -3.863998109220102 0
      vertex -9.292402206971154 -1.9751610627687137 0
    endloop
  endfacet
  facet normal 0.9510565162951533 0.3090169943749482 0
    outer loop
      vertex -8.678681847604707 -3.863998109220102 30
      vertex -8.678681847604707 -3.863998109220102 0
      vertex -9.292402206971154 -1.9751610627687137 30
    endloop
  endfacet
  facet normal 0.9945218953682734 0.10452846326765323 0
    outer loop
      vertex -9.5 0 30
      vertex -9.292402206971154 -1.9751610627687137 0
      vertex -9.5 0 0
    endloop
  endfacet
  facet normal 0.9945218953682734 0.10452846326765323 0
    outer loop
      vertex -9.292402206971154 -1.9751610627687137 30
      vertex -9.292402206971154 -1.9751610627687137 0
      vertex -9.5 0 30
    endloop
  endfacet
  facet normal 0.9945218953682734 -0.10452846326765323 0
    outer loop
      vertex -9.5 0 30
      vertex -9.5 0 0
      vertex -9.292402206971154 1.9751610627687137 30
    endloop
  endfacet
  facet normal 0.9945218953682734 -0.10452846326765323 0
    outer loop
      vertex -9.292402206971154 1.9751610627687137 30
      vertex -9.5 0 0
      vertex -9.292402206971154 1.9751610627687137 0
    endloop
  endfacet
  facet normal 0.9510565162951533 -0.3090169943749482 0
    outer loop
      vertex -9.292402206971154 1.9751610627687137 30
      vertex -9.292402206971154 1.9751610627687137 0
      vertex -8.678681847604707 3.863998109220102 30
    endloop
  endfacet
  facet normal 0.9510565162951533 -0.3090169943749482 0
    outer loop
      vertex -8.678681847604707 3.863998109220102 30
      vertex -9.292402206971154 1.9751610627687137 0
      vertex -8.678681847604707 3.863998109220102 0
    endloop
  endfacet
  facet normal 0.8660254037844392 -0.4999999999999992 0
    outer loop
      vertex -7.685661446562001 5.583959896778495 30
      vertex -8.678681847604707 3.863998109220102 0
      vertex -7.685661446562001 5.583959896778495 0
    endloop
  endfacet
  facet normal 0.8660254037844392 -0.4999999999999992 0
    outer loop
      vertex -8.678681847604707 3.863998109220102 30
      vertex -8.678681847604707 3.863998109220102 0
      vertex -7.685661446562001 5.583959896778495 30
    endloop
  endfacet
  facet normal 0.7431448254773939 -0.6691306063588587 0
    outer loop
      vertex -6.356740760409153 7.059875842035245 30
      vertex -7.685661446562001 5.583959896778495 0
      vertex -6.356740760409153 7.059875842035245 0
    endloop
  endfacet
  facet normal 0.7431448254773939 -0.6691306063588587 0
    outer loop
      vertex -7.685661446562001 5.583959896778495 30
      vertex -7.685661446562001 5.583959896778495 0
      vertex -6.356740760409153 7.059875842035245 30
    endloop
  endfacet
  facet normal 0.5877852522924731 -0.8090169943749475 0
    outer loop
      vertex -4.75 8.227241335952167 30
      vertex -6.356740760409153 7.059875842035245 0
      vertex -4.75 8.227241335952167 0
    endloop
  endfacet
  facet normal 0.5877852522924731 -0.8090169943749475 0
    outer loop
      vertex -6.356740760409153 7.059875842035245 30
      vertex -6.356740760409153 7.059875842035245 0
      vertex -4.75 8.227241335952167 30
    endloop
  endfacet
  facet normal 0.4067366430757998 -0.9135454576426011 0
    outer loop
      vertex -2.9356614465620003 9.035036904803958 30
      vertex -4.75 8.227241335952167 0
      vertex -2.9356614465620003 9.035036904803958 0
    endloop
  endfacet
  facet normal 0.4067366430757998 -0.9135454576426011 0
    outer loop
      vertex -4.75 8.227241335952167 30
      vertex -4.75 8.227241335952167 0
      vertex -2.9356614465620003 9.035036904803958 30
    endloop
  endfacet
  facet normal 0.20791169081776004 -0.9781476007338055 0
    outer loop
      vertex -0.993020401042708 9.447958005998597 30
      vertex -2.9356614465620003 9.035036904803958 0
      vertex -0.993020401042708 9.447958005998597 0
    endloop
  endfacet
  facet normal 0.20791169081776004 -0.9781476007338055 0
    outer loop
      vertex -2.9356614465620003 9.035036904803958 30
      vertex -2.9356614465620003 9.035036904803958 0
      vertex -0.993020401042708 9.447958005998597 30
    endloop
  endfacet
  facet normal 0 -1 0
    outer loop
      vertex -0.993020401042708 9.447958005998597 30
      vertex -0.993020401042708 9.447958005998597 0
      vertex 0.993020401042708 9.447958005998597 30
    endloop
  endfacet
  facet normal -0.20791169081776004 0.9781476007338055 0
    outer loop
      vertex 0.993020401042708 -9.447958005998597 30
      vertex 2.9356614465620003 -9.035036904803958 0
      vertex 0.993020401042708 -9.447958005998597 0
    endloop
  endfacet
  facet normal 0 1 0
    outer loop
      vertex -0.993020401042708 -9.447958005998597 30
      vertex 0.993020401042708 -9.447958005998597 30
      vertex 0.993020401042708 -9.447958005998597 0
    endloop
  endfacet
  facet normal -0.20791169081776004 0.9781476007338055 -2.6715997153215574e-19
    outer loop
      vertex 0.993020401042708 -9.447958005998597 30
      vertex 2.9356614465620003 -9.035036904803958 30
      vertex 2.9356614465620003 -9.035036904803958 0
    endloop
  endfacet
  facet normal -0.4067366430757998 0.9135454576426011 0
    outer loop
      vertex 2.9356614465620003 -9.035036904803958 30
      vertex 4.75 -8.227241335952167 0
      vertex 2.9356614465620003 -9.035036904803958 0
    endloop
  endfacet
  facet normal -0.4067366430757998 0.9135454576426011 2.0954580645492417e-19
    outer loop
      vertex 2.9356614465620003 -9.035036904803958 30
      vertex 4.75 -8.227241335952167 30
      vertex 4.75 -8.227241335952167 0
    endloop
  endfacet
  facet normal -0.5877852522924731 0.8090169943749475 0
    outer loop
      vertex 4.75 -8.227241335952167 30
      vertex 6.356740760409153 -7.059875842035245 0
      vertex 4.75 -8.227241335952167 0
    endloop
  endfacet
  facet normal -0.5877852522924731 0.8090169943749475 -9.632108903247158e-19
    outer loop
      vertex 4.75 -8.227241335952167 30
      vertex 6.356740760409153 -7.059875842035245 30
      vertex 6.356740760409153 -7.059875842035245 0
    endloop
  endfacet
  facet normal -0.7431448254773939 0.6691306063588587 0
    outer loop
      vertex 6.356740760409153 -7.059875842035245 30
      vertex 7.685661446562001 -5.583959896778495 0
      vertex 6.356740760409153 -7.059875842035245 0
    endloop
  endfacet
  facet normal -0.7431448254773939 0.6691306063588587 1.4225050464598804e-18
    outer loop
      vertex 6.356740760409153 -7.059875842035245 30
      vertex 7.685661446562001 -5.583959896778495 30
      vertex 7.685661446562001 -5.583959896778495 0
    endloop
  endfacet
  facet normal -0.8660254037844392 0.4999999999999992 0
    outer loop
      vertex 7.685661446562001 -5.583959896778495 30
      vertex 8.678681847604707 -3.863998109220102 0
      vertex 7.685661446562001 -5.583959896778495 0
    endloop
  endfacet
  facet normal -0.8660254037844392 0.4999999999999992 -8.418303755734847e-19
    outer loop
      vertex 7.685661446562001 -5.583959896778495 30
      vertex 8.678681847604707 -3.863998109220102 30
      vertex 8.678681847604707 -3.863998109220102 0
    endloop
  endfacet
  facet normal -0.9510565162951533 0.3090169943749482 0
    outer loop
      vertex 8.678681847604707 -3.863998109220102 30
      vertex 9.292402206971154 -1.9751610627687137 0
      vertex 8.678681847604707 -3.863998109220102 0
    endloop
  endfacet
  facet normal -0.9510565162951533 0.3090169943749482 -6.625544729868389e-19
    outer loop
      vertex 8.678681847604707 -3.863998109220102 30
      vertex 9.292402206971154 -1.9751610627687137 30
      vertex 9.292402206971154 -1.9751610627687137 0
    endloop
  endfacet
  facet normal -0.9945218953682734 0.10452846326765323 0
    outer loop
      vertex 9.292402206971154 -1.9751610627687137 30
      vertex 9.5 0 0
      vertex 9.292402206971154 -1.9751610627687137 0
    endloop
  endfacet
  facet normal -0.9945218953682734 0.10452846326765323 2.6361115002184198e-20
    outer loop
      vertex 9.292402206971154 -1.9751610627687137 30
      vertex 9.5 0 30
      vertex 9.5 0 0
    endloop
  endfacet
  facet normal -0.9945218953682734 -0.10452846326765323 0
    outer loop
      vertex 9.5 0 30
      vertex 9.292402206971154 1.9751610627687137 0
      vertex 9.5 0 0
    endloop
  endfacet
  facet normal -0.9945218953682734 -0.10452846326765323 -2.6361115002184198e-20
    outer loop
      vertex 9.5 0 30
      vertex 9.292402206971154 1.9751610627687137 30
      vertex 9.292402206971154 1.9751610627687137 0
    endloop
  endfacet
  facet normal -0.9510565162951533 -0.3090169943749482 0
    outer loop
      vertex 9.292402206971154 1.9751610627687137 30
      vertex 8.678681847604707 3.863998109220102 0
      vertex 9.292402206971154 1.9751610627687137 0
    endloop
  endfacet
  facet normal -0.9510565162951533 -0.3090169943749482 0
    outer loop
      vertex 8.678681847604707 3.863998109220102 30
      vertex 8.678681847604707 3.863998109220102 0
      vertex 9.292402206971154 1.9751610627687137 30
    endloop
  endfacet
  facet normal -0.8660254037844392 -0.4999999999999992 0
    outer loop
      vertex 8.678681847604707 3.863998109220102 30
      vertex 7.685661446562001 5.583959896778495 0
      vertex 8.678681847604707 3.863998109220102 0
    endloop
  endfacet
  facet normal -0.8660254037844392 -0.4999999999999992 8.418303755734847e-19
    outer loop
      vertex 8.678681847604707 3.863998109220102 30
      vertex 7.685661446562001 5.583959896778495 30
      vertex 7.685661446562001 5.583959896778495 0
    endloop
  endfacet
  facet normal 0 -1 0
    outer loop
      vertex 0.993020401042708 9.447958005998597 30
      vertex -0.993020401042708 9.447958005998597 0
      vertex 0.993020401042708 9.447958005998597 0
    endloop
  endfacet
  facet normal -0.20791169081776004 -0.9781476007338055 0
    outer loop
      vertex 2.9356614465620003 9.035036904803958 30
      vertex 0.993020401042708 9.447958005998597 0
      vertex 2.9356614465620003 9.035036904803958 0
    endloop
  endfacet
  facet normal -0.20791169081776004 -0.9781476007338055 0
    outer loop
      vertex 0.993020401042708 9.447958005998597 30
      vertex 0.993020401042708 9.447958005998597 0
      vertex 2.9356614465620003 9.035036904803958 30
    endloop
  endfacet
  facet normal -0.4067366430757998 -0.9135454576426011 0
    outer loop
      vertex 4.75 8.227241335952167 30
      vertex 2.9356614465620003 9.035036904803958 0
      vertex 4.75 8.227241335952167 0
    endloop
  endfacet
  facet normal -0.4067366430757998 -0.9135454576426011 -2.0954580645492417e-19
    outer loop
      vertex 4.75 8.227241335952167 30
      vertex 2.9356614465620003 9.035036904803958 30
      vertex 2.9356614465620003 9.035036904803958 0
    endloop
  endfacet
  facet normal -0.7431448254773939 -0.6691306063588587 0
    outer loop
      vertex 7.685661446562001 5.583959896778495 30
      vertex 6.356740760409153 7.059875842035245 0
      vertex 7.685661446562001 5.583959896778495 0
    endloop
  endfacet
  facet normal -0.7431448254773939 -0.6691306063588587 0
    outer loop
      vertex 6.356740760409153 7.059875842035245 30
      vertex 6.356740760409153 7.059875842035245 0
      vertex 7.685661446562001 5.583959896778495 30
    endloop
  endfacet
  facet normal -0.5877852522924731 -0.8090169943749475 0
    outer loop
      vertex 6.356740760409153 7.059875842035245 30
      vertex 4.75 8.227241335952167 0
      vertex 6.356740760409153 7.059875842035245 0
    endloop
  endfacet
  facet normal -0.5877852522924731 -0.8090169943749475 0
    outer loop
      vertex 4.75 8.227241335952167 30
      vertex 4.75 8.227241335952167 0
      vertex 6.356740760409153 7.059875842035245 30
    endloop
  endfacet
  facet normal 0.7431448254773945 0.669130606358858 -1.3060606484995082e-19
    outer loop
      vertex 18.528581365110753 -4.703078683031459 154.91000000000003
      vertex 19.646955149129134 -5.945158603819154 154.91000000000003
      vertex 19.646955149129134 -5.945158603819154 0
    endloop
  endfacet
  facet normal 0.7431448254773945 0.669130606358858 -4.628137669614628e-15
    outer loop
      vertex 18.528581365110753 -4.703078683031459 154.91000000000003
      vertex 19.64647841269558 -5.944629134369772 155.01000000000002
      vertex 19.646955149129134 -5.945158603819154 154.91000000000003
    endloop
  endfacet
  facet normal 0.7431448254773942 0.6691306063588582 0
    outer loop
      vertex 18.52786404500042 -4.702282018339785 154.91000000000003
      vertex 19.646955149129134 -5.945158603819154 0
      vertex 18.52786404500042 -4.702282018339785 0
    endloop
  endfacet
  facet normal 0.8660254037844389 0.49999999999999933 0
    outer loop
      vertex 17.691636338859194 -3.2538931446064017 154.91000000000003
      vertex 18.52786404500042 -4.702282018339785 0
      vertex 17.691636338859194 -3.2538931446064017 0
    endloop
  endfacet
  facet normal 0.9510565162951532 0.30901699437494823 0
    outer loop
      vertex 17.174819194129554 -1.6632935265420747 154.91000000000003
      vertex 17.691636338859194 -3.2538931446064017 0
      vertex 17.174819194129554 -1.6632935265420747 0
    endloop
  endfacet
  facet normal 0.7431448254770907 0.6691306063591952 -4.8968395845941454e-15
    outer loop
      vertex 18.528581365110753 -4.703078683031459 154.91000000000003
      vertex 19.646955149129134 -5.945158603819154 0
      vertex 18.52786404500042 -4.702282018339785 154.91000000000003
    endloop
  endfacet
  facet normal 0.8660254037844389 0.49999999999999933 0
    outer loop
      vertex 18.52786404500042 -4.702282018339785 154.91000000000003
      vertex 18.52786404500042 -4.702282018339785 0
      vertex 17.691636338859194 -3.2538931446064017 154.91000000000003
    endloop
  endfacet
  facet normal 0.9510565162951532 0.30901699437494823 0
    outer loop
      vertex 17.691636338859194 -3.2538931446064017 154.91000000000003
      vertex 17.691636338859194 -3.2538931446064017 0
      vertex 17.174819194129554 -1.6632935265420747 154.91000000000003
    endloop
  endfacet
  facet normal 0.9945218953682733 0.10452846326765322 0
    outer loop
      vertex 17 0 154.91000000000003
      vertex 17.174819194129554 -1.6632935265420747 0
      vertex 17 0 0
    endloop
  endfacet
  facet normal 0.9945218953682733 -0.10452846326765322 0
    outer loop
      vertex 17.174819194129554 1.6632935265420747 154.91000000000003
      vertex 17 0 0
      vertex 17.174819194129554 1.6632935265420747 0
    endloop
  endfacet
  facet normal 0.9945218953682733 0.10452846326765322 0
    outer loop
      vertex 17.174819194129554 -1.6632935265420747 154.91000000000003
      vertex 17.174819194129554 -1.6632935265420747 0
      vertex 17 0 154.91000000000003
    endloop
  endfacet
  facet normal 0.9945218953682733 -0.10452846326765322 0
    outer loop
      vertex 17 0 154.91000000000003
      vertex 17 0 0
      vertex 17.174819194129554 1.6632935265420747 154.91000000000003
    endloop
  endfacet
  facet normal 0.9510565162951532 -0.30901699437494823 0
    outer loop
      vertex 17.174819194129554 1.6632935265420747 154.91000000000003
      vertex 17.174819194129554 1.6632935265420747 0
      vertex 17.691636338859194 3.2538931446064017 154.91000000000003
    endloop
  endfacet
  facet normal 0.743144825477394 0.6691306063588585 4.859029488111117e-15
    outer loop
      vertex 18.528581365110753 -4.703078683031459 154.91000000000003
      vertex 18.52786404500042 -4.702282018339785 155.01000000000002
      vertex 19.64647841269558 -5.944629134369772 155.01000000000002
    endloop
  endfacet
  facet normal 0.20791169081775912 0.9781476007338058 0
    outer loop
      vertex 22.52786404500042 -7.608452130361228 154.91000000000003
      vertex 24.163772293858774 -7.956175162946186 0
      vertex 22.52786404500042 -7.608452130361228 0
    endloop
  endfacet
  facet normal 0 1 0
    outer loop
      vertex 24.163772293858774 -7.956175162946186 154.91000000000003
      vertex 25.836227706141226 -7.956175162946186 0
      vertex 24.163772293858774 -7.956175162946186 0
    endloop
  endfacet
  facet normal 0.40673664307580026 0.9135454576426009 0
    outer loop
      vertex 21 -6.928203230275509 154.91000000000003
      vertex 22.52786404500042 -7.608452130361228 0
      vertex 21 -6.928203230275509 0
    endloop
  endfacet
  facet normal 0.5877852522924729 0.8090169943749477 0
    outer loop
      vertex 19.646955149129134 -5.945158603819154 154.91000000000003
      vertex 21 -6.928203230275509 0
      vertex 19.646955149129134 -5.945158603819154 0
    endloop
  endfacet
  facet normal -0.20791169081775912 0.9781476007338058 0
    outer loop
      vertex 25.836227706141226 -7.956175162946186 154.91000000000003
      vertex 27.47213595499958 -7.608452130361228 0
      vertex 25.836227706141226 -7.956175162946186 0
    endloop
  endfacet
  facet normal -0.40673664307580026 0.9135454576426009 0
    outer loop
      vertex 27.47213595499958 -7.608452130361228 154.91000000000003
      vertex 29 -6.928203230275509 0
      vertex 27.47213595499958 -7.608452130361228 0
    endloop
  endfacet
  facet normal -0.5877852522924729 0.8090169943749477 0
    outer loop
      vertex 29 -6.928203230275509 154.91000000000003
      vertex 30.353044850870866 -5.945158603819154 0
      vertex 29 -6.928203230275509 0
    endloop
  endfacet
  facet normal 0.40673664307580026 0.9135454576426009 -1.1293095488458372e-19
    outer loop
      vertex 21 -6.928203230275509 154.91000000000003
      vertex 22.52786404500042 -7.608452130361228 154.91000000000003
      vertex 22.52786404500042 -7.608452130361228 0
    endloop
  endfacet
  facet normal 0.20791169081775912 0.9781476007338058 0
    outer loop
      vertex 24.163772293858774 -7.956175162946186 154.91000000000003
      vertex 24.163772293858774 -7.956175162946186 0
      vertex 22.52786404500042 -7.608452130361228 154.91000000000003
    endloop
  endfacet
  facet normal 0.5877852522924729 0.8090169943749477 2.258373993986035e-19
    outer loop
      vertex 19.646955149129134 -5.945158603819154 154.91000000000003
      vertex 21 -6.928203230275509 154.91000000000003
      vertex 21 -6.928203230275509 0
    endloop
  endfacet
  facet normal 0 1 0
    outer loop
      vertex 24.163772293858774 -7.956175162946186 154.91000000000003
      vertex 25.836227706141226 -7.956175162946186 154.91000000000003
      vertex 25.836227706141226 -7.956175162946186 0
    endloop
  endfacet
  facet normal -0.20791169081775956 0.9781476007338056 -4.709613823822616e-18
    outer loop
      vertex 25.836227706141226 -7.956175162946186 154.91000000000003
      vertex 27.471087363083125 -7.608675015453584 154.91000000000003
      vertex 27.47213595499958 -7.608452130361228 0
    endloop
  endfacet
  facet normal -0.20791169081709665 0.9781476007339464 -1.5992850118266385e-23
    outer loop
      vertex 27.471087363083125 -7.608675015453584 154.91000000000003
      vertex 27.47213595499958 -7.608452130361228 154.91000000000003
      vertex 27.47213595499958 -7.608452130361228 0
    endloop
  endfacet
  facet normal -0.40673664307580026 0.9135454576426009 1.1293095488458372e-19
    outer loop
      vertex 27.47213595499958 -7.608452130361228 154.91000000000003
      vertex 29 -6.928203230275509 154.91000000000003
      vertex 29 -6.928203230275509 0
    endloop
  endfacet
  facet normal -0.5877852522924729 0.8090169943749477 -2.258373993986035e-19
    outer loop
      vertex 29 -6.928203230275509 154.91000000000003
      vertex 30.353044850870866 -5.945158603819154 154.91000000000003
      vertex 30.353044850870866 -5.945158603819154 0
    endloop
  endfacet
  facet normal -0.7431448254773942 0.6691306063588582 0
    outer loop
      vertex 30.353044850870866 -5.945158603819154 154.91000000000003
      vertex 31.47213595499958 -4.702282018339785 0
      vertex 30.353044850870866 -5.945158603819154 0
    endloop
  endfacet
  facet normal -0.20791169081775956 0.9781476007338056 0
    outer loop
      vertex 25.836227706141226 -7.956175162946186 154.91000000000003
      vertex 25.836227706141226 -7.956175162946186 155.01000000000002
      vertex 27.471087363083125 -7.608675015453584 154.91000000000003
    endloop
  endfacet
  facet normal -0.2079116908177591 0.9781476007338057 7.271276549051637e-15
    outer loop
      vertex 25.836227706141226 -7.956175162946186 155.01000000000002
      vertex 27.47213595499958 -7.608452130361228 155.01000000000002
      vertex 27.471087363083125 -7.608675015453584 154.91000000000003
    endloop
  endfacet
  facet normal -0.866025403784438 0.500000000000001 0
    outer loop
      vertex 31.47213595499958 -4.702282018339785 154.91000000000003
      vertex 32.30836366114081 -3.2538931446064017 0
      vertex 31.47213595499958 -4.702282018339785 0
    endloop
  endfacet
  facet normal -0.9510565162951541 0.30901699437494634 0
    outer loop
      vertex 32.30836366114081 -3.2538931446064017 154.91000000000003
      vertex 32.825180805870446 -1.6632935265420747 0
      vertex 32.30836366114081 -3.2538931446064017 0
    endloop
  endfacet
  facet normal -0.7431448254773942 0.6691306063588582 7.119582026219509e-20
    outer loop
      vertex 30.353044850870866 -5.945158603819154 154.91000000000003
      vertex 31.47213595499958 -4.702282018339785 154.91000000000003
      vertex 31.47213595499958 -4.702282018339785 0
    endloop
  endfacet
  facet normal -0.866025403784438 0.500000000000001 -3.8287788920567633e-19
    outer loop
      vertex 31.47213595499958 -4.702282018339785 154.91000000000003
      vertex 32.30836366114081 -3.2538931446064017 154.91000000000003
      vertex 32.30836366114081 -3.2538931446064017 0
    endloop
  endfacet
  facet normal -0.9510565162951541 0.30901699437494634 -5.924598269466864e-21
    outer loop
      vertex 32.30836366114081 -3.2538931446064017 154.91000000000003
      vertex 32.825180805870446 -1.6632935265420747 154.91000000000003
      vertex 32.825180805870446 -1.6632935265420747 0
    endloop
  endfacet
  facet normal -0.9945218953682733 0.10452846326765322 0
    outer loop
      vertex 32.825180805870446 -1.6632935265420747 154.91000000000003
      vertex 33 0 0
      vertex 32.825180805870446 -1.6632935265420747 0
    endloop
  endfacet
  facet normal -0.9945218953682733 -0.10452846326765322 0
    outer loop
      vertex 33 0 154.91000000000003
      vertex 32.825180805870446 1.6632935265420747 0
      vertex 33 0 0
    endloop
  endfacet
  facet normal -0.9510565162951541 -0.30901699437494634 0
    outer loop
      vertex 32.825180805870446 1.6632935265420747 154.91000000000003
      vertex 32.30836366114081 3.2538931446064017 0
      vertex 32.825180805870446 1.6632935265420747 0
    endloop
  endfacet
  facet normal -0.9945218953682733 0.10452846326765322 -1.6728052516193568e-20
    outer loop
      vertex 32.825180805870446 -1.6632935265420747 154.91000000000003
      vertex 33 0 154.91000000000003
      vertex 33 0 0
    endloop
  endfacet
  facet normal -0.9945218953682733 -0.10452846326765322 1.6728052516193568e-20
    outer loop
      vertex 33 0 154.91000000000003
      vertex 32.825180805870446 1.6632935265420747 154.91000000000003
      vertex 32.825180805870446 1.6632935265420747 0
    endloop
  endfacet
  facet normal 0.9510565162951532 -0.30901699437494823 0
    outer loop
      vertex 17.691636338859194 3.2538931446064017 154.91000000000003
      vertex 17.174819194129554 1.6632935265420747 0
      vertex 17.691636338859194 3.2538931446064017 0
    endloop
  endfacet
  facet normal 0.8660254037844389 -0.49999999999999933 0
    outer loop
      vertex 18.52786404500042 4.702282018339785 154.91000000000003
      vertex 17.691636338859194 3.2538931446064017 0
      vertex 18.52786404500042 4.702282018339785 0
    endloop
  endfacet
  facet normal 0.7431448254773942 -0.6691306063588582 0
    outer loop
      vertex 19.646955149129134 5.945158603819154 154.91000000000003
      vertex 18.52786404500042 4.702282018339785 0
      vertex 19.646955149129134 5.945158603819154 0
    endloop
  endfacet
  facet normal 0.8660254037844389 -0.49999999999999933 0
    outer loop
      vertex 17.691636338859194 3.2538931446064017 154.91000000000003
      vertex 17.691636338859194 3.2538931446064017 0
      vertex 18.52786404500042 4.702282018339785 154.91000000000003
    endloop
  endfacet
  facet normal 0.7431448254773942 -0.6691306063588582 0
    outer loop
      vertex 18.52786404500042 4.702282018339785 154.91000000000003
      vertex 18.52786404500042 4.702282018339785 0
      vertex 19.646955149129134 5.945158603819154 154.91000000000003
    endloop
  endfacet
  facet normal 0.5877852522924729 -0.8090169943749477 0
    outer loop
      vertex 21 6.928203230275509 154.91000000000003
      vertex 19.646955149129134 5.945158603819154 0
      vertex 21 6.928203230275509 0
    endloop
  endfacet
  facet normal 0.40673664307580026 -0.9135454576426009 0
    outer loop
      vertex 22.52786404500042 7.608452130361228 154.91000000000003
      vertex 21 6.928203230275509 0
      vertex 22.52786404500042 7.608452130361228 0
    endloop
  endfacet
  facet normal 0.20791169081775912 -0.9781476007338058 0
    outer loop
      vertex 24.163772293858774 7.956175162946186 154.91000000000003
      vertex 22.52786404500042 7.608452130361228 0
      vertex 24.163772293858774 7.956175162946186 0
    endloop
  endfacet
  facet normal 0 -1 0
    outer loop
      vertex 25.836227706141226 7.956175162946186 154.91000000000003
      vertex 24.163772293858774 7.956175162946186 0
      vertex 25.836227706141226 7.956175162946186 0
    endloop
  endfacet
  facet normal -0.20791169081775912 -0.9781476007338058 0
    outer loop
      vertex 27.47213595499958 7.608452130361228 154.91000000000003
      vertex 25.836227706141226 7.956175162946186 0
      vertex 27.47213595499958 7.608452130361228 0
    endloop
  endfacet
  facet normal -0.5877852522924729 -0.8090169943749477 0
    outer loop
      vertex 30.353044850870866 5.945158603819154 154.91000000000003
      vertex 29 6.928203230275509 0
      vertex 30.353044850870866 5.945158603819154 0
    endloop
  endfacet
  facet normal -0.40673664307580026 -0.9135454576426009 0
    outer loop
      vertex 29 6.928203230275509 154.91000000000003
      vertex 27.47213595499958 7.608452130361228 0
      vertex 29 6.928203230275509 0
    endloop
  endfacet
  facet normal 0.5877852522924729 -0.8090169943749477 0
    outer loop
      vertex 19.646955149129134 5.945158603819154 154.91000000000003
      vertex 19.646955149129134 5.945158603819154 0
      vertex 21 6.928203230275509 154.91000000000003
    endloop
  endfacet
  facet normal 0.40673664307566976 -0.9135454576426589 -5.711994400347156e-23
    outer loop
      vertex 21.00097933725082 6.928639259312164 154.91000000000003
      vertex 21 6.928203230275509 154.91000000000003
      vertex 21 6.928203230275509 0
    endloop
  endfacet
  facet normal 0.4067366430758003 -0.9135454576426008 -9.89345363910162e-19
    outer loop
      vertex 21.00097933725082 6.928639259312164 154.91000000000003
      vertex 21 6.928203230275509 0
      vertex 22.52786404500042 7.608452130361228 154.91000000000003
    endloop
  endfacet
  facet normal 0.20791169081775912 -0.9781476007338058 0
    outer loop
      vertex 22.52786404500042 7.608452130361228 154.91000000000003
      vertex 22.52786404500042 7.608452130361228 0
      vertex 24.163772293858774 7.956175162946186 154.91000000000003
    endloop
  endfacet
  facet normal 0 -1 0
    outer loop
      vertex 24.163772293858774 7.956175162946186 154.91000000000003
      vertex 24.163772293858774 7.956175162946186 0
      vertex 25.836227706141226 7.956175162946186 154.91000000000003
    endloop
  endfacet
  facet normal -0.20791169081775912 -0.9781476007338058 0
    outer loop
      vertex 25.836227706141226 7.956175162946186 154.91000000000003
      vertex 25.836227706141226 7.956175162946186 0
      vertex 27.47213595499958 7.608452130361228 154.91000000000003
    endloop
  endfacet
  facet normal -0.5877852522924729 -0.8090169943749477 2.258373993986035e-19
    outer loop
      vertex 30.353044850870866 5.945158603819154 154.91000000000003
      vertex 29 6.928203230275509 154.91000000000003
      vertex 29 6.928203230275509 0
    endloop
  endfacet
  facet normal -0.40673664307580026 -0.9135454576426009 0
    outer loop
      vertex 27.47213595499958 7.608452130361228 154.91000000000003
      vertex 27.47213595499958 7.608452130361228 0
      vertex 29 6.928203230275509 154.91000000000003
    endloop
  endfacet
  facet normal -0.866025403784438 -0.500000000000001 0
    outer loop
      vertex 32.30836366114081 3.2538931446064017 154.91000000000003
      vertex 31.47213595499958 4.702282018339785 0
      vertex 32.30836366114081 3.2538931446064017 0
    endloop
  endfacet
  facet normal -0.7431448254773942 -0.6691306063588582 0
    outer loop
      vertex 31.47213595499958 4.702282018339785 154.91000000000003
      vertex 30.353044850870866 5.945158603819154 0
      vertex 31.47213595499958 4.702282018339785 0
    endloop
  endfacet
  facet normal -0.9510565162951541 -0.30901699437494634 5.924598269466864e-21
    outer loop
      vertex 32.825180805870446 1.6632935265420747 154.91000000000003
      vertex 32.30836366114081 3.2538931446064017 154.91000000000003
      vertex 32.30836366114081 3.2538931446064017 0
    endloop
  endfacet
  facet normal -0.866025403784438 -0.500000000000001 3.8287788920567633e-19
    outer loop
      vertex 32.30836366114081 3.2538931446064017 154.91000000000003
      vertex 31.47213595499958 4.702282018339785 154.91000000000003
      vertex 31.47213595499958 4.702282018339785 0
    endloop
  endfacet
  facet normal -0.7431448254770907 -0.6691306063591952 -4.8968395845941454e-15
    outer loop
      vertex 31.471418634889247 4.703078683031459 154.91000000000003
      vertex 30.353044850870866 5.945158603819154 0
      vertex 31.47213595499958 4.702282018339785 154.91000000000003
    endloop
  endfacet
  facet normal -0.7431448254773945 -0.669130606358858 -1.3060606484995082e-19
    outer loop
      vertex 31.471418634889247 4.703078683031459 154.91000000000003
      vertex 30.353044850870866 5.945158603819154 154.91000000000003
      vertex 30.353044850870866 5.945158603819154 0
    endloop
  endfacet
  facet normal 0.4067366430758001 -0.913545457642601 1.5295137758527488e-15
    outer loop
      vertex 21.00097933725082 6.928639259312164 154.91000000000003
      vertex 22.5272131699706 7.608162342127401 155.01000000000002
      vertex 21 6.928203230275509 155.01000000000002
    endloop
  endfacet
  facet normal 0.4067366430758004 -0.9135454576426009 -2.8829222975670314e-15
    outer loop
      vertex 21.00097933725082 6.928639259312164 154.91000000000003
      vertex 22.52786404500042 7.608452130361228 154.91000000000003
      vertex 22.5272131699706 7.608162342127401 155.01000000000002
    endloop
  endfacet
  facet normal 0.20791169081756833 -0.9781476007338462 0
    outer loop
      vertex 24.163772293858774 7.956175162946186 155.01000000000002
      vertex 24.163075391648302 7.9560270318085085 155.01000000000002
      vertex 24.163772293858774 7.956175162946186 154.91000000000003
    endloop
  endfacet
  facet normal -0.743144825477394 -0.6691306063588585 4.859029488111117e-15
    outer loop
      vertex 31.471418634889247 4.703078683031459 154.91000000000003
      vertex 31.47213595499958 4.702282018339785 155.01000000000002
      vertex 30.35352158730442 5.944629134369772 155.01000000000002
    endloop
  endfacet
  facet normal -0.7431448254773945 -0.669130606358858 -4.628137669614628e-15
    outer loop
      vertex 31.471418634889247 4.703078683031459 154.91000000000003
      vertex 30.35352158730442 5.944629134369772 155.01000000000002
      vertex 30.353044850870866 5.945158603819154 154.91000000000003
    endloop
  endfacet
  facet normal 1 0 0
    outer loop
      vertex -29.95 9.450000000000001 389.65000000000003
      vertex -29.95 9.77115521854852 389.65000000000003
      vertex -29.95 9.450000000000001 394.6
    endloop
  endfacet
  facet normal 1 0 0
    outer loop
      vertex -29.95 9.450000000000001 394.6
      vertex -29.95 9.5 394.8
      vertex -29.95 9.450000000000001 394.8
    endloop
  endfacet
  facet normal 0 1 0
    outer loop
      vertex -29.95 9.450000000000001 389.65000000000003
      vertex -29.95 9.450000000000001 394.6
      vertex -20.05 9.450000000000001 394.6
    endloop
  endfacet
  facet normal 0 1 0
    outer loop
      vertex -29.95 9.450000000000001 389.65000000000003
      vertex -20.05 9.450000000000001 394.6
      vertex -20.05 9.450000000000001 389.65000000000003
    endloop
  endfacet
  facet normal -1 7.105427357601153e-14 0
    outer loop
      vertex -20.05 9.450000000000001 389.65000000000003
      vertex -20.05 9.450000000000001 394.6
      vertex -20.049999999999997 9.5 394.6
    endloop
  endfacet
  facet normal -1 0 7.177199351112139e-16
    outer loop
      vertex -20.05 9.450000000000001 389.65000000000003
      vertex -20.049999999999997 9.5 394.6
      vertex -20.05 9.77115521854852 389.65000000000003
    endloop
  endfacet
  facet normal -1 -3.3738010914493235e-13 -1.7763568394003508e-14
    outer loop
      vertex -20.05 9.77115521854852 389.65000000000003
      vertex -20.049999999999997 9.5 394.6
      vertex -20.05 9.5 394.8
    endloop
  endfacet
  facet normal 1 0 0
    outer loop
      vertex -29.95 9.77115521854852 389.65000000000003
      vertex -29.95 9.77115521854852 389.6
      vertex -29.95 11.1 389.6
    endloop
  endfacet
  facet normal 0 0 1
    outer loop
      vertex -29.95 9.77115521854852 389.6
      vertex -28.399186938124423 10.461621679246688 389.6
      vertex -29.95 11.1 389.6
    endloop
  endfacet
  facet normal 1 0 0
    outer loop
      vertex -29.95 9.450000000000001 394.6
      vertex -29.95 12.990381056766578 389.6
      vertex -29.95 9.5 394.8
    endloop
  endfacet
  facet normal 1 0 0
    outer loop
      vertex -29.95 9.77115521854852 389.65000000000003
      vertex -29.95 12.990381056766578 389.6
      vertex -29.95 9.450000000000001 394.6
    endloop
  endfacet
  facet normal 1 0 0
    outer loop
      vertex -29.95 9.77115521854852 389.65000000000003
      vertex -29.95 11.1 389.6
      vertex -29.95 12.990381056766578 389.6
    endloop
  endfacet
  facet normal 0 0 1
    outer loop
      vertex -29.95 11.1 389.6
      vertex -28.399186938124423 10.461621679246688 389.6
      vertex -26.14981309594419 10.939740849051006 389.6
    endloop
  endfacet
  facet normal 0 0 -1
    outer loop
      vertex -29.95 9.5 394.8
      vertex -29.95 12.990381056766578 394.8
      vertex -20.05 9.5 394.8
    endloop
  endfacet
  facet normal 0 0 1
    outer loop
      vertex -29.95 11.1 389.6
      vertex -26.14981309594419 10.939740849051006 389.6
      vertex -20.05 11.1 389.6
    endloop
  endfacet
  facet normal 1 0 0
    outer loop
      vertex -29.95 9.5 394.8
      vertex -29.95 12.990381056766578 389.6
      vertex -29.95 12.990381056766578 394.8
    endloop
  endfacet
  facet normal 0 0 1
    outer loop
      vertex -26.14981309594419 10.939740849051006 389.6
      vertex -23.85018690405581 10.939740849051006 389.6
      vertex -20.05 11.1 389.6
    endloop
  endfacet
  facet normal -1 0 0
    outer loop
      vertex -20.05 9.77115521854852 389.65000000000003
      vertex -20.05 11.1 389.6
      vertex -20.05 9.77115521854852 389.6
    endloop
  endfacet
  facet normal 0 0 1
    outer loop
      vertex -21.600813061875577 10.461621679246688 389.6
      vertex -20.05 9.77115521854852 389.6
      vertex -20.05 11.1 389.6
    endloop
  endfacet
  facet normal -1 0 0
    outer loop
      vertex -20.05 9.77115521854852 389.65000000000003
      vertex -20.05 9.5 394.8
      vertex -20.05 11.1 389.6
    endloop
  endfacet
  facet normal 0 0 1
    outer loop
      vertex -23.85018690405581 10.939740849051006 389.6
      vertex -21.600813061875577 10.461621679246688 389.6
      vertex -20.05 11.1 389.6
    endloop
  endfacet
  facet normal -1 0 0
    outer loop
      vertex -20.05 9.5 394.8
      vertex -20.05 12.990381056766578 394.8
      vertex -20.05 11.1 389.6
    endloop
  endfacet
  facet normal 0 0 -1
    outer loop
      vertex -20.05 9.5 394.8
      vertex -29.95 12.990381056766578 394.8
      vertex -20.05 12.990381056766578 394.8
    endloop
  endfacet
  facet normal -1 0 0
    outer loop
      vertex -20.05 11.1 389.6
      vertex -20.05 12.990381056766578 394.8
      vertex -20.05 12.990381056766578 389.6
    endloop
  endfacet
  facet normal 1 0 0
    outer loop
      vertex -29.95 11.1 389.6
      vertex -29.95 12.990381056766578 388.27634093396324
      vertex -29.95 12.990381056766578 389.6
    endloop
  endfacet
  facet normal 1.6313017960851133e-18 0.5735764363510423 0.8191520442889945
    outer loop
      vertex -29.95 11.1 389.6
      vertex -20.05 12.990381056766578 388.27634093396324
      vertex -29.95 12.990381056766578 388.27634093396324
    endloop
  endfacet
  facet normal 0 0.5735764363510423 0.8191520442889945
    outer loop
      vertex -29.95 11.1 389.6
      vertex -20.05 11.1 389.6
      vertex -20.05 12.990381056766578 388.27634093396324
    endloop
  endfacet
  facet normal -1 0 0
    outer loop
      vertex -20.05 11.1 389.6
      vertex -20.05 12.990381056766578 389.6
      vertex -20.05 12.990381056766578 388.27634093396324
    endloop
  endfacet
  facet normal 0 1 0
    outer loop
      vertex -4.275 7.95 389.65000000000003
      vertex -4.275 7.95 394.8
      vertex 4.275 7.95 394.8
    endloop
  endfacet
  facet normal 1 0 0
    outer loop
      vertex -4.275 8.43872496147372 389.65000000000003
      vertex -4.275 8.43872496147372 389.6
      vertex -4.275 9.6 389.6
    endloop
  endfacet
  facet normal 1 0 0
    outer loop
      vertex -4.275 7.95 389.65000000000003
      vertex -4.275 8.43872496147372 389.65000000000003
      vertex -4.275 7.95 394.8
    endloop
  endfacet
  facet normal 1 0 0
    outer loop
      vertex -4.275 7.95 394.8
      vertex -4.275 9.6 389.6
      vertex -4.275 8.10216802168022 394.8
    endloop
  endfacet
  facet normal 1 0 0
    outer loop
      vertex -4.275 7.95 394.8
      vertex -4.275 8.43872496147372 389.65000000000003
      vertex -4.275 9.6 389.6
    endloop
  endfacet
  facet normal 0 0 1
    outer loop
      vertex -4.275 8.43872496147372 389.6
      vertex -2.9356614465620003 9.035036904803958 389.6
      vertex -4.275 9.6 389.6
    endloop
  endfacet
  facet normal 0 0 1
    outer loop
      vertex -4.275 9.6 389.6
      vertex -2.9356614465620003 9.035036904803958 389.6
      vertex -0.993020401042708 9.447958005998597 389.6
    endloop
  endfacet
  facet normal 1 0 0
    outer loop
      vertex -4.275 8.10216802168022 394.8
      vertex -4.275 9.6 389.6
      vertex -4.275 9.5 394.8
    endloop
  endfacet
  facet normal 0 0 -1
    outer loop
      vertex -4.275 7.95 394.8
      vertex -4.275 8.10216802168022 394.8
      vertex 4.275 8.10216802168022 394.8
    endloop
  endfacet
  facet normal 0 0 1
    outer loop
      vertex -4.275 9.6 389.6
      vertex -0.993020401042708 9.447958005998597 389.6
      vertex 4.275 9.6 389.6
    endloop
  endfacet
  facet normal 1 0 0
    outer loop
      vertex -4.275 9.6 389.6
      vertex -4.275 12.990381056766578 394.44196594831743
      vertex -4.275 9.5 394.8
    endloop
  endfacet
  facet normal 0 0 -1
    outer loop
      vertex -4.275 9.5 394.8
      vertex -4.275 12.990381056766578 394.8
      vertex 4.275 9.5 394.8
    endloop
  endfacet
  facet normal 1 0 0
    outer loop
      vertex -4.275 9.5 394.8
      vertex -4.275 12.990381056766578 394.44196594831743
      vertex -4.275 12.990381056766578 394.8
    endloop
  endfacet
  facet normal 0 1 0
    outer loop
      vertex -4.275 7.95 389.65000000000003
      vertex 4.275 7.95 394.8
      vertex 4.275 7.95 389.65000000000003
    endloop
  endfacet
  facet normal 0 0 -1
    outer loop
      vertex -4.275 7.95 394.8
      vertex 4.275 8.10216802168022 394.8
      vertex 4.275 7.95 394.8
    endloop
  endfacet
  facet normal 0 0 1
    outer loop
      vertex -0.993020401042708 9.447958005998597 389.6
      vertex 0.993020401042708 9.447958005998597 389.6
      vertex 4.275 9.6 389.6
    endloop
  endfacet
  facet normal -1 0 0
    outer loop
      vertex 4.275 8.43872496147372 389.65000000000003
      vertex 4.275 9.6 389.6
      vertex 4.275 8.43872496147372 389.6
    endloop
  endfacet
  facet normal -1 0 0
    outer loop
      vertex 4.275 7.95 394.8
      vertex 4.275 8.10216802168022 394.8
      vertex 4.275 7.95 389.65000000000003
    endloop
  endfacet
  facet normal -1 0 0
    outer loop
      vertex 4.275 8.10216802168022 394.8
      vertex 4.275 9.5 394.8
      vertex 4.275 7.95 389.65000000000003
    endloop
  endfacet
  facet normal 0 0 1
    outer loop
      vertex 0.993020401042708 9.447958005998597 389.6
      vertex 2.9356614465620003 9.035036904803958 389.6
      vertex 4.275 9.6 389.6
    endloop
  endfacet
  facet normal 0 0 1
    outer loop
      vertex 2.9356614465620003 9.035036904803958 389.6
      vertex 4.275 8.43872496147372 389.6
      vertex 4.275 9.6 389.6
    endloop
  endfacet
  facet normal -1 0 0
    outer loop
      vertex 4.275 7.95 389.65000000000003
      vertex 4.275 12.990381056766578 394.8
      vertex 4.275 8.43872496147372 389.65000000000003
    endloop
  endfacet
  facet normal -1 0 0
    outer loop
      vertex 4.275 7.95 389.65000000000003
      vertex 4.275 9.5 394.8
      vertex 4.275 12.990381056766578 394.8
    endloop
  endfacet
  facet normal -1 0 0
    outer loop
      vertex 4.275 8.43872496147372 389.65000000000003
      vertex 4.275 12.990381056766578 394.8
      vertex 4.275 9.6 389.6
    endloop
  endfacet
  facet normal 0 0 -1
    outer loop
      vertex 4.275 9.5 394.8
      vertex -4.275 12.990381056766578 394.8
      vertex 4.275 12.990381056766578 394.8
    endloop
  endfacet
  facet normal -1 0 0
    outer loop
      vertex 4.275 9.6 389.6
      vertex 4.275 12.990381056766578 394.8
      vertex 4.275 12.990381056766578 389.6
    endloop
  endfacet
  facet normal 1 0 0
    outer loop
      vertex -4.275 9.6 389.6
      vertex -4.275 12.990381056766578 387.22602962664865
      vertex -4.275 12.990381056766578 394.44196594831743
    endloop
  endfacet
  facet normal -1.579615497326983e-17 0.5735764363510476 0.8191520442889908
    outer loop
      vertex -4.275 9.6 389.6
      vertex 4.275 12.990381056766578 387.22602962664865
      vertex -4.275 12.990381056766578 387.22602962664865
    endloop
  endfacet
  facet normal 0 0.5735764363510476 0.8191520442889908
    outer loop
      vertex -4.275 9.6 389.6
      vertex 4.275 9.6 389.6
      vertex 4.275 12.990381056766578 387.22602962664865
    endloop
  endfacet
  facet normal -1 0 0
    outer loop
      vertex 4.275 9.6 389.6
      vertex 4.275 12.990381056766578 389.6
      vertex 4.275 12.990381056766578 387.22602962664865
    endloop
  endfacet
  facet normal 1 0 0
    outer loop
      vertex 21.4 6.45 389.65000000000003
      vertex 21.4 7.106294704398922 389.65000000000003
      vertex 21.4 6.45 394.8
    endloop
  endfacet
  facet normal 1 0 0
    outer loop
      vertex 21.4 7.106294704398922 389.65000000000003
      vertex 21.4 7.106294704398922 389.6
      vertex 21.4 8.1 389.6
    endloop
  endfacet
  facet normal 0 0 1
    outer loop
      vertex 21.4 7.106294704398922 389.6
      vertex 22.52786404500042 7.608452130361228 389.6
      vertex 21.4 8.1 389.6
    endloop
  endfacet
  facet normal 1 0 0
    outer loop
      vertex 21.4 6.45 394.8
      vertex 21.4 7.106294704398922 389.65000000000003
      vertex 21.4 8.1 389.6
    endloop
  endfacet
  facet normal 1 0 0
    outer loop
      vertex 21.4 6.45 394.8
      vertex 21.4 8.1 389.6
      vertex 21.4 8.447 394.6
    endloop
  endfacet
  facet normal 1 0 0
    outer loop
      vertex 21.4 6.45 394.8
      vertex 21.4 8.447 394.6
      vertex 21.4 8.398363143631439 394.8
    endloop
  endfacet
  facet normal 0 1 0
    outer loop
      vertex 21.4 6.45 389.65000000000003
      vertex 21.4 6.45 394.8
      vertex 28.6 6.45 394.8
    endloop
  endfacet
  facet normal 0 0 1
    outer loop
      vertex 21.4 8.1 389.6
      vertex 22.52786404500042 7.608452130361228 389.6
      vertex 24.163772293858774 7.956175162946186 389.6
    endloop
  endfacet
  facet normal 0 0 -1
    outer loop
      vertex 21.4 6.45 394.8
      vertex 21.4 8.398363143631439 394.8
      vertex 28.52140921409214 8.398363143631437 394.8
    endloop
  endfacet
  facet normal 1 0 0
    outer loop
      vertex 21.4 8.1 389.6
      vertex 21.4 9.5 394.6
      vertex 21.4 8.447 394.6
    endloop
  endfacet
  facet normal 1 0 0
    outer loop
      vertex 21.4 8.1 389.6
      vertex 21.4 11.741079198690475 394.8
      vertex 21.4 9.5 394.6
    endloop
  endfacet
  facet normal 0 0 1
    outer loop
      vertex 21.4 8.1 389.6
      vertex 24.163772293858774 7.956175162946186 389.6
      vertex 25.836227706141226 7.956175162946186 389.6
    endloop
  endfacet
  facet normal 0 1 0
    outer loop
      vertex 21.4 6.45 389.65000000000003
      vertex 28.6 6.45 394.8
      vertex 28.6 6.45 389.65000000000003
    endloop
  endfacet
  facet normal 0 0 1
    outer loop
      vertex 25.836227706141226 7.956175162946186 389.6
      vertex 27.47213595499958 7.608452130361228 389.6
      vertex 28.6 8.1 389.6
    endloop
  endfacet
  facet normal 0 0 -1
    outer loop
      vertex 21.4 6.45 394.8
      vertex 28.52140921409214 8.398363143631437 394.8
      vertex 28.6 6.45 394.8
    endloop
  endfacet
  facet normal -1 0 0
    outer loop
      vertex 28.6 7.106294704398922 389.65000000000003
      vertex 28.6 8.1 389.6
      vertex 28.6 7.106294704398922 389.6
    endloop
  endfacet
  facet normal 0 0 1
    outer loop
      vertex 27.47213595499958 7.608452130361228 389.6
      vertex 28.6 7.106294704398922 389.6
      vertex 28.6 8.1 389.6
    endloop
  endfacet
  facet normal -1 -1.779025377466451e-15 0
    outer loop
      vertex 28.6 6.45 394.8
      vertex 28.599999999999998 8.447 394.8
      vertex 28.6 6.45 389.65000000000003
    endloop
  endfacet
  facet normal 0 0 -1
    outer loop
      vertex 28.6 6.45 394.8
      vertex 28.52140921409214 8.398363143631437 394.8
      vertex 28.599999999999998 8.447 394.8
    endloop
  endfacet
  facet normal 0 0 1
    outer loop
      vertex 21.4 8.1 389.6
      vertex 25.836227706141226 7.956175162946186 389.6
      vertex 28.6 8.1 389.6
    endloop
  endfacet
  facet normal -1 0 -6.89847316271945e-16
    outer loop
      vertex 28.599999999999998 8.447 394.8
      vertex 28.599999999999998 9.5 394.8
      vertex 28.6 6.45 389.65000000000003
    endloop
  endfacet
  facet normal -1 0 0
    outer loop
      vertex 28.6 6.45 389.65000000000003
      vertex 28.6 12.990381056766578 394.8
      vertex 28.6 7.106294704398922 389.65000000000003
    endloop
  endfacet
  facet normal -1 1.5852691332267288e-15 -1.628696026241177e-15
    outer loop
      vertex 28.599999999999998 9.5 394.8
      vertex 28.6 11.741079198690475 394.8
      vertex 28.6 6.45 389.65000000000003
    endloop
  endfacet
  facet normal -1 0 0
    outer loop
      vertex 28.6 7.106294704398922 389.65000000000003
      vertex 28.6 12.990381056766578 394.8
      vertex 28.6 8.1 389.6
    endloop
  endfacet
  facet normal 1 0 0
    outer loop
      vertex 21.4 9.5 394.6
      vertex 21.4 11.741079198690475 394.8
      vertex 21.4 9.5 394.8
    endloop
  endfacet
  facet normal 0 0 -1
    outer loop
      vertex 21.4 9.5 394.8
      vertex 21.4 11.741079198690475 394.8
      vertex 28.6 11.741079198690475 394.8
    endloop
  endfacet
  facet normal 0 0 -1
    outer loop
      vertex 21.4 9.5 394.8
      vertex 28.6 11.741079198690475 394.8
      vertex 28.599999999999998 9.5 394.8
    endloop
  endfacet
  facet normal -1 0 0
    outer loop
      vertex 28.6 6.45 389.65000000000003
      vertex 28.6 11.741079198690475 394.8
      vertex 28.6 12.990381056766578 394.8
    endloop
  endfacet
  facet normal -1 0 0
    outer loop
      vertex 28.6 8.1 389.6
      vertex 28.6 12.990381056766578 394.8
      vertex 28.6 12.990381056766578 389.6
    endloop
  endfacet
  facet normal 0 0.5735764363510432 0.8191520442889938
    outer loop
      vertex 21.4 8.1 389.6
      vertex 28.6 8.1 389.6
      vertex 28.6 12.990381056766578 386.1757183193341
    endloop
  endfacet
  facet normal 1 0 0
    outer loop
      vertex 21.4 8.1 389.6
      vertex 21.4 12.990381056766578 386.1757183193341
      vertex 21.4 11.741079198690475 394.8
    endloop
  endfacet
  facet normal -2.719847430972816e-17 0.5735764363510432 0.8191520442889938
    outer loop
      vertex 21.4 8.1 389.6
      vertex 28.6 12.990381056766578 386.1757183193341
      vertex 21.4 12.990381056766578 386.1757183193341
    endloop
  endfacet
  facet normal 1 0 0
    outer loop
      vertex 21.4 11.741079198690475 394.8
      vertex 21.4 12.990381056766578 386.1757183193341
      vertex 21.4 12.990381056766578 394.8
    endloop
  endfacet
  facet normal 1 0 0
    outer loop
      vertex 21.4 11.741079198690475 394.8
      vertex 21.4 12.990381056766578 395.8
      vertex 21.4 12.860145187190907 396.3981918608898
    endloop
  endfacet
  facet normal 1 0 0
    outer loop
      vertex 21.4 11.741079198690475 394.8
      vertex 21.4 12.990381056766578 394.8
      vertex 21.4 12.990381056766578 395.8
    endloop
  endfacet
  facet normal 0 0.8191520442889961 -0.5735764363510397
    outer loop
      vertex 21.4 11.741079198690475 394.8
      vertex 21.4 12.860145187190907 396.3981918608898
      vertex 28.6 11.741079198690475 394.8
    endloop
  endfacet
  facet normal -1 0 0
    outer loop
      vertex 28.6 8.1 389.6
      vertex 28.6 12.990381056766578 389.6
      vertex 28.6 12.990381056766578 386.1757183193341
    endloop
  endfacet
  facet normal 4.068981838173129e-18 0.8191520442889961 -0.5735764363510397
    outer loop
      vertex 28.6 11.741079198690475 394.8
      vertex 21.4 12.860145187190907 396.3981918608898
      vertex 28.6 12.860145187190907 396.3981918608898
    endloop
  endfacet
  facet normal -1 0 0
    outer loop
      vertex 28.6 11.741079198690475 394.8
      vertex 28.6 12.860145187190907 396.3981918608898
      vertex 28.6 12.990381056766578 395.8
    endloop
  endfacet
  facet normal -1 0 0
    outer loop
      vertex 28.6 11.741079198690475 394.8
      vertex 28.6 12.990381056766578 395.8
      vertex 28.6 12.990381056766578 394.8
    endloop
  endfacet
  facet normal 1 0 0
    outer loop
      vertex -4.275 -0.675 431.5
      vertex -4.275 0.9366576819406919 431.6
      vertex -4.275 -0.675 431.6
    endloop
  endfacet
  facet normal 0 1 0
    outer loop
      vertex -4.275 -0.675 431.5
      vertex -4.275 -0.675 431.6
      vertex 4.275 -0.675 431.5
    endloop
  endfacet
  facet normal 0 0.9725724110190546 0.23260031239141352
    outer loop
      vertex -4.275 -0.675 431.5
      vertex 4.275 -0.675 431.5
      vertex -4.275 1.0947831978319733 424.1
    endloop
  endfacet
  facet normal 1 0 0
    outer loop
      vertex -4.275 -0.675 431.5
      vertex -4.275 1.0947831978319733 424.1
      vertex -4.275 2.720687331536385 424.1
    endloop
  endfacet
  facet normal 1 0 0
    outer loop
      vertex -4.275 -0.675 431.5
      vertex -4.275 2.720687331536385 424.1
      vertex -4.275 0.9366576819406919 431.6
    endloop
  endfacet
  facet normal 3.70555991624017e-17 -0.9728554302662336 -0.23141372431535148
    outer loop
      vertex -4.275 2.720687331536385 424.1
      vertex 4.275 0.9366576819406922 431.6
      vertex -4.275 0.9366576819406919 431.6
    endloop
  endfacet
  facet normal 1 0 0
    outer loop
      vertex -4.275 3.388602440963425 414.50884645081584
      vertex -4.275 9.5 395.6
      vertex -4.275 3.619257299816879 420.32244239963666
    endloop
  endfacet
  facet normal 1 0 0
    outer loop
      vertex -4.275 3.388602440963425 414.50884645081584
      vertex -4.275 8.10216802168022 394.8
      vertex -4.275 9.5 395.6
    endloop
  endfacet
  facet normal 3.1896161469261146e-18 0.9725724110190546 0.23260031239141352
    outer loop
      vertex -4.275 3.388602440963425 414.50884645081584
      vertex 4.275 8.10216802168022 394.8
      vertex -4.275 8.10216802168022 394.8
    endloop
  endfacet
  facet normal 1.767580787668587e-17 -0.9728554302662337 -0.23141372431535126
    outer loop
      vertex -4.275 3.619257299816879 420.32244239963666
      vertex -4.275 9.5 395.6
      vertex 4.275 9.5 395.6
    endloop
  endfacet
  facet normal 1 0 0
    outer loop
      vertex -4.275 8.10216802168022 394.8
      vertex -4.275 9.5 394.8
      vertex -4.275 9.5 395.6
    endloop
  endfacet
  facet normal 0 -1 0
    outer loop
      vertex -4.275 9.5 394.8
      vertex 4.275 9.5 395.6
      vertex -4.275 9.5 395.6
    endloop
  endfacet
  facet normal 0 1 0
    outer loop
      vertex 4.275 -0.675 431.5
      vertex -4.275 -0.675 431.6
      vertex 4.275 -0.675 431.6
    endloop
  endfacet
  facet normal -1 0 0
    outer loop
      vertex 4.275 -0.675 431.5
      vertex 4.275 -0.675 431.6
      vertex 4.275 1.0947831978319729 424.1
    endloop
  endfacet
  facet normal 5.051566240133593e-17 0.9725724110190546 0.23260031239141346
    outer loop
      vertex -4.275 1.0947831978319733 424.1
      vertex 4.275 -0.675 431.5
      vertex 4.275 1.0947831978319729 424.1
    endloop
  endfacet
  facet normal -9.600768873894987e-16 -0.9728554302662338 -0.23141372431535037
    outer loop
      vertex -4.275 2.720687331536385 424.1
      vertex 4.275 2.7206873315363764 424.1
      vertex 4.275 0.9366576819406922 431.6
    endloop
  endfacet
  facet normal -1 0 0
    outer loop
      vertex 4.275 1.0947831978319729 424.1
      vertex 4.275 -0.675 431.6
      vertex 4.275 0.9366576819406922 431.6
    endloop
  endfacet
  facet normal -1 0 0
    outer loop
      vertex 4.275 1.0947831978319729 424.1
      vertex 4.275 0.9366576819406922 431.6
      vertex 4.275 2.7206873315363764 424.1
    endloop
  endfacet
  facet normal 5.051566240133594e-17 0.9725724110190546 0.23260031239141357
    outer loop
      vertex -4.275 3.388602440963425 414.50884645081584
      vertex 4.275 3.3886024409634246 414.50884645081584
      vertex 4.275 8.10216802168022 394.8
    endloop
  endfacet
  facet normal 5.0530362494184136e-17 -0.9728554302662337 -0.23141372431535123
    outer loop
      vertex -4.275 3.619257299816879 420.32244239963666
      vertex 4.275 9.5 395.6
      vertex 4.275 3.6192572998168795 420.32244239963666
    endloop
  endfacet
  facet normal -1 0 0
    outer loop
      vertex 4.275 3.3886024409634246 414.50884645081584
      vertex 4.275 3.6192572998168795 420.32244239963666
      vertex 4.275 9.5 394.8
    endloop
  endfacet
  facet normal -1 0 0
    outer loop
      vertex 4.275 3.3886024409634246 414.50884645081584
      vertex 4.275 9.5 394.8
      vertex 4.275 8.10216802168022 394.8
    endloop
  endfacet
  facet normal -1 0 0
    outer loop
      vertex 4.275 3.6192572998168795 420.32244239963666
      vertex 4.275 9.5 395.6
      vertex 4.275 9.5 394.8
    endloop
  endfacet
  facet normal 0 -1 0
    outer loop
      vertex -4.275 9.5 394.8
      vertex 4.275 9.5 394.8
      vertex 4.275 9.5 395.6
    endloop
  endfacet
  facet normal 0.5262405427944348 0.8503357519941278 0
    outer loop
      vertex -15.45 -0.5265000000000001 431.5
      vertex -15.879919137466294 -0.26043935309973865 431.6
      vertex -15.45 -0.5265000000000001 431.6
    endloop
  endfacet
  facet normal 0 1 0
    outer loop
      vertex -15.45 -0.5265000000000001 431.5
      vertex -15.45 -0.5265000000000001 431.6
      vertex -5.549999999999999 -0.5265000000000001 431.5
    endloop
  endfacet
  facet normal 0 0.9716807589820279 0.23629748755352845
    outer loop
      vertex -15.45 -0.5265000000000001 431.5
      vertex -5.549999999999999 -0.5265000000000001 431.5
      vertex -12.957739799568666 1.2730636856368451 424.1
    endloop
  endfacet
  facet normal 8.0673536632591575e-16 -0.9719725831958995 -0.2350942311403877
    outer loop
      vertex -12.121476900660884 2.6066105121293757 424.1
      vertex -8.91118598382749 2.6066105121293783 424.1
      vertex -15.8799191374663 0.7925606469002666 431.6
    endloop
  endfacet
  facet normal -4.3890924583552884e-16 -0.9719725831958993 -0.2350942311403888
    outer loop
      vertex -8.91118598382749 2.6066105121293783 424.1
      vertex -5.979919137466294 0.7925606469002622 431.6
      vertex -15.8799191374663 0.7925606469002666 431.6
    endloop
  endfacet
  facet normal 0 1 0
    outer loop
      vertex -5.549999999999999 -0.5265000000000001 431.5
      vertex -15.45 -0.5265000000000001 431.6
      vertex -5.549999999999999 -0.5265000000000001 431.6
    endloop
  endfacet
  facet normal -1 0 0
    outer loop
      vertex -5.549999999999999 -0.5265000000000001 431.5
      vertex -5.549999999999999 -0.5265000000000001 431.6
      vertex -5.549999999999999 0.5265000000000001 431.5
    endloop
  endfacet
  facet normal -1 0 0
    outer loop
      vertex -5.549999999999999 0.5265000000000001 431.5
      vertex -5.549999999999999 -0.5265000000000001 431.6
      vertex -5.549999999999999 0.5265000000000001 431.6
    endloop
  endfacet
  facet normal -1.2466259828011238e-15 0.9716807589820278 0.23629748755352967
    outer loop
      vertex -12.957739799568666 1.2730636856368451 424.1
      vertex -5.549999999999999 -0.5265000000000001 431.5
      vertex -8.457859078590776 1.273063685636851 424.1
    endloop
  endfacet
  facet normal -0.5262405427944337 -0.8503357519941284 -4.674177444470429e-16
    outer loop
      vertex -5.549999999999999 0.5265000000000001 431.5
      vertex -8.91118598382749 2.6066105121293783 424.1
      vertex -8.457859078590776 2.326063685636851 424.1
    endloop
  endfacet
  facet normal -0.9307208326379817 1.229336825169637e-16 0.36573040848917976
    outer loop
      vertex -8.457859078590776 1.273063685636851 424.1
      vertex -5.549999999999999 -0.5265000000000001 431.5
      vertex -5.549999999999999 0.5265000000000001 431.5
    endloop
  endfacet
  facet normal -0.5262405427944349 -0.8503357519941277 0
    outer loop
      vertex -5.549999999999999 0.5265000000000001 431.5
      vertex -5.549999999999999 0.5265000000000001 431.6
      vertex -5.979919137466294 0.7925606469002622 431.6
    endloop
  endfacet
  facet normal -0.9307208326379817 0 0.3657304084891798
    outer loop
      vertex -8.457859078590776 1.273063685636851 424.1
      vertex -5.549999999999999 0.5265000000000001 431.5
      vertex -8.457859078590776 2.326063685636851 424.1
    endloop
  endfacet
  facet normal -0.526240542794435 -0.8503357519941277 9.22843795746999e-17
    outer loop
      vertex -5.549999999999999 0.5265000000000001 431.5
      vertex -5.979919137466294 0.7925606469002622 431.6
      vertex -8.91118598382749 2.6066105121293783 424.1
    endloop
  endfacet
  facet normal 0.5262405427944348 0.8503357519941277 0
    outer loop
      vertex -29.95 8.447 394.6
      vertex -29.95 8.447 395.6
      vertex -15.879919137466294 -0.26043935309973865 431.6
    endloop
  endfacet
  facet normal 0.5262405427944357 0.8503357519941273 -6.539828915122812e-16
    outer loop
      vertex -29.95 8.447 394.6
      vertex -15.879919137466294 -0.26043935309973865 431.6
      vertex -15.45 -0.5265000000000001 431.5
    endloop
  endfacet
  facet normal 0.9313908626506685 6.110255198465149e-15 -0.3640206875588853
    outer loop
      vertex -29.95 8.447 395.6
      vertex -15.8799191374663 0.7925606469002666 431.6
      vertex -15.879919137466294 -0.26043935309973865 431.6
    endloop
  endfacet
  facet normal 0.931390862650668 0 -0.36402068755888656
    outer loop
      vertex -29.95 8.447 395.6
      vertex -29.95 9.5 395.6
      vertex -15.8799191374663 0.7925606469002666 431.6
    endloop
  endfacet
  facet normal 1 0 0
    outer loop
      vertex -29.95 8.447 394.6
      vertex -29.95 9.5 395.6
      vertex -29.95 8.447 395.6
    endloop
  endfacet
  facet normal 1 0 0
    outer loop
      vertex -29.95 8.447 394.6
      vertex -29.95 9.450000000000001 394.6
      vertex -29.95 9.450000000000001 394.8
    endloop
  endfacet
  facet normal 1 0 0
    outer loop
      vertex -29.95 8.447 394.6
      vertex -29.95 9.450000000000001 394.8
      vertex -29.95 9.5 395.6
    endloop
  endfacet
  facet normal 1 0 0
    outer loop
      vertex -29.95 9.450000000000001 394.8
      vertex -29.95 9.5 394.8
      vertex -29.95 9.5 395.6
    endloop
  endfacet
  facet normal 0 0 1
    outer loop
      vertex -29.95 8.447 394.6
      vertex -20.05 9.450000000000001 394.6
      vertex -29.95 9.450000000000001 394.6
    endloop
  endfacet
  facet normal 0 -1 0
    outer loop
      vertex -29.95 9.5 394.8
      vertex -20.049999999999997 9.5 395.6
      vertex -29.95 9.5 395.6
    endloop
  endfacet
  facet normal 0 0.9716807589820279 0.23629748755352922
    outer loop
      vertex -29.95 8.447 394.6
      vertex -11.8349284582096 2.64873139265987 418.44310599106825
      vertex -20.049999999999997 8.447 394.6
    endloop
  endfacet
  facet normal 0 -0.9719725831958994 -0.23509423114038833
    outer loop
      vertex -29.95 9.5 395.6
      vertex -20.049999999999997 9.5 395.6
      vertex -15.8799191374663 0.7925606469002666 431.6
    endloop
  endfacet
  facet normal 0 0 1
    outer loop
      vertex -29.95 8.447 394.6
      vertex -20.049999999999997 8.447 394.6
      vertex -20.05 9.450000000000001 394.6
    endloop
  endfacet
  facet normal 0 -1 0
    outer loop
      vertex -29.95 9.5 394.8
      vertex -20.05 9.5 394.8
      vertex -20.049999999999997 9.5 395.6
    endloop
  endfacet
  facet normal 9.485019231104714e-16 0.9716807589820279 0.23629748755352897
    outer loop
      vertex -29.95 8.447 394.6
      vertex -15.45 -0.5265000000000001 431.5
      vertex -12.957739799568666 1.2730636856368451 424.1
    endloop
  endfacet
  facet normal 5.359517774118602e-16 0.9716807589820278 0.23629748755352972
    outer loop
      vertex -29.95 8.447 394.6
      vertex -12.957739799568666 1.2730636856368451 424.1
      vertex -12.87872443658368 1.516247967479664 423.1
    endloop
  endfacet
  facet normal -9.298242953373288e-14 0.9716807589820151 0.23629748755358157
    outer loop
      vertex -29.95 8.447 394.6
      vertex -12.87872443658368 1.516247967479664 423.1
      vertex -12.87452902501701 1.5246985556092456 423.06525027001936
    endloop
  endfacet
  facet normal -8.974569517509462e-17 0.9716807589820278 0.2362974875535295
    outer loop
      vertex -29.95 8.447 394.6
      vertex -12.87452902501701 1.5246985556092456 423.06525027001936
      vertex -12.400541209160748 2.143693669087644 420.51987559042357
    endloop
  endfacet
  facet normal -2.660872788109833e-15 0.9716807589820274 0.23629748755353147
    outer loop
      vertex -29.95 8.447 394.6
      vertex -12.400541209160748 2.143693669087644 420.51987559042357
      vertex -11.8349284582096 2.64873139265987 418.44310599106825
    endloop
  endfacet
  facet normal -5.804310404373974e-16 -0.9719725831958995 -0.23509423114038827
    outer loop
      vertex -20.049999999999997 9.5 395.6
      vertex -12.121476900660884 2.6066105121293757 424.1
      vertex -15.8799191374663 0.7925606469002666 431.6
    endloop
  endfacet
  facet normal 3.1664194790460423e-15 0.9716807589820281 0.23629748755352797
    outer loop
      vertex -20.049999999999997 8.447 394.6
      vertex -11.8349284582096 2.64873139265987 418.44310599106825
      vertex -11.251122929442888 3.0017087315417768 416.99162509679707
    endloop
  endfacet
  facet normal -0.9307208326379662 1.815380232553272e-13 0.365730408489219
    outer loop
      vertex -20.049999999999997 8.447 394.6
      vertex -11.251122929442888 3.0017087315417768 416.99162509679707
      vertex -11.205474579969453 3.040571163902724 417.10779227580184
    endloop
  endfacet
  facet normal -0.9307208326379837 -3.0199698807087875e-14 0.36573040848917426
    outer loop
      vertex -20.049999999999997 8.447 394.6
      vertex -11.205474579969453 3.040571163902724 417.10779227580184
      vertex -10.555339098058502 3.4018839450907925 418.7622749849408
    endloop
  endfacet
  facet normal 6.025732939083405e-15 -0.9719725831958992 -0.2350942311403896
    outer loop
      vertex -20.049999999999997 9.5 395.6
      vertex -11.95923977384572 2.7867930955402285 423.35505389819554
      vertex -12.121476900660884 2.6066105121293757 424.1
    endloop
  endfacet
  facet normal -8.089355440997381e-15 -0.9719725831959001 -0.23509423114038566
    outer loop
      vertex -20.049999999999997 9.5 395.6
      vertex -11.874329765724937 2.8484838274932582 423.1
      vertex -11.95923977384572 2.7867930955402285 423.35505389819554
    endloop
  endfacet
  facet normal 1.3711350670724387e-15 -0.9719725831958993 -0.23509423114038888
    outer loop
      vertex -20.049999999999997 9.5 395.6
      vertex -11.2961998552612 3.1977119502387055 421.65615274376154
      vertex -11.874329765724937 2.8484838274932582 423.1
    endloop
  endfacet
  facet normal 2.4813817768063804e-15 -0.9719725831958993 -0.23509423114038935
    outer loop
      vertex -20.049999999999997 9.5 395.6
      vertex -10.577181709346622 3.4691085902611594 420.53409163663133
      vertex -11.2961998552612 3.1977119502387055 421.65615274376154
    endloop
  endfacet
  facet normal -0.9307208326379836 -2.647383632336771e-14 0.36573040848917476
    outer loop
      vertex -20.049999999999997 9.5 394.6
      vertex -10.555339098058502 3.4018839450907925 418.7622749849408
      vertex -10.317567929071068 3.4769669525185685 419.3673616149847
    endloop
  endfacet
  facet normal -4.5132701877452634e-14 -0.9719725831959036 -0.23509423114037123
    outer loop
      vertex -20.049999999999997 9.5 395.6
      vertex -10.366762141560551 3.50741138464094 420.3757327274554
      vertex -10.577181709346622 3.4691085902611594 420.53409163663133
    endloop
  endfacet
  facet normal -0.5262405427944358 -0.8503357519941271 6.608776439691287e-16
    outer loop
      vertex -20.049999999999997 9.5 395.6
      vertex -10.317567929071068 3.4769669525185685 419.3673616149847
      vertex -10.366762141560551 3.50741138464094 420.3757327274554
    endloop
  endfacet
  facet normal -0.9307208326379818 -3.2966945496087174e-15 0.365730408489179
    outer loop
      vertex -20.049999999999997 8.447 394.6
      vertex -10.555339098058502 3.4018839450907925 418.7622749849408
      vertex -20.05 9.450000000000001 394.6
    endloop
  endfacet
  facet normal -0.930720832637976 6.613169266515198e-14 0.3657304084891941
    outer loop
      vertex -20.05 9.450000000000001 394.6
      vertex -10.555339098058502 3.4018839450907925 418.7622749849408
      vertex -20.049999999999997 9.5 394.6
    endloop
  endfacet
  facet normal -0.5262405427944177 -0.8503357519941382 -9.347909873626171e-15
    outer loop
      vertex -20.049999999999997 9.5 394.6
      vertex -10.317567929071068 3.4769669525185685 419.3673616149847
      vertex -20.05 9.5 394.8
    endloop
  endfacet
  facet normal -0.526240542794439 -0.850335751994125 2.3369774684064714e-15
    outer loop
      vertex -20.05 9.5 394.8
      vertex -10.317567929071068 3.4769669525185685 419.3673616149847
      vertex -20.049999999999997 9.5 395.6
    endloop
  endfacet
  facet normal 1 0 0
    outer loop
      vertex 6.9 -0.5265000000000001 431.5
      vertex 6.9 0.5265000000000001 431.6
      vertex 6.9 -0.5265000000000001 431.6
    endloop
  endfacet
  facet normal 1 0 0
    outer loop
      vertex 6.9 -0.5265000000000001 431.5
      vertex 6.9 0.5265000000000001 431.5
      vertex 6.9 0.5265000000000001 431.6
    endloop
  endfacet
  facet normal 0 1 0
    outer loop
      vertex 6.9 -0.5265000000000001 431.5
      vertex 6.9 -0.5265000000000001 431.6
      vertex 14.100000000000001 -0.5265000000000001 431.5
    endloop
  endfacet
  facet normal 0.5262405427944348 -0.8503357519941278 0
    outer loop
      vertex 6.9 0.5265000000000001 431.5
      vertex 7.329919137466295 0.7925606469002615 431.6
      vertex 6.9 0.5265000000000001 431.6
    endloop
  endfacet
  facet normal 0.9307208326379816 0 0.3657304084891799
    outer loop
      vertex 6.9 -0.5265000000000001 431.5
      vertex 9.807859078590779 1.2730636856368522 424.1
      vertex 6.9 0.5265000000000001 431.5
    endloop
  endfacet
  facet normal 0.5262405427944347 -0.8503357519941277 -1.0200655771445265e-16
    outer loop
      vertex 6.9 0.5265000000000001 431.5
      vertex 10.261185983827481 2.6066105121293726 424.1
      vertex 7.329919137466295 0.7925606469002615 431.6
    endloop
  endfacet
  facet normal 0.9307208326379818 -6.275942740579416e-15 0.3657304084891794
    outer loop
      vertex 6.9 0.5265000000000001 431.5
      vertex 9.807859078590779 1.2730636856368522 424.1
      vertex 9.807859078590786 2.326063685636856 424.1
    endloop
  endfacet
  facet normal 0.5262405427944352 -0.8503357519941275 1.5143819200947086e-16
    outer loop
      vertex 6.9 0.5265000000000001 431.5
      vertex 9.807859078590786 2.326063685636856 424.1
      vertex 10.261185983827481 2.6066105121293726 424.1
    endloop
  endfacet
  facet normal 0 0.9716807589820279 0.23629748755352936
    outer loop
      vertex 6.9 -0.5265000000000001 431.5
      vertex 14.100000000000001 -0.5265000000000001 431.5
      vertex 9.807859078590779 1.2730636856368522 424.1
    endloop
  endfacet
  facet normal 0 1 0
    outer loop
      vertex 14.100000000000001 -0.5265000000000001 431.5
      vertex 6.9 -0.5265000000000001 431.6
      vertex 14.100000000000001 -0.5265000000000001 431.6
    endloop
  endfacet
  facet normal -2.0549013377348195e-15 0.9716807589820277 0.2362974875535305
    outer loop
      vertex 9.807859078590779 1.2730636856368522 424.1
      vertex 14.100000000000001 -0.5265000000000001 431.5
      vertex 12.95773979956866 1.273063685636859 424.1
    endloop
  endfacet
  facet normal -2.797683106733092e-16 -0.9719725831958994 -0.2350942311403884
    outer loop
      vertex 10.261185983827481 2.6066105121293726 424.1
      vertex 14.529919137466292 0.7925606469002595 431.6
      vertex 7.329919137466295 0.7925606469002615 431.6
    endloop
  endfacet
  facet normal 1.160147943962806e-15 -0.9719725831958992 -0.23509423114038916
    outer loop
      vertex 10.261185983827481 2.6066105121293726 424.1
      vertex 12.121476900660884 2.606610512129375 424.1
      vertex 14.529919137466292 0.7925606469002595 431.6
    endloop
  endfacet
  facet normal 0.9307208326379803 1.211270992624074e-14 0.3657304084891826
    outer loop
      vertex 11.270691686668123 3.1535305062274595 420.3773432249618
      vertex 11.847385271808816 2.6625660857380553 418.90975748070724
      vertex 21.4 9.5 394.6
    endloop
  endfacet
  facet normal 0.9307208326379588 2.699728592901547e-13 0.3657304084892376
    outer loop
      vertex 11.204435943888368 3.190352133964295 420.5459526669323
      vertex 11.270691686668123 3.1535305062274595 420.3773432249618
      vertex 21.4 9.5 394.6
    endloop
  endfacet
  facet normal 0.5262405427944357 -0.8503357519941271 4.4069469988175706e-16
    outer loop
      vertex 11.204435943888368 3.190352133964295 420.5459526669323
      vertex 21.4 9.5 395.6
      vertex 11.24658772499003 3.216438272427452 421.57873071743927
    endloop
  endfacet
  facet normal 1.237040587605738e-13 -0.9719725831959104 -0.235094231140343
    outer loop
      vertex 11.2961998552612 3.1977119502387055 421.65615274376154
      vertex 11.24658772499003 3.216438272427452 421.57873071743927
      vertex 21.4 9.5 395.6
    endloop
  endfacet
  facet normal -1.0711824182827661e-15 -0.9719725831958994 -0.23509423114038872
    outer loop
      vertex 11.2961998552612 3.1977119502387055 421.65615274376154
      vertex 21.4 9.5 395.6
      vertex 11.874329765724937 2.8484838274932582 423.1
    endloop
  endfacet
  facet normal -1.058393114141136e-14 0.9716807589820287 0.23629748755352598
    outer loop
      vertex 12.874529025017011 1.5246985556092465 423.0652502700194
      vertex 21.4 8.447 394.6
      vertex 12.400541209160748 2.143693669087644 420.51987559042357
    endloop
  endfacet
  facet normal 1.7539542538991401e-15 0.9716807589820277 0.2362974875535299
    outer loop
      vertex 12.95773979956866 1.273063685636859 424.1
      vertex 14.100000000000001 -0.5265000000000001 431.5
      vertex 28.52140921409214 8.398363143631437 394.8
    endloop
  endfacet
  facet normal -0.5262405427944349 0.8503357519941276 0
    outer loop
      vertex 14.100000000000001 -0.5265000000000001 431.5
      vertex 14.100000000000001 -0.5265000000000001 431.6
      vertex 28.599999999999998 8.447 394.8
    endloop
  endfacet
  facet normal -0.526240542794435 0.8503357519941276 -1.1140448470332452e-15
    outer loop
      vertex 28.599999999999998 8.447 395.6
      vertex 14.100000000000001 -0.5265000000000001 431.6
      vertex 14.529919137466296 -0.2604393530997386 431.6
    endloop
  endfacet
  facet normal 1.0136879255149616e-15 0.9716807589820277 0.23629748755352956
    outer loop
      vertex 12.95773979956866 1.273063685636859 424.1
      vertex 28.52140921409214 8.398363143631437 394.8
      vertex 12.878724436583674 1.5162479674796778 423.1
    endloop
  endfacet
  facet normal 1.5436176521380457e-13 0.9716807589820082 0.23629748755360958
    outer loop
      vertex 12.874529025017011 1.5246985556092465 423.0652502700194
      vertex 12.878724436583674 1.5162479674796778 423.1
      vertex 28.52140921409214 8.398363143631437 394.8
    endloop
  endfacet
  facet normal -0.9313908626506676 -3.316995679166818e-15 -0.36402068755888745
    outer loop
      vertex 28.599999999999998 9.5 395.6
      vertex 14.529919137466296 -0.2604393530997386 431.6
      vertex 14.529919137466292 0.7925606469002595 431.6
    endloop
  endfacet
  facet normal -3.125871088764473e-15 0.9716807589820281 0.2362974875535284
    outer loop
      vertex 11.91509389026697 2.5771513809869417 418.73745072063093
      vertex 12.400541209160748 2.143693669087644 420.51987559042357
      vertex 21.4 8.447 394.6
    endloop
  endfacet
  facet normal 0.9307208326379918 -1.2501126550889655e-13 0.365730408489154
    outer loop
      vertex 11.91509389026697 2.5771513809869417 418.73745072063093
      vertex 21.4 8.447 394.6
      vertex 11.847385271808816 2.6625660857380553 418.90975748070724
    endloop
  endfacet
  facet normal 4.739504532734257e-15 -0.9719725831958999 -0.23509423114038683
    outer loop
      vertex 11.95923977384572 2.7867930955402285 423.35505389819554
      vertex 11.874329765724937 2.8484838274932582 423.1
      vertex 21.4 9.5 395.6
    endloop
  endfacet
  facet normal -5.119634837245282e-16 -0.9719725831958994 -0.23509423114038866
    outer loop
      vertex 12.121476900660884 2.606610512129375 424.1
      vertex 28.599999999999998 9.5 395.6
      vertex 14.529919137466292 0.7925606469002595 431.6
    endloop
  endfacet
  facet normal -4.482608918055173e-15 -0.9719725831958987 -0.23509423114039085
    outer loop
      vertex 12.121476900660884 2.606610512129375 424.1
      vertex 11.95923977384572 2.7867930955402285 423.35505389819554
      vertex 28.599999999999998 9.5 395.6
    endloop
  endfacet
  facet normal -1.4159191227121379e-14 0.9716807589820284 0.23629748755352664
    outer loop
      vertex 12.874529025017011 1.5246985556092465 423.0652502700194
      vertex 21.4 8.398363143631439 394.8
      vertex 21.4 8.447 394.6
    endloop
  endfacet
  facet normal 0.9307208326379817 1.0703181862799508e-16 0.36573040848917976
    outer loop
      vertex 11.847385271808816 2.6625660857380553 418.90975748070724
      vertex 21.4 8.447 394.6
      vertex 21.4 9.5 394.6
    endloop
  endfacet
  facet normal 0.5262405427944393 -0.8503357519941249 2.5564466852886625e-15
    outer loop
      vertex 11.204435943888368 3.190352133964295 420.5459526669323
      vertex 21.4 9.5 394.6
      vertex 21.4 9.5 394.8
    endloop
  endfacet
  facet normal 0.5262405427944362 -0.8503357519941269 6.391116713221137e-16
    outer loop
      vertex 11.204435943888368 3.190352133964295 420.5459526669323
      vertex 21.4 9.5 394.8
      vertex 21.4 9.5 395.6
    endloop
  endfacet
  facet normal -0.5262405427944282 0.8503357519941317 -1.4924029684895296e-15
    outer loop
      vertex 14.100000000000001 -0.5265000000000001 431.5
      vertex 28.599999999999998 8.447 394.8
      vertex 28.52140921409214 8.398363143631437 394.8
    endloop
  endfacet
  facet normal -0.5262405427944349 0.8503357519941276 0
    outer loop
      vertex 28.599999999999998 8.447 394.8
      vertex 14.100000000000001 -0.5265000000000001 431.6
      vertex 28.599999999999998 8.447 395.6
    endloop
  endfacet
  facet normal -0.931390862650668 0 -0.3640206875588866
    outer loop
      vertex 28.599999999999998 8.447 395.6
      vertex 14.529919137466296 -0.2604393530997386 431.6
      vertex 28.599999999999998 9.5 395.6
    endloop
  endfacet
  facet normal 1.8253233683992944e-16 0.9716807589820279 0.23629748755352903
    outer loop
      vertex 12.874529025017011 1.5246985556092465 423.0652502700194
      vertex 28.52140921409214 8.398363143631437 394.8
      vertex 21.4 8.398363143631439 394.8
    endloop
  endfacet
  facet normal 1.2379751157841726e-17 -0.9719725831958994 -0.23509423114038833
    outer loop
      vertex 11.95923977384572 2.7867930955402285 423.35505389819554
      vertex 21.4 9.5 395.6
      vertex 28.599999999999998 9.5 395.6
    endloop
  endfacet
  facet normal 0 -1 0
    outer loop
      vertex 21.4 9.5 394.8
      vertex 28.599999999999998 9.5 395.6
      vertex 21.4 9.5 395.6
    endloop
  endfacet
  facet normal 0 -1 0
    outer loop
      vertex 21.4 9.5 394.8
      vertex 28.599999999999998 9.5 394.8
      vertex 28.599999999999998 9.5 395.6
    endloop
  endfacet
  facet normal -1 0 0
    outer loop
      vertex 28.599999999999998 8.447 394.8
      vertex 28.599999999999998 8.447 395.6
      vertex 28.599999999999998 9.5 394.8
    endloop
  endfacet
  facet normal -1 0 0
    outer loop
      vertex 28.599999999999998 8.447 395.6
      vertex 28.599999999999998 9.5 395.6
      vertex 28.599999999999998 9.5 394.8
    endloop
  endfacet
  facet normal 0.20791169081775987 0.9781476007338056 0
    outer loop
      vertex -10.608813728906053 -3.5664619361068257 423.1
      vertex -10.608813728906053 -3.5664619361068257 424.1
      vertex -9.841981737253702 -3.729457107631025 424.1
    endloop
  endfacet
  facet normal 0 0 -1
    outer loop
      vertex -11.325000000000001 -3.2475952641916446 424.1
      vertex -9.841981737253702 -3.729457107631025 424.1
      vertex -10.608813728906053 -3.5664619361068257 424.1
    endloop
  endfacet
  facet normal 0.20791169081775987 0.9781476007338056 8.838479921508397e-18
    outer loop
      vertex -10.608813728906053 -3.5664619361068257 423.1
      vertex -9.841981737253702 -3.729457107631025 424.1
      vertex -9.841981737253702 -3.729457107631025 423.1
    endloop
  endfacet
  facet normal 0 0 1
    outer loop
      vertex -10.950000000000001 -2.598076211353316 404.3
      vertex -10.377050983124843 -2.8531695488854605 404.3
      vertex -9.763585389802962 -2.9835656861048196 404.3
    endloop
  endfacet
  facet normal 0 0 1
    outer loop
      vertex -11.457391819076577 -2.229434476432183 404.3
      vertex -10.950000000000001 -2.598076211353316 404.3
      vertex -11.877050983124843 -1.7633557568774194 404.3
    endloop
  endfacet
  facet normal 0.8653445971005952 0.4996069360778177 0.03964388593142921
    outer loop
      vertex -12.483813728906053 -2.204194696096774 423.1
      vertex -12.190636372927804 -1.2202099292274007 404.3
      vertex -12.875795466159754 -1.5252624115342508 423.1
    endloop
  endfacet
  facet normal 0.8660254037844384 0.5000000000000007 0
    outer loop
      vertex -12.483813728906053 -2.204194696096774 423.1
      vertex -12.875795466159754 -1.5252624115342508 423.1
      vertex -12.483813728906053 -2.204194696096774 424.1
    endloop
  endfacet
  facet normal 0.8660254037844384 0.5000000000000007 1.0898895578691576e-17
    outer loop
      vertex -12.483813728906053 -2.204194696096774 424.1
      vertex -12.875795466159754 -1.5252624115342508 423.1
      vertex -12.875795466159754 -1.5252624115342508 424.1
    endloop
  endfacet
  facet normal 0.5873231779391374 0.8083810035891047 0.03964388593142919
    outer loop
      vertex -11.457391819076577 -2.229434476432183 404.3
      vertex -11.95923977384572 -2.7867930955402285 423.1
      vertex -10.950000000000001 -2.598076211353316 404.3
    endloop
  endfacet
  facet normal 0.5873231779391376 0.8083810035891046 0.039643885931429194
    outer loop
      vertex -10.950000000000001 -2.598076211353316 404.3
      vertex -11.95923977384572 -2.7867930955402285 423.1
      vertex -11.325000000000001 -3.2475952641916446 423.1
    endloop
  endfacet
  facet normal 0.4064168960753543 0.9128272941212541 0.039643885931429215
    outer loop
      vertex -10.377050983124843 -2.8531695488854605 404.3
      vertex -11.325000000000001 -3.2475952641916446 423.1
      vertex -10.608813728906053 -3.5664619361068257 423.1
    endloop
  endfacet
  facet normal 0.20774824564843886 0.977378651668969 0.03964388593142922
    outer loop
      vertex -10.377050983124843 -2.8531695488854605 404.3
      vertex -10.608813728906053 -3.5664619361068257 423.1
      vertex -9.841981737253702 -3.729457107631025 423.1
    endloop
  endfacet
  facet normal 0.40641689607535353 0.9128272941212544 0.03964388593142919
    outer loop
      vertex -10.950000000000001 -2.598076211353316 404.3
      vertex -11.325000000000001 -3.2475952641916446 423.1
      vertex -10.377050983124843 -2.8531695488854605 404.3
    endloop
  endfacet
  facet normal 0.5877852522924722 0.809016994374948 0
    outer loop
      vertex -11.325000000000001 -3.2475952641916446 423.1
      vertex -11.95923977384572 -2.7867930955402285 423.1
      vertex -11.325000000000001 -3.2475952641916446 424.1
    endloop
  endfacet
  facet normal 0 0 -1
    outer loop
      vertex -12.483813728906053 -2.204194696096774 424.1
      vertex -11.325000000000001 -3.2475952641916446 424.1
      vertex -11.95923977384572 -2.7867930955402285 424.1
    endloop
  endfacet
  facet normal 0.7431448254773951 0.6691306063588572 -3.230304727235168e-17
    outer loop
      vertex -12.483813728906053 -2.204194696096774 424.1
      vertex -11.95923977384572 -2.7867930955402285 424.1
      vertex -11.95923977384572 -2.7867930955402285 423.1
    endloop
  endfacet
  facet normal 0.5877852522924722 0.809016994374948 -8.52853307035576e-18
    outer loop
      vertex -11.325000000000001 -3.2475952641916446 424.1
      vertex -11.95923977384572 -2.7867930955402285 423.1
      vertex -11.95923977384572 -2.7867930955402285 424.1
    endloop
  endfacet
  facet normal 0.4067366430758001 0.9135454576426009 0
    outer loop
      vertex -11.325000000000001 -3.2475952641916446 423.1
      vertex -11.325000000000001 -3.2475952641916446 424.1
      vertex -10.608813728906053 -3.5664619361068257 424.1
    endloop
  endfacet
  facet normal 0.4067366430758001 0.9135454576426009 -5.1350463723756365e-18
    outer loop
      vertex -11.325000000000001 -3.2475952641916446 423.1
      vertex -10.608813728906053 -3.5664619361068257 424.1
      vertex -10.608813728906053 -3.5664619361068257 423.1
    endloop
  endfacet
  facet normal 0 0 -1
    outer loop
      vertex -12.483813728906053 -2.204194696096774 424.1
      vertex -9.841981737253702 -3.729457107631025 424.1
      vertex -11.325000000000001 -3.2475952641916446 424.1
    endloop
  endfacet
  facet normal 0.7425606186376915 0.6686045841576803 0.03964388593142919
    outer loop
      vertex -11.457391819076577 -2.229434476432183 404.3
      vertex -11.877050983124843 -1.7633557568774194 404.3
      vertex -11.95923977384572 -2.7867930955402285 423.1
    endloop
  endfacet
  facet normal 0.7425606186376909 0.6686045841576811 0.039643885931429215
    outer loop
      vertex -11.877050983124843 -1.7633557568774194 404.3
      vertex -12.483813728906053 -2.204194696096774 423.1
      vertex -11.95923977384572 -2.7867930955402285 423.1
    endloop
  endfacet
  facet normal 0.8653445971005949 0.4996069360778181 0.03964388593142922
    outer loop
      vertex -11.877050983124843 -1.7633557568774194 404.3
      vertex -12.190636372927804 -1.2202099292274007 404.3
      vertex -12.483813728906053 -2.204194696096774 423.1
    endloop
  endfacet
  facet normal 0.7431448254773951 0.6691306063588572 0
    outer loop
      vertex -12.483813728906053 -2.204194696096774 423.1
      vertex -12.483813728906053 -2.204194696096774 424.1
      vertex -11.95923977384572 -2.7867930955402285 423.1
    endloop
  endfacet
  facet normal 0 0 -1
    outer loop
      vertex -12.483813728906053 -2.204194696096774 424.1
      vertex -13.200000000000001 0 424.1
      vertex -9.841981737253702 -3.729457107631025 424.1
    endloop
  endfacet
  facet normal 0 0 -1
    outer loop
      vertex -13.200000000000001 0 424.1
      vertex -9.0580182627463 -3.729457107631025 424.1
      vertex -9.841981737253702 -3.729457107631025 424.1
    endloop
  endfacet
  facet normal 0 0 1
    outer loop
      vertex -11.877050983124843 -1.7633557568774194 404.3
      vertex -12.384442802201418 -0.623735072453278 404.3
      vertex -12.190636372927804 -1.2202099292274007 404.3
    endloop
  endfacet
  facet normal 0 0 1
    outer loop
      vertex -11.877050983124843 -1.7633557568774194 404.3
      vertex -10.950000000000001 -2.598076211353316 404.3
      vertex -12.450000000000001 0 404.3
    endloop
  endfacet
  facet normal 0 0 1
    outer loop
      vertex -11.877050983124843 -1.7633557568774194 404.3
      vertex -12.450000000000001 0 404.3
      vertex -12.384442802201418 -0.623735072453278 404.3
    endloop
  endfacet
  facet normal 0 0 1
    outer loop
      vertex -10.950000000000001 -2.598076211353316 404.3
      vertex -11.457391819076577 2.229434476432183 404.3
      vertex -12.450000000000001 0 404.3
    endloop
  endfacet
  facet normal 0.9503088642861283 0.3087740675112872 0.03964388593142921
    outer loop
      vertex -12.875795466159754 -1.5252624115342508 423.1
      vertex -12.190636372927804 -1.2202099292274007 404.3
      vertex -13.118053502751772 -0.7796688405665976 423.1
    endloop
  endfacet
  facet normal 0.9503088642861283 0.3087740675112871 0.039643885931429215
    outer loop
      vertex -12.384442802201418 -0.623735072453278 404.3
      vertex -13.118053502751772 -0.7796688405665976 423.1
      vertex -12.190636372927804 -1.2202099292274007 404.3
    endloop
  endfacet
  facet normal 0 0 -1
    outer loop
      vertex -12.483813728906053 -2.204194696096774 424.1
      vertex -12.875795466159754 -1.5252624115342508 424.1
      vertex -13.118053502751772 -0.7796688405665976 424.1
    endloop
  endfacet
  facet normal 0.9510565162951535 0.3090169943749476 0
    outer loop
      vertex -12.875795466159754 -1.5252624115342508 423.1
      vertex -13.118053502751772 -0.7796688405665976 424.1
      vertex -12.875795466159754 -1.5252624115342508 424.1
    endloop
  endfacet
  facet normal 0.9510565162951535 0.3090169943749476 1.7321855138351063e-17
    outer loop
      vertex -12.875795466159754 -1.5252624115342508 423.1
      vertex -13.118053502751772 -0.7796688405665976 423.1
      vertex -13.118053502751772 -0.7796688405665976 424.1
    endloop
  endfacet
  facet normal 0 0 -1
    outer loop
      vertex -12.483813728906053 -2.204194696096774 424.1
      vertex -13.118053502751772 -0.7796688405665976 424.1
      vertex -13.200000000000001 0 424.1
    endloop
  endfacet
  facet normal 0.9937400740144927 0.10444629053214975 0.03964388593142921
    outer loop
      vertex -12.384442802201418 -0.623735072453278 404.3
      vertex -12.450000000000001 0 404.3
      vertex -13.200000000000001 0 423.1
    endloop
  endfacet
  facet normal 0.9937400740144928 0.1044462905321498 0.03964388593142921
    outer loop
      vertex -12.384442802201418 -0.623735072453278 404.3
      vertex -13.200000000000001 0 423.1
      vertex -13.118053502751772 -0.7796688405665976 423.1
    endloop
  endfacet
  facet normal 0.9937400740144928 -0.10444629053214981 0.03964388593142921
    outer loop
      vertex -12.450000000000001 0 404.3
      vertex -13.118053502751772 0.7796688405665976 423.1
      vertex -13.200000000000001 0 423.1
    endloop
  endfacet
  facet normal 0.9945218953682735 0.10452846326765323 0
    outer loop
      vertex -13.118053502751772 -0.7796688405665976 423.1
      vertex -13.200000000000001 0 424.1
      vertex -13.118053502751772 -0.7796688405665976 424.1
    endloop
  endfacet
  facet normal 0.9945218953682735 0.10452846326765323 3.202587646781717e-19
    outer loop
      vertex -13.118053502751772 -0.7796688405665976 423.1
      vertex -13.200000000000001 0 423.1
      vertex -13.200000000000001 0 424.1
    endloop
  endfacet
  facet normal 0.9945218953682735 -0.10452846326765323 0
    outer loop
      vertex -13.200000000000001 0 423.1
      vertex -13.118053502751772 0.7796688405665976 423.1
      vertex -13.200000000000001 0 424.1
    endloop
  endfacet
  facet normal 0 0 -1
    outer loop
      vertex -13.200000000000001 0 424.1
      vertex -12.957739799568666 1.2730636856368451 424.1
      vertex -9.0580182627463 -3.729457107631025 424.1
    endloop
  endfacet
  facet normal 0 0 -1
    outer loop
      vertex -12.957739799568666 1.2730636856368451 424.1
      vertex -8.457859078590776 1.273063685636851 424.1
      vertex -9.0580182627463 -3.729457107631025 424.1
    endloop
  endfacet
  facet normal 0 0 1
    outer loop
      vertex -12.450000000000001 0 404.3
      vertex -12.190636372927804 1.2202099292274007 404.3
      vertex -12.384442802201418 0.623735072453278 404.3
    endloop
  endfacet
  facet normal 0 0 1
    outer loop
      vertex -12.450000000000001 0 404.3
      vertex -11.457391819076577 2.229434476432183 404.3
      vertex -12.190636372927804 1.2202099292274007 404.3
    endloop
  endfacet
  facet normal 0 0 1
    outer loop
      vertex -12.190636372927804 1.2202099292274007 404.3
      vertex -11.457391819076577 2.229434476432183 404.3
      vertex -11.877050983124843 1.7633557568774194 404.3
    endloop
  endfacet
  facet normal 0.9937400740144927 -0.10444629053214975 0.03964388593142921
    outer loop
      vertex -12.450000000000001 0 404.3
      vertex -12.384442802201418 0.623735072453278 404.3
      vertex -13.118053502751772 0.7796688405665976 423.1
    endloop
  endfacet
  facet normal 0.9503088642861283 -0.3087740675112871 0.039643885931429215
    outer loop
      vertex -12.384442802201418 0.623735072453278 404.3
      vertex -12.190636372927804 1.2202099292274007 404.3
      vertex -13.118053502751772 0.7796688405665976 423.1
    endloop
  endfacet
  facet normal 0.9503088642861283 -0.3087740675112871 0.039643885931429215
    outer loop
      vertex -12.190636372927804 1.2202099292274007 404.3
      vertex -12.87452902501701 1.5246985556092456 423.06525027001936
      vertex -13.118053502751772 0.7796688405665976 423.1
    endloop
  endfacet
  facet normal 0.9945218953682735 -0.10452846326765323 -3.202587646781717e-19
    outer loop
      vertex -13.200000000000001 0 424.1
      vertex -13.118053502751772 0.7796688405665976 423.1
      vertex -13.118053502751772 0.7796688405665976 424.1
    endloop
  endfacet
  facet normal 0 0 -1
    outer loop
      vertex -13.200000000000001 0 424.1
      vertex -13.118053502751772 0.7796688405665976 424.1
      vertex -12.957739799568666 1.2730636856368451 424.1
    endloop
  endfacet
  facet normal 0.9510565162951536 -0.30901699437494745 0
    outer loop
      vertex -13.118053502751772 0.7796688405665976 423.1
      vertex -12.87872443658368 1.516247967479664 423.1
      vertex -13.118053502751772 0.7796688405665976 424.1
    endloop
  endfacet
  facet normal 0.9503088642861282 -0.30877406751128694 0.03964388593143268
    outer loop
      vertex -13.118053502751772 0.7796688405665976 423.1
      vertex -12.87452902501701 1.5246985556092456 423.06525027001936
      vertex -12.87872443658368 1.516247967479664 423.1
    endloop
  endfacet
  facet normal 0.9510565162951536 -0.30901699437494756 -1.0030552172632817e-16
    outer loop
      vertex -13.118053502751772 0.7796688405665976 424.1
      vertex -12.87872443658368 1.516247967479664 423.1
      vertex -12.957739799568666 1.2730636856368451 424.1
    endloop
  endfacet
  facet normal 0.8653445971005949 -0.4996069360778181 0.039643885931429194
    outer loop
      vertex -12.190636372927804 1.2202099292274007 404.3
      vertex -11.877050983124843 1.7633557568774194 404.3
      vertex -12.400541209160748 2.143693669087644 420.51987559042357
    endloop
  endfacet
  facet normal 0.8653445971005947 -0.49960693607781825 0.03964388593142921
    outer loop
      vertex -12.190636372927804 1.2202099292274007 404.3
      vertex -12.400541209160748 2.143693669087644 420.51987559042357
      vertex -12.87452902501701 1.5246985556092456 423.06525027001936
    endloop
  endfacet
  facet normal 0.7425606186376916 -0.6686045841576803 0.03964388593142926
    outer loop
      vertex -11.877050983124843 1.7633557568774194 404.3
      vertex -11.457391819076577 2.229434476432183 404.3
      vertex -11.8349284582096 2.64873139265987 418.44310599106825
    endloop
  endfacet
  facet normal 0.7425606186376923 -0.6686045841576795 0.0396438859314292
    outer loop
      vertex -11.877050983124843 1.7633557568774194 404.3
      vertex -11.8349284582096 2.64873139265987 418.44310599106825
      vertex -12.400541209160748 2.143693669087644 420.51987559042357
    endloop
  endfacet
  facet normal 0 1 0
    outer loop
      vertex -9.841981737253702 -3.729457107631025 423.1
      vertex -9.841981737253702 -3.729457107631025 424.1
      vertex -9.0580182627463 -3.729457107631025 424.1
    endloop
  endfacet
  facet normal 0.20774824564843863 0.9773786516689689 0.039643885931429215
    outer loop
      vertex -10.377050983124843 -2.8531695488854605 404.3
      vertex -9.841981737253702 -3.729457107631025 423.1
      vertex -9.763585389802962 -2.9835656861048196 404.3
    endloop
  endfacet
  facet normal 0 1 0
    outer loop
      vertex -9.841981737253702 -3.729457107631025 423.1
      vertex -9.0580182627463 -3.729457107631025 424.1
      vertex 9.841981737253702 -3.729457107631025 424.1
    endloop
  endfacet
  facet normal 0 0 1
    outer loop
      vertex -10.950000000000001 -2.598076211353316 404.3
      vertex -9.763585389802962 -2.9835656861048196 404.3
      vertex 9.763585389802962 -2.9835656861048196 404.3
    endloop
  endfacet
  facet normal 0 0 1
    outer loop
      vertex -10.950000000000001 -2.598076211353316 404.3
      vertex 9.763585389802962 -2.9835656861048196 404.3
      vertex -6.450000000000001 0 404.3
    endloop
  endfacet
  facet normal 0 0.9992138721556341 0.03964388593142923
    outer loop
      vertex -9.763585389802962 -2.9835656861048196 404.3
      vertex -9.841981737253702 -3.729457107631025 423.1
      vertex 9.763585389802962 -2.9835656861048196 404.3
    endloop
  endfacet
  facet normal 0 0 -1
    outer loop
      vertex -9.0580182627463 -3.729457107631025 424.1
      vertex -4.275 1.0947831978319733 424.1
      vertex 9.841981737253702 -3.729457107631025 424.1
    endloop
  endfacet
  facet normal 0 0 1
    outer loop
      vertex -10.950000000000001 -2.598076211353316 404.3
      vertex -6.450000000000001 0 404.3
      vertex -11.457391819076577 2.229434476432183 404.3
    endloop
  endfacet
  facet normal 0 0 -1
    outer loop
      vertex -9.0580182627463 -3.729457107631025 424.1
      vertex -8.457859078590776 1.273063685636851 424.1
      vertex -4.275 1.0947831978319733 424.1
    endloop
  endfacet
  facet normal 0 0 1
    outer loop
      vertex -6.450000000000001 0 404.3
      vertex -6.709363627072198 1.2202099292274007 404.3
      vertex -11.457391819076577 2.229434476432183 404.3
    endloop
  endfacet
  facet normal 0 0 -1
    outer loop
      vertex -8.457859078590776 1.273063685636851 424.1
      vertex -8.457859078590776 2.326063685636851 424.1
      vertex -4.275 2.720687331536385 424.1
    endloop
  endfacet
  facet normal 0 0 -1
    outer loop
      vertex -8.457859078590776 1.273063685636851 424.1
      vertex -4.275 2.720687331536385 424.1
      vertex -4.275 1.0947831978319733 424.1
    endloop
  endfacet
  facet normal 0 0 1
    outer loop
      vertex -6.709363627072198 1.2202099292274007 404.3
      vertex 9.763585389802962 2.9835656861048196 404.3
      vertex -11.457391819076577 2.229434476432183 404.3
    endloop
  endfacet
  facet normal 0 0 1
    outer loop
      vertex -6.450000000000001 0 404.3
      vertex 9.763585389802962 2.9835656861048196 404.3
      vertex -6.709363627072198 1.2202099292274007 404.3
    endloop
  endfacet
  facet normal 0 0 1
    outer loop
      vertex -11.457391819076577 2.229434476432183 404.3
      vertex -10.377050983124843 2.8531695488854605 404.3
      vertex -10.950000000000001 2.598076211353316 404.3
    endloop
  endfacet
  facet normal 0 0 1
    outer loop
      vertex -11.457391819076577 2.229434476432183 404.3
      vertex -9.763585389802962 2.9835656861048196 404.3
      vertex -10.377050983124843 2.8531695488854605 404.3
    endloop
  endfacet
  facet normal 0.5873231779391365 -0.8083810035891056 0.03964388593142925
    outer loop
      vertex -11.457391819076577 2.229434476432183 404.3
      vertex -11.251122929442888 3.0017087315417768 416.99162509679707
      vertex -11.8349284582096 2.64873139265987 418.44310599106825
    endloop
  endfacet
  facet normal 0.5873231779391375 -0.8083810035891047 0.03964388593142918
    outer loop
      vertex -11.457391819076577 2.229434476432183 404.3
      vertex -10.950000000000001 2.598076211353316 404.3
      vertex -11.251122929442888 3.0017087315417768 416.99162509679707
    endloop
  endfacet
  facet normal 0.4064168960753536 -0.9128272941212545 0.03964388593142925
    outer loop
      vertex -10.950000000000001 2.598076211353316 404.3
      vertex -10.377050983124843 2.8531695488854605 404.3
      vertex -11.205474579969453 3.040571163902724 417.10779227580184
    endloop
  endfacet
  facet normal 0.20774824564843863 -0.9773786516689691 0.03964388593142921
    outer loop
      vertex -10.377050983124843 2.8531695488854605 404.3
      vertex -9.763585389802962 2.9835656861048196 404.3
      vertex -10.555339098058502 3.4018839450907925 418.7622749849408
    endloop
  endfacet
  facet normal 0.5873231779391503 -0.8083810035890954 0.03964388593142918
    outer loop
      vertex -10.950000000000001 2.598076211353316 404.3
      vertex -11.205474579969453 3.040571163902724 417.10779227580184
      vertex -11.251122929442888 3.0017087315417768 416.99162509679707
    endloop
  endfacet
  facet normal 0.40641689607535303 -0.9128272941212547 0.039643885931429215
    outer loop
      vertex -10.377050983124843 2.8531695488854605 404.3
      vertex -10.555339098058502 3.4018839450907925 418.7622749849408
      vertex -11.205474579969453 3.040571163902724 417.10779227580184
    endloop
  endfacet
  facet normal 0.743144825477396 -0.6691306063588562 -8.681941846580156e-20
    outer loop
      vertex -12.121476900660884 2.6066105121293757 424.1
      vertex -11.95923977384572 2.7867930955402285 423.35505389819554
      vertex -11.95923977384572 2.7867930955402285 424.1
    endloop
  endfacet
  facet normal 0.5877852522924722 -0.809016994374948 0
    outer loop
      vertex -11.95923977384572 2.7867930955402285 423.35505389819554
      vertex -11.325000000000001 3.2475952641916446 423.1
      vertex -11.95923977384572 2.7867930955402285 424.1
    endloop
  endfacet
  facet normal 0.5877852522924718 -0.8090169943749483 -1.8884787335311166e-15
    outer loop
      vertex -11.95923977384572 2.7867930955402285 423.35505389819554
      vertex -11.874329765724937 2.8484838274932582 423.1
      vertex -11.325000000000001 3.2475952641916446 423.1
    endloop
  endfacet
  facet normal 0.587323177939137 -0.808381003589105 0.03964388593143022
    outer loop
      vertex -11.874329765724937 2.8484838274932582 423.1
      vertex -11.2961998552612 3.1977119502387055 421.65615274376154
      vertex -11.325000000000001 3.2475952641916446 423.1
    endloop
  endfacet
  facet normal 0.5877852522924722 -0.809016994374948 8.52853307035576e-18
    outer loop
      vertex -11.95923977384572 2.7867930955402285 424.1
      vertex -11.325000000000001 3.2475952641916446 423.1
      vertex -11.325000000000001 3.2475952641916446 424.1
    endloop
  endfacet
  facet normal 0 0 -1
    outer loop
      vertex -11.95923977384572 2.7867930955402285 424.1
      vertex -11.325000000000001 3.2475952641916446 424.1
      vertex -10.608813728906053 3.5664619361068257 424.1
    endloop
  endfacet
  facet normal 0 0 -1
    outer loop
      vertex -12.121476900660884 2.6066105121293757 424.1
      vertex -11.95923977384572 2.7867930955402285 424.1
      vertex -8.91118598382749 2.6066105121293783 424.1
    endloop
  endfacet
  facet normal 0.20774824564843752 -0.9773786516689692 0.039643885931429146
    outer loop
      vertex -10.555339098058502 3.4018839450907925 418.7622749849408
      vertex -9.763585389802962 2.9835656861048196 404.3
      vertex -10.317567929071068 3.4769669525185685 419.3673616149847
    endloop
  endfacet
  facet normal 0.40641689607535436 -0.9128272941212541 0.039643885931430096
    outer loop
      vertex -11.2961998552612 3.1977119502387055 421.65615274376154
      vertex -10.608813728906053 3.5664619361068257 423.1
      vertex -11.325000000000001 3.2475952641916446 423.1
    endloop
  endfacet
  facet normal 0.4067366430758001 -0.9135454576426009 0
    outer loop
      vertex -11.325000000000001 3.2475952641916446 423.1
      vertex -10.608813728906053 3.5664619361068257 424.1
      vertex -11.325000000000001 3.2475952641916446 424.1
    endloop
  endfacet
  facet normal 0.40641689607535536 -0.9128272941212536 0.039643885931429465
    outer loop
      vertex -11.2961998552612 3.1977119502387055 421.65615274376154
      vertex -10.577181709346622 3.4691085902611594 420.53409163663133
      vertex -10.608813728906053 3.5664619361068257 423.1
    endloop
  endfacet
  facet normal 0.4067366430758001 -0.9135454576426009 5.1350463723756365e-18
    outer loop
      vertex -11.325000000000001 3.2475952641916446 423.1
      vertex -10.608813728906053 3.5664619361068257 423.1
      vertex -10.608813728906053 3.5664619361068257 424.1
    endloop
  endfacet
  facet normal 0 0 -1
    outer loop
      vertex -11.95923977384572 2.7867930955402285 424.1
      vertex -10.608813728906053 3.5664619361068257 424.1
      vertex -9.0580182627463 3.729457107631025 424.1
    endloop
  endfacet
  facet normal 0.20774824564844424 -0.9773786516689679 0.039643885931427765
    outer loop
      vertex -10.577181709346622 3.4691085902611594 420.53409163663133
      vertex -10.366762141560551 3.50741138464094 420.3757327274554
      vertex -9.841981737253702 3.729457107631025 423.1
    endloop
  endfacet
  facet normal 0.2077482456484322 -0.9773786516689703 0.039643885931430284
    outer loop
      vertex -10.317567929071068 3.4769669525185685 419.3673616149847
      vertex -9.841981737253702 3.729457107631025 423.1
      vertex -10.366762141560551 3.50741138464094 420.3757327274554
    endloop
  endfacet
  facet normal 0.20774824564843883 -0.977378651668969 0.03964388593142944
    outer loop
      vertex -10.577181709346622 3.4691085902611594 420.53409163663133
      vertex -9.841981737253702 3.729457107631025 423.1
      vertex -10.608813728906053 3.5664619361068257 423.1
    endloop
  endfacet
  facet normal 0.20791169081775987 -0.9781476007338056 0
    outer loop
      vertex -10.608813728906053 3.5664619361068257 423.1
      vertex -9.841981737253702 3.729457107631025 423.1
      vertex -10.608813728906053 3.5664619361068257 424.1
    endloop
  endfacet
  facet normal 0.20791169081775987 -0.9781476007338056 -8.838479921508397e-18
    outer loop
      vertex -10.608813728906053 3.5664619361068257 424.1
      vertex -9.841981737253702 3.729457107631025 423.1
      vertex -9.841981737253702 3.729457107631025 424.1
    endloop
  endfacet
  facet normal 0 0 -1
    outer loop
      vertex -11.95923977384572 2.7867930955402285 424.1
      vertex -9.0580182627463 3.729457107631025 424.1
      vertex -8.91118598382749 2.6066105121293783 424.1
    endloop
  endfacet
  facet normal 0.20774824564843972 -0.9773786516689686 0.039643885931429215
    outer loop
      vertex -10.317567929071068 3.4769669525185685 419.3673616149847
      vertex -9.763585389802962 2.9835656861048196 404.3
      vertex -9.841981737253702 3.729457107631025 423.1
    endloop
  endfacet
  facet normal 1.1252462380839388e-16 -0.9992138721556342 0.03964388593142923
    outer loop
      vertex -9.763585389802962 2.9835656861048196 404.3
      vertex -4.275 3.388602440963425 414.50884645081584
      vertex -9.841981737253702 3.729457107631025 423.1
    endloop
  endfacet
  facet normal 0 0 -1
    outer loop
      vertex -10.608813728906053 3.5664619361068257 424.1
      vertex -9.841981737253702 3.729457107631025 424.1
      vertex -9.0580182627463 3.729457107631025 424.1
    endloop
  endfacet
  facet normal 0 -1 0
    outer loop
      vertex -9.841981737253702 3.729457107631025 423.1
      vertex -9.0580182627463 3.729457107631025 424.1
      vertex -9.841981737253702 3.729457107631025 424.1
    endloop
  endfacet
  facet normal 0 -1 0
    outer loop
      vertex -9.841981737253702 3.729457107631025 423.1
      vertex -9.0580182627463 3.729457107631025 423.1
      vertex -9.0580182627463 3.729457107631025 424.1
    endloop
  endfacet
  facet normal 0 -0.9992138721556341 0.03964388593142915
    outer loop
      vertex -9.841981737253702 3.729457107631025 423.1
      vertex -4.275 3.388602440963425 414.50884645081584
      vertex -9.0580182627463 3.729457107631025 423.1
    endloop
  endfacet
  facet normal 0 0 -1
    outer loop
      vertex -8.91118598382749 2.6066105121293783 424.1
      vertex -4.275 2.720687331536385 424.1
      vertex -8.457859078590776 2.326063685636851 424.1
    endloop
  endfacet
  facet normal 0 0 -1
    outer loop
      vertex -8.91118598382749 2.6066105121293783 424.1
      vertex -9.0580182627463 3.729457107631025 424.1
      vertex -4.275 2.720687331536385 424.1
    endloop
  endfacet
  facet normal -3.6234526027303794e-17 -0.999213872155634 0.039643885931429125
    outer loop
      vertex -9.0580182627463 3.729457107631025 423.1
      vertex -4.275 3.388602440963425 414.50884645081584
      vertex -4.275 3.619257299816879 420.32244239963666
    endloop
  endfacet
  facet normal 0 0 1
    outer loop
      vertex -11.457391819076577 2.229434476432183 404.3
      vertex 9.763585389802962 2.9835656861048196 404.3
      vertex -9.763585389802962 2.9835656861048196 404.3
    endloop
  endfacet
  facet normal 0 0 -1
    outer loop
      vertex -9.0580182627463 3.729457107631025 424.1
      vertex 4.275 2.7206873315363764 424.1
      vertex -4.275 2.720687331536385 424.1
    endloop
  endfacet
  facet normal -4.908646773428936e-17 -0.9992138721556341 0.03964388593142932
    outer loop
      vertex -9.763585389802962 2.9835656861048196 404.3
      vertex 4.275 3.3886024409634246 414.50884645081584
      vertex -4.275 3.388602440963425 414.50884645081584
    endloop
  endfacet
  facet normal 0 -1 0
    outer loop
      vertex -9.0580182627463 3.729457107631025 423.1
      vertex 9.841981737253702 3.729457107631025 423.1
      vertex -9.0580182627463 3.729457107631025 424.1
    endloop
  endfacet
  facet normal 0 -0.9992138721556341 0.039643885931429194
    outer loop
      vertex -9.0580182627463 3.729457107631025 423.1
      vertex -4.275 3.619257299816879 420.32244239963666
      vertex 9.841981737253702 3.729457107631025 423.1
    endloop
  endfacet
  facet normal 0 0.9992138721556341 0.03964388593142923
    outer loop
      vertex -9.841981737253702 -3.729457107631025 423.1
      vertex 9.841981737253702 -3.729457107631025 423.1
      vertex 9.763585389802962 -2.9835656861048196 404.3
    endloop
  endfacet
  facet normal 0 1 0
    outer loop
      vertex -9.841981737253702 -3.729457107631025 423.1
      vertex 9.841981737253702 -3.729457107631025 424.1
      vertex 9.841981737253702 -3.729457107631025 423.1
    endloop
  endfacet
  facet normal -0.20774824564843863 0.9773786516689689 0.03964388593142922
    outer loop
      vertex 9.763585389802962 -2.9835656861048196 404.3
      vertex 9.841981737253702 -3.729457107631025 423.1
      vertex 10.377050983124843 -2.8531695488854605 404.3
    endloop
  endfacet
  facet normal 0 0 1
    outer loop
      vertex -6.450000000000001 0 404.3
      vertex 9.763585389802962 -2.9835656861048196 404.3
      vertex 9.763585389802962 2.9835656861048196 404.3
    endloop
  endfacet
  facet normal 0 0 -1
    outer loop
      vertex -4.275 1.0947831978319733 424.1
      vertex 4.275 1.0947831978319729 424.1
      vertex 9.841981737253702 -3.729457107631025 424.1
    endloop
  endfacet
  facet normal 0 0 -1
    outer loop
      vertex 4.275 1.0947831978319729 424.1
      vertex 9.807859078590779 1.2730636856368522 424.1
      vertex 9.841981737253702 -3.729457107631025 424.1
    endloop
  endfacet
  facet normal 0 0 -1
    outer loop
      vertex 4.275 1.0947831978319729 424.1
      vertex 4.275 2.7206873315363764 424.1
      vertex 9.807859078590786 2.326063685636856 424.1
    endloop
  endfacet
  facet normal 0 0 -1
    outer loop
      vertex 4.275 1.0947831978319729 424.1
      vertex 9.807859078590786 2.326063685636856 424.1
      vertex 9.807859078590779 1.2730636856368522 424.1
    endloop
  endfacet
  facet normal -0.20791169081775987 0.9781476007338056 0
    outer loop
      vertex 9.841981737253702 -3.729457107631025 423.1
      vertex 9.841981737253702 -3.729457107631025 424.1
      vertex 10.608813728906053 -3.5664619361068257 423.1
    endloop
  endfacet
  facet normal -0.20791169081775987 0.9781476007338056 -8.838479921508397e-18
    outer loop
      vertex 9.841981737253702 -3.729457107631025 424.1
      vertex 10.608813728906053 -3.5664619361068257 424.1
      vertex 10.608813728906053 -3.5664619361068257 423.1
    endloop
  endfacet
  facet normal 0 0 1
    outer loop
      vertex 9.763585389802962 -2.9835656861048196 404.3
      vertex 10.377050983124843 -2.8531695488854605 404.3
      vertex 11.457391819076577 -2.229434476432183 404.3
    endloop
  endfacet
  facet normal 0 0 1
    outer loop
      vertex 10.377050983124843 -2.8531695488854605 404.3
      vertex 10.950000000000001 -2.598076211353316 404.3
      vertex 11.457391819076577 -2.229434476432183 404.3
    endloop
  endfacet
  facet normal 0 0 1
    outer loop
      vertex 9.763585389802962 -2.9835656861048196 404.3
      vertex 11.457391819076577 -2.229434476432183 404.3
      vertex 12.450000000000001 0 404.3
    endloop
  endfacet
  facet normal 0 0 1
    outer loop
      vertex 11.457391819076577 -2.229434476432183 404.3
      vertex 11.877050983124843 -1.7633557568774194 404.3
      vertex 12.190636372927804 -1.2202099292274007 404.3
    endloop
  endfacet
  facet normal -0.2077482456484388 0.977378651668969 0.039643885931429215
    outer loop
      vertex 10.377050983124843 -2.8531695488854605 404.3
      vertex 9.841981737253702 -3.729457107631025 423.1
      vertex 10.608813728906053 -3.5664619361068257 423.1
    endloop
  endfacet
  facet normal -0.40641689607535436 0.9128272941212541 0.03964388593142922
    outer loop
      vertex 10.377050983124843 -2.8531695488854605 404.3
      vertex 10.608813728906053 -3.5664619361068257 423.1
      vertex 11.325000000000001 -3.2475952641916446 423.1
    endloop
  endfacet
  facet normal -0.40641689607535353 0.9128272941212544 0.03964388593142919
    outer loop
      vertex 10.377050983124843 -2.8531695488854605 404.3
      vertex 11.325000000000001 -3.2475952641916446 423.1
      vertex 10.950000000000001 -2.598076211353316 404.3
    endloop
  endfacet
  facet normal -0.5873231779391374 0.8083810035891047 0.039643885931429194
    outer loop
      vertex 10.950000000000001 -2.598076211353316 404.3
      vertex 11.325000000000001 -3.2475952641916446 423.1
      vertex 11.457391819076577 -2.229434476432183 404.3
    endloop
  endfacet
  facet normal -0.5873231779391376 0.8083810035891046 0.03964388593142919
    outer loop
      vertex 11.325000000000001 -3.2475952641916446 423.1
      vertex 11.95923977384572 -2.7867930955402285 423.1
      vertex 11.457391819076577 -2.229434476432183 404.3
    endloop
  endfacet
  facet normal -0.4067366430758001 0.9135454576426009 0
    outer loop
      vertex 10.608813728906053 -3.5664619361068257 423.1
      vertex 10.608813728906053 -3.5664619361068257 424.1
      vertex 11.325000000000001 -3.2475952641916446 423.1
    endloop
  endfacet
  facet normal 0 0 -1
    outer loop
      vertex 9.841981737253702 -3.729457107631025 424.1
      vertex 11.95923977384572 -2.7867930955402285 424.1
      vertex 10.608813728906053 -3.5664619361068257 424.1
    endloop
  endfacet
  facet normal -0.4067366430758001 0.9135454576426009 5.1350463723756365e-18
    outer loop
      vertex 10.608813728906053 -3.5664619361068257 424.1
      vertex 11.325000000000001 -3.2475952641916446 424.1
      vertex 11.325000000000001 -3.2475952641916446 423.1
    endloop
  endfacet
  facet normal 0 0 -1
    outer loop
      vertex 10.608813728906053 -3.5664619361068257 424.1
      vertex 11.95923977384572 -2.7867930955402285 424.1
      vertex 11.325000000000001 -3.2475952641916446 424.1
    endloop
  endfacet
  facet normal -0.5877852522924722 0.809016994374948 0
    outer loop
      vertex 11.325000000000001 -3.2475952641916446 423.1
      vertex 11.325000000000001 -3.2475952641916446 424.1
      vertex 11.95923977384572 -2.7867930955402285 424.1
    endloop
  endfacet
  facet normal -0.5877852522924722 0.809016994374948 8.52853307035576e-18
    outer loop
      vertex 11.325000000000001 -3.2475952641916446 423.1
      vertex 11.95923977384572 -2.7867930955402285 424.1
      vertex 11.95923977384572 -2.7867930955402285 423.1
    endloop
  endfacet
  facet normal -0.7431448254773951 0.6691306063588572 0
    outer loop
      vertex 11.95923977384572 -2.7867930955402285 423.1
      vertex 11.95923977384572 -2.7867930955402285 424.1
      vertex 12.483813728906053 -2.204194696096774 423.1
    endloop
  endfacet
  facet normal -0.7425606186376915 0.6686045841576803 0.03964388593142923
    outer loop
      vertex 11.457391819076577 -2.229434476432183 404.3
      vertex 12.483813728906053 -2.204194696096774 423.1
      vertex 11.877050983124843 -1.7633557568774194 404.3
    endloop
  endfacet
  facet normal -0.742560618637691 0.6686045841576811 0.03964388593142919
    outer loop
      vertex 11.457391819076577 -2.229434476432183 404.3
      vertex 11.95923977384572 -2.7867930955402285 423.1
      vertex 12.483813728906053 -2.204194696096774 423.1
    endloop
  endfacet
  facet normal -0.8653445971005949 0.4996069360778181 0.03964388593142922
    outer loop
      vertex 11.877050983124843 -1.7633557568774194 404.3
      vertex 12.483813728906053 -2.204194696096774 423.1
      vertex 12.190636372927804 -1.2202099292274007 404.3
    endloop
  endfacet
  facet normal 0 0 -1
    outer loop
      vertex 9.841981737253702 -3.729457107631025 424.1
      vertex 9.807859078590779 1.2730636856368522 424.1
      vertex 11.95923977384572 -2.7867930955402285 424.1
    endloop
  endfacet
  facet normal -0.7431448254773951 0.6691306063588572 3.230304727235168e-17
    outer loop
      vertex 11.95923977384572 -2.7867930955402285 424.1
      vertex 12.483813728906053 -2.204194696096774 424.1
      vertex 12.483813728906053 -2.204194696096774 423.1
    endloop
  endfacet
  facet normal 0 0 -1
    outer loop
      vertex 11.95923977384572 -2.7867930955402285 424.1
      vertex 12.875795466159754 -1.5252624115342508 424.1
      vertex 12.483813728906053 -2.204194696096774 424.1
    endloop
  endfacet
  facet normal -0.8653445971005952 0.4996069360778177 0.03964388593142921
    outer loop
      vertex 12.483813728906053 -2.204194696096774 423.1
      vertex 12.875795466159754 -1.5252624115342508 423.1
      vertex 12.190636372927804 -1.2202099292274007 404.3
    endloop
  endfacet
  facet normal -0.8660254037844384 0.5000000000000007 0
    outer loop
      vertex 12.483813728906053 -2.204194696096774 423.1
      vertex 12.483813728906053 -2.204194696096774 424.1
      vertex 12.875795466159754 -1.5252624115342508 424.1
    endloop
  endfacet
  facet normal -0.8660254037844384 0.5000000000000007 -1.0898895578691576e-17
    outer loop
      vertex 12.483813728906053 -2.204194696096774 423.1
      vertex 12.875795466159754 -1.5252624115342508 424.1
      vertex 12.875795466159754 -1.5252624115342508 423.1
    endloop
  endfacet
  facet normal 0 0 1
    outer loop
      vertex 11.457391819076577 -2.229434476432183 404.3
      vertex 12.190636372927804 -1.2202099292274007 404.3
      vertex 12.450000000000001 0 404.3
    endloop
  endfacet
  facet normal 0 0 1
    outer loop
      vertex 12.190636372927804 -1.2202099292274007 404.3
      vertex 12.384442802201418 -0.623735072453278 404.3
      vertex 12.450000000000001 0 404.3
    endloop
  endfacet
  facet normal 0 0 1
    outer loop
      vertex 9.763585389802962 -2.9835656861048196 404.3
      vertex 12.450000000000001 0 404.3
      vertex 9.763585389802962 2.9835656861048196 404.3
    endloop
  endfacet
  facet normal 0 0 -1
    outer loop
      vertex 9.807859078590779 1.2730636856368522 424.1
      vertex 13.200000000000001 0 424.1
      vertex 11.95923977384572 -2.7867930955402285 424.1
    endloop
  endfacet
  facet normal -0.9503088642861283 0.3087740675112872 0.03964388593142921
    outer loop
      vertex 12.875795466159754 -1.5252624115342508 423.1
      vertex 13.118053502751772 -0.7796688405665976 423.1
      vertex 12.190636372927804 -1.2202099292274007 404.3
    endloop
  endfacet
  facet normal -0.9503088642861283 0.3087740675112871 0.039643885931429215
    outer loop
      vertex 12.190636372927804 -1.2202099292274007 404.3
      vertex 13.118053502751772 -0.7796688405665976 423.1
      vertex 12.384442802201418 -0.623735072453278 404.3
    endloop
  endfacet
  facet normal 0 0 -1
    outer loop
      vertex 11.95923977384572 -2.7867930955402285 424.1
      vertex 13.200000000000001 0 424.1
      vertex 12.875795466159754 -1.5252624115342508 424.1
    endloop
  endfacet
  facet normal -0.9510565162951535 0.3090169943749476 0
    outer loop
      vertex 12.875795466159754 -1.5252624115342508 423.1
      vertex 12.875795466159754 -1.5252624115342508 424.1
      vertex 13.118053502751772 -0.7796688405665976 423.1
    endloop
  endfacet
  facet normal -0.9510565162951535 0.3090169943749476 -1.7321855138351063e-17
    outer loop
      vertex 12.875795466159754 -1.5252624115342508 424.1
      vertex 13.118053502751772 -0.7796688405665976 424.1
      vertex 13.118053502751772 -0.7796688405665976 423.1
    endloop
  endfacet
  facet normal 0 0 -1
    outer loop
      vertex 12.875795466159754 -1.5252624115342508 424.1
      vertex 13.200000000000001 0 424.1
      vertex 13.118053502751772 -0.7796688405665976 424.1
    endloop
  endfacet
  facet normal -0.9937400740144927 0.10444629053214975 0.03964388593142921
    outer loop
      vertex 12.384442802201418 -0.623735072453278 404.3
      vertex 13.200000000000001 0 423.1
      vertex 12.450000000000001 0 404.3
    endloop
  endfacet
  facet normal -0.9937400740144928 0.10444629053214975 0.03964388593142921
    outer loop
      vertex 12.384442802201418 -0.623735072453278 404.3
      vertex 13.118053502751772 -0.7796688405665976 423.1
      vertex 13.200000000000001 0 423.1
    endloop
  endfacet
  facet normal -0.9937400740144927 -0.10444629053214975 0.03964388593142921
    outer loop
      vertex 12.450000000000001 0 404.3
      vertex 13.200000000000001 0 423.1
      vertex 12.384442802201418 0.623735072453278 404.3
    endloop
  endfacet
  facet normal -0.9945218953682735 0.10452846326765323 0
    outer loop
      vertex 13.118053502751772 -0.7796688405665976 423.1
      vertex 13.118053502751772 -0.7796688405665976 424.1
      vertex 13.200000000000001 0 424.1
    endloop
  endfacet
  facet normal -0.9945218953682735 0.10452846326765323 -3.202587646781717e-19
    outer loop
      vertex 13.118053502751772 -0.7796688405665976 423.1
      vertex 13.200000000000001 0 424.1
      vertex 13.200000000000001 0 423.1
    endloop
  endfacet
  facet normal -0.9945218953682735 -0.10452846326765323 0
    outer loop
      vertex 13.200000000000001 0 423.1
      vertex 13.200000000000001 0 424.1
      vertex 13.118053502751772 0.7796688405665976 423.1
    endloop
  endfacet
  facet normal 0 0 1
    outer loop
      vertex 12.450000000000001 0 404.3
      vertex 12.384442802201418 0.623735072453278 404.3
      vertex 12.190636372927804 1.2202099292274007 404.3
    endloop
  endfacet
  facet normal 0 0 1
    outer loop
      vertex 12.450000000000001 0 404.3
      vertex 12.190636372927804 1.2202099292274007 404.3
      vertex 11.457391819076577 2.229434476432183 404.3
    endloop
  endfacet
  facet normal 0 0 1
    outer loop
      vertex 12.450000000000001 0 404.3
      vertex 11.457391819076577 2.229434476432183 404.3
      vertex 9.763585389802962 2.9835656861048196 404.3
    endloop
  endfacet
  facet normal 0 0 1
    outer loop
      vertex 11.877050983124843 1.7633557568774194 404.3
      vertex 11.457391819076577 2.229434476432183 404.3
      vertex 12.190636372927804 1.2202099292274007 404.3
    endloop
  endfacet
  facet normal 0 0 -1
    outer loop
      vertex 9.807859078590779 1.2730636856368522 424.1
      vertex 13.118053502751772 0.7796688405665976 424.1
      vertex 13.200000000000001 0 424.1
    endloop
  endfacet
  facet normal 0 0 -1
    outer loop
      vertex 9.807859078590779 1.2730636856368522 424.1
      vertex 12.95773979956866 1.273063685636859 424.1
      vertex 13.118053502751772 0.7796688405665976 424.1
    endloop
  endfacet
  facet normal -0.8653445971005949 -0.4996069360778181 0.039643885931429194
    outer loop
      vertex 11.877050983124843 1.7633557568774194 404.3
      vertex 12.190636372927804 1.2202099292274007 404.3
      vertex 12.400541209160748 2.143693669087644 420.51987559042357
    endloop
  endfacet
  facet normal -0.865344597100595 -0.49960693607781786 0.03964388593142918
    outer loop
      vertex 12.190636372927804 1.2202099292274007 404.3
      vertex 12.874529025017011 1.5246985556092465 423.0652502700194
      vertex 12.400541209160748 2.143693669087644 420.51987559042357
    endloop
  endfacet
  facet normal -0.7425606186376915 -0.6686045841576803 0.03964388593142914
    outer loop
      vertex 11.877050983124843 1.7633557568774194 404.3
      vertex 11.91509389026697 2.5771513809869417 418.73745072063093
      vertex 11.457391819076577 2.229434476432183 404.3
    endloop
  endfacet
  facet normal -0.7425606186376905 -0.6686045841576813 0.03964388593142919
    outer loop
      vertex 11.877050983124843 1.7633557568774194 404.3
      vertex 12.400541209160748 2.143693669087644 420.51987559042357
      vertex 11.91509389026697 2.5771513809869417 418.73745072063093
    endloop
  endfacet
  facet normal -0.9937400740144928 -0.1044462905321498 0.03964388593142921
    outer loop
      vertex 12.384442802201418 0.623735072453278 404.3
      vertex 13.200000000000001 0 423.1
      vertex 13.118053502751772 0.7796688405665976 423.1
    endloop
  endfacet
  facet normal -0.9503088642861283 -0.3087740675112871 0.039643885931429215
    outer loop
      vertex 12.384442802201418 0.623735072453278 404.3
      vertex 13.118053502751772 0.7796688405665976 423.1
      vertex 12.190636372927804 1.2202099292274007 404.3
    endloop
  endfacet
  facet normal -0.9503088642861282 -0.30877406751128755 0.0396438859314292
    outer loop
      vertex 12.190636372927804 1.2202099292274007 404.3
      vertex 13.118053502751772 0.7796688405665976 423.1
      vertex 12.874529025017011 1.5246985556092465 423.0652502700194
    endloop
  endfacet
  facet normal -0.9945218953682735 -0.10452846326765323 3.202587646781717e-19
    outer loop
      vertex 13.200000000000001 0 424.1
      vertex 13.118053502751772 0.7796688405665976 424.1
      vertex 13.118053502751772 0.7796688405665976 423.1
    endloop
  endfacet
  facet normal -0.9510565162951531 -0.30901699437494906 0
    outer loop
      vertex 13.118053502751772 0.7796688405665976 423.1
      vertex 13.118053502751772 0.7796688405665976 424.1
      vertex 12.95773979956866 1.273063685636859 424.1
    endloop
  endfacet
  facet normal -0.9503088642861284 -0.30877406751128816 0.039643885931416795
    outer loop
      vertex 13.118053502751772 0.7796688405665976 423.1
      vertex 12.878724436583674 1.5162479674796778 423.1
      vertex 12.874529025017011 1.5246985556092465 423.0652502700194
    endloop
  endfacet
  facet normal -0.9510565162951533 -0.3090169943749484 -3.411785908658618e-16
    outer loop
      vertex 13.118053502751772 0.7796688405665976 423.1
      vertex 12.95773979956866 1.273063685636859 424.1
      vertex 12.878724436583674 1.5162479674796778 423.1
    endloop
  endfacet
  facet normal 0 -0.9992138721556342 0.03964388593142925
    outer loop
      vertex -9.763585389802962 2.9835656861048196 404.3
      vertex 9.763585389802962 2.9835656861048196 404.3
      vertex 4.275 3.3886024409634246 414.50884645081584
    endloop
  endfacet
  facet normal 0 0 -1
    outer loop
      vertex -9.0580182627463 3.729457107631025 424.1
      vertex 10.261185983827481 2.6066105121293726 424.1
      vertex 4.275 2.7206873315363764 424.1
    endloop
  endfacet
  facet normal 0 0 -1
    outer loop
      vertex -9.0580182627463 3.729457107631025 424.1
      vertex 9.841981737253702 3.729457107631025 424.1
      vertex 10.261185983827481 2.6066105121293726 424.1
    endloop
  endfacet
  facet normal 5.1899426778575086e-17 -0.9992138721556342 0.03964388593142893
    outer loop
      vertex -4.275 3.619257299816879 420.32244239963666
      vertex 4.275 3.6192572998168795 420.32244239963666
      vertex 9.841981737253702 3.729457107631025 423.1
    endloop
  endfacet
  facet normal 0 -1 0
    outer loop
      vertex -9.0580182627463 3.729457107631025 424.1
      vertex 9.841981737253702 3.729457107631025 423.1
      vertex 9.841981737253702 3.729457107631025 424.1
    endloop
  endfacet
  facet normal -1.2293089244944515e-16 -0.9992138721556341 0.039643885931429285
    outer loop
      vertex 4.275 3.3886024409634246 414.50884645081584
      vertex 9.841981737253702 3.729457107631025 423.1
      vertex 4.275 3.6192572998168795 420.32244239963666
    endloop
  endfacet
  facet normal -0.20774824564843863 -0.9773786516689689 0.03964388593142922
    outer loop
      vertex 9.763585389802962 2.9835656861048196 404.3
      vertex 10.377050983124843 2.8531695488854605 404.3
      vertex 9.841981737253702 3.729457107631025 423.1
    endloop
  endfacet
  facet normal 0 0 -1
    outer loop
      vertex 4.275 2.7206873315363764 424.1
      vertex 10.261185983827481 2.6066105121293726 424.1
      vertex 9.807859078590786 2.326063685636856 424.1
    endloop
  endfacet
  facet normal -3.5096401293164904e-17 -0.9992138721556342 0.03964388593142923
    outer loop
      vertex 4.275 3.3886024409634246 414.50884645081584
      vertex 9.763585389802962 2.9835656861048196 404.3
      vertex 9.841981737253702 3.729457107631025 423.1
    endloop
  endfacet
  facet normal 0 0 1
    outer loop
      vertex 9.763585389802962 2.9835656861048196 404.3
      vertex 11.457391819076577 2.229434476432183 404.3
      vertex 10.950000000000001 2.598076211353316 404.3
    endloop
  endfacet
  facet normal 0 0 1
    outer loop
      vertex 9.763585389802962 2.9835656861048196 404.3
      vertex 10.950000000000001 2.598076211353316 404.3
      vertex 10.377050983124843 2.8531695488854605 404.3
    endloop
  endfacet
  facet normal -0.40641689607535353 -0.9128272941212544 0.0396438859314292
    outer loop
      vertex 10.950000000000001 2.598076211353316 404.3
      vertex 11.270691686668123 3.1535305062274595 420.3773432249618
      vertex 10.377050983124843 2.8531695488854605 404.3
    endloop
  endfacet
  facet normal -0.40641689607535236 -0.9128272941212551 0.039643885931429236
    outer loop
      vertex 10.377050983124843 2.8531695488854605 404.3
      vertex 11.204435943888368 3.190352133964295 420.5459526669323
      vertex 10.608813728906053 3.5664619361068257 423.1
    endloop
  endfacet
  facet normal -0.40641689607536624 -0.9128272941212487 0.03964388593142981
    outer loop
      vertex 10.377050983124843 2.8531695488854605 404.3
      vertex 11.270691686668123 3.1535305062274595 420.3773432249618
      vertex 11.204435943888368 3.190352133964295 420.5459526669323
    endloop
  endfacet
  facet normal -0.5873231779391375 -0.8083810035891047 0.03964388593142914
    outer loop
      vertex 10.950000000000001 2.598076211353316 404.3
      vertex 11.457391819076577 2.229434476432183 404.3
      vertex 11.847385271808816 2.6625660857380553 418.90975748070724
    endloop
  endfacet
  facet normal -0.7425606186376912 -0.6686045841576806 0.039643885931429125
    outer loop
      vertex 11.457391819076577 2.229434476432183 404.3
      vertex 11.91509389026697 2.5771513809869417 418.73745072063093
      vertex 11.847385271808816 2.6625660857380553 418.90975748070724
    endloop
  endfacet
  facet normal -0.587323177939139 -0.8083810035891037 0.039643885931429215
    outer loop
      vertex 10.950000000000001 2.598076211353316 404.3
      vertex 11.847385271808816 2.6625660857380553 418.90975748070724
      vertex 11.270691686668123 3.1535305062274595 420.3773432249618
    endloop
  endfacet
  facet normal 0 0 -1
    outer loop
      vertex 10.261185983827481 2.6066105121293726 424.1
      vertex 9.841981737253702 3.729457107631025 424.1
      vertex 12.121476900660884 2.606610512129375 424.1
    endloop
  endfacet
  facet normal 0 0 -1
    outer loop
      vertex 11.325000000000001 3.2475952641916446 424.1
      vertex 12.121476900660884 2.606610512129375 424.1
      vertex 9.841981737253702 3.729457107631025 424.1
    endloop
  endfacet
  facet normal -0.7431448254773977 -0.6691306063588544 9.062919370758917e-18
    outer loop
      vertex 12.121476900660884 2.606610512129375 424.1
      vertex 11.95923977384572 2.7867930955402285 424.1
      vertex 11.95923977384572 2.7867930955402285 423.35505389819554
    endloop
  endfacet
  facet normal 0 0 -1
    outer loop
      vertex 11.325000000000001 3.2475952641916446 424.1
      vertex 11.95923977384572 2.7867930955402285 424.1
      vertex 12.121476900660884 2.606610512129375 424.1
    endloop
  endfacet
  facet normal -0.5877852522924722 -0.809016994374948 -4.0800668170269794e-16
    outer loop
      vertex 11.325000000000001 3.2475952641916446 424.1
      vertex 11.874329765724937 2.8484838274932582 423.1
      vertex 11.95923977384572 2.7867930955402285 424.1
    endloop
  endfacet
  facet normal -0.587323177939137 -0.8083810035891049 0.039643885931430214
    outer loop
      vertex 11.2961998552612 3.1977119502387055 421.65615274376154
      vertex 11.874329765724937 2.8484838274932582 423.1
      vertex 11.325000000000001 3.2475952641916446 423.1
    endloop
  endfacet
  facet normal -0.5877852522924718 -0.8090169943749483 0
    outer loop
      vertex 11.325000000000001 3.2475952641916446 423.1
      vertex 11.874329765724937 2.8484838274932582 423.1
      vertex 11.325000000000001 3.2475952641916446 424.1
    endloop
  endfacet
  facet normal -0.5877852522924754 -0.8090169943749457 0
    outer loop
      vertex 11.95923977384572 2.7867930955402285 423.35505389819554
      vertex 11.95923977384572 2.7867930955402285 424.1
      vertex 11.874329765724937 2.8484838274932582 423.1
    endloop
  endfacet
  facet normal -0.20774824564843886 -0.977378651668969 0.03964388593142922
    outer loop
      vertex 10.377050983124843 2.8531695488854605 404.3
      vertex 10.608813728906053 3.5664619361068257 423.1
      vertex 9.841981737253702 3.729457107631025 423.1
    endloop
  endfacet
  facet normal -0.20791169081775987 -0.9781476007338056 0
    outer loop
      vertex 9.841981737253702 3.729457107631025 423.1
      vertex 10.608813728906053 3.5664619361068257 423.1
      vertex 9.841981737253702 3.729457107631025 424.1
    endloop
  endfacet
  facet normal 0 0 -1
    outer loop
      vertex 11.325000000000001 3.2475952641916446 424.1
      vertex 9.841981737253702 3.729457107631025 424.1
      vertex 10.608813728906053 3.5664619361068257 424.1
    endloop
  endfacet
  facet normal -0.20791169081775987 -0.9781476007338056 8.838479921508397e-18
    outer loop
      vertex 9.841981737253702 3.729457107631025 424.1
      vertex 10.608813728906053 3.5664619361068257 423.1
      vertex 10.608813728906053 3.5664619361068257 424.1
    endloop
  endfacet
  facet normal -0.4064168960753567 -0.9128272941212531 0.039643885931427945
    outer loop
      vertex 11.204435943888368 3.190352133964295 420.5459526669323
      vertex 11.24658772499003 3.216438272427452 421.57873071743927
      vertex 10.608813728906053 3.5664619361068257 423.1
    endloop
  endfacet
  facet normal -0.4064168960753543 -0.9128272941212541 0.03964388593142917
    outer loop
      vertex 11.24658772499003 3.216438272427452 421.57873071743927
      vertex 11.325000000000001 3.2475952641916446 423.1
      vertex 10.608813728906053 3.5664619361068257 423.1
    endloop
  endfacet
  facet normal -0.4067366430758001 -0.9135454576426009 0
    outer loop
      vertex 11.325000000000001 3.2475952641916446 423.1
      vertex 11.325000000000001 3.2475952641916446 424.1
      vertex 10.608813728906053 3.5664619361068257 424.1
    endloop
  endfacet
  facet normal -0.4067366430758001 -0.9135454576426009 -5.1350463723756365e-18
    outer loop
      vertex 11.325000000000001 3.2475952641916446 423.1
      vertex 10.608813728906053 3.5664619361068257 424.1
      vertex 10.608813728906053 3.5664619361068257 423.1
    endloop
  endfacet
  facet normal -0.4064168960753788 -0.9128272941212432 0.0396438859314302
    outer loop
      vertex 11.2961998552612 3.1977119502387055 421.65615274376154
      vertex 11.325000000000001 3.2475952641916446 423.1
      vertex 11.24658772499003 3.216438272427452 421.57873071743927
    endloop
  endfacet
  facet normal 0.9945218953682734 0 0.10452846326765258
    outer loop
      vertex -3.42351660256832 8.817829795074273 91.32230908213783
      vertex -3.42351660256832 12.990381056766578 91.32230908213783
      vertex -3.5 8.783777192587836 92.05
    endloop
  endfacet
  facet normal 0.9945218953682734 0 -0.1045284632676526
    outer loop
      vertex -3.5 8.783777192587836 92.05
      vertex -3.5 12.990381056766578 92.05
      vertex -3.42351660256832 8.817829795074273 92.77769091786216
    endloop
  endfacet
  facet normal 0.9510565162951532 0 0.30901699437494906
    outer loop
      vertex -3.42351660256832 8.817829795074273 91.32230908213783
      vertex -3.197409101749103 8.918499340402413 90.6264217492347
      vertex -3.42351660256832 12.990381056766578 91.32230908213783
    endloop
  endfacet
  facet normal 0.9510565162951532 0 -0.30901699437494906
    outer loop
      vertex -3.42351660256832 8.817829795074273 92.77769091786216
      vertex -3.42351660256832 12.990381056766578 92.77769091786216
      vertex -3.197409101749103 8.918499340402413 93.4735782507653
    endloop
  endfacet
  facet normal 0.8660254037844376 0 0.5000000000000018
    outer loop
      vertex -3.197409101749103 8.918499340402413 90.6264217492347
      vertex -2.9356614465620003 9.035036904803958 90.17306151168862
      vertex -3.197409101749103 12.990381056766578 90.6264217492347
    endloop
  endfacet
  facet normal 0.8660254037844376 0 -0.5000000000000018
    outer loop
      vertex -3.197409101749103 8.918499340402413 93.4735782507653
      vertex -3.197409101749103 12.990381056766578 93.4735782507653
      vertex -2.9356614465620003 9.035036904803958 93.92693848831138
    endloop
  endfacet
  facet normal 0.8660254037844469 1.8816030950832093e-18 0.4999999999999856
    outer loop
      vertex -2.9356614465620003 9.035036904803958 90.17306151168862
      vertex -2.831559480312316 9.05716446081308 89.99275161697634
      vertex -2.831559480312316 12.990381056766578 89.99275161697634
    endloop
  endfacet
  facet normal 0.7431448254773878 0 0.6691306063588653
    outer loop
      vertex -2.831559480312316 9.05716446081308 89.99275161697634
      vertex -2.341957122256004 9.161232654627065 89.44899311082912
      vertex -2.831559480312316 12.990381056766578 89.99275161697634
    endloop
  endfacet
  facet normal 0.8660254037844468 2.437362108256165e-15 -0.49999999999998584
    outer loop
      vertex -2.9356614465620003 9.035036904803958 93.92693848831138
      vertex -3.197409101749103 12.990381056766578 93.4735782507653
      vertex -2.831559480312316 9.05716446081308 94.10724838302366
    endloop
  endfacet
  facet normal 0.7431448254773878 0 -0.6691306063588653
    outer loop
      vertex -2.831559480312316 9.05716446081308 94.10724838302366
      vertex -2.831559480312316 12.990381056766578 94.10724838302366
      vertex -2.341957122256004 9.161232654627065 94.65100688917087
    endloop
  endfacet
  facet normal 0.9510565162951531 0 0.309016994374949
    outer loop
      vertex -3.197409101749103 8.918499340402413 90.6264217492347
      vertex -3.197409101749103 12.990381056766578 90.6264217492347
      vertex -3.42351660256832 12.990381056766578 91.32230908213783
    endloop
  endfacet
  facet normal 0.9945218953682734 0 0.1045284632676526
    outer loop
      vertex -3.5 8.783777192587836 92.05
      vertex -3.42351660256832 12.990381056766578 91.32230908213783
      vertex -3.5 12.990381056766578 92.05
    endloop
  endfacet
  facet normal 0.9945218953682734 0 -0.10452846326765258
    outer loop
      vertex -3.42351660256832 8.817829795074273 92.77769091786216
      vertex -3.5 12.990381056766578 92.05
      vertex -3.42351660256832 12.990381056766578 92.77769091786216
    endloop
  endfacet
  facet normal 0.9510565162951531 0 -0.309016994374949
    outer loop
      vertex -3.197409101749103 8.918499340402413 93.4735782507653
      vertex -3.42351660256832 12.990381056766578 92.77769091786216
      vertex -3.197409101749103 12.990381056766578 93.4735782507653
    endloop
  endfacet
  facet normal 0.8660254037844404 7.013279160773038e-16 0.49999999999999717
    outer loop
      vertex -2.9356614465620003 9.035036904803958 90.17306151168862
      vertex -2.831559480312316 12.990381056766578 89.99275161697634
      vertex -3.197409101749103 12.990381056766578 90.6264217492347
    endloop
  endfacet
  facet normal 0.7431448254773878 0 0.6691306063588653
    outer loop
      vertex -2.341957122256004 9.161232654627065 89.44899311082912
      vertex -2.341957122256004 12.990381056766578 89.44899311082912
      vertex -2.831559480312316 12.990381056766578 89.99275161697634
    endloop
  endfacet
  facet normal 0.8660254037844403 0 -0.4999999999999972
    outer loop
      vertex -2.831559480312316 9.05716446081308 94.10724838302366
      vertex -3.197409101749103 12.990381056766578 93.4735782507653
      vertex -2.831559480312316 12.990381056766578 94.10724838302366
    endloop
  endfacet
  facet normal 0.7431448254773878 0 -0.6691306063588653
    outer loop
      vertex -2.341957122256004 9.161232654627065 94.65100688917087
      vertex -2.831559480312316 12.990381056766578 94.10724838302366
      vertex -2.341957122256004 12.990381056766578 94.65100688917087
    endloop
  endfacet
  facet normal 0.5877852522924812 6.462286757001391e-18 0.8090169943749416
    outer loop
      vertex -2.341957122256004 9.161232654627065 89.44899311082912
      vertex -1.75 9.287057025189883 89.01891108675446
      vertex -1.75 12.990381056766578 89.01891108675446
    endloop
  endfacet
  facet normal 0.4067366430757949 1.7014577557514571e-18 0.9135454576426033
    outer loop
      vertex -1.75 9.287057025189883 89.01891108675446
      vertex -1.0815594803123159 9.429138443735619 88.72130219296696
      vertex -1.0815594803123159 12.990381056766578 88.72130219296696
    endloop
  endfacet
  facet normal 0.20791169081774802 0 0.978147600733808
    outer loop
      vertex -1.0815594803123159 9.429138443735619 88.72130219296696
      vertex -0.993020401042708 9.447958005998597 88.70248263070398
      vertex -1.0815594803123159 12.990381056766578 88.72130219296696
    endloop
  endfacet
  facet normal 0.20791169081775154 5.466234672231661e-19 0.9781476007338072
    outer loop
      vertex -0.993020401042708 9.447958005998597 88.70248263070398
      vertex -0.3658496214367871 9.447958005998597 88.56917336621105
      vertex -0.3658496214367871 12.990381056766578 88.56917336621105
    endloop
  endfacet
  facet normal 0.5877852522924812 0 -0.8090169943749416
    outer loop
      vertex -2.341957122256004 9.161232654627065 94.65100688917087
      vertex -2.341957122256004 12.990381056766578 94.65100688917087
      vertex -1.75 9.287057025189883 95.08108891324554
    endloop
  endfacet
  facet normal 0.40673664307579493 0 -0.9135454576426033
    outer loop
      vertex -1.75 9.287057025189883 95.08108891324554
      vertex -1.75 12.990381056766578 95.08108891324554
      vertex -1.0815594803123159 9.429138443735619 95.37869780703303
    endloop
  endfacet
  facet normal 0.20791169081774802 0 -0.978147600733808
    outer loop
      vertex -1.0815594803123159 9.429138443735619 95.37869780703303
      vertex -1.0815594803123159 12.990381056766578 95.37869780703303
      vertex -0.993020401042708 9.447958005998597 95.39751736929601
    endloop
  endfacet
  facet normal 0.20791169081775154 9.342385053270483e-17 -0.9781476007338072
    outer loop
      vertex -0.993020401042708 9.447958005998597 95.39751736929601
      vertex -1.0815594803123159 12.990381056766578 95.37869780703303
      vertex -0.3658496214367871 9.447958005998597 95.53082663378895
    endloop
  endfacet
  facet normal 0 0 -1
    outer loop
      vertex -0.3658496214367871 9.447958005998597 95.53082663378895
      vertex -0.3658496214367871 12.990381056766578 95.53082663378895
      vertex 0.3658496214367871 9.447958005998597 95.53082663378895
    endloop
  endfacet
  facet normal 0.5877852522924812 0 0.8090169943749416
    outer loop
      vertex -2.341957122256004 9.161232654627065 89.44899311082912
      vertex -1.75 12.990381056766578 89.01891108675446
      vertex -2.341957122256004 12.990381056766578 89.44899311082912
    endloop
  endfacet
  facet normal 0.40673664307579493 0 0.9135454576426033
    outer loop
      vertex -1.75 9.287057025189883 89.01891108675446
      vertex -1.0815594803123159 12.990381056766578 88.72130219296696
      vertex -1.75 12.990381056766578 89.01891108675446
    endloop
  endfacet
  facet normal 0.5877852522924812 0 -0.8090169943749416
    outer loop
      vertex -1.75 9.287057025189883 95.08108891324554
      vertex -2.341957122256004 12.990381056766578 94.65100688917087
      vertex -1.75 12.990381056766578 95.08108891324554
    endloop
  endfacet
  facet normal 0.2079116908177511 8.159820022737527e-17 0.9781476007338074
    outer loop
      vertex -0.993020401042708 9.447958005998597 88.70248263070398
      vertex -0.3658496214367871 12.990381056766578 88.56917336621105
      vertex -1.0815594803123159 12.990381056766578 88.72130219296696
    endloop
  endfacet
  facet normal 0 0 1
    outer loop
      vertex -0.3658496214367871 9.447958005998597 88.56917336621105
      vertex 0.3658496214367871 12.990381056766578 88.56917336621105
      vertex -0.3658496214367871 12.990381056766578 88.56917336621105
    endloop
  endfacet
  facet normal 0.4067366430757949 0 -0.9135454576426033
    outer loop
      vertex -1.0815594803123159 9.429138443735619 95.37869780703303
      vertex -1.75 12.990381056766578 95.08108891324554
      vertex -1.0815594803123159 12.990381056766578 95.37869780703303
    endloop
  endfacet
  facet normal 0.20791169081775113 0 -0.9781476007338074
    outer loop
      vertex -0.3658496214367871 9.447958005998597 95.53082663378895
      vertex -1.0815594803123159 12.990381056766578 95.37869780703303
      vertex -0.3658496214367871 12.990381056766578 95.53082663378895
    endloop
  endfacet
  facet normal 0.951056516295153 0 0.30901699437494895
    outer loop
      vertex -3.197409101749103 14.5 90.6264217492347
      vertex -3.197409101749103 17.5 90.6264217492347
      vertex -3.42351660256832 14.5 91.32230908213783
    endloop
  endfacet
  facet normal 0.9945218953682733 -5.85200309527553e-19 0.10452846326765257
    outer loop
      vertex -3.5 14.5 92.05
      vertex -3.42351660256832 14.5 91.32230908213783
      vertex -3.42351660256832 17.5 91.32230908213783
    endloop
  endfacet
  facet normal 0.9945218953682733 0 -0.10452846326765257
    outer loop
      vertex -3.5 17.5 92.05
      vertex -3.42351660256832 14.5 92.77769091786216
      vertex -3.5 14.5 92.05
    endloop
  endfacet
  facet normal 0.951056516295153 0 -0.30901699437494895
    outer loop
      vertex -3.42351660256832 17.5 92.77769091786216
      vertex -3.197409101749103 14.5 93.4735782507653
      vertex -3.42351660256832 14.5 92.77769091786216
    endloop
  endfacet
  facet normal 0.8660254037844404 0 0.4999999999999973
    outer loop
      vertex -2.831559480312316 14.5 89.99275161697634
      vertex -2.831559480312316 17.5 89.99275161697634
      vertex -3.197409101749103 14.5 90.6264217492347
    endloop
  endfacet
  facet normal 0.7431448254773878 1.1784966901148965e-17 0.6691306063588652
    outer loop
      vertex -2.831559480312316 14.5 89.99275161697634
      vertex -2.341957122256004 14.5 89.44899311082912
      vertex -2.341957122256004 17.5 89.44899311082912
    endloop
  endfacet
  facet normal 0.8660254037844404 0 -0.4999999999999973
    outer loop
      vertex -3.197409101749103 17.5 93.4735782507653
      vertex -2.831559480312316 14.5 94.10724838302366
      vertex -3.197409101749103 14.5 93.4735782507653
    endloop
  endfacet
  facet normal 0.7431448254773878 -1.1784966901148965e-17 -0.6691306063588652
    outer loop
      vertex -2.341957122256004 14.5 94.65100688917087
      vertex -2.831559480312316 14.5 94.10724838302366
      vertex -2.831559480312316 17.5 94.10724838302366
    endloop
  endfacet
  facet normal 0.5877852522924811 7.977313948714358e-18 0.8090169943749415
    outer loop
      vertex -2.341957122256004 14.5 89.44899311082912
      vertex -1.75 14.5 89.01891108675446
      vertex -1.75 17.5 89.01891108675446
    endloop
  endfacet
  facet normal 0.40673664307579493 2.0197679546847035e-18 0.9135454576426032
    outer loop
      vertex -1.75 14.5 89.01891108675446
      vertex -1.0815594803123159 14.5 88.72130219296696
      vertex -1.0815594803123159 17.5 88.72130219296696
    endloop
  endfacet
  facet normal 0.20791169081775115 -1.8330237571005225e-18 0.9781476007338075
    outer loop
      vertex -1.0815594803123159 14.5 88.72130219296696
      vertex -0.3658496214367871 14.5 88.56917336621105
      vertex -0.3658496214367871 17.5 88.56917336621105
    endloop
  endfacet
  facet normal 0.5877852522924811 -7.977313948714358e-18 -0.8090169943749415
    outer loop
      vertex -1.75 14.5 95.08108891324554
      vertex -2.341957122256004 14.5 94.65100688917087
      vertex -2.341957122256004 17.5 94.65100688917087
    endloop
  endfacet
  facet normal 0.40673664307579493 0 -0.9135454576426032
    outer loop
      vertex -1.75 14.5 95.08108891324554
      vertex -1.75 17.5 95.08108891324554
      vertex -1.0815594803123159 14.5 95.37869780703303
    endloop
  endfacet
  facet normal 0.20791169081775115 0 -0.9781476007338075
    outer loop
      vertex -1.0815594803123159 17.5 95.37869780703303
      vertex -0.3658496214367871 14.5 95.53082663378895
      vertex -1.0815594803123159 14.5 95.37869780703303
    endloop
  endfacet
  facet normal 0 0 -1
    outer loop
      vertex 0.3658496214367871 14.5 95.53082663378895
      vertex -0.3658496214367871 14.5 95.53082663378895
      vertex -0.3658496214367871 17.5 95.53082663378895
    endloop
  endfacet
  facet normal 0.9945218953682733 0 0.10452846326765257
    outer loop
      vertex -3.5 14.5 92.05
      vertex -3.42351660256832 17.5 91.32230908213783
      vertex -3.5 17.5 92.05
    endloop
  endfacet
  facet normal 0.9945218953682733 5.85200309527553e-19 -0.10452846326765257
    outer loop
      vertex -3.5 17.5 92.05
      vertex -3.42351660256832 17.5 92.77769091786216
      vertex -3.42351660256832 14.5 92.77769091786216
    endloop
  endfacet
  facet normal 0.951056516295153 -7.328247372738421e-19 0.30901699437494895
    outer loop
      vertex -3.197409101749103 17.5 90.6264217492347
      vertex -3.42351660256832 17.5 91.32230908213783
      vertex -3.42351660256832 14.5 91.32230908213783
    endloop
  endfacet
  facet normal 0.951056516295153 7.328247372738421e-19 -0.30901699437494895
    outer loop
      vertex -3.42351660256832 17.5 92.77769091786216
      vertex -3.197409101749103 17.5 93.4735782507653
      vertex -3.197409101749103 14.5 93.4735782507653
    endloop
  endfacet
  facet normal 0.8660254037844404 0 0.4999999999999973
    outer loop
      vertex -3.197409101749103 14.5 90.6264217492347
      vertex -2.831559480312316 17.5 89.99275161697634
      vertex -3.197409101749103 17.5 90.6264217492347
    endloop
  endfacet
  facet normal 0.7431448254773878 0 0.6691306063588652
    outer loop
      vertex -2.831559480312316 14.5 89.99275161697634
      vertex -2.341957122256004 17.5 89.44899311082912
      vertex -2.831559480312316 17.5 89.99275161697634
    endloop
  endfacet
  facet normal 0.8660254037844404 0 -0.4999999999999973
    outer loop
      vertex -2.831559480312316 17.5 94.10724838302366
      vertex -2.831559480312316 14.5 94.10724838302366
      vertex -3.197409101749103 17.5 93.4735782507653
    endloop
  endfacet
  facet normal 0.7431448254773878 0 -0.6691306063588652
    outer loop
      vertex -2.341957122256004 14.5 94.65100688917087
      vertex -2.831559480312316 17.5 94.10724838302366
      vertex -2.341957122256004 17.5 94.65100688917087
    endloop
  endfacet
  facet normal 0.5877852522924811 0 0.8090169943749415
    outer loop
      vertex -2.341957122256004 14.5 89.44899311082912
      vertex -1.75 17.5 89.01891108675446
      vertex -2.341957122256004 17.5 89.44899311082912
    endloop
  endfacet
  facet normal 0.40673664307579493 0 0.9135454576426032
    outer loop
      vertex -1.75 17.5 89.01891108675446
      vertex -1.75 14.5 89.01891108675446
      vertex -1.0815594803123159 17.5 88.72130219296696
    endloop
  endfacet
  facet normal 0.20791169081775115 0 0.9781476007338075
    outer loop
      vertex -1.0815594803123159 14.5 88.72130219296696
      vertex -0.3658496214367871 17.5 88.56917336621105
      vertex -1.0815594803123159 17.5 88.72130219296696
    endloop
  endfacet
  facet normal 0 0 1
    outer loop
      vertex -0.3658496214367871 14.5 88.56917336621105
      vertex 0.3658496214367871 17.5 88.56917336621105
      vertex -0.3658496214367871 17.5 88.56917336621105
    endloop
  endfacet
  facet normal 0.5877852522924811 0 -0.8090169943749415
    outer loop
      vertex -1.75 14.5 95.08108891324554
      vertex -2.341957122256004 17.5 94.65100688917087
      vertex -1.75 17.5 95.08108891324554
    endloop
  endfacet
  facet normal 0.40673664307579493 0 -0.9135454576426032
    outer loop
      vertex -1.0815594803123159 14.5 95.37869780703303
      vertex -1.75 17.5 95.08108891324554
      vertex -1.0815594803123159 17.5 95.37869780703303
    endloop
  endfacet
  facet normal 0.20791169081775115 0 -0.9781476007338075
    outer loop
      vertex -0.3658496214367871 14.5 95.53082663378895
      vertex -1.0815594803123159 17.5 95.37869780703303
      vertex -0.3658496214367871 17.5 95.53082663378895
    endloop
  endfacet
  facet normal 0 0 1
    outer loop
      vertex -0.3658496214367871 9.447958005998597 88.56917336621105
      vertex 0.3658496214367871 9.447958005998597 88.56917336621105
      vertex 0.3658496214367871 12.990381056766578 88.56917336621105
    endloop
  endfacet
  facet normal -0.20791169081775154 9.104348417174052e-17 0.9781476007338072
    outer loop
      vertex 0.3658496214367871 9.447958005998597 88.56917336621105
      vertex 0.993020401042708 9.447958005998597 88.70248263070398
      vertex 1.0815594803123159 12.990381056766578 88.72130219296696
    endloop
  endfacet
  facet normal -0.20791169081774796 3.2928206728712844e-19 0.978147600733808
    outer loop
      vertex 0.993020401042708 9.447958005998597 88.70248263070398
      vertex 1.0815594803123159 9.429138443735619 88.72130219296696
      vertex 1.0815594803123159 12.990381056766578 88.72130219296696
    endloop
  endfacet
  facet normal -0.40673664307579493 -1.6361797704950906e-18 0.9135454576426033
    outer loop
      vertex 1.0815594803123159 9.429138443735619 88.72130219296696
      vertex 1.75 9.287057025189883 89.01891108675446
      vertex 1.75 12.990381056766578 89.01891108675446
    endloop
  endfacet
  facet normal -0.5877852522924812 -6.249938454401834e-18 0.8090169943749416
    outer loop
      vertex 1.75 9.287057025189883 89.01891108675446
      vertex 2.341957122256004 9.161232654627065 89.44899311082912
      vertex 2.341957122256004 12.990381056766578 89.44899311082912
    endloop
  endfacet
  facet normal -0.20791169081775154 0 -0.9781476007338072
    outer loop
      vertex 0.3658496214367871 9.447958005998597 95.53082663378895
      vertex 0.3658496214367871 12.990381056766578 95.53082663378895
      vertex 0.993020401042708 9.447958005998597 95.39751736929601
    endloop
  endfacet
  facet normal -0.20791169081774802 -3.2928206728712844e-19 -0.978147600733808
    outer loop
      vertex 0.993020401042708 9.447958005998597 95.39751736929601
      vertex 1.0815594803123159 12.990381056766578 95.37869780703303
      vertex 1.0815594803123159 9.429138443735619 95.37869780703303
    endloop
  endfacet
  facet normal -0.4067366430757949 0 -0.9135454576426033
    outer loop
      vertex 1.0815594803123159 9.429138443735619 95.37869780703303
      vertex 1.0815594803123159 12.990381056766578 95.37869780703303
      vertex 1.75 9.287057025189883 95.08108891324554
    endloop
  endfacet
  facet normal -0.5877852522924812 0 -0.8090169943749416
    outer loop
      vertex 1.75 9.287057025189883 95.08108891324554
      vertex 1.75 12.990381056766578 95.08108891324554
      vertex 2.341957122256004 9.161232654627065 94.65100688917087
    endloop
  endfacet
  facet normal -0.5877852522924812 0 0.8090169943749416
    outer loop
      vertex 1.75 9.287057025189883 89.01891108675446
      vertex 2.341957122256004 12.990381056766578 89.44899311082912
      vertex 1.75 12.990381056766578 89.01891108675446
    endloop
  endfacet
  facet normal -0.40673664307579493 0 -0.9135454576426033
    outer loop
      vertex 1.75 9.287057025189883 95.08108891324554
      vertex 1.0815594803123159 12.990381056766578 95.37869780703303
      vertex 1.75 12.990381056766578 95.08108891324554
    endloop
  endfacet
  facet normal -0.5877852522924812 0 -0.8090169943749416
    outer loop
      vertex 2.341957122256004 9.161232654627065 94.65100688917087
      vertex 1.75 12.990381056766578 95.08108891324554
      vertex 2.341957122256004 12.990381056766578 94.65100688917087
    endloop
  endfacet
  facet normal -0.8660254037844376 -3.5941520259353906e-19 0.5000000000000018
    outer loop
      vertex 2.9356614465620003 9.035036904803958 90.17306151168862
      vertex 3.197409101749103 8.918499340402413 90.6264217492347
      vertex 3.197409101749103 12.990381056766578 90.6264217492347
    endloop
  endfacet
  facet normal -0.8660254037844376 0 -0.5000000000000018
    outer loop
      vertex 3.197409101749103 8.918499340402413 93.4735782507653
      vertex 2.9356614465620003 9.035036904803958 93.92693848831138
      vertex 3.197409101749103 12.990381056766578 93.4735782507653
    endloop
  endfacet
  facet normal -0.9510565162951532 5.268896830592486e-19 0.30901699437494906
    outer loop
      vertex 3.197409101749103 8.918499340402413 90.6264217492347
      vertex 3.42351660256832 8.817829795074273 91.32230908213783
      vertex 3.42351660256832 12.990381056766578 91.32230908213783
    endloop
  endfacet
  facet normal -0.9510565162951532 -5.268896830592486e-19 -0.30901699437494906
    outer loop
      vertex 3.197409101749103 8.918499340402413 93.4735782507653
      vertex 3.42351660256832 12.990381056766578 92.77769091786216
      vertex 3.42351660256832 8.817829795074273 92.77769091786216
    endloop
  endfacet
  facet normal -0.9945218953682734 4.1734401081415026e-19 0.1045284632676526
    outer loop
      vertex 3.42351660256832 8.817829795074273 91.32230908213783
      vertex 3.5 8.783777192587836 92.05
      vertex 3.5 12.990381056766578 92.05
    endloop
  endfacet
  facet normal -0.9945218953682734 -4.2074999645914997e-19 -0.10452846326765258
    outer loop
      vertex 3.5 8.783777192587836 92.05
      vertex 3.42351660256832 8.817829795074273 92.77769091786216
      vertex 3.42351660256832 12.990381056766578 92.77769091786216
    endloop
  endfacet
  facet normal -0.7431448254773878 -8.988800855722031e-18 0.6691306063588653
    outer loop
      vertex 2.341957122256004 9.161232654627065 89.44899311082912
      vertex 2.831559480312316 9.05716446081308 89.99275161697634
      vertex 2.831559480312316 12.990381056766578 89.99275161697634
    endloop
  endfacet
  facet normal -0.8660254037844468 2.4369802735165277e-15 0.49999999999998584
    outer loop
      vertex 2.831559480312316 9.05716446081308 89.99275161697634
      vertex 2.9356614465620003 9.035036904803958 90.17306151168862
      vertex 3.197409101749103 12.990381056766578 90.6264217492347
    endloop
  endfacet
  facet normal -0.7431448254773879 8.988800855722033e-18 -0.6691306063588653
    outer loop
      vertex 2.341957122256004 9.161232654627065 94.65100688917087
      vertex 2.831559480312316 12.990381056766578 94.10724838302366
      vertex 2.831559480312316 9.05716446081308 94.10724838302366
    endloop
  endfacet
  facet normal -0.8660254037844469 0 -0.4999999999999856
    outer loop
      vertex 2.831559480312316 9.05716446081308 94.10724838302366
      vertex 2.831559480312316 12.990381056766578 94.10724838302366
      vertex 2.9356614465620003 9.035036904803958 93.92693848831138
    endloop
  endfacet
  facet normal -0.7431448254773878 0 0.6691306063588653
    outer loop
      vertex 2.341957122256004 9.161232654627065 89.44899311082912
      vertex 2.831559480312316 12.990381056766578 89.99275161697634
      vertex 2.341957122256004 12.990381056766578 89.44899311082912
    endloop
  endfacet
  facet normal -0.8660254037844403 0 0.4999999999999972
    outer loop
      vertex 2.831559480312316 9.05716446081308 89.99275161697634
      vertex 3.197409101749103 12.990381056766578 90.6264217492347
      vertex 2.831559480312316 12.990381056766578 89.99275161697634
    endloop
  endfacet
  facet normal -0.8660254037844404 7.013279160773038e-16 -0.49999999999999717
    outer loop
      vertex 2.9356614465620003 9.035036904803958 93.92693848831138
      vertex 2.831559480312316 12.990381056766578 94.10724838302366
      vertex 3.197409101749103 12.990381056766578 93.4735782507653
    endloop
  endfacet
  facet normal -0.9510565162951531 0 0.309016994374949
    outer loop
      vertex 3.197409101749103 8.918499340402413 90.6264217492347
      vertex 3.42351660256832 12.990381056766578 91.32230908213783
      vertex 3.197409101749103 12.990381056766578 90.6264217492347
    endloop
  endfacet
  facet normal -0.9510565162951531 0 -0.309016994374949
    outer loop
      vertex 3.197409101749103 8.918499340402413 93.4735782507653
      vertex 3.197409101749103 12.990381056766578 93.4735782507653
      vertex 3.42351660256832 12.990381056766578 92.77769091786216
    endloop
  endfacet
  facet normal -0.9945218953682734 0 0.10452846326765258
    outer loop
      vertex 3.42351660256832 8.817829795074273 91.32230908213783
      vertex 3.5 12.990381056766578 92.05
      vertex 3.42351660256832 12.990381056766578 91.32230908213783
    endloop
  endfacet
  facet normal -0.9945218953682734 0 -0.1045284632676526
    outer loop
      vertex 3.5 8.783777192587836 92.05
      vertex 3.42351660256832 12.990381056766578 92.77769091786216
      vertex 3.5 12.990381056766578 92.05
    endloop
  endfacet
  facet normal -0.7431448254773878 0 -0.6691306063588653
    outer loop
      vertex 2.341957122256004 9.161232654627065 94.65100688917087
      vertex 2.341957122256004 12.990381056766578 94.65100688917087
      vertex 2.831559480312316 12.990381056766578 94.10724838302366
    endloop
  endfacet
  facet normal -0.20791169081775113 0 0.9781476007338074
    outer loop
      vertex 0.3658496214367871 9.447958005998597 88.56917336621105
      vertex 1.0815594803123159 12.990381056766578 88.72130219296696
      vertex 0.3658496214367871 12.990381056766578 88.56917336621105
    endloop
  endfacet
  facet normal -0.4067366430757949 0 0.9135454576426033
    outer loop
      vertex 1.0815594803123159 9.429138443735619 88.72130219296696
      vertex 1.75 12.990381056766578 89.01891108675446
      vertex 1.0815594803123159 12.990381056766578 88.72130219296696
    endloop
  endfacet
  facet normal 0 0 -1
    outer loop
      vertex 0.3658496214367871 9.447958005998597 95.53082663378895
      vertex -0.3658496214367871 12.990381056766578 95.53082663378895
      vertex 0.3658496214367871 12.990381056766578 95.53082663378895
    endloop
  endfacet
  facet normal -0.2079116908177511 8.159820022737527e-17 -0.9781476007338074
    outer loop
      vertex 0.993020401042708 9.447958005998597 95.39751736929601
      vertex 0.3658496214367871 12.990381056766578 95.53082663378895
      vertex 1.0815594803123159 12.990381056766578 95.37869780703303
    endloop
  endfacet
  facet normal 0 0 1
    outer loop
      vertex -0.3658496214367871 14.5 88.56917336621105
      vertex 0.3658496214367871 14.5 88.56917336621105
      vertex 0.3658496214367871 17.5 88.56917336621105
    endloop
  endfacet
  facet normal -0.20791169081775115 0 0.9781476007338075
    outer loop
      vertex 1.0815594803123159 17.5 88.72130219296696
      vertex 0.3658496214367871 14.5 88.56917336621105
      vertex 1.0815594803123159 14.5 88.72130219296696
    endloop
  endfacet
  facet normal -0.40673664307579493 -2.0197679546847035e-18 0.9135454576426032
    outer loop
      vertex 1.0815594803123159 14.5 88.72130219296696
      vertex 1.75 14.5 89.01891108675446
      vertex 1.75 17.5 89.01891108675446
    endloop
  endfacet
  facet normal -0.5877852522924811 -7.977313948714358e-18 0.8090169943749415
    outer loop
      vertex 1.75 14.5 89.01891108675446
      vertex 2.341957122256004 14.5 89.44899311082912
      vertex 2.341957122256004 17.5 89.44899311082912
    endloop
  endfacet
  facet normal -0.20791169081775115 -1.8330237571005225e-18 -0.9781476007338075
    outer loop
      vertex 1.0815594803123159 14.5 95.37869780703303
      vertex 0.3658496214367871 14.5 95.53082663378895
      vertex 0.3658496214367871 17.5 95.53082663378895
    endloop
  endfacet
  facet normal -0.40673664307579493 0 -0.9135454576426032
    outer loop
      vertex 1.0815594803123159 14.5 95.37869780703303
      vertex 1.0815594803123159 17.5 95.37869780703303
      vertex 1.75 14.5 95.08108891324554
    endloop
  endfacet
  facet normal -0.5877852522924811 7.977313948714358e-18 -0.8090169943749415
    outer loop
      vertex 2.341957122256004 14.5 94.65100688917087
      vertex 1.75 14.5 95.08108891324554
      vertex 1.75 17.5 95.08108891324554
    endloop
  endfacet
  facet normal -0.7431448254773878 -1.1784966901148965e-17 0.6691306063588652
    outer loop
      vertex 2.341957122256004 14.5 89.44899311082912
      vertex 2.831559480312316 14.5 89.99275161697634
      vertex 2.831559480312316 17.5 89.99275161697634
    endloop
  endfacet
  facet normal -0.8660254037844404 5.8278879064674904e-18 0.4999999999999973
    outer loop
      vertex 2.831559480312316 14.5 89.99275161697634
      vertex 3.197409101749103 14.5 90.6264217492347
      vertex 3.197409101749103 17.5 90.6264217492347
    endloop
  endfacet
  facet normal -0.8660254037844404 0 -0.4999999999999973
    outer loop
      vertex 2.831559480312316 14.5 94.10724838302366
      vertex 2.831559480312316 17.5 94.10724838302366
      vertex 3.197409101749103 14.5 93.4735782507653
    endloop
  endfacet
  facet normal -0.951056516295153 7.328247372738421e-19 0.30901699437494895
    outer loop
      vertex 3.197409101749103 14.5 90.6264217492347
      vertex 3.42351660256832 14.5 91.32230908213783
      vertex 3.42351660256832 17.5 91.32230908213783
    endloop
  endfacet
  facet normal -0.951056516295153 0 -0.30901699437494895
    outer loop
      vertex 3.197409101749103 14.5 93.4735782507653
      vertex 3.197409101749103 17.5 93.4735782507653
      vertex 3.42351660256832 14.5 92.77769091786216
    endloop
  endfacet
  facet normal -0.9945218953682733 5.85200309527553e-19 0.10452846326765257
    outer loop
      vertex 3.42351660256832 14.5 91.32230908213783
      vertex 3.5 14.5 92.05
      vertex 3.5 17.5 92.05
    endloop
  endfacet
  facet normal -0.9945218953682733 0 -0.10452846326765257
    outer loop
      vertex 3.42351660256832 14.5 92.77769091786216
      vertex 3.42351660256832 17.5 92.77769091786216
      vertex 3.5 14.5 92.05
    endloop
  endfacet
  facet normal -0.7431448254773878 0 -0.6691306063588652
    outer loop
      vertex 2.341957122256004 14.5 94.65100688917087
      vertex 2.341957122256004 17.5 94.65100688917087
      vertex 2.831559480312316 14.5 94.10724838302366
    endloop
  endfacet
  facet normal -0.20791169081775115 0 0.9781476007338075
    outer loop
      vertex 0.3658496214367871 14.5 88.56917336621105
      vertex 1.0815594803123159 17.5 88.72130219296696
      vertex 0.3658496214367871 17.5 88.56917336621105
    endloop
  endfacet
  facet normal -0.40673664307579493 0 0.9135454576426032
    outer loop
      vertex 1.0815594803123159 14.5 88.72130219296696
      vertex 1.75 17.5 89.01891108675446
      vertex 1.0815594803123159 17.5 88.72130219296696
    endloop
  endfacet
  facet normal -0.5877852522924811 0 0.8090169943749415
    outer loop
      vertex 1.75 14.5 89.01891108675446
      vertex 2.341957122256004 17.5 89.44899311082912
      vertex 1.75 17.5 89.01891108675446
    endloop
  endfacet
  facet normal 0 0 -1
    outer loop
      vertex 0.3658496214367871 14.5 95.53082663378895
      vertex -0.3658496214367871 17.5 95.53082663378895
      vertex 0.3658496214367871 17.5 95.53082663378895
    endloop
  endfacet
  facet normal -0.20791169081775115 0 -0.9781476007338075
    outer loop
      vertex 1.0815594803123159 14.5 95.37869780703303
      vertex 0.3658496214367871 17.5 95.53082663378895
      vertex 1.0815594803123159 17.5 95.37869780703303
    endloop
  endfacet
  facet normal -0.40673664307579493 0 -0.9135454576426032
    outer loop
      vertex 1.75 14.5 95.08108891324554
      vertex 1.0815594803123159 17.5 95.37869780703303
      vertex 1.75 17.5 95.08108891324554
    endloop
  endfacet
  facet normal -0.5877852522924811 0 -0.8090169943749415
    outer loop
      vertex 2.341957122256004 14.5 94.65100688917087
      vertex 1.75 17.5 95.08108891324554
      vertex 2.341957122256004 17.5 94.65100688917087
    endloop
  endfacet
  facet normal -0.7431448254773878 0 0.6691306063588652
    outer loop
      vertex 2.341957122256004 14.5 89.44899311082912
      vertex 2.831559480312316 17.5 89.99275161697634
      vertex 2.341957122256004 17.5 89.44899311082912
    endloop
  endfacet
  facet normal -0.8660254037844404 0 0.4999999999999973
    outer loop
      vertex 2.831559480312316 14.5 89.99275161697634
      vertex 3.197409101749103 17.5 90.6264217492347
      vertex 2.831559480312316 17.5 89.99275161697634
    endloop
  endfacet
  facet normal -0.7431448254773878 0 -0.6691306063588652
    outer loop
      vertex 2.831559480312316 14.5 94.10724838302366
      vertex 2.341957122256004 17.5 94.65100688917087
      vertex 2.831559480312316 17.5 94.10724838302366
    endloop
  endfacet
  facet normal -0.8660254037844404 -5.8278879064674904e-18 -0.4999999999999973
    outer loop
      vertex 2.831559480312316 17.5 94.10724838302366
      vertex 3.197409101749103 17.5 93.4735782507653
      vertex 3.197409101749103 14.5 93.4735782507653
    endloop
  endfacet
  facet normal -0.951056516295153 0 0.30901699437494895
    outer loop
      vertex 3.197409101749103 14.5 90.6264217492347
      vertex 3.42351660256832 17.5 91.32230908213783
      vertex 3.197409101749103 17.5 90.6264217492347
    endloop
  endfacet
  facet normal -0.951056516295153 -7.328247372738421e-19 -0.30901699437494895
    outer loop
      vertex 3.197409101749103 17.5 93.4735782507653
      vertex 3.42351660256832 17.5 92.77769091786216
      vertex 3.42351660256832 14.5 92.77769091786216
    endloop
  endfacet
  facet normal -0.9945218953682733 0 0.10452846326765257
    outer loop
      vertex 3.42351660256832 14.5 91.32230908213783
      vertex 3.5 17.5 92.05
      vertex 3.42351660256832 17.5 91.32230908213783
    endloop
  endfacet
  facet normal -0.9945218953682733 -5.85200309527553e-19 -0.10452846326765257
    outer loop
      vertex 3.42351660256832 17.5 92.77769091786216
      vertex 3.5 17.5 92.05
      vertex 3.5 14.5 92.05
    endloop
  endfacet
  facet normal 0.9945218953682734 0 0.10452846326765258
    outer loop
      vertex -3.42351660256832 8.817829795074273 127.10230908213784
      vertex -3.42351660256832 12.990381056766578 127.10230908213784
      vertex -3.5 8.783777192587836 127.83
    endloop
  endfacet
  facet normal 0.9945218953682732 0 -0.1045284632676546
    outer loop
      vertex -3.5 8.783777192587836 127.83
      vertex -3.5 12.990381056766578 127.83
      vertex -3.42351660256832 8.817829795074273 128.55769091786215
    endloop
  endfacet
  facet normal 0.9510565162951532 0 0.30901699437494906
    outer loop
      vertex -3.42351660256832 8.817829795074273 127.10230908213784
      vertex -3.197409101749103 8.918499340402413 126.4064217492347
      vertex -3.42351660256832 12.990381056766578 127.10230908213784
    endloop
  endfacet
  facet normal 0.8660254037844376 0 0.5000000000000018
    outer loop
      vertex -3.197409101749103 8.918499340402413 126.4064217492347
      vertex -2.9356614465620003 9.035036904803958 125.95306151168862
      vertex -3.197409101749103 12.990381056766578 126.4064217492347
    endloop
  endfacet
  facet normal 0.9510565162951532 0 -0.30901699437494906
    outer loop
      vertex -3.42351660256832 8.817829795074273 128.55769091786215
      vertex -3.42351660256832 12.990381056766578 128.55769091786215
      vertex -3.197409101749103 8.918499340402413 129.2535782507653
    endloop
  endfacet
  facet normal 0.8660254037844444 0 -0.49999999999999
    outer loop
      vertex -3.197409101749103 8.918499340402413 129.2535782507653
      vertex -3.197409101749103 12.990381056766578 129.2535782507653
      vertex -2.9356614465620003 9.035036904803958 129.70693848831138
    endloop
  endfacet
  facet normal 0.8660254037844469 1.8816030950832093e-18 0.4999999999999856
    outer loop
      vertex -2.9356614465620003 9.035036904803958 125.95306151168862
      vertex -2.831559480312316 9.05716446081308 125.77275161697634
      vertex -2.831559480312316 12.990381056766578 125.77275161697634
    endloop
  endfacet
  facet normal 0.7431448254773878 0 0.6691306063588653
    outer loop
      vertex -2.831559480312316 9.05716446081308 125.77275161697634
      vertex -2.341957122256004 9.161232654627065 125.22899311082912
      vertex -2.831559480312316 12.990381056766578 125.77275161697634
    endloop
  endfacet
  facet normal 0.8660254037844468 6.658681674547144e-16 -0.49999999999998573
    outer loop
      vertex -2.9356614465620003 9.035036904803958 129.70693848831138
      vertex -3.197409101749103 12.990381056766578 129.2535782507653
      vertex -2.831559480312316 9.05716446081308 129.88724838302366
    endloop
  endfacet
  facet normal 0.7431448254773878 0 -0.6691306063588653
    outer loop
      vertex -2.831559480312316 9.05716446081308 129.88724838302366
      vertex -2.831559480312316 12.990381056766578 129.88724838302366
      vertex -2.341957122256004 9.161232654627065 130.43100688917087
    endloop
  endfacet
  facet normal 0.9945218953682734 0 0.1045284632676526
    outer loop
      vertex -3.5 8.783777192587836 127.83
      vertex -3.42351660256832 12.990381056766578 127.10230908213784
      vertex -3.5 12.990381056766578 127.83
    endloop
  endfacet
  facet normal 0.9510565162951531 0 0.309016994374949
    outer loop
      vertex -3.197409101749103 8.918499340402413 126.4064217492347
      vertex -3.197409101749103 12.990381056766578 126.4064217492347
      vertex -3.42351660256832 12.990381056766578 127.10230908213784
    endloop
  endfacet
  facet normal 0.8660254037844404 7.013279160773038e-16 0.49999999999999717
    outer loop
      vertex -2.9356614465620003 9.035036904803958 125.95306151168862
      vertex -2.831559480312316 12.990381056766578 125.77275161697634
      vertex -3.197409101749103 12.990381056766578 126.4064217492347
    endloop
  endfacet
  facet normal 0.7431448254773878 0 0.6691306063588653
    outer loop
      vertex -2.341957122256004 9.161232654627065 125.22899311082912
      vertex -2.341957122256004 12.990381056766578 125.22899311082912
      vertex -2.831559480312316 12.990381056766578 125.77275161697634
    endloop
  endfacet
  facet normal 0.9945218953682732 0 -0.1045284632676546
    outer loop
      vertex -3.42351660256832 8.817829795074273 128.55769091786215
      vertex -3.5 12.990381056766578 127.83
      vertex -3.42351660256832 12.990381056766578 128.55769091786215
    endloop
  endfacet
  facet normal 0.9510565162951531 0 -0.309016994374949
    outer loop
      vertex -3.197409101749103 8.918499340402413 129.2535782507653
      vertex -3.42351660256832 12.990381056766578 128.55769091786215
      vertex -3.197409101749103 12.990381056766578 129.2535782507653
    endloop
  endfacet
  facet normal 0.8660254037844451 0 -0.4999999999999888
    outer loop
      vertex -2.831559480312316 9.05716446081308 129.88724838302366
      vertex -3.197409101749103 12.990381056766578 129.2535782507653
      vertex -2.831559480312316 12.990381056766578 129.88724838302366
    endloop
  endfacet
  facet normal 0.7431448254773878 0 -0.6691306063588653
    outer loop
      vertex -2.341957122256004 9.161232654627065 130.43100688917087
      vertex -2.831559480312316 12.990381056766578 129.88724838302366
      vertex -2.341957122256004 12.990381056766578 130.43100688917087
    endloop
  endfacet
  facet normal 0.5877852522924812 6.462286757001391e-18 0.8090169943749416
    outer loop
      vertex -2.341957122256004 9.161232654627065 125.22899311082912
      vertex -1.75 9.287057025189883 124.79891108675446
      vertex -1.75 12.990381056766578 124.79891108675446
    endloop
  endfacet
  facet normal 0.4067366430757949 1.7014577557514571e-18 0.9135454576426033
    outer loop
      vertex -1.75 9.287057025189883 124.79891108675446
      vertex -1.0815594803123159 9.429138443735619 124.50130219296696
      vertex -1.0815594803123159 12.990381056766578 124.50130219296696
    endloop
  endfacet
  facet normal 0.5877852522924812 0 -0.8090169943749416
    outer loop
      vertex -2.341957122256004 9.161232654627065 130.43100688917087
      vertex -2.341957122256004 12.990381056766578 130.43100688917087
      vertex -1.75 9.287057025189883 130.86108891324554
    endloop
  endfacet
  facet normal 0.40673664307579493 0 -0.9135454576426033
    outer loop
      vertex -1.75 9.287057025189883 130.86108891324554
      vertex -1.75 12.990381056766578 130.86108891324554
      vertex -1.0815594803123159 9.429138443735619 131.15869780703304
    endloop
  endfacet
  facet normal 0.20791169081774802 0 0.978147600733808
    outer loop
      vertex -1.0815594803123159 9.429138443735619 124.50130219296696
      vertex -0.993020401042708 9.447958005998597 124.48248263070398
      vertex -1.0815594803123159 12.990381056766578 124.50130219296696
    endloop
  endfacet
  facet normal 0.20791169081775154 5.466234672231661e-19 0.9781476007338072
    outer loop
      vertex -0.993020401042708 9.447958005998597 124.48248263070398
      vertex -0.3658496214367871 9.447958005998597 124.34917336621105
      vertex -0.3658496214367871 12.990381056766578 124.34917336621105
    endloop
  endfacet
  facet normal 0.20791169081789818 0 -0.978147600733776
    outer loop
      vertex -1.0815594803123159 9.429138443735619 131.15869780703304
      vertex -1.0815594803123159 12.990381056766578 131.15869780703304
      vertex -0.993020401042708 9.447958005998597 131.17751736929603
    endloop
  endfacet
  facet normal 0.20791169081775154 -3.830532505001405e-15 -0.9781476007338072
    outer loop
      vertex -0.993020401042708 9.447958005998597 131.17751736929603
      vertex -1.0815594803123159 12.990381056766578 131.15869780703304
      vertex -0.3658496214367871 9.447958005998597 131.31082663378896
    endloop
  endfacet
  facet normal 0 0 -1
    outer loop
      vertex -0.3658496214367871 9.447958005998597 131.31082663378896
      vertex -0.3658496214367871 12.990381056766578 131.31082663378896
      vertex 0.3658496214367871 9.447958005998597 131.31082663378896
    endloop
  endfacet
  facet normal 0.5877852522924812 0 0.8090169943749416
    outer loop
      vertex -2.341957122256004 9.161232654627065 125.22899311082912
      vertex -1.75 12.990381056766578 124.79891108675446
      vertex -2.341957122256004 12.990381056766578 125.22899311082912
    endloop
  endfacet
  facet normal 0.40673664307579493 0 0.9135454576426033
    outer loop
      vertex -1.75 9.287057025189883 124.79891108675446
      vertex -1.0815594803123159 12.990381056766578 124.50130219296696
      vertex -1.75 12.990381056766578 124.79891108675446
    endloop
  endfacet
  facet normal 0.5877852522924812 0 -0.8090169943749416
    outer loop
      vertex -1.75 9.287057025189883 130.86108891324554
      vertex -2.341957122256004 12.990381056766578 130.43100688917087
      vertex -1.75 12.990381056766578 130.86108891324554
    endloop
  endfacet
  facet normal 0.4067366430757949 0 -0.9135454576426033
    outer loop
      vertex -1.0815594803123159 9.429138443735619 131.15869780703304
      vertex -1.75 12.990381056766578 130.86108891324554
      vertex -1.0815594803123159 12.990381056766578 131.15869780703304
    endloop
  endfacet
  facet normal 0.2079116908177511 8.159820022737527e-17 0.9781476007338074
    outer loop
      vertex -0.993020401042708 9.447958005998597 124.48248263070398
      vertex -0.3658496214367871 12.990381056766578 124.34917336621105
      vertex -1.0815594803123159 12.990381056766578 124.50130219296696
    endloop
  endfacet
  facet normal 0 0 1
    outer loop
      vertex -0.3658496214367871 9.447958005998597 124.34917336621105
      vertex 0.3658496214367871 12.990381056766578 124.34917336621105
      vertex -0.3658496214367871 12.990381056766578 124.34917336621105
    endloop
  endfacet
  facet normal 0.20791169081776972 0 -0.9781476007338035
    outer loop
      vertex -0.3658496214367871 9.447958005998597 131.31082663378896
      vertex -1.0815594803123159 12.990381056766578 131.15869780703304
      vertex -0.3658496214367871 12.990381056766578 131.31082663378896
    endloop
  endfacet
  facet normal 0.9945218953682733 0 0.10452846326765257
    outer loop
      vertex -3.42351660256832 14.5 127.10230908213784
      vertex -3.42351660256832 17.5 127.10230908213784
      vertex -3.5 14.5 127.83
    endloop
  endfacet
  facet normal 0.9945218953682732 0 -0.1045284632676546
    outer loop
      vertex -3.5 14.5 127.83
      vertex -3.5 17.5 127.83
      vertex -3.42351660256832 14.5 128.55769091786215
    endloop
  endfacet
  facet normal 0.951056516295153 0 0.30901699437494895
    outer loop
      vertex -3.197409101749103 14.5 126.4064217492347
      vertex -3.197409101749103 17.5 126.4064217492347
      vertex -3.42351660256832 14.5 127.10230908213784
    endloop
  endfacet
  facet normal 0.8660254037844404 0 0.4999999999999973
    outer loop
      vertex -2.831559480312316 14.5 125.77275161697634
      vertex -2.831559480312316 17.5 125.77275161697634
      vertex -3.197409101749103 14.5 126.4064217492347
    endloop
  endfacet
  facet normal 0.7431448254773878 1.1784966901148965e-17 0.6691306063588652
    outer loop
      vertex -2.831559480312316 14.5 125.77275161697634
      vertex -2.341957122256004 14.5 125.22899311082912
      vertex -2.341957122256004 17.5 125.22899311082912
    endloop
  endfacet
  facet normal 0.951056516295153 0 -0.30901699437494895
    outer loop
      vertex -3.42351660256832 17.5 128.55769091786215
      vertex -3.197409101749103 14.5 129.2535782507653
      vertex -3.42351660256832 14.5 128.55769091786215
    endloop
  endfacet
  facet normal 0.866025403784445 0 -0.4999999999999888
    outer loop
      vertex -3.197409101749103 14.5 129.2535782507653
      vertex -3.197409101749103 17.5 129.2535782507653
      vertex -2.831559480312316 14.5 129.88724838302366
    endloop
  endfacet
  facet normal 0.7431448254773878 -1.1784966901148965e-17 -0.6691306063588652
    outer loop
      vertex -2.341957122256004 14.5 130.43100688917087
      vertex -2.831559480312316 14.5 129.88724838302366
      vertex -2.831559480312316 17.5 129.88724838302366
    endloop
  endfacet
  facet normal 0.5877852522924811 7.977313948714358e-18 0.8090169943749415
    outer loop
      vertex -2.341957122256004 14.5 125.22899311082912
      vertex -1.75 14.5 124.79891108675446
      vertex -1.75 17.5 124.79891108675446
    endloop
  endfacet
  facet normal 0.40673664307579493 2.0197679546847035e-18 0.9135454576426032
    outer loop
      vertex -1.75 14.5 124.79891108675446
      vertex -1.0815594803123159 14.5 124.50130219296696
      vertex -1.0815594803123159 17.5 124.50130219296696
    endloop
  endfacet
  facet normal 0.5877852522924811 -7.977313948714358e-18 -0.8090169943749415
    outer loop
      vertex -1.75 14.5 130.86108891324554
      vertex -2.341957122256004 14.5 130.43100688917087
      vertex -2.341957122256004 17.5 130.43100688917087
    endloop
  endfacet
  facet normal 0.40673664307579493 0 -0.9135454576426032
    outer loop
      vertex -1.75 14.5 130.86108891324554
      vertex -1.75 17.5 130.86108891324554
      vertex -1.0815594803123159 14.5 131.15869780703304
    endloop
  endfacet
  facet normal 0.20791169081775115 -1.8330237571005225e-18 0.9781476007338075
    outer loop
      vertex -1.0815594803123159 14.5 124.50130219296696
      vertex -0.3658496214367871 14.5 124.34917336621105
      vertex -0.3658496214367871 17.5 124.34917336621105
    endloop
  endfacet
  facet normal 0.2079116908177697 0 -0.9781476007338032
    outer loop
      vertex -1.0815594803123159 17.5 131.15869780703304
      vertex -0.3658496214367871 14.5 131.31082663378896
      vertex -1.0815594803123159 14.5 131.15869780703304
    endloop
  endfacet
  facet normal 0 0 -1
    outer loop
      vertex 0.3658496214367871 14.5 131.31082663378896
      vertex -0.3658496214367871 14.5 131.31082663378896
      vertex -0.3658496214367871 17.5 131.31082663378896
    endloop
  endfacet
  facet normal 0.9945218953682733 0 0.10452846326765257
    outer loop
      vertex -3.5 14.5 127.83
      vertex -3.42351660256832 17.5 127.10230908213784
      vertex -3.5 17.5 127.83
    endloop
  endfacet
  facet normal 0.951056516295153 -7.328247372738421e-19 0.30901699437494895
    outer loop
      vertex -3.197409101749103 17.5 126.4064217492347
      vertex -3.42351660256832 17.5 127.10230908213784
      vertex -3.42351660256832 14.5 127.10230908213784
    endloop
  endfacet
  facet normal 0.8660254037844404 -5.8278879064674904e-18 0.4999999999999973
    outer loop
      vertex -2.831559480312316 17.5 125.77275161697634
      vertex -3.197409101749103 17.5 126.4064217492347
      vertex -3.197409101749103 14.5 126.4064217492347
    endloop
  endfacet
  facet normal 0.7431448254773878 0 0.6691306063588652
    outer loop
      vertex -2.831559480312316 14.5 125.77275161697634
      vertex -2.341957122256004 17.5 125.22899311082912
      vertex -2.831559480312316 17.5 125.77275161697634
    endloop
  endfacet
  facet normal 0.9945218953682732 -1.4315663972167072e-18 -0.1045284632676546
    outer loop
      vertex -3.5 17.5 127.83
      vertex -3.42351660256832 17.5 128.55769091786215
      vertex -3.42351660256832 14.5 128.55769091786215
    endloop
  endfacet
  facet normal 0.951056516295153 0 -0.30901699437494895
    outer loop
      vertex -3.197409101749103 17.5 129.2535782507653
      vertex -3.197409101749103 14.5 129.2535782507653
      vertex -3.42351660256832 17.5 128.55769091786215
    endloop
  endfacet
  facet normal 0.866025403784445 0 -0.4999999999999888
    outer loop
      vertex -2.831559480312316 17.5 129.88724838302366
      vertex -2.831559480312316 14.5 129.88724838302366
      vertex -3.197409101749103 17.5 129.2535782507653
    endloop
  endfacet
  facet normal 0.7431448254773878 0 -0.6691306063588652
    outer loop
      vertex -2.341957122256004 14.5 130.43100688917087
      vertex -2.831559480312316 17.5 129.88724838302366
      vertex -2.341957122256004 17.5 130.43100688917087
    endloop
  endfacet
  facet normal 0.5877852522924811 0 0.8090169943749415
    outer loop
      vertex -2.341957122256004 14.5 125.22899311082912
      vertex -1.75 17.5 124.79891108675446
      vertex -2.341957122256004 17.5 125.22899311082912
    endloop
  endfacet
  facet normal 0.40673664307579493 0 0.9135454576426032
    outer loop
      vertex -1.75 17.5 124.79891108675446
      vertex -1.75 14.5 124.79891108675446
      vertex -1.0815594803123159 17.5 124.50130219296696
    endloop
  endfacet
  facet normal 0.5877852522924811 0 -0.8090169943749415
    outer loop
      vertex -1.75 14.5 130.86108891324554
      vertex -2.341957122256004 17.5 130.43100688917087
      vertex -1.75 17.5 130.86108891324554
    endloop
  endfacet
  facet normal 0.40673664307579493 0 -0.9135454576426032
    outer loop
      vertex -1.0815594803123159 14.5 131.15869780703304
      vertex -1.75 17.5 130.86108891324554
      vertex -1.0815594803123159 17.5 131.15869780703304
    endloop
  endfacet
  facet normal 0.20791169081775115 0 0.9781476007338075
    outer loop
      vertex -1.0815594803123159 14.5 124.50130219296696
      vertex -0.3658496214367871 17.5 124.34917336621105
      vertex -1.0815594803123159 17.5 124.50130219296696
    endloop
  endfacet
  facet normal 0 0 1
    outer loop
      vertex -0.3658496214367871 14.5 124.34917336621105
      vertex 0.3658496214367871 17.5 124.34917336621105
      vertex -0.3658496214367871 17.5 124.34917336621105
    endloop
  endfacet
  facet normal 0.2079116908177697 0 -0.9781476007338032
    outer loop
      vertex -0.3658496214367871 14.5 131.31082663378896
      vertex -1.0815594803123159 17.5 131.15869780703304
      vertex -0.3658496214367871 17.5 131.31082663378896
    endloop
  endfacet
  facet normal 0 0 1
    outer loop
      vertex -0.3658496214367871 9.447958005998597 124.34917336621105
      vertex 0.3658496214367871 9.447958005998597 124.34917336621105
      vertex 0.3658496214367871 12.990381056766578 124.34917336621105
    endloop
  endfacet
  facet normal -0.20791169081775154 9.104348417174052e-17 0.9781476007338072
    outer loop
      vertex 0.3658496214367871 9.447958005998597 124.34917336621105
      vertex 0.993020401042708 9.447958005998597 124.48248263070398
      vertex 1.0815594803123159 12.990381056766578 124.50130219296696
    endloop
  endfacet
  facet normal -0.20791169081774796 3.2928206728712844e-19 0.978147600733808
    outer loop
      vertex 0.993020401042708 9.447958005998597 124.48248263070398
      vertex 1.0815594803123159 9.429138443735619 124.50130219296696
      vertex 1.0815594803123159 12.990381056766578 124.50130219296696
    endloop
  endfacet
  facet normal -0.20791169081775154 0 -0.9781476007338072
    outer loop
      vertex 0.3658496214367871 9.447958005998597 131.31082663378896
      vertex 0.3658496214367871 12.990381056766578 131.31082663378896
      vertex 0.993020401042708 9.447958005998597 131.17751736929603
    endloop
  endfacet
  facet normal -0.20791169081789818 9.009045010612542e-21 -0.978147600733776
    outer loop
      vertex 0.993020401042708 9.447958005998597 131.17751736929603
      vertex 1.0815594803123159 12.990381056766578 131.15869780703304
      vertex 1.0815594803123159 9.429138443735619 131.15869780703304
    endloop
  endfacet
  facet normal -0.40673664307579493 -1.6361797704950906e-18 0.9135454576426033
    outer loop
      vertex 1.0815594803123159 9.429138443735619 124.50130219296696
      vertex 1.75 9.287057025189883 124.79891108675446
      vertex 1.75 12.990381056766578 124.79891108675446
    endloop
  endfacet
  facet normal -0.5877852522924812 -6.249938454401834e-18 0.8090169943749416
    outer loop
      vertex 1.75 9.287057025189883 124.79891108675446
      vertex 2.341957122256004 9.161232654627065 125.22899311082912
      vertex 2.341957122256004 12.990381056766578 125.22899311082912
    endloop
  endfacet
  facet normal -0.4067366430757949 0 -0.9135454576426033
    outer loop
      vertex 1.0815594803123159 9.429138443735619 131.15869780703304
      vertex 1.0815594803123159 12.990381056766578 131.15869780703304
      vertex 1.75 9.287057025189883 130.86108891324554
    endloop
  endfacet
  facet normal -0.5877852522924812 0 -0.8090169943749416
    outer loop
      vertex 1.75 9.287057025189883 130.86108891324554
      vertex 1.75 12.990381056766578 130.86108891324554
      vertex 2.341957122256004 9.161232654627065 130.43100688917087
    endloop
  endfacet
  facet normal -0.5877852522924812 0 0.8090169943749416
    outer loop
      vertex 1.75 9.287057025189883 124.79891108675446
      vertex 2.341957122256004 12.990381056766578 125.22899311082912
      vertex 1.75 12.990381056766578 124.79891108675446
    endloop
  endfacet
  facet normal -0.40673664307579493 0 -0.9135454576426033
    outer loop
      vertex 1.75 9.287057025189883 130.86108891324554
      vertex 1.0815594803123159 12.990381056766578 131.15869780703304
      vertex 1.75 12.990381056766578 130.86108891324554
    endloop
  endfacet
  facet normal -0.5877852522924812 0 -0.8090169943749416
    outer loop
      vertex 2.341957122256004 9.161232654627065 130.43100688917087
      vertex 1.75 12.990381056766578 130.86108891324554
      vertex 2.341957122256004 12.990381056766578 130.43100688917087
    endloop
  endfacet
  facet normal -0.8660254037844376 -3.5941520259353906e-19 0.5000000000000018
    outer loop
      vertex 2.9356614465620003 9.035036904803958 125.95306151168862
      vertex 3.197409101749103 8.918499340402413 126.4064217492347
      vertex 3.197409101749103 12.990381056766578 126.4064217492347
    endloop
  endfacet
  facet normal -0.9510565162951532 5.268896830592486e-19 0.30901699437494906
    outer loop
      vertex 3.197409101749103 8.918499340402413 126.4064217492347
      vertex 3.42351660256832 8.817829795074273 127.10230908213784
      vertex 3.42351660256832 12.990381056766578 127.10230908213784
    endloop
  endfacet
  facet normal -0.9945218953682734 4.1734401081415026e-19 0.1045284632676526
    outer loop
      vertex 3.42351660256832 8.817829795074273 127.10230908213784
      vertex 3.5 8.783777192587836 127.83
      vertex 3.5 12.990381056766578 127.83
    endloop
  endfacet
  facet normal -0.8660254037844444 1.6671239813155673e-19 -0.49999999999999
    outer loop
      vertex 2.9356614465620003 9.035036904803958 129.70693848831138
      vertex 3.197409101749103 12.990381056766578 129.2535782507653
      vertex 3.197409101749103 8.918499340402413 129.2535782507653
    endloop
  endfacet
  facet normal -0.9510565162951532 -5.268896830592486e-19 -0.30901699437494906
    outer loop
      vertex 3.197409101749103 8.918499340402413 129.2535782507653
      vertex 3.42351660256832 12.990381056766578 128.55769091786215
      vertex 3.42351660256832 8.817829795074273 128.55769091786215
    endloop
  endfacet
  facet normal -0.9945218953682732 0 -0.1045284632676546
    outer loop
      vertex 3.42351660256832 8.817829795074273 128.55769091786215
      vertex 3.42351660256832 12.990381056766578 128.55769091786215
      vertex 3.5 8.783777192587836 127.83
    endloop
  endfacet
  facet normal -0.7431448254773878 -8.988800855722031e-18 0.6691306063588653
    outer loop
      vertex 2.341957122256004 9.161232654627065 125.22899311082912
      vertex 2.831559480312316 9.05716446081308 125.77275161697634
      vertex 2.831559480312316 12.990381056766578 125.77275161697634
    endloop
  endfacet
  facet normal -0.8660254037844468 2.4369802735165277e-15 0.49999999999998584
    outer loop
      vertex 2.831559480312316 9.05716446081308 125.77275161697634
      vertex 2.9356614465620003 9.035036904803958 125.95306151168862
      vertex 3.197409101749103 12.990381056766578 126.4064217492347
    endloop
  endfacet
  facet normal -0.7431448254773879 8.988800855722033e-18 -0.6691306063588653
    outer loop
      vertex 2.341957122256004 9.161232654627065 130.43100688917087
      vertex 2.831559480312316 12.990381056766578 129.88724838302366
      vertex 2.831559480312316 9.05716446081308 129.88724838302366
    endloop
  endfacet
  facet normal -0.8660254037844469 0 -0.4999999999999856
    outer loop
      vertex 2.831559480312316 9.05716446081308 129.88724838302366
      vertex 2.831559480312316 12.990381056766578 129.88724838302366
      vertex 2.9356614465620003 9.035036904803958 129.70693848831138
    endloop
  endfacet
  facet normal -0.7431448254773878 0 0.6691306063588653
    outer loop
      vertex 2.341957122256004 9.161232654627065 125.22899311082912
      vertex 2.831559480312316 12.990381056766578 125.77275161697634
      vertex 2.341957122256004 12.990381056766578 125.22899311082912
    endloop
  endfacet
  facet normal -0.8660254037844403 0 0.4999999999999972
    outer loop
      vertex 2.831559480312316 9.05716446081308 125.77275161697634
      vertex 3.197409101749103 12.990381056766578 126.4064217492347
      vertex 2.831559480312316 12.990381056766578 125.77275161697634
    endloop
  endfacet
  facet normal -0.9510565162951531 0 0.309016994374949
    outer loop
      vertex 3.197409101749103 8.918499340402413 126.4064217492347
      vertex 3.42351660256832 12.990381056766578 127.10230908213784
      vertex 3.197409101749103 12.990381056766578 126.4064217492347
    endloop
  endfacet
  facet normal -0.9945218953682734 0 0.10452846326765258
    outer loop
      vertex 3.42351660256832 8.817829795074273 127.10230908213784
      vertex 3.5 12.990381056766578 127.83
      vertex 3.42351660256832 12.990381056766578 127.10230908213784
    endloop
  endfacet
  facet normal -0.9945218953682732 0 -0.1045284632676546
    outer loop
      vertex 3.5 8.783777192587836 127.83
      vertex 3.42351660256832 12.990381056766578 128.55769091786215
      vertex 3.5 12.990381056766578 127.83
    endloop
  endfacet
  facet normal -0.7431448254773878 0 -0.6691306063588653
    outer loop
      vertex 2.341957122256004 9.161232654627065 130.43100688917087
      vertex 2.341957122256004 12.990381056766578 130.43100688917087
      vertex 2.831559480312316 12.990381056766578 129.88724838302366
    endloop
  endfacet
  facet normal -0.8660254037844451 1.9064307367898195e-16 -0.4999999999999888
    outer loop
      vertex 2.9356614465620003 9.035036904803958 129.70693848831138
      vertex 2.831559480312316 12.990381056766578 129.88724838302366
      vertex 3.197409101749103 12.990381056766578 129.2535782507653
    endloop
  endfacet
  facet normal -0.9510565162951531 0 -0.309016994374949
    outer loop
      vertex 3.197409101749103 8.918499340402413 129.2535782507653
      vertex 3.197409101749103 12.990381056766578 129.2535782507653
      vertex 3.42351660256832 12.990381056766578 128.55769091786215
    endloop
  endfacet
  facet normal -0.20791169081775113 0 0.9781476007338074
    outer loop
      vertex 0.3658496214367871 9.447958005998597 124.34917336621105
      vertex 1.0815594803123159 12.990381056766578 124.50130219296696
      vertex 0.3658496214367871 12.990381056766578 124.34917336621105
    endloop
  endfacet
  facet normal 0 0 -1
    outer loop
      vertex 0.3658496214367871 9.447958005998597 131.31082663378896
      vertex -0.3658496214367871 12.990381056766578 131.31082663378896
      vertex 0.3658496214367871 12.990381056766578 131.31082663378896
    endloop
  endfacet
  facet normal -0.20791169081776972 -3.3564090697999076e-15 -0.9781476007338035
    outer loop
      vertex 0.993020401042708 9.447958005998597 131.17751736929603
      vertex 0.3658496214367871 12.990381056766578 131.31082663378896
      vertex 1.0815594803123159 12.990381056766578 131.15869780703304
    endloop
  endfacet
  facet normal -0.4067366430757949 0 0.9135454576426033
    outer loop
      vertex 1.0815594803123159 9.429138443735619 124.50130219296696
      vertex 1.75 12.990381056766578 124.79891108675446
      vertex 1.0815594803123159 12.990381056766578 124.50130219296696
    endloop
  endfacet
  facet normal 0 0 1
    outer loop
      vertex -0.3658496214367871 14.5 124.34917336621105
      vertex 0.3658496214367871 14.5 124.34917336621105
      vertex 0.3658496214367871 17.5 124.34917336621105
    endloop
  endfacet
  facet normal -0.20791169081775115 0 0.9781476007338075
    outer loop
      vertex 1.0815594803123159 17.5 124.50130219296696
      vertex 0.3658496214367871 14.5 124.34917336621105
      vertex 1.0815594803123159 14.5 124.50130219296696
    endloop
  endfacet
  facet normal -0.2079116908177697 -1.1179574574716287e-18 -0.9781476007338032
    outer loop
      vertex 1.0815594803123159 14.5 131.15869780703304
      vertex 0.3658496214367871 14.5 131.31082663378896
      vertex 0.3658496214367871 17.5 131.31082663378896
    endloop
  endfacet
  facet normal -0.40673664307579493 -2.0197679546847035e-18 0.9135454576426032
    outer loop
      vertex 1.0815594803123159 14.5 124.50130219296696
      vertex 1.75 14.5 124.79891108675446
      vertex 1.75 17.5 124.79891108675446
    endloop
  endfacet
  facet normal -0.5877852522924811 -7.977313948714358e-18 0.8090169943749415
    outer loop
      vertex 1.75 14.5 124.79891108675446
      vertex 2.341957122256004 14.5 125.22899311082912
      vertex 2.341957122256004 17.5 125.22899311082912
    endloop
  endfacet
  facet normal -0.40673664307579493 0 -0.9135454576426032
    outer loop
      vertex 1.0815594803123159 14.5 131.15869780703304
      vertex 1.0815594803123159 17.5 131.15869780703304
      vertex 1.75 14.5 130.86108891324554
    endloop
  endfacet
  facet normal -0.5877852522924811 7.977313948714358e-18 -0.8090169943749415
    outer loop
      vertex 2.341957122256004 14.5 130.43100688917087
      vertex 1.75 14.5 130.86108891324554
      vertex 1.75 17.5 130.86108891324554
    endloop
  endfacet
  facet normal -0.7431448254773878 -1.1784966901148965e-17 0.6691306063588652
    outer loop
      vertex 2.341957122256004 14.5 125.22899311082912
      vertex 2.831559480312316 14.5 125.77275161697634
      vertex 2.831559480312316 17.5 125.77275161697634
    endloop
  endfacet
  facet normal -0.8660254037844404 5.8278879064674904e-18 0.4999999999999973
    outer loop
      vertex 2.831559480312316 14.5 125.77275161697634
      vertex 3.197409101749103 14.5 126.4064217492347
      vertex 3.197409101749103 17.5 126.4064217492347
    endloop
  endfacet
  facet normal -0.951056516295153 7.328247372738421e-19 0.30901699437494895
    outer loop
      vertex 3.197409101749103 14.5 126.4064217492347
      vertex 3.42351660256832 14.5 127.10230908213784
      vertex 3.42351660256832 17.5 127.10230908213784
    endloop
  endfacet
  facet normal -0.9945218953682733 5.85200309527553e-19 0.10452846326765257
    outer loop
      vertex 3.42351660256832 14.5 127.10230908213784
      vertex 3.5 14.5 127.83
      vertex 3.5 17.5 127.83
    endloop
  endfacet
  facet normal -0.7431448254773878 0 -0.6691306063588652
    outer loop
      vertex 2.341957122256004 14.5 130.43100688917087
      vertex 2.341957122256004 17.5 130.43100688917087
      vertex 2.831559480312316 14.5 129.88724838302366
    endloop
  endfacet
  facet normal -0.866025403784445 0 -0.4999999999999888
    outer loop
      vertex 2.831559480312316 14.5 129.88724838302366
      vertex 2.831559480312316 17.5 129.88724838302366
      vertex 3.197409101749103 14.5 129.2535782507653
    endloop
  endfacet
  facet normal -0.951056516295153 0 -0.30901699437494895
    outer loop
      vertex 3.197409101749103 14.5 129.2535782507653
      vertex 3.197409101749103 17.5 129.2535782507653
      vertex 3.42351660256832 14.5 128.55769091786215
    endloop
  endfacet
  facet normal -0.9945218953682732 0 -0.1045284632676546
    outer loop
      vertex 3.42351660256832 14.5 128.55769091786215
      vertex 3.42351660256832 17.5 128.55769091786215
      vertex 3.5 14.5 127.83
    endloop
  endfacet
  facet normal -0.20791169081775115 0 0.9781476007338075
    outer loop
      vertex 0.3658496214367871 14.5 124.34917336621105
      vertex 1.0815594803123159 17.5 124.50130219296696
      vertex 0.3658496214367871 17.5 124.34917336621105
    endloop
  endfacet
  facet normal 0 0 -1
    outer loop
      vertex 0.3658496214367871 14.5 131.31082663378896
      vertex -0.3658496214367871 17.5 131.31082663378896
      vertex 0.3658496214367871 17.5 131.31082663378896
    endloop
  endfacet
  facet normal -0.2079116908177697 0 -0.9781476007338032
    outer loop
      vertex 1.0815594803123159 14.5 131.15869780703304
      vertex 0.3658496214367871 17.5 131.31082663378896
      vertex 1.0815594803123159 17.5 131.15869780703304
    endloop
  endfacet
  facet normal -0.40673664307579493 0 0.9135454576426032
    outer loop
      vertex 1.0815594803123159 14.5 124.50130219296696
      vertex 1.75 17.5 124.79891108675446
      vertex 1.0815594803123159 17.5 124.50130219296696
    endloop
  endfacet
  facet normal -0.5877852522924811 0 0.8090169943749415
    outer loop
      vertex 1.75 14.5 124.79891108675446
      vertex 2.341957122256004 17.5 125.22899311082912
      vertex 1.75 17.5 124.79891108675446
    endloop
  endfacet
  facet normal -0.40673664307579493 0 -0.9135454576426032
    outer loop
      vertex 1.75 14.5 130.86108891324554
      vertex 1.0815594803123159 17.5 131.15869780703304
      vertex 1.75 17.5 130.86108891324554
    endloop
  endfacet
  facet normal -0.5877852522924811 0 -0.8090169943749415
    outer loop
      vertex 2.341957122256004 14.5 130.43100688917087
      vertex 1.75 17.5 130.86108891324554
      vertex 2.341957122256004 17.5 130.43100688917087
    endloop
  endfacet
  facet normal -0.7431448254773878 0 0.6691306063588652
    outer loop
      vertex 2.341957122256004 14.5 125.22899311082912
      vertex 2.831559480312316 17.5 125.77275161697634
      vertex 2.341957122256004 17.5 125.22899311082912
    endloop
  endfacet
  facet normal -0.8660254037844404 0 0.4999999999999973
    outer loop
      vertex 2.831559480312316 14.5 125.77275161697634
      vertex 3.197409101749103 17.5 126.4064217492347
      vertex 2.831559480312316 17.5 125.77275161697634
    endloop
  endfacet
  facet normal -0.951056516295153 0 0.30901699437494895
    outer loop
      vertex 3.197409101749103 14.5 126.4064217492347
      vertex 3.42351660256832 17.5 127.10230908213784
      vertex 3.197409101749103 17.5 126.4064217492347
    endloop
  endfacet
  facet normal -0.9945218953682733 0 0.10452846326765257
    outer loop
      vertex 3.42351660256832 14.5 127.10230908213784
      vertex 3.5 17.5 127.83
      vertex 3.42351660256832 17.5 127.10230908213784
    endloop
  endfacet
  facet normal -0.9945218953682732 1.4315663972167072e-18 -0.1045284632676546
    outer loop
      vertex 3.42351660256832 17.5 128.55769091786215
      vertex 3.5 17.5 127.83
      vertex 3.5 14.5 127.83
    endloop
  endfacet
  facet normal -0.7431448254773878 0 -0.6691306063588652
    outer loop
      vertex 2.831559480312316 14.5 129.88724838302366
      vertex 2.341957122256004 17.5 130.43100688917087
      vertex 2.831559480312316 17.5 129.88724838302366
    endloop
  endfacet
  facet normal -0.866025403784445 2.8334111512069523e-18 -0.4999999999999888
    outer loop
      vertex 2.831559480312316 17.5 129.88724838302366
      vertex 3.197409101749103 17.5 129.2535782507653
      vertex 3.197409101749103 14.5 129.2535782507653
    endloop
  endfacet
  facet normal -0.951056516295153 -7.328247372738421e-19 -0.30901699437494895
    outer loop
      vertex 3.197409101749103 17.5 129.2535782507653
      vertex 3.42351660256832 17.5 128.55769091786215
      vertex 3.42351660256832 14.5 128.55769091786215
    endloop
  endfacet
  facet normal 0.9945218953682734 0 0.10452846326765258
    outer loop
      vertex -3.42351660256832 8.817829795074273 158.98230908213785
      vertex -3.42351660256832 12.990381056766578 158.98230908213785
      vertex -3.5 8.783777192587836 159.71
    endloop
  endfacet
  facet normal 0.9945218953682734 0 -0.1045284632676526
    outer loop
      vertex -3.5 8.783777192587836 159.71
      vertex -3.5 12.990381056766578 159.71
      vertex -3.42351660256832 8.817829795074273 160.43769091786217
    endloop
  endfacet
  facet normal 0.9510565162951532 0 0.30901699437494906
    outer loop
      vertex -3.42351660256832 8.817829795074273 158.98230908213785
      vertex -3.197409101749103 8.918499340402413 158.2864217492347
      vertex -3.42351660256832 12.990381056766578 158.98230908213785
    endloop
  endfacet
  facet normal 0.9510565162951532 0 -0.30901699437494906
    outer loop
      vertex -3.42351660256832 8.817829795074273 160.43769091786217
      vertex -3.42351660256832 12.990381056766578 160.43769091786217
      vertex -3.197409101749103 8.918499340402413 161.1335782507653
    endloop
  endfacet
  facet normal 0.8660254037844309 0 0.5000000000000135
    outer loop
      vertex -3.197409101749103 8.918499340402413 158.2864217492347
      vertex -2.9356614465620003 9.035036904803958 157.83306151168864
      vertex -3.197409101749103 12.990381056766578 158.2864217492347
    endloop
  endfacet
  facet normal 0.8660254037844309 0 -0.5000000000000135
    outer loop
      vertex -3.197409101749103 8.918499340402413 161.1335782507653
      vertex -3.197409101749103 12.990381056766578 161.1335782507653
      vertex -2.9356614465620003 9.035036904803958 161.58693848831138
    endloop
  endfacet
  facet normal 0.8660254037844469 1.8816030950832093e-18 0.4999999999999856
    outer loop
      vertex -2.9356614465620003 9.035036904803958 157.83306151168864
      vertex -2.831559480312316 9.05716446081308 157.65275161697636
      vertex -2.831559480312316 12.990381056766578 157.65275161697636
    endloop
  endfacet
  facet normal 0.7431448254774052 0 0.669130606358846
    outer loop
      vertex -2.831559480312316 9.05716446081308 157.65275161697636
      vertex -2.341957122256004 9.161232654627065 157.10899311082912
      vertex -2.831559480312316 12.990381056766578 157.65275161697636
    endloop
  endfacet
  facet normal 0.8660254037844467 4.208856049057617e-15 -0.49999999999998607
    outer loop
      vertex -2.9356614465620003 9.035036904803958 161.58693848831138
      vertex -3.197409101749103 12.990381056766578 161.1335782507653
      vertex -2.831559480312316 9.05716446081308 161.76724838302366
    endloop
  endfacet
  facet normal 0.9945218953682734 0 0.1045284632676526
    outer loop
      vertex -3.5 8.783777192587836 159.71
      vertex -3.42351660256832 12.990381056766578 158.98230908213785
      vertex -3.5 12.990381056766578 159.71
    endloop
  endfacet
  facet normal 0.9945218953682734 0 -0.10452846326765258
    outer loop
      vertex -3.42351660256832 8.817829795074273 160.43769091786217
      vertex -3.5 12.990381056766578 159.71
      vertex -3.42351660256832 12.990381056766578 160.43769091786217
    endloop
  endfacet
  facet normal 0.9510565162951531 0 0.309016994374949
    outer loop
      vertex -3.197409101749103 8.918499340402413 158.2864217492347
      vertex -3.197409101749103 12.990381056766578 158.2864217492347
      vertex -3.42351660256832 12.990381056766578 158.98230908213785
    endloop
  endfacet
  facet normal 0.9510565162951531 0 -0.309016994374949
    outer loop
      vertex -3.197409101749103 8.918499340402413 161.1335782507653
      vertex -3.42351660256832 12.990381056766578 160.43769091786217
      vertex -3.197409101749103 12.990381056766578 161.1335782507653
    endloop
  endfacet
  facet normal 0.8660254037844355 1.2144103398953533e-15 0.5000000000000056
    outer loop
      vertex -2.9356614465620003 9.035036904803958 157.83306151168864
      vertex -2.831559480312316 12.990381056766578 157.65275161697636
      vertex -3.197409101749103 12.990381056766578 158.2864217492347
    endloop
  endfacet
  facet normal 0.7431448254774052 0 0.669130606358846
    outer loop
      vertex -2.341957122256004 9.161232654627065 157.10899311082912
      vertex -2.341957122256004 12.990381056766578 157.10899311082912
      vertex -2.831559480312316 12.990381056766578 157.65275161697636
    endloop
  endfacet
  facet normal 0.8660254037844354 0 -0.5000000000000056
    outer loop
      vertex -2.831559480312316 9.05716446081308 161.76724838302366
      vertex -3.197409101749103 12.990381056766578 161.1335782507653
      vertex -2.831559480312316 12.990381056766578 161.76724838302366
    endloop
  endfacet
  facet normal 0.5877852522924557 8.143088453271134e-18 0.80901699437496
    outer loop
      vertex -2.341957122256004 9.161232654627065 157.10899311082912
      vertex -1.75 9.287057025189883 156.67891108675448
      vertex -1.75 12.990381056766578 156.67891108675448
    endloop
  endfacet
  facet normal 0.4067366430757949 1.7014577557514571e-18 0.9135454576426033
    outer loop
      vertex -1.75 9.287057025189883 156.67891108675448
      vertex -1.0815594803123159 9.429138443735619 156.38130219296698
      vertex -1.0815594803123159 12.990381056766578 156.38130219296698
    endloop
  endfacet
  facet normal 0.20791169081789818 0 0.978147600733776
    outer loop
      vertex -1.0815594803123159 9.429138443735619 156.38130219296698
      vertex -0.993020401042708 9.447958005998597 156.362482630704
      vertex -1.0815594803123159 12.990381056766578 156.38130219296698
    endloop
  endfacet
  facet normal 0.20791169081775154 5.466234672231661e-19 0.9781476007338072
    outer loop
      vertex -0.993020401042708 9.447958005998597 156.362482630704
      vertex -0.3658496214367871 9.447958005998597 156.22917336621106
      vertex -0.3658496214367871 12.990381056766578 156.22917336621106
    endloop
  endfacet
  facet normal 0.5877852522924558 0 0.80901699437496
    outer loop
      vertex -2.341957122256004 9.161232654627065 157.10899311082912
      vertex -1.75 12.990381056766578 156.67891108675448
      vertex -2.341957122256004 12.990381056766578 157.10899311082912
    endloop
  endfacet
  facet normal 0.40673664307579493 0 0.9135454576426033
    outer loop
      vertex -1.75 9.287057025189883 156.67891108675448
      vertex -1.0815594803123159 12.990381056766578 156.38130219296698
      vertex -1.75 12.990381056766578 156.67891108675448
    endloop
  endfacet
  facet normal 0.20791169081776972 -3.3564090697999076e-15 0.9781476007338035
    outer loop
      vertex -0.993020401042708 9.447958005998597 156.362482630704
      vertex -0.3658496214367871 12.990381056766578 156.22917336621106
      vertex -1.0815594803123159 12.990381056766578 156.38130219296698
    endloop
  endfacet
  facet normal 0 0 1
    outer loop
      vertex -0.3658496214367871 9.447958005998597 156.22917336621106
      vertex 0.3658496214367871 12.990381056766578 156.22917336621106
      vertex -0.3658496214367871 12.990381056766578 156.22917336621106
    endloop
  endfacet
  facet normal 0.7431448254774052 0 -0.669130606358846
    outer loop
      vertex -2.831559480312316 9.05716446081308 161.76724838302366
      vertex -2.831559480312316 12.990381056766578 161.76724838302366
      vertex -2.341957122256004 9.161232654627065 162.3110068891709
    endloop
  endfacet
  facet normal 0.7431448254774052 0 -0.669130606358846
    outer loop
      vertex -2.341957122256004 9.161232654627065 162.3110068891709
      vertex -2.831559480312316 12.990381056766578 161.76724838302366
      vertex -2.341957122256004 12.990381056766578 162.3110068891709
    endloop
  endfacet
  facet normal 0.5877852522924558 0 -0.80901699437496
    outer loop
      vertex -2.341957122256004 9.161232654627065 162.3110068891709
      vertex -2.341957122256004 12.990381056766578 162.3110068891709
      vertex -1.75 9.287057025189883 162.74108891324553
    endloop
  endfacet
  facet normal 0.40673664307579493 0 -0.9135454576426033
    outer loop
      vertex -1.75 9.287057025189883 162.74108891324553
      vertex -1.75 12.990381056766578 162.74108891324553
      vertex -1.0815594803123159 9.429138443735619 163.03869780703303
    endloop
  endfacet
  facet normal 0.20791169081789818 0 -0.978147600733776
    outer loop
      vertex -1.0815594803123159 9.429138443735619 163.03869780703303
      vertex -1.0815594803123159 12.990381056766578 163.03869780703303
      vertex -0.993020401042708 9.447958005998597 163.05751736929602
    endloop
  endfacet
  facet normal 0.20791169081775154 -3.830532505001405e-15 -0.9781476007338072
    outer loop
      vertex -0.993020401042708 9.447958005998597 163.05751736929602
      vertex -1.0815594803123159 12.990381056766578 163.03869780703303
      vertex -0.3658496214367871 9.447958005998597 163.19082663378896
    endloop
  endfacet
  facet normal 0 0 -1
    outer loop
      vertex -0.3658496214367871 9.447958005998597 163.19082663378896
      vertex -0.3658496214367871 12.990381056766578 163.19082663378896
      vertex 0.3658496214367871 9.447958005998597 163.19082663378896
    endloop
  endfacet
  facet normal 0.5877852522924558 0 -0.80901699437496
    outer loop
      vertex -1.75 9.287057025189883 162.74108891324553
      vertex -2.341957122256004 12.990381056766578 162.3110068891709
      vertex -1.75 12.990381056766578 162.74108891324553
    endloop
  endfacet
  facet normal 0.4067366430757949 0 -0.9135454576426033
    outer loop
      vertex -1.0815594803123159 9.429138443735619 163.03869780703303
      vertex -1.75 12.990381056766578 162.74108891324553
      vertex -1.0815594803123159 12.990381056766578 163.03869780703303
    endloop
  endfacet
  facet normal 0.20791169081776972 0 -0.9781476007338035
    outer loop
      vertex -0.3658496214367871 9.447958005998597 163.19082663378896
      vertex -1.0815594803123159 12.990381056766578 163.03869780703303
      vertex -0.3658496214367871 12.990381056766578 163.19082663378896
    endloop
  endfacet
  facet normal 0.9945218953682733 -5.85200309527553e-19 0.10452846326765257
    outer loop
      vertex -3.5 14.5 159.71
      vertex -3.42351660256832 14.5 158.98230908213785
      vertex -3.42351660256832 17.5 158.98230908213785
    endloop
  endfacet
  facet normal 0.9945218953682733 0 -0.10452846326765257
    outer loop
      vertex -3.5 17.5 159.71
      vertex -3.42351660256832 14.5 160.43769091786217
      vertex -3.5 14.5 159.71
    endloop
  endfacet
  facet normal 0.951056516295153 0 0.30901699437494895
    outer loop
      vertex -3.197409101749103 14.5 158.2864217492347
      vertex -3.197409101749103 17.5 158.2864217492347
      vertex -3.42351660256832 14.5 158.98230908213785
    endloop
  endfacet
  facet normal 0.951056516295153 0 -0.30901699437494895
    outer loop
      vertex -3.42351660256832 17.5 160.43769091786217
      vertex -3.197409101749103 14.5 161.1335782507653
      vertex -3.42351660256832 14.5 160.43769091786217
    endloop
  endfacet
  facet normal 0.8660254037844355 0 0.5000000000000057
    outer loop
      vertex -2.831559480312316 14.5 157.65275161697636
      vertex -2.831559480312316 17.5 157.65275161697636
      vertex -3.197409101749103 14.5 158.2864217492347
    endloop
  endfacet
  facet normal 0.7431448254774052 -5.320489868771593e-18 0.669130606358846
    outer loop
      vertex -2.831559480312316 14.5 157.65275161697636
      vertex -2.341957122256004 14.5 157.10899311082912
      vertex -2.341957122256004 17.5 157.10899311082912
    endloop
  endfacet
  facet normal 0.8660254037844355 0 -0.5000000000000057
    outer loop
      vertex -3.197409101749103 17.5 161.1335782507653
      vertex -2.831559480312316 14.5 161.76724838302366
      vertex -3.197409101749103 14.5 161.1335782507653
    endloop
  endfacet
  facet normal 0.5877852522924558 1.0052165053417896e-17 0.80901699437496
    outer loop
      vertex -2.341957122256004 14.5 157.10899311082912
      vertex -1.75 14.5 156.67891108675448
      vertex -1.75 17.5 156.67891108675448
    endloop
  endfacet
  facet normal 0.40673664307579493 2.0197679546847035e-18 0.9135454576426032
    outer loop
      vertex -1.75 14.5 156.67891108675448
      vertex -1.0815594803123159 14.5 156.38130219296698
      vertex -1.0815594803123159 17.5 156.38130219296698
    endloop
  endfacet
  facet normal 0.2079116908177697 -1.1179574574716287e-18 0.9781476007338032
    outer loop
      vertex -1.0815594803123159 14.5 156.38130219296698
      vertex -0.3658496214367871 14.5 156.22917336621106
      vertex -0.3658496214367871 17.5 156.22917336621106
    endloop
  endfacet
  facet normal 0.9945218953682733 0 0.10452846326765257
    outer loop
      vertex -3.5 14.5 159.71
      vertex -3.42351660256832 17.5 158.98230908213785
      vertex -3.5 17.5 159.71
    endloop
  endfacet
  facet normal 0.9945218953682733 5.85200309527553e-19 -0.10452846326765257
    outer loop
      vertex -3.5 17.5 159.71
      vertex -3.42351660256832 17.5 160.43769091786217
      vertex -3.42351660256832 14.5 160.43769091786217
    endloop
  endfacet
  facet normal 0.951056516295153 -7.328247372738421e-19 0.30901699437494895
    outer loop
      vertex -3.197409101749103 17.5 158.2864217492347
      vertex -3.42351660256832 17.5 158.98230908213785
      vertex -3.42351660256832 14.5 158.98230908213785
    endloop
  endfacet
  facet normal 0.951056516295153 7.328247372738421e-19 -0.30901699437494895
    outer loop
      vertex -3.42351660256832 17.5 160.43769091786217
      vertex -3.197409101749103 17.5 161.1335782507653
      vertex -3.197409101749103 14.5 161.1335782507653
    endloop
  endfacet
  facet normal 0.8660254037844355 0 0.5000000000000057
    outer loop
      vertex -3.197409101749103 14.5 158.2864217492347
      vertex -2.831559480312316 17.5 157.65275161697636
      vertex -3.197409101749103 17.5 158.2864217492347
    endloop
  endfacet
  facet normal 0.7431448254774052 0 0.669130606358846
    outer loop
      vertex -2.831559480312316 14.5 157.65275161697636
      vertex -2.341957122256004 17.5 157.10899311082912
      vertex -2.831559480312316 17.5 157.65275161697636
    endloop
  endfacet
  facet normal 0.8660254037844355 0 -0.5000000000000057
    outer loop
      vertex -2.831559480312316 17.5 161.76724838302366
      vertex -2.831559480312316 14.5 161.76724838302366
      vertex -3.197409101749103 17.5 161.1335782507653
    endloop
  endfacet
  facet normal 0.5877852522924558 0 0.80901699437496
    outer loop
      vertex -2.341957122256004 14.5 157.10899311082912
      vertex -1.75 17.5 156.67891108675448
      vertex -2.341957122256004 17.5 157.10899311082912
    endloop
  endfacet
  facet normal 0.40673664307579493 0 0.9135454576426032
    outer loop
      vertex -1.75 17.5 156.67891108675448
      vertex -1.75 14.5 156.67891108675448
      vertex -1.0815594803123159 17.5 156.38130219296698
    endloop
  endfacet
  facet normal 0.2079116908177697 0 0.9781476007338032
    outer loop
      vertex -1.0815594803123159 14.5 156.38130219296698
      vertex -0.3658496214367871 17.5 156.22917336621106
      vertex -1.0815594803123159 17.5 156.38130219296698
    endloop
  endfacet
  facet normal 0 0 1
    outer loop
      vertex -0.3658496214367871 14.5 156.22917336621106
      vertex 0.3658496214367871 17.5 156.22917336621106
      vertex -0.3658496214367871 17.5 156.22917336621106
    endloop
  endfacet
  facet normal 0.7431448254774052 5.320489868771593e-18 -0.669130606358846
    outer loop
      vertex -2.341957122256004 14.5 162.3110068891709
      vertex -2.831559480312316 14.5 161.76724838302366
      vertex -2.831559480312316 17.5 161.76724838302366
    endloop
  endfacet
  facet normal 0.5877852522924558 0 -0.80901699437496
    outer loop
      vertex -2.341957122256004 17.5 162.3110068891709
      vertex -1.75 14.5 162.74108891324553
      vertex -2.341957122256004 14.5 162.3110068891709
    endloop
  endfacet
  facet normal 0.40673664307579493 0 -0.9135454576426032
    outer loop
      vertex -1.75 14.5 162.74108891324553
      vertex -1.75 17.5 162.74108891324553
      vertex -1.0815594803123159 14.5 163.03869780703303
    endloop
  endfacet
  facet normal 0.2079116908177697 0 -0.9781476007338032
    outer loop
      vertex -1.0815594803123159 17.5 163.03869780703303
      vertex -0.3658496214367871 14.5 163.19082663378896
      vertex -1.0815594803123159 14.5 163.03869780703303
    endloop
  endfacet
  facet normal 0 0 -1
    outer loop
      vertex 0.3658496214367871 14.5 163.19082663378896
      vertex -0.3658496214367871 14.5 163.19082663378896
      vertex -0.3658496214367871 17.5 163.19082663378896
    endloop
  endfacet
  facet normal 0.7431448254774052 5.320489868771593e-18 -0.669130606358846
    outer loop
      vertex -2.831559480312316 17.5 161.76724838302366
      vertex -2.341957122256004 17.5 162.3110068891709
      vertex -2.341957122256004 14.5 162.3110068891709
    endloop
  endfacet
  facet normal 0.5877852522924558 -1.0052165053417896e-17 -0.80901699437496
    outer loop
      vertex -2.341957122256004 17.5 162.3110068891709
      vertex -1.75 17.5 162.74108891324553
      vertex -1.75 14.5 162.74108891324553
    endloop
  endfacet
  facet normal 0.40673664307579493 -2.0197679546847035e-18 -0.9135454576426032
    outer loop
      vertex -1.75 17.5 162.74108891324553
      vertex -1.0815594803123159 17.5 163.03869780703303
      vertex -1.0815594803123159 14.5 163.03869780703303
    endloop
  endfacet
  facet normal 0.2079116908177697 0 -0.9781476007338032
    outer loop
      vertex -0.3658496214367871 14.5 163.19082663378896
      vertex -1.0815594803123159 17.5 163.03869780703303
      vertex -0.3658496214367871 17.5 163.19082663378896
    endloop
  endfacet
  facet normal 0 0 1
    outer loop
      vertex -0.3658496214367871 9.447958005998597 156.22917336621106
      vertex 0.3658496214367871 9.447958005998597 156.22917336621106
      vertex 0.3658496214367871 12.990381056766578 156.22917336621106
    endloop
  endfacet
  facet normal -0.20791169081775154 -3.831551093674399e-15 0.9781476007338072
    outer loop
      vertex 0.3658496214367871 9.447958005998597 156.22917336621106
      vertex 0.993020401042708 9.447958005998597 156.362482630704
      vertex 1.0815594803123159 12.990381056766578 156.38130219296698
    endloop
  endfacet
  facet normal -0.2079116908178982 -9.009045010612542e-21 0.978147600733776
    outer loop
      vertex 0.993020401042708 9.447958005998597 156.362482630704
      vertex 1.0815594803123159 9.429138443735619 156.38130219296698
      vertex 1.0815594803123159 12.990381056766578 156.38130219296698
    endloop
  endfacet
  facet normal -0.40673664307579493 -1.6361797704950906e-18 0.9135454576426033
    outer loop
      vertex 1.0815594803123159 9.429138443735619 156.38130219296698
      vertex 1.75 9.287057025189883 156.67891108675448
      vertex 1.75 12.990381056766578 156.67891108675448
    endloop
  endfacet
  facet normal -0.5877852522924558 -7.875509641622649e-18 0.80901699437496
    outer loop
      vertex 1.75 9.287057025189883 156.67891108675448
      vertex 2.341957122256004 9.161232654627065 157.10899311082912
      vertex 2.341957122256004 12.990381056766578 157.10899311082912
    endloop
  endfacet
  facet normal -0.5877852522924558 0 0.80901699437496
    outer loop
      vertex 1.75 9.287057025189883 156.67891108675448
      vertex 2.341957122256004 12.990381056766578 157.10899311082912
      vertex 1.75 12.990381056766578 156.67891108675448
    endloop
  endfacet
  facet normal -0.8660254037844309 -5.521180070555304e-19 0.5000000000000135
    outer loop
      vertex 2.9356614465620003 9.035036904803958 157.83306151168864
      vertex 3.197409101749103 8.918499340402413 158.2864217492347
      vertex 3.197409101749103 12.990381056766578 158.2864217492347
    endloop
  endfacet
  facet normal -0.8660254037844309 5.521180070555304e-19 -0.5000000000000135
    outer loop
      vertex 2.9356614465620003 9.035036904803958 161.58693848831138
      vertex 3.197409101749103 12.990381056766578 161.1335782507653
      vertex 3.197409101749103 8.918499340402413 161.1335782507653
    endloop
  endfacet
  facet normal -0.9510565162951532 5.268896830592486e-19 0.30901699437494906
    outer loop
      vertex 3.197409101749103 8.918499340402413 158.2864217492347
      vertex 3.42351660256832 8.817829795074273 158.98230908213785
      vertex 3.42351660256832 12.990381056766578 158.98230908213785
    endloop
  endfacet
  facet normal -0.9510565162951532 -5.268896830592486e-19 -0.30901699437494906
    outer loop
      vertex 3.197409101749103 8.918499340402413 161.1335782507653
      vertex 3.42351660256832 12.990381056766578 160.43769091786217
      vertex 3.42351660256832 8.817829795074273 160.43769091786217
    endloop
  endfacet
  facet normal -0.9945218953682734 4.1734401081415026e-19 0.1045284632676526
    outer loop
      vertex 3.42351660256832 8.817829795074273 158.98230908213785
      vertex 3.5 8.783777192587836 159.71
      vertex 3.5 12.990381056766578 159.71
    endloop
  endfacet
  facet normal -0.9945218953682734 -4.2074999645914997e-19 -0.10452846326765258
    outer loop
      vertex 3.5 8.783777192587836 159.71
      vertex 3.42351660256832 8.817829795074273 160.43769091786217
      vertex 3.42351660256832 12.990381056766578 160.43769091786217
    endloop
  endfacet
  facet normal -0.7431448254774052 4.058121188326108e-18 0.6691306063588461
    outer loop
      vertex 2.341957122256004 9.161232654627065 157.10899311082912
      vertex 2.831559480312316 9.05716446081308 157.65275161697636
      vertex 2.831559480312316 12.990381056766578 157.65275161697636
    endloop
  endfacet
  facet normal -0.8660254037844467 4.198496497196226e-15 0.49999999999998607
    outer loop
      vertex 2.831559480312316 9.05716446081308 157.65275161697636
      vertex 2.9356614465620003 9.035036904803958 157.83306151168864
      vertex 3.197409101749103 12.990381056766578 158.2864217492347
    endloop
  endfacet
  facet normal -0.8660254037844469 1.8816030950832093e-18 -0.4999999999999856
    outer loop
      vertex 2.9356614465620003 9.035036904803958 161.58693848831138
      vertex 2.831559480312316 9.05716446081308 161.76724838302366
      vertex 2.831559480312316 12.990381056766578 161.76724838302366
    endloop
  endfacet
  facet normal -0.7431448254774052 0 0.669130606358846
    outer loop
      vertex 2.341957122256004 9.161232654627065 157.10899311082912
      vertex 2.831559480312316 12.990381056766578 157.65275161697636
      vertex 2.341957122256004 12.990381056766578 157.10899311082912
    endloop
  endfacet
  facet normal -0.8660254037844354 0 0.5000000000000056
    outer loop
      vertex 2.831559480312316 9.05716446081308 157.65275161697636
      vertex 3.197409101749103 12.990381056766578 158.2864217492347
      vertex 2.831559480312316 12.990381056766578 157.65275161697636
    endloop
  endfacet
  facet normal -0.8660254037844355 1.2144103398953533e-15 -0.5000000000000056
    outer loop
      vertex 2.9356614465620003 9.035036904803958 161.58693848831138
      vertex 2.831559480312316 12.990381056766578 161.76724838302366
      vertex 3.197409101749103 12.990381056766578 161.1335782507653
    endloop
  endfacet
  facet normal -0.9510565162951531 0 0.309016994374949
    outer loop
      vertex 3.197409101749103 8.918499340402413 158.2864217492347
      vertex 3.42351660256832 12.990381056766578 158.98230908213785
      vertex 3.197409101749103 12.990381056766578 158.2864217492347
    endloop
  endfacet
  facet normal -0.9510565162951531 0 -0.309016994374949
    outer loop
      vertex 3.197409101749103 8.918499340402413 161.1335782507653
      vertex 3.197409101749103 12.990381056766578 161.1335782507653
      vertex 3.42351660256832 12.990381056766578 160.43769091786217
    endloop
  endfacet
  facet normal -0.9945218953682734 0 0.10452846326765258
    outer loop
      vertex 3.42351660256832 8.817829795074273 158.98230908213785
      vertex 3.5 12.990381056766578 159.71
      vertex 3.42351660256832 12.990381056766578 158.98230908213785
    endloop
  endfacet
  facet normal -0.9945218953682734 0 -0.1045284632676526
    outer loop
      vertex 3.5 8.783777192587836 159.71
      vertex 3.42351660256832 12.990381056766578 160.43769091786217
      vertex 3.5 12.990381056766578 159.71
    endloop
  endfacet
  facet normal -0.20791169081776972 0 0.9781476007338035
    outer loop
      vertex 0.3658496214367871 9.447958005998597 156.22917336621106
      vertex 1.0815594803123159 12.990381056766578 156.38130219296698
      vertex 0.3658496214367871 12.990381056766578 156.22917336621106
    endloop
  endfacet
  facet normal -0.4067366430757949 0 0.9135454576426033
    outer loop
      vertex 1.0815594803123159 9.429138443735619 156.38130219296698
      vertex 1.75 12.990381056766578 156.67891108675448
      vertex 1.0815594803123159 12.990381056766578 156.38130219296698
    endloop
  endfacet
  facet normal -0.20791169081775154 0 -0.9781476007338072
    outer loop
      vertex 0.3658496214367871 9.447958005998597 163.19082663378896
      vertex 0.3658496214367871 12.990381056766578 163.19082663378896
      vertex 0.993020401042708 9.447958005998597 163.05751736929602
    endloop
  endfacet
  facet normal -0.20791169081789818 9.009045010612542e-21 -0.978147600733776
    outer loop
      vertex 0.993020401042708 9.447958005998597 163.05751736929602
      vertex 1.0815594803123159 12.990381056766578 163.03869780703303
      vertex 1.0815594803123159 9.429138443735619 163.03869780703303
    endloop
  endfacet
  facet normal -0.4067366430757949 0 -0.9135454576426033
    outer loop
      vertex 1.0815594803123159 9.429138443735619 163.03869780703303
      vertex 1.0815594803123159 12.990381056766578 163.03869780703303
      vertex 1.75 9.287057025189883 162.74108891324553
    endloop
  endfacet
  facet normal -0.5877852522924558 0 -0.80901699437496
    outer loop
      vertex 1.75 9.287057025189883 162.74108891324553
      vertex 1.75 12.990381056766578 162.74108891324553
      vertex 2.341957122256004 9.161232654627065 162.3110068891709
    endloop
  endfacet
  facet normal -0.40673664307579493 0 -0.9135454576426033
    outer loop
      vertex 1.75 9.287057025189883 162.74108891324553
      vertex 1.0815594803123159 12.990381056766578 163.03869780703303
      vertex 1.75 12.990381056766578 162.74108891324553
    endloop
  endfacet
  facet normal -0.5877852522924558 0 -0.80901699437496
    outer loop
      vertex 2.341957122256004 9.161232654627065 162.3110068891709
      vertex 1.75 12.990381056766578 162.74108891324553
      vertex 2.341957122256004 12.990381056766578 162.3110068891709
    endloop
  endfacet
  facet normal -0.7431448254774052 -4.058121188326108e-18 -0.6691306063588459
    outer loop
      vertex 2.341957122256004 9.161232654627065 162.3110068891709
      vertex 2.831559480312316 12.990381056766578 161.76724838302366
      vertex 2.831559480312316 9.05716446081308 161.76724838302366
    endloop
  endfacet
  facet normal -0.7431448254774052 0 -0.669130606358846
    outer loop
      vertex 2.341957122256004 9.161232654627065 162.3110068891709
      vertex 2.341957122256004 12.990381056766578 162.3110068891709
      vertex 2.831559480312316 12.990381056766578 161.76724838302366
    endloop
  endfacet
  facet normal 0 0 -1
    outer loop
      vertex 0.3658496214367871 9.447958005998597 163.19082663378896
      vertex -0.3658496214367871 12.990381056766578 163.19082663378896
      vertex 0.3658496214367871 12.990381056766578 163.19082663378896
    endloop
  endfacet
  facet normal -0.20791169081776972 -3.3564090697999076e-15 -0.9781476007338035
    outer loop
      vertex 0.993020401042708 9.447958005998597 163.05751736929602
      vertex 0.3658496214367871 12.990381056766578 163.19082663378896
      vertex 1.0815594803123159 12.990381056766578 163.03869780703303
    endloop
  endfacet
  facet normal 0 0 1
    outer loop
      vertex -0.3658496214367871 14.5 156.22917336621106
      vertex 0.3658496214367871 14.5 156.22917336621106
      vertex 0.3658496214367871 17.5 156.22917336621106
    endloop
  endfacet
  facet normal -0.2079116908177697 0 0.9781476007338032
    outer loop
      vertex 1.0815594803123159 17.5 156.38130219296698
      vertex 0.3658496214367871 14.5 156.22917336621106
      vertex 1.0815594803123159 14.5 156.38130219296698
    endloop
  endfacet
  facet normal -0.40673664307579493 -2.0197679546847035e-18 0.9135454576426032
    outer loop
      vertex 1.0815594803123159 14.5 156.38130219296698
      vertex 1.75 14.5 156.67891108675448
      vertex 1.75 17.5 156.67891108675448
    endloop
  endfacet
  facet normal -0.5877852522924558 -1.0052165053417896e-17 0.80901699437496
    outer loop
      vertex 1.75 14.5 156.67891108675448
      vertex 2.341957122256004 14.5 157.10899311082912
      vertex 2.341957122256004 17.5 157.10899311082912
    endloop
  endfacet
  facet normal -0.7431448254774052 5.320489868771593e-18 0.669130606358846
    outer loop
      vertex 2.341957122256004 14.5 157.10899311082912
      vertex 2.831559480312316 14.5 157.65275161697636
      vertex 2.831559480312316 17.5 157.65275161697636
    endloop
  endfacet
  facet normal -0.8660254037844355 1.8448407677342354e-18 0.5000000000000057
    outer loop
      vertex 2.831559480312316 14.5 157.65275161697636
      vertex 3.197409101749103 14.5 158.2864217492347
      vertex 3.197409101749103 17.5 158.2864217492347
    endloop
  endfacet
  facet normal -0.8660254037844355 0 -0.5000000000000057
    outer loop
      vertex 2.831559480312316 14.5 161.76724838302366
      vertex 2.831559480312316 17.5 161.76724838302366
      vertex 3.197409101749103 14.5 161.1335782507653
    endloop
  endfacet
  facet normal -0.951056516295153 7.328247372738421e-19 0.30901699437494895
    outer loop
      vertex 3.197409101749103 14.5 158.2864217492347
      vertex 3.42351660256832 14.5 158.98230908213785
      vertex 3.42351660256832 17.5 158.98230908213785
    endloop
  endfacet
  facet normal -0.951056516295153 0 -0.30901699437494895
    outer loop
      vertex 3.197409101749103 14.5 161.1335782507653
      vertex 3.197409101749103 17.5 161.1335782507653
      vertex 3.42351660256832 14.5 160.43769091786217
    endloop
  endfacet
  facet normal -0.9945218953682733 5.85200309527553e-19 0.10452846326765257
    outer loop
      vertex 3.42351660256832 14.5 158.98230908213785
      vertex 3.5 14.5 159.71
      vertex 3.5 17.5 159.71
    endloop
  endfacet
  facet normal -0.9945218953682733 0 -0.10452846326765257
    outer loop
      vertex 3.42351660256832 14.5 160.43769091786217
      vertex 3.42351660256832 17.5 160.43769091786217
      vertex 3.5 14.5 159.71
    endloop
  endfacet
  facet normal -0.2079116908177697 0 0.9781476007338032
    outer loop
      vertex 0.3658496214367871 14.5 156.22917336621106
      vertex 1.0815594803123159 17.5 156.38130219296698
      vertex 0.3658496214367871 17.5 156.22917336621106
    endloop
  endfacet
  facet normal -0.40673664307579493 0 0.9135454576426032
    outer loop
      vertex 1.0815594803123159 14.5 156.38130219296698
      vertex 1.75 17.5 156.67891108675448
      vertex 1.0815594803123159 17.5 156.38130219296698
    endloop
  endfacet
  facet normal -0.5877852522924558 0 0.80901699437496
    outer loop
      vertex 1.75 14.5 156.67891108675448
      vertex 2.341957122256004 17.5 157.10899311082912
      vertex 1.75 17.5 156.67891108675448
    endloop
  endfacet
  facet normal -0.7431448254774052 0 0.669130606358846
    outer loop
      vertex 2.341957122256004 14.5 157.10899311082912
      vertex 2.831559480312316 17.5 157.65275161697636
      vertex 2.341957122256004 17.5 157.10899311082912
    endloop
  endfacet
  facet normal -0.8660254037844355 0 0.5000000000000057
    outer loop
      vertex 2.831559480312316 14.5 157.65275161697636
      vertex 3.197409101749103 17.5 158.2864217492347
      vertex 2.831559480312316 17.5 157.65275161697636
    endloop
  endfacet
  facet normal -0.8660254037844355 -1.8448407677342354e-18 -0.5000000000000057
    outer loop
      vertex 2.831559480312316 17.5 161.76724838302366
      vertex 3.197409101749103 17.5 161.1335782507653
      vertex 3.197409101749103 14.5 161.1335782507653
    endloop
  endfacet
  facet normal -0.951056516295153 0 0.30901699437494895
    outer loop
      vertex 3.197409101749103 14.5 158.2864217492347
      vertex 3.42351660256832 17.5 158.98230908213785
      vertex 3.197409101749103 17.5 158.2864217492347
    endloop
  endfacet
  facet normal -0.951056516295153 -7.328247372738421e-19 -0.30901699437494895
    outer loop
      vertex 3.197409101749103 17.5 161.1335782507653
      vertex 3.42351660256832 17.5 160.43769091786217
      vertex 3.42351660256832 14.5 160.43769091786217
    endloop
  endfacet
  facet normal -0.9945218953682733 0 0.10452846326765257
    outer loop
      vertex 3.42351660256832 14.5 158.98230908213785
      vertex 3.5 17.5 159.71
      vertex 3.42351660256832 17.5 158.98230908213785
    endloop
  endfacet
  facet normal -0.9945218953682733 -5.85200309527553e-19 -0.10452846326765257
    outer loop
      vertex 3.42351660256832 17.5 160.43769091786217
      vertex 3.5 17.5 159.71
      vertex 3.5 14.5 159.71
    endloop
  endfacet
  facet normal -0.2079116908177697 -1.1179574574716287e-18 -0.9781476007338032
    outer loop
      vertex 1.0815594803123159 14.5 163.03869780703303
      vertex 0.3658496214367871 14.5 163.19082663378896
      vertex 0.3658496214367871 17.5 163.19082663378896
    endloop
  endfacet
  facet normal -0.40673664307579493 0 -0.9135454576426032
    outer loop
      vertex 1.0815594803123159 14.5 163.03869780703303
      vertex 1.0815594803123159 17.5 163.03869780703303
      vertex 1.75 14.5 162.74108891324553
    endloop
  endfacet
  facet normal -0.5877852522924558 1.0052165053417896e-17 -0.80901699437496
    outer loop
      vertex 2.341957122256004 14.5 162.3110068891709
      vertex 1.75 14.5 162.74108891324553
      vertex 1.75 17.5 162.74108891324553
    endloop
  endfacet
  facet normal -0.7431448254774052 0 -0.669130606358846
    outer loop
      vertex 2.341957122256004 14.5 162.3110068891709
      vertex 2.341957122256004 17.5 162.3110068891709
      vertex 2.831559480312316 14.5 161.76724838302366
    endloop
  endfacet
  facet normal 0 0 -1
    outer loop
      vertex 0.3658496214367871 14.5 163.19082663378896
      vertex -0.3658496214367871 17.5 163.19082663378896
      vertex 0.3658496214367871 17.5 163.19082663378896
    endloop
  endfacet
  facet normal -0.2079116908177697 0 -0.9781476007338032
    outer loop
      vertex 1.0815594803123159 14.5 163.03869780703303
      vertex 0.3658496214367871 17.5 163.19082663378896
      vertex 1.0815594803123159 17.5 163.03869780703303
    endloop
  endfacet
  facet normal -0.40673664307579493 0 -0.9135454576426032
    outer loop
      vertex 1.75 14.5 162.74108891324553
      vertex 1.0815594803123159 17.5 163.03869780703303
      vertex 1.75 17.5 162.74108891324553
    endloop
  endfacet
  facet normal -0.5877852522924558 0 -0.80901699437496
    outer loop
      vertex 2.341957122256004 14.5 162.3110068891709
      vertex 1.75 17.5 162.74108891324553
      vertex 2.341957122256004 17.5 162.3110068891709
    endloop
  endfacet
  facet normal -0.7431448254774052 0 -0.669130606358846
    outer loop
      vertex 2.831559480312316 14.5 161.76724838302366
      vertex 2.341957122256004 17.5 162.3110068891709
      vertex 2.831559480312316 17.5 161.76724838302366
    endloop
  endfacet
  facet normal 0.9945218953682734 0 0.10452846326765258
    outer loop
      vertex -3.42351660256832 8.817829795074273 200.39230908213784
      vertex -3.42351660256832 12.990381056766578 200.39230908213784
      vertex -3.5 8.783777192587836 201.12
    endloop
  endfacet
  facet normal 0.9945218953682734 0 -0.1045284632676526
    outer loop
      vertex -3.5 8.783777192587836 201.12
      vertex -3.5 12.990381056766578 201.12
      vertex -3.42351660256832 8.817829795074273 201.84769091786217
    endloop
  endfacet
  facet normal 0.9510565162951532 0 0.30901699437494906
    outer loop
      vertex -3.42351660256832 8.817829795074273 200.39230908213784
      vertex -3.197409101749103 8.918499340402413 199.6964217492347
      vertex -3.42351660256832 12.990381056766578 200.39230908213784
    endloop
  endfacet
  facet normal 0.9510565162951532 0 -0.30901699437494906
    outer loop
      vertex -3.42351660256832 8.817829795074273 201.84769091786217
      vertex -3.42351660256832 12.990381056766578 201.84769091786217
      vertex -3.197409101749103 8.918499340402413 202.5435782507653
    endloop
  endfacet
  facet normal 0.8660254037844309 0 0.5000000000000135
    outer loop
      vertex -3.197409101749103 8.918499340402413 199.6964217492347
      vertex -2.9356614465620003 9.035036904803958 199.24306151168864
      vertex -3.197409101749103 12.990381056766578 199.6964217492347
    endloop
  endfacet
  facet normal 0.7431448254774052 0 0.669130606358846
    outer loop
      vertex -2.831559480312316 9.05716446081308 199.06275161697636
      vertex -2.341957122256004 9.161232654627065 198.51899311082911
      vertex -2.831559480312316 12.990381056766578 199.06275161697636
    endloop
  endfacet
  facet normal 0.8660254037844469 1.8816030950832093e-18 0.4999999999999856
    outer loop
      vertex -2.9356614465620003 9.035036904803958 199.24306151168864
      vertex -2.831559480312316 9.05716446081308 199.06275161697636
      vertex -2.831559480312316 12.990381056766578 199.06275161697636
    endloop
  endfacet
  facet normal 0.8660254037844309 0 -0.5000000000000135
    outer loop
      vertex -3.197409101749103 8.918499340402413 202.5435782507653
      vertex -3.197409101749103 12.990381056766578 202.5435782507653
      vertex -2.9356614465620003 9.035036904803958 202.99693848831137
    endloop
  endfacet
  facet normal 0.8660254037844467 4.208856049057617e-15 -0.49999999999998607
    outer loop
      vertex -2.9356614465620003 9.035036904803958 202.99693848831137
      vertex -3.197409101749103 12.990381056766578 202.5435782507653
      vertex -2.831559480312316 9.05716446081308 203.17724838302365
    endloop
  endfacet
  facet normal 0.7431448254774052 0 -0.669130606358846
    outer loop
      vertex -2.831559480312316 9.05716446081308 203.17724838302365
      vertex -2.831559480312316 12.990381056766578 203.17724838302365
      vertex -2.341957122256004 9.161232654627065 203.7210068891709
    endloop
  endfacet
  facet normal 0.9945218953682734 0 0.1045284632676526
    outer loop
      vertex -3.5 8.783777192587836 201.12
      vertex -3.42351660256832 12.990381056766578 200.39230908213784
      vertex -3.5 12.990381056766578 201.12
    endloop
  endfacet
  facet normal 0.9945218953682734 0 -0.10452846326765258
    outer loop
      vertex -3.42351660256832 8.817829795074273 201.84769091786217
      vertex -3.5 12.990381056766578 201.12
      vertex -3.42351660256832 12.990381056766578 201.84769091786217
    endloop
  endfacet
  facet normal 0.9510565162951531 0 0.309016994374949
    outer loop
      vertex -3.197409101749103 8.918499340402413 199.6964217492347
      vertex -3.197409101749103 12.990381056766578 199.6964217492347
      vertex -3.42351660256832 12.990381056766578 200.39230908213784
    endloop
  endfacet
  facet normal 0.9510565162951531 0 -0.309016994374949
    outer loop
      vertex -3.197409101749103 8.918499340402413 202.5435782507653
      vertex -3.42351660256832 12.990381056766578 201.84769091786217
      vertex -3.197409101749103 12.990381056766578 202.5435782507653
    endloop
  endfacet
  facet normal 0.7431448254774052 0 0.669130606358846
    outer loop
      vertex -2.341957122256004 9.161232654627065 198.51899311082911
      vertex -2.341957122256004 12.990381056766578 198.51899311082911
      vertex -2.831559480312316 12.990381056766578 199.06275161697636
    endloop
  endfacet
  facet normal 0.8660254037844355 1.2144103398953533e-15 0.5000000000000056
    outer loop
      vertex -2.9356614465620003 9.035036904803958 199.24306151168864
      vertex -2.831559480312316 12.990381056766578 199.06275161697636
      vertex -3.197409101749103 12.990381056766578 199.6964217492347
    endloop
  endfacet
  facet normal 0.8660254037844354 0 -0.5000000000000056
    outer loop
      vertex -2.831559480312316 9.05716446081308 203.17724838302365
      vertex -3.197409101749103 12.990381056766578 202.5435782507653
      vertex -2.831559480312316 12.990381056766578 203.17724838302365
    endloop
  endfacet
  facet normal 0.7431448254774052 0 -0.669130606358846
    outer loop
      vertex -2.341957122256004 9.161232654627065 203.7210068891709
      vertex -2.831559480312316 12.990381056766578 203.17724838302365
      vertex -2.341957122256004 12.990381056766578 203.7210068891709
    endloop
  endfacet
  facet normal 0.5877852522924557 8.143088453271134e-18 0.80901699437496
    outer loop
      vertex -2.341957122256004 9.161232654627065 198.51899311082911
      vertex -1.75 9.287057025189883 198.08891108675448
      vertex -1.75 12.990381056766578 198.08891108675448
    endloop
  endfacet
  facet normal 0.4067366430757949 1.7014577557514571e-18 0.9135454576426033
    outer loop
      vertex -1.75 9.287057025189883 198.08891108675448
      vertex -1.0815594803123159 9.429138443735619 197.79130219296698
      vertex -1.0815594803123159 12.990381056766578 197.79130219296698
    endloop
  endfacet
  facet normal 0.20791169081789818 0 0.978147600733776
    outer loop
      vertex -1.0815594803123159 9.429138443735619 197.79130219296698
      vertex -0.993020401042708 9.447958005998597 197.772482630704
      vertex -1.0815594803123159 12.990381056766578 197.79130219296698
    endloop
  endfacet
  facet normal 0.20791169081775154 5.466234672231661e-19 0.9781476007338072
    outer loop
      vertex -0.993020401042708 9.447958005998597 197.772482630704
      vertex -0.3658496214367871 9.447958005998597 197.63917336621105
      vertex -0.3658496214367871 12.990381056766578 197.63917336621105
    endloop
  endfacet
  facet normal 0.5877852522924558 0 -0.80901699437496
    outer loop
      vertex -2.341957122256004 9.161232654627065 203.7210068891709
      vertex -2.341957122256004 12.990381056766578 203.7210068891709
      vertex -1.75 9.287057025189883 204.15108891324553
    endloop
  endfacet
  facet normal 0.40673664307579493 0 -0.9135454576426033
    outer loop
      vertex -1.75 9.287057025189883 204.15108891324553
      vertex -1.75 12.990381056766578 204.15108891324553
      vertex -1.0815594803123159 9.429138443735619 204.44869780703303
    endloop
  endfacet
  facet normal 0.20791169081789818 0 -0.978147600733776
    outer loop
      vertex -1.0815594803123159 9.429138443735619 204.44869780703303
      vertex -1.0815594803123159 12.990381056766578 204.44869780703303
      vertex -0.993020401042708 9.447958005998597 204.46751736929602
    endloop
  endfacet
  facet normal 0.20791169081775154 -3.830532505001405e-15 -0.9781476007338072
    outer loop
      vertex -0.993020401042708 9.447958005998597 204.46751736929602
      vertex -1.0815594803123159 12.990381056766578 204.44869780703303
      vertex -0.3658496214367871 9.447958005998597 204.60082663378896
    endloop
  endfacet
  facet normal 0.5877852522924558 0 0.80901699437496
    outer loop
      vertex -2.341957122256004 9.161232654627065 198.51899311082911
      vertex -1.75 12.990381056766578 198.08891108675448
      vertex -2.341957122256004 12.990381056766578 198.51899311082911
    endloop
  endfacet
  facet normal 0.40673664307579493 0 0.9135454576426033
    outer loop
      vertex -1.75 9.287057025189883 198.08891108675448
      vertex -1.0815594803123159 12.990381056766578 197.79130219296698
      vertex -1.75 12.990381056766578 198.08891108675448
    endloop
  endfacet
  facet normal 0.5877852522924558 0 -0.80901699437496
    outer loop
      vertex -1.75 9.287057025189883 204.15108891324553
      vertex -2.341957122256004 12.990381056766578 203.7210068891709
      vertex -1.75 12.990381056766578 204.15108891324553
    endloop
  endfacet
  facet normal 0.20791169081776972 -3.3564090697999076e-15 0.9781476007338035
    outer loop
      vertex -0.993020401042708 9.447958005998597 197.772482630704
      vertex -0.3658496214367871 12.990381056766578 197.63917336621105
      vertex -1.0815594803123159 12.990381056766578 197.79130219296698
    endloop
  endfacet
  facet normal 0 0 1
    outer loop
      vertex -0.3658496214367871 9.447958005998597 197.63917336621105
      vertex 0.3658496214367871 12.990381056766578 197.63917336621105
      vertex -0.3658496214367871 12.990381056766578 197.63917336621105
    endloop
  endfacet
  facet normal 0.4067366430757949 0 -0.9135454576426033
    outer loop
      vertex -1.0815594803123159 9.429138443735619 204.44869780703303
      vertex -1.75 12.990381056766578 204.15108891324553
      vertex -1.0815594803123159 12.990381056766578 204.44869780703303
    endloop
  endfacet
  facet normal 0.20791169081776972 0 -0.9781476007338035
    outer loop
      vertex -0.3658496214367871 9.447958005998597 204.60082663378896
      vertex -1.0815594803123159 12.990381056766578 204.44869780703303
      vertex -0.3658496214367871 12.990381056766578 204.60082663378896
    endloop
  endfacet
  facet normal 0 0 -1
    outer loop
      vertex -0.3658496214367871 9.447958005998597 204.60082663378896
      vertex -0.3658496214367871 12.990381056766578 204.60082663378896
      vertex 0.3658496214367871 12.990381056766578 204.60082663378896
    endloop
  endfacet
  facet normal 0.9945218953682733 -5.85200309527553e-19 0.10452846326765257
    outer loop
      vertex -3.5 14.5 201.12
      vertex -3.42351660256832 14.5 200.39230908213784
      vertex -3.42351660256832 17.5 200.39230908213784
    endloop
  endfacet
  facet normal 0.9945218953682733 0 -0.10452846326765257
    outer loop
      vertex -3.5 17.5 201.12
      vertex -3.42351660256832 14.5 201.84769091786217
      vertex -3.5 14.5 201.12
    endloop
  endfacet
  facet normal 0.951056516295153 0 0.30901699437494895
    outer loop
      vertex -3.197409101749103 14.5 199.6964217492347
      vertex -3.197409101749103 17.5 199.6964217492347
      vertex -3.42351660256832 14.5 200.39230908213784
    endloop
  endfacet
  facet normal 0.951056516295153 0 -0.30901699437494895
    outer loop
      vertex -3.42351660256832 17.5 201.84769091786217
      vertex -3.197409101749103 14.5 202.5435782507653
      vertex -3.42351660256832 14.5 201.84769091786217
    endloop
  endfacet
  facet normal 0.7431448254774052 -5.320489868771593e-18 0.669130606358846
    outer loop
      vertex -2.831559480312316 14.5 199.06275161697636
      vertex -2.341957122256004 14.5 198.51899311082911
      vertex -2.341957122256004 17.5 198.51899311082911
    endloop
  endfacet
  facet normal 0.8660254037844355 0 0.5000000000000057
    outer loop
      vertex -2.831559480312316 14.5 199.06275161697636
      vertex -2.831559480312316 17.5 199.06275161697636
      vertex -3.197409101749103 14.5 199.6964217492347
    endloop
  endfacet
  facet normal 0.8660254037844355 0 -0.5000000000000057
    outer loop
      vertex -3.197409101749103 17.5 202.5435782507653
      vertex -2.831559480312316 14.5 203.17724838302365
      vertex -3.197409101749103 14.5 202.5435782507653
    endloop
  endfacet
  facet normal 0.7431448254774052 5.320489868771593e-18 -0.669130606358846
    outer loop
      vertex -2.341957122256004 14.5 203.7210068891709
      vertex -2.831559480312316 14.5 203.17724838302365
      vertex -2.831559480312316 17.5 203.17724838302365
    endloop
  endfacet
  facet normal 0.5877852522924558 1.0052165053417896e-17 0.80901699437496
    outer loop
      vertex -2.341957122256004 14.5 198.51899311082911
      vertex -1.75 14.5 198.08891108675448
      vertex -1.75 17.5 198.08891108675448
    endloop
  endfacet
  facet normal 0.40673664307579493 2.0197679546847035e-18 0.9135454576426032
    outer loop
      vertex -1.75 14.5 198.08891108675448
      vertex -1.0815594803123159 14.5 197.79130219296698
      vertex -1.0815594803123159 17.5 197.79130219296698
    endloop
  endfacet
  facet normal 0.2079116908177697 -1.1179574574716287e-18 0.9781476007338032
    outer loop
      vertex -1.0815594803123159 14.5 197.79130219296698
      vertex -0.3658496214367871 14.5 197.63917336621105
      vertex -0.3658496214367871 17.5 197.63917336621105
    endloop
  endfacet
  facet normal 0.5877852522924558 -1.0052165053417896e-17 -0.80901699437496
    outer loop
      vertex -1.75 14.5 204.15108891324553
      vertex -2.341957122256004 14.5 203.7210068891709
      vertex -2.341957122256004 17.5 203.7210068891709
    endloop
  endfacet
  facet normal 0.40673664307579493 0 -0.9135454576426032
    outer loop
      vertex -1.75 14.5 204.15108891324553
      vertex -1.75 17.5 204.15108891324553
      vertex -1.0815594803123159 14.5 204.44869780703303
    endloop
  endfacet
  facet normal 0.2079116908177697 0 -0.9781476007338032
    outer loop
      vertex -1.0815594803123159 17.5 204.44869780703303
      vertex -0.3658496214367871 14.5 204.60082663378896
      vertex -1.0815594803123159 14.5 204.44869780703303
    endloop
  endfacet
  facet normal 0 0 -1
    outer loop
      vertex 0.3658496214367871 14.5 204.60082663378896
      vertex -0.3658496214367871 14.5 204.60082663378896
      vertex -0.3658496214367871 17.5 204.60082663378896
    endloop
  endfacet
  facet normal 0.9945218953682733 0 0.10452846326765257
    outer loop
      vertex -3.5 14.5 201.12
      vertex -3.42351660256832 17.5 200.39230908213784
      vertex -3.5 17.5 201.12
    endloop
  endfacet
  facet normal 0.9945218953682733 5.85200309527553e-19 -0.10452846326765257
    outer loop
      vertex -3.5 17.5 201.12
      vertex -3.42351660256832 17.5 201.84769091786217
      vertex -3.42351660256832 14.5 201.84769091786217
    endloop
  endfacet
  facet normal 0.951056516295153 -7.328247372738421e-19 0.30901699437494895
    outer loop
      vertex -3.197409101749103 17.5 199.6964217492347
      vertex -3.42351660256832 17.5 200.39230908213784
      vertex -3.42351660256832 14.5 200.39230908213784
    endloop
  endfacet
  facet normal 0.951056516295153 7.328247372738421e-19 -0.30901699437494895
    outer loop
      vertex -3.42351660256832 17.5 201.84769091786217
      vertex -3.197409101749103 17.5 202.5435782507653
      vertex -3.197409101749103 14.5 202.5435782507653
    endloop
  endfacet
  facet normal 0.7431448254774052 0 0.669130606358846
    outer loop
      vertex -2.831559480312316 14.5 199.06275161697636
      vertex -2.341957122256004 17.5 198.51899311082911
      vertex -2.831559480312316 17.5 199.06275161697636
    endloop
  endfacet
  facet normal 0.8660254037844355 0 0.5000000000000057
    outer loop
      vertex -3.197409101749103 14.5 199.6964217492347
      vertex -2.831559480312316 17.5 199.06275161697636
      vertex -3.197409101749103 17.5 199.6964217492347
    endloop
  endfacet
  facet normal 0.8660254037844355 0 -0.5000000000000057
    outer loop
      vertex -2.831559480312316 17.5 203.17724838302365
      vertex -2.831559480312316 14.5 203.17724838302365
      vertex -3.197409101749103 17.5 202.5435782507653
    endloop
  endfacet
  facet normal 0.7431448254774052 0 -0.669130606358846
    outer loop
      vertex -2.341957122256004 14.5 203.7210068891709
      vertex -2.831559480312316 17.5 203.17724838302365
      vertex -2.341957122256004 17.5 203.7210068891709
    endloop
  endfacet
  facet normal 0.5877852522924558 0 0.80901699437496
    outer loop
      vertex -2.341957122256004 14.5 198.51899311082911
      vertex -1.75 17.5 198.08891108675448
      vertex -2.341957122256004 17.5 198.51899311082911
    endloop
  endfacet
  facet normal 0.40673664307579493 0 0.9135454576426032
    outer loop
      vertex -1.75 17.5 198.08891108675448
      vertex -1.75 14.5 198.08891108675448
      vertex -1.0815594803123159 17.5 197.79130219296698
    endloop
  endfacet
  facet normal 0.2079116908177697 0 0.9781476007338032
    outer loop
      vertex -1.0815594803123159 14.5 197.79130219296698
      vertex -0.3658496214367871 17.5 197.63917336621105
      vertex -1.0815594803123159 17.5 197.79130219296698
    endloop
  endfacet
  facet normal 0 0 1
    outer loop
      vertex -0.3658496214367871 14.5 197.63917336621105
      vertex 0.3658496214367871 17.5 197.63917336621105
      vertex -0.3658496214367871 17.5 197.63917336621105
    endloop
  endfacet
  facet normal 0.5877852522924558 0 -0.80901699437496
    outer loop
      vertex -1.75 14.5 204.15108891324553
      vertex -2.341957122256004 17.5 203.7210068891709
      vertex -1.75 17.5 204.15108891324553
    endloop
  endfacet
  facet normal 0.40673664307579493 0 -0.9135454576426032
    outer loop
      vertex -1.0815594803123159 14.5 204.44869780703303
      vertex -1.75 17.5 204.15108891324553
      vertex -1.0815594803123159 17.5 204.44869780703303
    endloop
  endfacet
  facet normal 0.2079116908177697 0 -0.9781476007338032
    outer loop
      vertex -0.3658496214367871 14.5 204.60082663378896
      vertex -1.0815594803123159 17.5 204.44869780703303
      vertex -0.3658496214367871 17.5 204.60082663378896
    endloop
  endfacet
  facet normal 0 0 1
    outer loop
      vertex -0.3658496214367871 9.447958005998597 197.63917336621105
      vertex 0.3658496214367871 9.447958005998597 197.63917336621105
      vertex 0.3658496214367871 12.990381056766578 197.63917336621105
    endloop
  endfacet
  facet normal -0.20791169081775154 -3.831551093674399e-15 0.9781476007338072
    outer loop
      vertex 0.3658496214367871 9.447958005998597 197.63917336621105
      vertex 0.993020401042708 9.447958005998597 197.772482630704
      vertex 1.0815594803123159 12.990381056766578 197.79130219296698
    endloop
  endfacet
  facet normal -0.2079116908178982 -9.009045010612542e-21 0.978147600733776
    outer loop
      vertex 0.993020401042708 9.447958005998597 197.772482630704
      vertex 1.0815594803123159 9.429138443735619 197.79130219296698
      vertex 1.0815594803123159 12.990381056766578 197.79130219296698
    endloop
  endfacet
  facet normal -0.40673664307579493 -1.6361797704950906e-18 0.9135454576426033
    outer loop
      vertex 1.0815594803123159 9.429138443735619 197.79130219296698
      vertex 1.75 9.287057025189883 198.08891108675448
      vertex 1.75 12.990381056766578 198.08891108675448
    endloop
  endfacet
  facet normal -0.5877852522924558 -7.875509641622649e-18 0.80901699437496
    outer loop
      vertex 1.75 9.287057025189883 198.08891108675448
      vertex 2.341957122256004 9.161232654627065 198.51899311082911
      vertex 2.341957122256004 12.990381056766578 198.51899311082911
    endloop
  endfacet
  facet normal 0 0 -1
    outer loop
      vertex -0.3658496214367871 9.447958005998597 204.60082663378896
      vertex 0.3658496214367871 12.990381056766578 204.60082663378896
      vertex 0.3658496214367871 9.447958005998597 204.60082663378896
    endloop
  endfacet
  facet normal -0.20791169081775154 0 -0.9781476007338072
    outer loop
      vertex 0.3658496214367871 9.447958005998597 204.60082663378896
      vertex 0.3658496214367871 12.990381056766578 204.60082663378896
      vertex 0.993020401042708 9.447958005998597 204.46751736929602
    endloop
  endfacet
  facet normal -0.20791169081789818 9.009045010612542e-21 -0.978147600733776
    outer loop
      vertex 0.993020401042708 9.447958005998597 204.46751736929602
      vertex 1.0815594803123159 12.990381056766578 204.44869780703303
      vertex 1.0815594803123159 9.429138443735619 204.44869780703303
    endloop
  endfacet
  facet normal -0.4067366430757949 0 -0.9135454576426033
    outer loop
      vertex 1.0815594803123159 9.429138443735619 204.44869780703303
      vertex 1.0815594803123159 12.990381056766578 204.44869780703303
      vertex 1.75 9.287057025189883 204.15108891324553
    endloop
  endfacet
  facet normal -0.5877852522924558 0 -0.80901699437496
    outer loop
      vertex 1.75 9.287057025189883 204.15108891324553
      vertex 1.75 12.990381056766578 204.15108891324553
      vertex 2.341957122256004 9.161232654627065 203.7210068891709
    endloop
  endfacet
  facet normal -0.5877852522924558 0 0.80901699437496
    outer loop
      vertex 1.75 9.287057025189883 198.08891108675448
      vertex 2.341957122256004 12.990381056766578 198.51899311082911
      vertex 1.75 12.990381056766578 198.08891108675448
    endloop
  endfacet
  facet normal -0.40673664307579493 0 -0.9135454576426033
    outer loop
      vertex 1.75 9.287057025189883 204.15108891324553
      vertex 1.0815594803123159 12.990381056766578 204.44869780703303
      vertex 1.75 12.990381056766578 204.15108891324553
    endloop
  endfacet
  facet normal -0.5877852522924558 0 -0.80901699437496
    outer loop
      vertex 2.341957122256004 9.161232654627065 203.7210068891709
      vertex 1.75 12.990381056766578 204.15108891324553
      vertex 2.341957122256004 12.990381056766578 203.7210068891709
    endloop
  endfacet
  facet normal -0.8660254037844309 -5.521180070555304e-19 0.5000000000000135
    outer loop
      vertex 2.9356614465620003 9.035036904803958 199.24306151168864
      vertex 3.197409101749103 8.918499340402413 199.6964217492347
      vertex 3.197409101749103 12.990381056766578 199.6964217492347
    endloop
  endfacet
  facet normal -0.9510565162951532 5.268896830592486e-19 0.30901699437494906
    outer loop
      vertex 3.197409101749103 8.918499340402413 199.6964217492347
      vertex 3.42351660256832 8.817829795074273 200.39230908213784
      vertex 3.42351660256832 12.990381056766578 200.39230908213784
    endloop
  endfacet
  facet normal -0.9510565162951532 0 -0.30901699437494906
    outer loop
      vertex 3.42351660256832 8.817829795074273 201.84769091786217
      vertex 3.197409101749103 8.918499340402413 202.5435782507653
      vertex 3.42351660256832 12.990381056766578 201.84769091786217
    endloop
  endfacet
  facet normal -0.9945218953682734 4.1734401081415026e-19 0.1045284632676526
    outer loop
      vertex 3.42351660256832 8.817829795074273 200.39230908213784
      vertex 3.5 8.783777192587836 201.12
      vertex 3.5 12.990381056766578 201.12
    endloop
  endfacet
  facet normal -0.9945218953682734 0 -0.10452846326765258
    outer loop
      vertex 3.42351660256832 8.817829795074273 201.84769091786217
      vertex 3.42351660256832 12.990381056766578 201.84769091786217
      vertex 3.5 8.783777192587836 201.12
    endloop
  endfacet
  facet normal -0.7431448254774052 4.058121188326108e-18 0.6691306063588461
    outer loop
      vertex 2.341957122256004 9.161232654627065 198.51899311082911
      vertex 2.831559480312316 9.05716446081308 199.06275161697636
      vertex 2.831559480312316 12.990381056766578 199.06275161697636
    endloop
  endfacet
  facet normal -0.8660254037844467 4.198496497196226e-15 0.49999999999998607
    outer loop
      vertex 2.831559480312316 9.05716446081308 199.06275161697636
      vertex 2.9356614465620003 9.035036904803958 199.24306151168864
      vertex 3.197409101749103 12.990381056766578 199.6964217492347
    endloop
  endfacet
  facet normal -0.8660254037844309 5.521180070555304e-19 -0.5000000000000135
    outer loop
      vertex 2.9356614465620003 9.035036904803958 202.99693848831137
      vertex 3.197409101749103 12.990381056766578 202.5435782507653
      vertex 3.197409101749103 8.918499340402413 202.5435782507653
    endloop
  endfacet
  facet normal -0.7431448254774052 -4.058121188326108e-18 -0.6691306063588459
    outer loop
      vertex 2.341957122256004 9.161232654627065 203.7210068891709
      vertex 2.831559480312316 12.990381056766578 203.17724838302365
      vertex 2.831559480312316 9.05716446081308 203.17724838302365
    endloop
  endfacet
  facet normal -0.8660254037844469 1.8816030950832093e-18 -0.4999999999999856
    outer loop
      vertex 2.9356614465620003 9.035036904803958 202.99693848831137
      vertex 2.831559480312316 9.05716446081308 203.17724838302365
      vertex 2.831559480312316 12.990381056766578 203.17724838302365
    endloop
  endfacet
  facet normal -0.7431448254774052 0 0.669130606358846
    outer loop
      vertex 2.341957122256004 9.161232654627065 198.51899311082911
      vertex 2.831559480312316 12.990381056766578 199.06275161697636
      vertex 2.341957122256004 12.990381056766578 198.51899311082911
    endloop
  endfacet
  facet normal -0.8660254037844354 0 0.5000000000000056
    outer loop
      vertex 2.831559480312316 9.05716446081308 199.06275161697636
      vertex 3.197409101749103 12.990381056766578 199.6964217492347
      vertex 2.831559480312316 12.990381056766578 199.06275161697636
    endloop
  endfacet
  facet normal -0.9510565162951531 0 0.309016994374949
    outer loop
      vertex 3.197409101749103 8.918499340402413 199.6964217492347
      vertex 3.42351660256832 12.990381056766578 200.39230908213784
      vertex 3.197409101749103 12.990381056766578 199.6964217492347
    endloop
  endfacet
  facet normal -0.9510565162951531 0 -0.309016994374949
    outer loop
      vertex 3.197409101749103 8.918499340402413 202.5435782507653
      vertex 3.197409101749103 12.990381056766578 202.5435782507653
      vertex 3.42351660256832 12.990381056766578 201.84769091786217
    endloop
  endfacet
  facet normal -0.9945218953682734 0 0.10452846326765258
    outer loop
      vertex 3.42351660256832 8.817829795074273 200.39230908213784
      vertex 3.5 12.990381056766578 201.12
      vertex 3.42351660256832 12.990381056766578 200.39230908213784
    endloop
  endfacet
  facet normal -0.9945218953682734 0 -0.1045284632676526
    outer loop
      vertex 3.5 8.783777192587836 201.12
      vertex 3.42351660256832 12.990381056766578 201.84769091786217
      vertex 3.5 12.990381056766578 201.12
    endloop
  endfacet
  facet normal -0.7431448254774052 0 -0.669130606358846
    outer loop
      vertex 2.341957122256004 9.161232654627065 203.7210068891709
      vertex 2.341957122256004 12.990381056766578 203.7210068891709
      vertex 2.831559480312316 12.990381056766578 203.17724838302365
    endloop
  endfacet
  facet normal -0.8660254037844355 1.2144103398953533e-15 -0.5000000000000056
    outer loop
      vertex 2.9356614465620003 9.035036904803958 202.99693848831137
      vertex 2.831559480312316 12.990381056766578 203.17724838302365
      vertex 3.197409101749103 12.990381056766578 202.5435782507653
    endloop
  endfacet
  facet normal -0.20791169081776972 0 0.9781476007338035
    outer loop
      vertex 0.3658496214367871 9.447958005998597 197.63917336621105
      vertex 1.0815594803123159 12.990381056766578 197.79130219296698
      vertex 0.3658496214367871 12.990381056766578 197.63917336621105
    endloop
  endfacet
  facet normal -0.4067366430757949 0 0.9135454576426033
    outer loop
      vertex 1.0815594803123159 9.429138443735619 197.79130219296698
      vertex 1.75 12.990381056766578 198.08891108675448
      vertex 1.0815594803123159 12.990381056766578 197.79130219296698
    endloop
  endfacet
  facet normal -0.20791169081776972 -3.3564090697999076e-15 -0.9781476007338035
    outer loop
      vertex 0.993020401042708 9.447958005998597 204.46751736929602
      vertex 0.3658496214367871 12.990381056766578 204.60082663378896
      vertex 1.0815594803123159 12.990381056766578 204.44869780703303
    endloop
  endfacet
  facet normal 0 0 1
    outer loop
      vertex -0.3658496214367871 14.5 197.63917336621105
      vertex 0.3658496214367871 14.5 197.63917336621105
      vertex 0.3658496214367871 17.5 197.63917336621105
    endloop
  endfacet
  facet normal -0.2079116908177697 0 0.9781476007338032
    outer loop
      vertex 1.0815594803123159 17.5 197.79130219296698
      vertex 0.3658496214367871 14.5 197.63917336621105
      vertex 1.0815594803123159 14.5 197.79130219296698
    endloop
  endfacet
  facet normal -0.40673664307579493 -2.0197679546847035e-18 0.9135454576426032
    outer loop
      vertex 1.0815594803123159 14.5 197.79130219296698
      vertex 1.75 14.5 198.08891108675448
      vertex 1.75 17.5 198.08891108675448
    endloop
  endfacet
  facet normal -0.5877852522924558 -1.0052165053417896e-17 0.80901699437496
    outer loop
      vertex 1.75 14.5 198.08891108675448
      vertex 2.341957122256004 14.5 198.51899311082911
      vertex 2.341957122256004 17.5 198.51899311082911
    endloop
  endfacet
  facet normal -0.2079116908177697 -1.1179574574716287e-18 -0.9781476007338032
    outer loop
      vertex 1.0815594803123159 14.5 204.44869780703303
      vertex 0.3658496214367871 14.5 204.60082663378896
      vertex 0.3658496214367871 17.5 204.60082663378896
    endloop
  endfacet
  facet normal -0.40673664307579493 0 -0.9135454576426032
    outer loop
      vertex 1.0815594803123159 14.5 204.44869780703303
      vertex 1.0815594803123159 17.5 204.44869780703303
      vertex 1.75 14.5 204.15108891324553
    endloop
  endfacet
  facet normal -0.5877852522924558 1.0052165053417896e-17 -0.80901699437496
    outer loop
      vertex 2.341957122256004 14.5 203.7210068891709
      vertex 1.75 14.5 204.15108891324553
      vertex 1.75 17.5 204.15108891324553
    endloop
  endfacet
  facet normal -0.7431448254774052 5.320489868771593e-18 0.669130606358846
    outer loop
      vertex 2.341957122256004 14.5 198.51899311082911
      vertex 2.831559480312316 14.5 199.06275161697636
      vertex 2.831559480312316 17.5 199.06275161697636
    endloop
  endfacet
  facet normal -0.8660254037844355 1.8448407677342354e-18 0.5000000000000057
    outer loop
      vertex 2.831559480312316 14.5 199.06275161697636
      vertex 3.197409101749103 14.5 199.6964217492347
      vertex 3.197409101749103 17.5 199.6964217492347
    endloop
  endfacet
  facet normal -0.951056516295153 7.328247372738421e-19 0.30901699437494895
    outer loop
      vertex 3.197409101749103 14.5 199.6964217492347
      vertex 3.42351660256832 14.5 200.39230908213784
      vertex 3.42351660256832 17.5 200.39230908213784
    endloop
  endfacet
  facet normal -0.951056516295153 0 -0.30901699437494895
    outer loop
      vertex 3.197409101749103 14.5 202.5435782507653
      vertex 3.197409101749103 17.5 202.5435782507653
      vertex 3.42351660256832 14.5 201.84769091786217
    endloop
  endfacet
  facet normal -0.9945218953682733 5.85200309527553e-19 0.10452846326765257
    outer loop
      vertex 3.42351660256832 14.5 200.39230908213784
      vertex 3.5 14.5 201.12
      vertex 3.5 17.5 201.12
    endloop
  endfacet
  facet normal -0.9945218953682733 0 -0.10452846326765257
    outer loop
      vertex 3.42351660256832 14.5 201.84769091786217
      vertex 3.42351660256832 17.5 201.84769091786217
      vertex 3.5 14.5 201.12
    endloop
  endfacet
  facet normal -0.7431448254774052 0 -0.669130606358846
    outer loop
      vertex 2.341957122256004 14.5 203.7210068891709
      vertex 2.341957122256004 17.5 203.7210068891709
      vertex 2.831559480312316 14.5 203.17724838302365
    endloop
  endfacet
  facet normal -0.8660254037844355 0 -0.5000000000000057
    outer loop
      vertex 2.831559480312316 14.5 203.17724838302365
      vertex 2.831559480312316 17.5 203.17724838302365
      vertex 3.197409101749103 14.5 202.5435782507653
    endloop
  endfacet
  facet normal -0.2079116908177697 0 0.9781476007338032
    outer loop
      vertex 0.3658496214367871 14.5 197.63917336621105
      vertex 1.0815594803123159 17.5 197.79130219296698
      vertex 0.3658496214367871 17.5 197.63917336621105
    endloop
  endfacet
  facet normal -0.40673664307579493 0 0.9135454576426032
    outer loop
      vertex 1.0815594803123159 14.5 197.79130219296698
      vertex 1.75 17.5 198.08891108675448
      vertex 1.0815594803123159 17.5 197.79130219296698
    endloop
  endfacet
  facet normal -0.5877852522924558 0 0.80901699437496
    outer loop
      vertex 1.75 14.5 198.08891108675448
      vertex 2.341957122256004 17.5 198.51899311082911
      vertex 1.75 17.5 198.08891108675448
    endloop
  endfacet
  facet normal 0 0 -1
    outer loop
      vertex 0.3658496214367871 14.5 204.60082663378896
      vertex -0.3658496214367871 17.5 204.60082663378896
      vertex 0.3658496214367871 17.5 204.60082663378896
    endloop
  endfacet
  facet normal -0.2079116908177697 0 -0.9781476007338032
    outer loop
      vertex 1.0815594803123159 14.5 204.44869780703303
      vertex 0.3658496214367871 17.5 204.60082663378896
      vertex 1.0815594803123159 17.5 204.44869780703303
    endloop
  endfacet
  facet normal -0.40673664307579493 0 -0.9135454576426032
    outer loop
      vertex 1.75 14.5 204.15108891324553
      vertex 1.0815594803123159 17.5 204.44869780703303
      vertex 1.75 17.5 204.15108891324553
    endloop
  endfacet
  facet normal -0.5877852522924558 0 -0.80901699437496
    outer loop
      vertex 2.341957122256004 14.5 203.7210068891709
      vertex 1.75 17.5 204.15108891324553
      vertex 2.341957122256004 17.5 203.7210068891709
    endloop
  endfacet
  facet normal -0.7431448254774052 0 0.669130606358846
    outer loop
      vertex 2.341957122256004 14.5 198.51899311082911
      vertex 2.831559480312316 17.5 199.06275161697636
      vertex 2.341957122256004 17.5 198.51899311082911
    endloop
  endfacet
  facet normal -0.8660254037844355 0 0.5000000000000057
    outer loop
      vertex 2.831559480312316 14.5 199.06275161697636
      vertex 3.197409101749103 17.5 199.6964217492347
      vertex 2.831559480312316 17.5 199.06275161697636
    endloop
  endfacet
  facet normal -0.951056516295153 0 0.30901699437494895
    outer loop
      vertex 3.197409101749103 14.5 199.6964217492347
      vertex 3.42351660256832 17.5 200.39230908213784
      vertex 3.197409101749103 17.5 199.6964217492347
    endloop
  endfacet
  facet normal -0.951056516295153 -7.328247372738421e-19 -0.30901699437494895
    outer loop
      vertex 3.197409101749103 17.5 202.5435782507653
      vertex 3.42351660256832 17.5 201.84769091786217
      vertex 3.42351660256832 14.5 201.84769091786217
    endloop
  endfacet
  facet normal -0.9945218953682733 0 0.10452846326765257
    outer loop
      vertex 3.42351660256832 14.5 200.39230908213784
      vertex 3.5 17.5 201.12
      vertex 3.42351660256832 17.5 200.39230908213784
    endloop
  endfacet
  facet normal -0.9945218953682733 -5.85200309527553e-19 -0.10452846326765257
    outer loop
      vertex 3.42351660256832 17.5 201.84769091786217
      vertex 3.5 17.5 201.12
      vertex 3.5 14.5 201.12
    endloop
  endfacet
  facet normal -0.7431448254774052 0 -0.669130606358846
    outer loop
      vertex 2.831559480312316 14.5 203.17724838302365
      vertex 2.341957122256004 17.5 203.7210068891709
      vertex 2.831559480312316 17.5 203.17724838302365
    endloop
  endfacet
  facet normal -0.8660254037844355 -1.8448407677342354e-18 -0.5000000000000057
    outer loop
      vertex 2.831559480312316 17.5 203.17724838302365
      vertex 3.197409101749103 17.5 202.5435782507653
      vertex 3.197409101749103 14.5 202.5435782507653
    endloop
  endfacet
  facet normal 0.9945218953682734 0 0.10452846326765258
    outer loop
      vertex -3.42351660256832 8.817829795074273 224.27230908213784
      vertex -3.42351660256832 12.990381056766578 224.27230908213784
      vertex -3.5 8.783777192587836 225
    endloop
  endfacet
  facet normal 0.9945218953682734 0 -0.1045284632676526
    outer loop
      vertex -3.5 8.783777192587836 225
      vertex -3.5 12.990381056766578 225
      vertex -3.42351660256832 8.817829795074273 225.72769091786216
    endloop
  endfacet
  facet normal 0.9510565162951532 0 0.30901699437494906
    outer loop
      vertex -3.42351660256832 8.817829795074273 224.27230908213784
      vertex -3.197409101749103 8.918499340402413 223.5764217492347
      vertex -3.42351660256832 12.990381056766578 224.27230908213784
    endloop
  endfacet
  facet normal 0.9510565162951532 0 -0.30901699437494906
    outer loop
      vertex -3.42351660256832 8.817829795074273 225.72769091786216
      vertex -3.42351660256832 12.990381056766578 225.72769091786216
      vertex -3.197409101749103 8.918499340402413 226.4235782507653
    endloop
  endfacet
  facet normal 0.8660254037844309 0 0.5000000000000135
    outer loop
      vertex -3.197409101749103 8.918499340402413 223.5764217492347
      vertex -2.9356614465620003 9.035036904803958 223.12306151168863
      vertex -3.197409101749103 12.990381056766578 223.5764217492347
    endloop
  endfacet
  facet normal 0.8660254037844309 0 -0.5000000000000135
    outer loop
      vertex -3.197409101749103 8.918499340402413 226.4235782507653
      vertex -3.197409101749103 12.990381056766578 226.4235782507653
      vertex -2.9356614465620003 9.035036904803958 226.87693848831137
    endloop
  endfacet
  facet normal 0.8660254037844469 1.8816030950832093e-18 0.4999999999999856
    outer loop
      vertex -2.9356614465620003 9.035036904803958 223.12306151168863
      vertex -2.831559480312316 9.05716446081308 222.94275161697635
      vertex -2.831559480312316 12.990381056766578 222.94275161697635
    endloop
  endfacet
  facet normal 0.7431448254774052 0 0.669130606358846
    outer loop
      vertex -2.831559480312316 9.05716446081308 222.94275161697635
      vertex -2.341957122256004 9.161232654627065 222.3989931108291
      vertex -2.831559480312316 12.990381056766578 222.94275161697635
    endloop
  endfacet
  facet normal 0.8660254037844467 4.208856049057617e-15 -0.49999999999998607
    outer loop
      vertex -2.9356614465620003 9.035036904803958 226.87693848831137
      vertex -3.197409101749103 12.990381056766578 226.4235782507653
      vertex -2.831559480312316 9.05716446081308 227.05724838302365
    endloop
  endfacet
  facet normal 0.7431448254774052 0 -0.669130606358846
    outer loop
      vertex -2.831559480312316 9.05716446081308 227.05724838302365
      vertex -2.831559480312316 12.990381056766578 227.05724838302365
      vertex -2.341957122256004 9.161232654627065 227.6010068891709
    endloop
  endfacet
  facet normal 0.9945218953682734 0 0.1045284632676526
    outer loop
      vertex -3.5 8.783777192587836 225
      vertex -3.42351660256832 12.990381056766578 224.27230908213784
      vertex -3.5 12.990381056766578 225
    endloop
  endfacet
  facet normal 0.9945218953682734 0 -0.10452846326765258
    outer loop
      vertex -3.42351660256832 8.817829795074273 225.72769091786216
      vertex -3.5 12.990381056766578 225
      vertex -3.42351660256832 12.990381056766578 225.72769091786216
    endloop
  endfacet
  facet normal 0.9510565162951531 0 0.309016994374949
    outer loop
      vertex -3.197409101749103 8.918499340402413 223.5764217492347
      vertex -3.197409101749103 12.990381056766578 223.5764217492347
      vertex -3.42351660256832 12.990381056766578 224.27230908213784
    endloop
  endfacet
  facet normal 0.9510565162951531 0 -0.309016994374949
    outer loop
      vertex -3.197409101749103 8.918499340402413 226.4235782507653
      vertex -3.42351660256832 12.990381056766578 225.72769091786216
      vertex -3.197409101749103 12.990381056766578 226.4235782507653
    endloop
  endfacet
  facet normal 0.8660254037844355 1.2144103398953533e-15 0.5000000000000056
    outer loop
      vertex -2.9356614465620003 9.035036904803958 223.12306151168863
      vertex -2.831559480312316 12.990381056766578 222.94275161697635
      vertex -3.197409101749103 12.990381056766578 223.5764217492347
    endloop
  endfacet
  facet normal 0.7431448254774052 0 0.669130606358846
    outer loop
      vertex -2.341957122256004 9.161232654627065 222.3989931108291
      vertex -2.341957122256004 12.990381056766578 222.3989931108291
      vertex -2.831559480312316 12.990381056766578 222.94275161697635
    endloop
  endfacet
  facet normal 0.8660254037844354 0 -0.5000000000000056
    outer loop
      vertex -2.831559480312316 9.05716446081308 227.05724838302365
      vertex -3.197409101749103 12.990381056766578 226.4235782507653
      vertex -2.831559480312316 12.990381056766578 227.05724838302365
    endloop
  endfacet
  facet normal 0.7431448254774052 0 -0.669130606358846
    outer loop
      vertex -2.341957122256004 9.161232654627065 227.6010068891709
      vertex -2.831559480312316 12.990381056766578 227.05724838302365
      vertex -2.341957122256004 12.990381056766578 227.6010068891709
    endloop
  endfacet
  facet normal 0.5877852522924557 8.143088453271134e-18 0.80901699437496
    outer loop
      vertex -2.341957122256004 9.161232654627065 222.3989931108291
      vertex -1.75 9.287057025189883 221.96891108675447
      vertex -1.75 12.990381056766578 221.96891108675447
    endloop
  endfacet
  facet normal 0.4067366430757949 1.7014577557514571e-18 0.9135454576426033
    outer loop
      vertex -1.75 9.287057025189883 221.96891108675447
      vertex -1.0815594803123159 9.429138443735619 221.67130219296698
      vertex -1.0815594803123159 12.990381056766578 221.67130219296698
    endloop
  endfacet
  facet normal 0.5877852522924558 0 -0.80901699437496
    outer loop
      vertex -2.341957122256004 9.161232654627065 227.6010068891709
      vertex -2.341957122256004 12.990381056766578 227.6010068891709
      vertex -1.75 9.287057025189883 228.03108891324553
    endloop
  endfacet
  facet normal 0.40673664307579493 0 -0.9135454576426033
    outer loop
      vertex -1.75 9.287057025189883 228.03108891324553
      vertex -1.75 12.990381056766578 228.03108891324553
      vertex -1.0815594803123159 9.429138443735619 228.32869780703302
    endloop
  endfacet
  facet normal 0.20791169081789818 0 0.978147600733776
    outer loop
      vertex -1.0815594803123159 9.429138443735619 221.67130219296698
      vertex -0.993020401042708 9.447958005998597 221.652482630704
      vertex -1.0815594803123159 12.990381056766578 221.67130219296698
    endloop
  endfacet
  facet normal 0.20791169081775154 5.466234672231661e-19 0.9781476007338072
    outer loop
      vertex -0.993020401042708 9.447958005998597 221.652482630704
      vertex -0.3658496214367871 9.447958005998597 221.51917336621105
      vertex -0.3658496214367871 12.990381056766578 221.51917336621105
    endloop
  endfacet
  facet normal 0.20791169081789818 0 -0.978147600733776
    outer loop
      vertex -1.0815594803123159 9.429138443735619 228.32869780703302
      vertex -1.0815594803123159 12.990381056766578 228.32869780703302
      vertex -0.993020401042708 9.447958005998597 228.347517369296
    endloop
  endfacet
  facet normal 0.20791169081775154 -3.830532505001405e-15 -0.9781476007338072
    outer loop
      vertex -0.993020401042708 9.447958005998597 228.347517369296
      vertex -1.0815594803123159 12.990381056766578 228.32869780703302
      vertex -0.3658496214367871 9.447958005998597 228.48082663378895
    endloop
  endfacet
  facet normal 0 0 -1
    outer loop
      vertex -0.3658496214367871 9.447958005998597 228.48082663378895
      vertex -0.3658496214367871 12.990381056766578 228.48082663378895
      vertex 0.3658496214367871 9.447958005998597 228.48082663378895
    endloop
  endfacet
  facet normal 0.5877852522924558 0 0.80901699437496
    outer loop
      vertex -2.341957122256004 9.161232654627065 222.3989931108291
      vertex -1.75 12.990381056766578 221.96891108675447
      vertex -2.341957122256004 12.990381056766578 222.3989931108291
    endloop
  endfacet
  facet normal 0.40673664307579493 0 0.9135454576426033
    outer loop
      vertex -1.75 9.287057025189883 221.96891108675447
      vertex -1.0815594803123159 12.990381056766578 221.67130219296698
      vertex -1.75 12.990381056766578 221.96891108675447
    endloop
  endfacet
  facet normal 0.5877852522924558 0 -0.80901699437496
    outer loop
      vertex -1.75 9.287057025189883 228.03108891324553
      vertex -2.341957122256004 12.990381056766578 227.6010068891709
      vertex -1.75 12.990381056766578 228.03108891324553
    endloop
  endfacet
  facet normal 0.4067366430757949 0 -0.9135454576426033
    outer loop
      vertex -1.0815594803123159 9.429138443735619 228.32869780703302
      vertex -1.75 12.990381056766578 228.03108891324553
      vertex -1.0815594803123159 12.990381056766578 228.32869780703302
    endloop
  endfacet
  facet normal 0.20791169081776972 -3.3564090697999076e-15 0.9781476007338035
    outer loop
      vertex -0.993020401042708 9.447958005998597 221.652482630704
      vertex -0.3658496214367871 12.990381056766578 221.51917336621105
      vertex -1.0815594803123159 12.990381056766578 221.67130219296698
    endloop
  endfacet
  facet normal 0 0 1
    outer loop
      vertex -0.3658496214367871 9.447958005998597 221.51917336621105
      vertex 0.3658496214367871 12.990381056766578 221.51917336621105
      vertex -0.3658496214367871 12.990381056766578 221.51917336621105
    endloop
  endfacet
  facet normal 0.20791169081776972 0 -0.9781476007338035
    outer loop
      vertex -0.3658496214367871 9.447958005998597 228.48082663378895
      vertex -1.0815594803123159 12.990381056766578 228.32869780703302
      vertex -0.3658496214367871 12.990381056766578 228.48082663378895
    endloop
  endfacet
  facet normal 0.9945218953682733 -5.85200309527553e-19 0.10452846326765257
    outer loop
      vertex -3.5 14.5 225
      vertex -3.42351660256832 14.5 224.27230908213784
      vertex -3.42351660256832 17.5 224.27230908213784
    endloop
  endfacet
  facet normal 0.9945218953682733 0 -0.10452846326765257
    outer loop
      vertex -3.5 17.5 225
      vertex -3.42351660256832 14.5 225.72769091786216
      vertex -3.5 14.5 225
    endloop
  endfacet
  facet normal 0.951056516295153 0 0.30901699437494895
    outer loop
      vertex -3.197409101749103 14.5 223.5764217492347
      vertex -3.197409101749103 17.5 223.5764217492347
      vertex -3.42351660256832 14.5 224.27230908213784
    endloop
  endfacet
  facet normal 0.951056516295153 0 -0.30901699437494895
    outer loop
      vertex -3.42351660256832 17.5 225.72769091786216
      vertex -3.197409101749103 14.5 226.4235782507653
      vertex -3.42351660256832 14.5 225.72769091786216
    endloop
  endfacet
  facet normal 0.8660254037844355 0 0.5000000000000057
    outer loop
      vertex -2.831559480312316 14.5 222.94275161697635
      vertex -2.831559480312316 17.5 222.94275161697635
      vertex -3.197409101749103 14.5 223.5764217492347
    endloop
  endfacet
  facet normal 0.7431448254774052 -5.320489868771593e-18 0.669130606358846
    outer loop
      vertex -2.831559480312316 14.5 222.94275161697635
      vertex -2.341957122256004 14.5 222.3989931108291
      vertex -2.341957122256004 17.5 222.3989931108291
    endloop
  endfacet
  facet normal 0.8660254037844355 0 -0.5000000000000057
    outer loop
      vertex -3.197409101749103 17.5 226.4235782507653
      vertex -2.831559480312316 14.5 227.05724838302365
      vertex -3.197409101749103 14.5 226.4235782507653
    endloop
  endfacet
  facet normal 0.7431448254774052 5.320489868771593e-18 -0.669130606358846
    outer loop
      vertex -2.341957122256004 14.5 227.6010068891709
      vertex -2.831559480312316 14.5 227.05724838302365
      vertex -2.831559480312316 17.5 227.05724838302365
    endloop
  endfacet
  facet normal 0.5877852522924558 1.0052165053417896e-17 0.80901699437496
    outer loop
      vertex -2.341957122256004 14.5 222.3989931108291
      vertex -1.75 14.5 221.96891108675447
      vertex -1.75 17.5 221.96891108675447
    endloop
  endfacet
  facet normal 0.40673664307579493 2.0197679546847035e-18 0.9135454576426032
    outer loop
      vertex -1.75 14.5 221.96891108675447
      vertex -1.0815594803123159 14.5 221.67130219296698
      vertex -1.0815594803123159 17.5 221.67130219296698
    endloop
  endfacet
  facet normal 0.5877852522924558 -1.0052165053417896e-17 -0.80901699437496
    outer loop
      vertex -1.75 14.5 228.03108891324553
      vertex -2.341957122256004 14.5 227.6010068891709
      vertex -2.341957122256004 17.5 227.6010068891709
    endloop
  endfacet
  facet normal 0.40673664307579493 0 -0.9135454576426032
    outer loop
      vertex -1.75 14.5 228.03108891324553
      vertex -1.75 17.5 228.03108891324553
      vertex -1.0815594803123159 14.5 228.32869780703302
    endloop
  endfacet
  facet normal 0.2079116908177697 -1.1179574574716287e-18 0.9781476007338032
    outer loop
      vertex -1.0815594803123159 14.5 221.67130219296698
      vertex -0.3658496214367871 14.5 221.51917336621105
      vertex -0.3658496214367871 17.5 221.51917336621105
    endloop
  endfacet
  facet normal 0.2079116908177697 0 -0.9781476007338032
    outer loop
      vertex -1.0815594803123159 17.5 228.32869780703302
      vertex -0.3658496214367871 14.5 228.48082663378895
      vertex -1.0815594803123159 14.5 228.32869780703302
    endloop
  endfacet
  facet normal 0 0 -1
    outer loop
      vertex 0.3658496214367871 14.5 228.48082663378895
      vertex -0.3658496214367871 14.5 228.48082663378895
      vertex -0.3658496214367871 17.5 228.48082663378895
    endloop
  endfacet
  facet normal 0.9945218953682733 0 0.10452846326765257
    outer loop
      vertex -3.5 14.5 225
      vertex -3.42351660256832 17.5 224.27230908213784
      vertex -3.5 17.5 225
    endloop
  endfacet
  facet normal 0.9945218953682733 5.85200309527553e-19 -0.10452846326765257
    outer loop
      vertex -3.5 17.5 225
      vertex -3.42351660256832 17.5 225.72769091786216
      vertex -3.42351660256832 14.5 225.72769091786216
    endloop
  endfacet
  facet normal 0.951056516295153 -7.328247372738421e-19 0.30901699437494895
    outer loop
      vertex -3.197409101749103 17.5 223.5764217492347
      vertex -3.42351660256832 17.5 224.27230908213784
      vertex -3.42351660256832 14.5 224.27230908213784
    endloop
  endfacet
  facet normal 0.951056516295153 7.328247372738421e-19 -0.30901699437494895
    outer loop
      vertex -3.42351660256832 17.5 225.72769091786216
      vertex -3.197409101749103 17.5 226.4235782507653
      vertex -3.197409101749103 14.5 226.4235782507653
    endloop
  endfacet
  facet normal 0.8660254037844355 0 0.5000000000000057
    outer loop
      vertex -3.197409101749103 14.5 223.5764217492347
      vertex -2.831559480312316 17.5 222.94275161697635
      vertex -3.197409101749103 17.5 223.5764217492347
    endloop
  endfacet
  facet normal 0.7431448254774052 0 0.669130606358846
    outer loop
      vertex -2.831559480312316 14.5 222.94275161697635
      vertex -2.341957122256004 17.5 222.3989931108291
      vertex -2.831559480312316 17.5 222.94275161697635
    endloop
  endfacet
  facet normal 0.8660254037844355 0 -0.5000000000000057
    outer loop
      vertex -2.831559480312316 17.5 227.05724838302365
      vertex -2.831559480312316 14.5 227.05724838302365
      vertex -3.197409101749103 17.5 226.4235782507653
    endloop
  endfacet
  facet normal 0.7431448254774052 0 -0.669130606358846
    outer loop
      vertex -2.341957122256004 14.5 227.6010068891709
      vertex -2.831559480312316 17.5 227.05724838302365
      vertex -2.341957122256004 17.5 227.6010068891709
    endloop
  endfacet
  facet normal 0.5877852522924558 0 0.80901699437496
    outer loop
      vertex -2.341957122256004 14.5 222.3989931108291
      vertex -1.75 17.5 221.96891108675447
      vertex -2.341957122256004 17.5 222.3989931108291
    endloop
  endfacet
  facet normal 0.40673664307579493 0 0.9135454576426032
    outer loop
      vertex -1.75 17.5 221.96891108675447
      vertex -1.75 14.5 221.96891108675447
      vertex -1.0815594803123159 17.5 221.67130219296698
    endloop
  endfacet
  facet normal 0.5877852522924558 0 -0.80901699437496
    outer loop
      vertex -1.75 14.5 228.03108891324553
      vertex -2.341957122256004 17.5 227.6010068891709
      vertex -1.75 17.5 228.03108891324553
    endloop
  endfacet
  facet normal 0.40673664307579493 0 -0.9135454576426032
    outer loop
      vertex -1.0815594803123159 14.5 228.32869780703302
      vertex -1.75 17.5 228.03108891324553
      vertex -1.0815594803123159 17.5 228.32869780703302
    endloop
  endfacet
  facet normal 0.2079116908177697 0 0.9781476007338032
    outer loop
      vertex -1.0815594803123159 14.5 221.67130219296698
      vertex -0.3658496214367871 17.5 221.51917336621105
      vertex -1.0815594803123159 17.5 221.67130219296698
    endloop
  endfacet
  facet normal 0 0 1
    outer loop
      vertex -0.3658496214367871 14.5 221.51917336621105
      vertex 0.3658496214367871 17.5 221.51917336621105
      vertex -0.3658496214367871 17.5 221.51917336621105
    endloop
  endfacet
  facet normal 0.2079116908177697 0 -0.9781476007338032
    outer loop
      vertex -0.3658496214367871 14.5 228.48082663378895
      vertex -1.0815594803123159 17.5 228.32869780703302
      vertex -0.3658496214367871 17.5 228.48082663378895
    endloop
  endfacet
  facet normal 0 0 1
    outer loop
      vertex -0.3658496214367871 9.447958005998597 221.51917336621105
      vertex 0.3658496214367871 9.447958005998597 221.51917336621105
      vertex 0.3658496214367871 12.990381056766578 221.51917336621105
    endloop
  endfacet
  facet normal -0.20791169081775154 -3.831551093674399e-15 0.9781476007338072
    outer loop
      vertex 0.3658496214367871 9.447958005998597 221.51917336621105
      vertex 0.993020401042708 9.447958005998597 221.652482630704
      vertex 1.0815594803123159 12.990381056766578 221.67130219296698
    endloop
  endfacet
  facet normal -0.2079116908178982 -9.009045010612542e-21 0.978147600733776
    outer loop
      vertex 0.993020401042708 9.447958005998597 221.652482630704
      vertex 1.0815594803123159 9.429138443735619 221.67130219296698
      vertex 1.0815594803123159 12.990381056766578 221.67130219296698
    endloop
  endfacet
  facet normal -0.20791169081775154 0 -0.9781476007338072
    outer loop
      vertex 0.3658496214367871 9.447958005998597 228.48082663378895
      vertex 0.3658496214367871 12.990381056766578 228.48082663378895
      vertex 0.993020401042708 9.447958005998597 228.347517369296
    endloop
  endfacet
  facet normal -0.20791169081789818 9.009045010612542e-21 -0.978147600733776
    outer loop
      vertex 0.993020401042708 9.447958005998597 228.347517369296
      vertex 1.0815594803123159 12.990381056766578 228.32869780703302
      vertex 1.0815594803123159 9.429138443735619 228.32869780703302
    endloop
  endfacet
  facet normal -0.40673664307579493 -1.6361797704950906e-18 0.9135454576426033
    outer loop
      vertex 1.0815594803123159 9.429138443735619 221.67130219296698
      vertex 1.75 9.287057025189883 221.96891108675447
      vertex 1.75 12.990381056766578 221.96891108675447
    endloop
  endfacet
  facet normal -0.5877852522924558 -7.875509641622649e-18 0.80901699437496
    outer loop
      vertex 1.75 9.287057025189883 221.96891108675447
      vertex 2.341957122256004 9.161232654627065 222.3989931108291
      vertex 2.341957122256004 12.990381056766578 222.3989931108291
    endloop
  endfacet
  facet normal -0.4067366430757949 0 -0.9135454576426033
    outer loop
      vertex 1.0815594803123159 9.429138443735619 228.32869780703302
      vertex 1.0815594803123159 12.990381056766578 228.32869780703302
      vertex 1.75 9.287057025189883 228.03108891324553
    endloop
  endfacet
  facet normal -0.5877852522924558 0 -0.80901699437496
    outer loop
      vertex 1.75 9.287057025189883 228.03108891324553
      vertex 1.75 12.990381056766578 228.03108891324553
      vertex 2.341957122256004 9.161232654627065 227.6010068891709
    endloop
  endfacet
  facet normal -0.5877852522924558 0 0.80901699437496
    outer loop
      vertex 1.75 9.287057025189883 221.96891108675447
      vertex 2.341957122256004 12.990381056766578 222.3989931108291
      vertex 1.75 12.990381056766578 221.96891108675447
    endloop
  endfacet
  facet normal -0.40673664307579493 0 -0.9135454576426033
    outer loop
      vertex 1.75 9.287057025189883 228.03108891324553
      vertex 1.0815594803123159 12.990381056766578 228.32869780703302
      vertex 1.75 12.990381056766578 228.03108891324553
    endloop
  endfacet
  facet normal -0.5877852522924558 0 -0.80901699437496
    outer loop
      vertex 2.341957122256004 9.161232654627065 227.6010068891709
      vertex 1.75 12.990381056766578 228.03108891324553
      vertex 2.341957122256004 12.990381056766578 227.6010068891709
    endloop
  endfacet
  facet normal -0.8660254037844309 -5.521180070555304e-19 0.5000000000000135
    outer loop
      vertex 2.9356614465620003 9.035036904803958 223.12306151168863
      vertex 3.197409101749103 8.918499340402413 223.5764217492347
      vertex 3.197409101749103 12.990381056766578 223.5764217492347
    endloop
  endfacet
  facet normal -0.8660254037844309 5.521180070555304e-19 -0.5000000000000135
    outer loop
      vertex 2.9356614465620003 9.035036904803958 226.87693848831137
      vertex 3.197409101749103 12.990381056766578 226.4235782507653
      vertex 3.197409101749103 8.918499340402413 226.4235782507653
    endloop
  endfacet
  facet normal -0.9510565162951532 5.268896830592486e-19 0.30901699437494906
    outer loop
      vertex 3.197409101749103 8.918499340402413 223.5764217492347
      vertex 3.42351660256832 8.817829795074273 224.27230908213784
      vertex 3.42351660256832 12.990381056766578 224.27230908213784
    endloop
  endfacet
  facet normal -0.9945218953682734 4.1734401081415026e-19 0.1045284632676526
    outer loop
      vertex 3.42351660256832 8.817829795074273 224.27230908213784
      vertex 3.5 8.783777192587836 225
      vertex 3.5 12.990381056766578 225
    endloop
  endfacet
  facet normal -0.9945218953682734 0 -0.10452846326765258
    outer loop
      vertex 3.42351660256832 8.817829795074273 225.72769091786216
      vertex 3.42351660256832 12.990381056766578 225.72769091786216
      vertex 3.5 8.783777192587836 225
    endloop
  endfacet
  facet normal -0.9510565162951532 -5.268896830592486e-19 -0.30901699437494906
    outer loop
      vertex 3.197409101749103 8.918499340402413 226.4235782507653
      vertex 3.42351660256832 12.990381056766578 225.72769091786216
      vertex 3.42351660256832 8.817829795074273 225.72769091786216
    endloop
  endfacet
  facet normal -0.7431448254774052 4.058121188326108e-18 0.6691306063588461
    outer loop
      vertex 2.341957122256004 9.161232654627065 222.3989931108291
      vertex 2.831559480312316 9.05716446081308 222.94275161697635
      vertex 2.831559480312316 12.990381056766578 222.94275161697635
    endloop
  endfacet
  facet normal -0.8660254037844467 4.198496497196226e-15 0.49999999999998607
    outer loop
      vertex 2.831559480312316 9.05716446081308 222.94275161697635
      vertex 2.9356614465620003 9.035036904803958 223.12306151168863
      vertex 3.197409101749103 12.990381056766578 223.5764217492347
    endloop
  endfacet
  facet normal -0.7431448254774052 -4.058121188326108e-18 -0.6691306063588459
    outer loop
      vertex 2.341957122256004 9.161232654627065 227.6010068891709
      vertex 2.831559480312316 12.990381056766578 227.05724838302365
      vertex 2.831559480312316 9.05716446081308 227.05724838302365
    endloop
  endfacet
  facet normal -0.8660254037844469 0 -0.4999999999999856
    outer loop
      vertex 2.831559480312316 9.05716446081308 227.05724838302365
      vertex 2.831559480312316 12.990381056766578 227.05724838302365
      vertex 2.9356614465620003 9.035036904803958 226.87693848831137
    endloop
  endfacet
  facet normal -0.7431448254774052 0 0.669130606358846
    outer loop
      vertex 2.341957122256004 9.161232654627065 222.3989931108291
      vertex 2.831559480312316 12.990381056766578 222.94275161697635
      vertex 2.341957122256004 12.990381056766578 222.3989931108291
    endloop
  endfacet
  facet normal -0.8660254037844354 0 0.5000000000000056
    outer loop
      vertex 2.831559480312316 9.05716446081308 222.94275161697635
      vertex 3.197409101749103 12.990381056766578 223.5764217492347
      vertex 2.831559480312316 12.990381056766578 222.94275161697635
    endloop
  endfacet
  facet normal -0.7431448254774052 0 -0.669130606358846
    outer loop
      vertex 2.341957122256004 9.161232654627065 227.6010068891709
      vertex 2.341957122256004 12.990381056766578 227.6010068891709
      vertex 2.831559480312316 12.990381056766578 227.05724838302365
    endloop
  endfacet
  facet normal -0.8660254037844355 1.2144103398953533e-15 -0.5000000000000056
    outer loop
      vertex 2.9356614465620003 9.035036904803958 226.87693848831137
      vertex 2.831559480312316 12.990381056766578 227.05724838302365
      vertex 3.197409101749103 12.990381056766578 226.4235782507653
    endloop
  endfacet
  facet normal -0.9510565162951531 0 0.309016994374949
    outer loop
      vertex 3.197409101749103 8.918499340402413 223.5764217492347
      vertex 3.42351660256832 12.990381056766578 224.27230908213784
      vertex 3.197409101749103 12.990381056766578 223.5764217492347
    endloop
  endfacet
  facet normal -0.9945218953682734 0 0.10452846326765258
    outer loop
      vertex 3.42351660256832 8.817829795074273 224.27230908213784
      vertex 3.5 12.990381056766578 225
      vertex 3.42351660256832 12.990381056766578 224.27230908213784
    endloop
  endfacet
  facet normal -0.9945218953682734 0 -0.1045284632676526
    outer loop
      vertex 3.5 8.783777192587836 225
      vertex 3.42351660256832 12.990381056766578 225.72769091786216
      vertex 3.5 12.990381056766578 225
    endloop
  endfacet
  facet normal -0.9510565162951531 0 -0.309016994374949
    outer loop
      vertex 3.197409101749103 8.918499340402413 226.4235782507653
      vertex 3.197409101749103 12.990381056766578 226.4235782507653
      vertex 3.42351660256832 12.990381056766578 225.72769091786216
    endloop
  endfacet
  facet normal -0.20791169081776972 0 0.9781476007338035
    outer loop
      vertex 0.3658496214367871 9.447958005998597 221.51917336621105
      vertex 1.0815594803123159 12.990381056766578 221.67130219296698
      vertex 0.3658496214367871 12.990381056766578 221.51917336621105
    endloop
  endfacet
  facet normal 0 0 -1
    outer loop
      vertex 0.3658496214367871 9.447958005998597 228.48082663378895
      vertex -0.3658496214367871 12.990381056766578 228.48082663378895
      vertex 0.3658496214367871 12.990381056766578 228.48082663378895
    endloop
  endfacet
  facet normal -0.20791169081776972 -3.3564090697999076e-15 -0.9781476007338035
    outer loop
      vertex 0.993020401042708 9.447958005998597 228.347517369296
      vertex 0.3658496214367871 12.990381056766578 228.48082663378895
      vertex 1.0815594803123159 12.990381056766578 228.32869780703302
    endloop
  endfacet
  facet normal -0.4067366430757949 0 0.9135454576426033
    outer loop
      vertex 1.0815594803123159 9.429138443735619 221.67130219296698
      vertex 1.75 12.990381056766578 221.96891108675447
      vertex 1.0815594803123159 12.990381056766578 221.67130219296698
    endloop
  endfacet
  facet normal 0 0 1
    outer loop
      vertex -0.3658496214367871 14.5 221.51917336621105
      vertex 0.3658496214367871 14.5 221.51917336621105
      vertex 0.3658496214367871 17.5 221.51917336621105
    endloop
  endfacet
  facet normal -0.2079116908177697 0 0.9781476007338032
    outer loop
      vertex 1.0815594803123159 17.5 221.67130219296698
      vertex 0.3658496214367871 14.5 221.51917336621105
      vertex 1.0815594803123159 14.5 221.67130219296698
    endloop
  endfacet
  facet normal -0.2079116908177697 -1.1179574574716287e-18 -0.9781476007338032
    outer loop
      vertex 1.0815594803123159 14.5 228.32869780703302
      vertex 0.3658496214367871 14.5 228.48082663378895
      vertex 0.3658496214367871 17.5 228.48082663378895
    endloop
  endfacet
  facet normal -0.40673664307579493 -2.0197679546847035e-18 0.9135454576426032
    outer loop
      vertex 1.0815594803123159 14.5 221.67130219296698
      vertex 1.75 14.5 221.96891108675447
      vertex 1.75 17.5 221.96891108675447
    endloop
  endfacet
  facet normal -0.5877852522924558 -1.0052165053417896e-17 0.80901699437496
    outer loop
      vertex 1.75 14.5 221.96891108675447
      vertex 2.341957122256004 14.5 222.3989931108291
      vertex 2.341957122256004 17.5 222.3989931108291
    endloop
  endfacet
  facet normal -0.40673664307579493 0 -0.9135454576426032
    outer loop
      vertex 1.0815594803123159 14.5 228.32869780703302
      vertex 1.0815594803123159 17.5 228.32869780703302
      vertex 1.75 14.5 228.03108891324553
    endloop
  endfacet
  facet normal -0.5877852522924558 1.0052165053417896e-17 -0.80901699437496
    outer loop
      vertex 2.341957122256004 14.5 227.6010068891709
      vertex 1.75 14.5 228.03108891324553
      vertex 1.75 17.5 228.03108891324553
    endloop
  endfacet
  facet normal -0.7431448254774052 5.320489868771593e-18 0.669130606358846
    outer loop
      vertex 2.341957122256004 14.5 222.3989931108291
      vertex 2.831559480312316 14.5 222.94275161697635
      vertex 2.831559480312316 17.5 222.94275161697635
    endloop
  endfacet
  facet normal -0.8660254037844355 1.8448407677342354e-18 0.5000000000000057
    outer loop
      vertex 2.831559480312316 14.5 222.94275161697635
      vertex 3.197409101749103 14.5 223.5764217492347
      vertex 3.197409101749103 17.5 223.5764217492347
    endloop
  endfacet
  facet normal -0.7431448254774052 0 -0.669130606358846
    outer loop
      vertex 2.341957122256004 14.5 227.6010068891709
      vertex 2.341957122256004 17.5 227.6010068891709
      vertex 2.831559480312316 14.5 227.05724838302365
    endloop
  endfacet
  facet normal -0.8660254037844355 0 -0.5000000000000057
    outer loop
      vertex 2.831559480312316 14.5 227.05724838302365
      vertex 2.831559480312316 17.5 227.05724838302365
      vertex 3.197409101749103 14.5 226.4235782507653
    endloop
  endfacet
  facet normal -0.951056516295153 7.328247372738421e-19 0.30901699437494895
    outer loop
      vertex 3.197409101749103 14.5 223.5764217492347
      vertex 3.42351660256832 14.5 224.27230908213784
      vertex 3.42351660256832 17.5 224.27230908213784
    endloop
  endfacet
  facet normal -0.9945218953682733 5.85200309527553e-19 0.10452846326765257
    outer loop
      vertex 3.42351660256832 14.5 224.27230908213784
      vertex 3.5 14.5 225
      vertex 3.5 17.5 225
    endloop
  endfacet
  facet normal -0.9945218953682733 0 -0.10452846326765257
    outer loop
      vertex 3.42351660256832 14.5 225.72769091786216
      vertex 3.42351660256832 17.5 225.72769091786216
      vertex 3.5 14.5 225
    endloop
  endfacet
  facet normal -0.951056516295153 0 -0.30901699437494895
    outer loop
      vertex 3.197409101749103 14.5 226.4235782507653
      vertex 3.197409101749103 17.5 226.4235782507653
      vertex 3.42351660256832 14.5 225.72769091786216
    endloop
  endfacet
  facet normal -0.2079116908177697 0 0.9781476007338032
    outer loop
      vertex 0.3658496214367871 14.5 221.51917336621105
      vertex 1.0815594803123159 17.5 221.67130219296698
      vertex 0.3658496214367871 17.5 221.51917336621105
    endloop
  endfacet
  facet normal 0 0 -1
    outer loop
      vertex 0.3658496214367871 14.5 228.48082663378895
      vertex -0.3658496214367871 17.5 228.48082663378895
      vertex 0.3658496214367871 17.5 228.48082663378895
    endloop
  endfacet
  facet normal -0.2079116908177697 0 -0.9781476007338032
    outer loop
      vertex 1.0815594803123159 14.5 228.32869780703302
      vertex 0.3658496214367871 17.5 228.48082663378895
      vertex 1.0815594803123159 17.5 228.32869780703302
    endloop
  endfacet
  facet normal -0.40673664307579493 0 0.9135454576426032
    outer loop
      vertex 1.0815594803123159 14.5 221.67130219296698
      vertex 1.75 17.5 221.96891108675447
      vertex 1.0815594803123159 17.5 221.67130219296698
    endloop
  endfacet
  facet normal -0.5877852522924558 0 0.80901699437496
    outer loop
      vertex 1.75 14.5 221.96891108675447
      vertex 2.341957122256004 17.5 222.3989931108291
      vertex 1.75 17.5 221.96891108675447
    endloop
  endfacet
  facet normal -0.40673664307579493 0 -0.9135454576426032
    outer loop
      vertex 1.75 14.5 228.03108891324553
      vertex 1.0815594803123159 17.5 228.32869780703302
      vertex 1.75 17.5 228.03108891324553
    endloop
  endfacet
  facet normal -0.5877852522924558 0 -0.80901699437496
    outer loop
      vertex 2.341957122256004 14.5 227.6010068891709
      vertex 1.75 17.5 228.03108891324553
      vertex 2.341957122256004 17.5 227.6010068891709
    endloop
  endfacet
  facet normal -0.7431448254774052 0 0.669130606358846
    outer loop
      vertex 2.341957122256004 14.5 222.3989931108291
      vertex 2.831559480312316 17.5 222.94275161697635
      vertex 2.341957122256004 17.5 222.3989931108291
    endloop
  endfacet
  facet normal -0.8660254037844355 0 0.5000000000000057
    outer loop
      vertex 2.831559480312316 14.5 222.94275161697635
      vertex 3.197409101749103 17.5 223.5764217492347
      vertex 2.831559480312316 17.5 222.94275161697635
    endloop
  endfacet
  facet normal -0.7431448254774052 0 -0.669130606358846
    outer loop
      vertex 2.831559480312316 14.5 227.05724838302365
      vertex 2.341957122256004 17.5 227.6010068891709
      vertex 2.831559480312316 17.5 227.05724838302365
    endloop
  endfacet
  facet normal -0.8660254037844355 -1.8448407677342354e-18 -0.5000000000000057
    outer loop
      vertex 2.831559480312316 17.5 227.05724838302365
      vertex 3.197409101749103 17.5 226.4235782507653
      vertex 3.197409101749103 14.5 226.4235782507653
    endloop
  endfacet
  facet normal -0.951056516295153 0 0.30901699437494895
    outer loop
      vertex 3.197409101749103 14.5 223.5764217492347
      vertex 3.42351660256832 17.5 224.27230908213784
      vertex 3.197409101749103 17.5 223.5764217492347
    endloop
  endfacet
  facet normal -0.9945218953682733 0 0.10452846326765257
    outer loop
      vertex 3.42351660256832 14.5 224.27230908213784
      vertex 3.5 17.5 225
      vertex 3.42351660256832 17.5 224.27230908213784
    endloop
  endfacet
  facet normal -0.9945218953682733 -5.85200309527553e-19 -0.10452846326765257
    outer loop
      vertex 3.42351660256832 17.5 225.72769091786216
      vertex 3.5 17.5 225
      vertex 3.5 14.5 225
    endloop
  endfacet
  facet normal -0.951056516295153 -7.328247372738421e-19 -0.30901699437494895
    outer loop
      vertex 3.197409101749103 17.5 226.4235782507653
      vertex 3.42351660256832 17.5 225.72769091786216
      vertex 3.42351660256832 14.5 225.72769091786216
    endloop
  endfacet
endsolid OpenSCAD_Model
