solid OpenSCAD_Model
  facet normal -0.8660254037844387 -0.5000000000000001 0
    outer loop
      vertex -32.5 -12.990381056766578 332.75
      vertex -32.5 -12.990381056766578 333.75
      vertex -40 0 333.75
    endloop
  endfacet
  facet normal -0.7528749052599654 -0.43467252921795524 0.49420559423489335
    outer loop
      vertex -32.5 -12.990381056766578 333.75
      vertex -13.5 -5.196152422706632 369.55
      vertex -16.5 0 369.55
    endloop
  endfacet
  facet normal -0.8660254037844387 -0.5000000000000001 -5.921189464667503e-17
    outer loop
      vertex -32.5 -12.990381056766578 332.75
      vertex -40 0 333.75
      vertex -40 0 332.75
    endloop
  endfacet
  facet normal -0.7528749052599654 -0.43467252921795513 0.49420559423489335
    outer loop
      vertex -32.5 -12.990381056766578 333.75
      vertex -16.5 0 369.55
      vertex -40 0 333.75
    endloop
  endfacet
  facet normal 0 -1 0
    outer loop
      vertex -32.5 -12.990381056766578 332.75
      vertex 32.5 -12.990381056766578 332.75
      vertex -32.5 -12.990381056766578 333.75
    endloop
  endfacet
  facet normal 2.3039612092769904e-18 -0.9771104826470155 0.21273247213652233
    outer loop
      vertex -32.5 -12.990381056766578 333.75
      vertex 13.5 -5.196152422706632 369.55
      vertex -13.5 -5.196152422706632 369.55
    endloop
  endfacet
  facet normal 0 0 1
    outer loop
      vertex -13.5 -5.196152422706632 369.55
      vertex -15.879919137466294 -0.26043935309973865 369.55
      vertex -16.5 0 369.55
    endloop
  endfacet
  facet normal 0 0 1
    outer loop
      vertex -13.5 -5.196152422706632 369.55
      vertex -15.45 -0.5265000000000001 369.55
      vertex -15.879919137466294 -0.26043935309973865 369.55
    endloop
  endfacet
  facet normal 0 0 1
    outer loop
      vertex -13.5 -5.196152422706632 369.55
      vertex -5.549999999999999 -0.5265000000000001 369.55
      vertex -15.45 -0.5265000000000001 369.55
    endloop
  endfacet
  facet normal 0 0 1
    outer loop
      vertex -16.5 0 369.55
      vertex -15.879919137466294 -0.26043935309973865 369.55
      vertex -15.8799191374663 0.7925606469002666 369.55
    endloop
  endfacet
  facet normal 0 0 1
    outer loop
      vertex -16.5 0 369.55
      vertex -15.8799191374663 0.7925606469002666 369.55
      vertex -13.5 5.196152422706632 369.55
    endloop
  endfacet
  facet normal 0 0 1
    outer loop
      vertex -13.5 -5.196152422706632 369.55
      vertex -4.275 -0.675 369.55
      vertex -5.549999999999999 -0.5265000000000001 369.55
    endloop
  endfacet
  facet normal 0 0 1
    outer loop
      vertex -13.5 -5.196152422706632 369.55
      vertex 4.275 -0.675 369.55
      vertex -4.275 -0.675 369.55
    endloop
  endfacet
  facet normal 0 0 1
    outer loop
      vertex -13.5 -5.196152422706632 369.55
      vertex 6.9 -0.5265000000000001 369.55
      vertex 4.275 -0.675 369.55
    endloop
  endfacet
  facet normal 0 0 1
    outer loop
      vertex -5.549999999999999 -0.5265000000000001 369.55
      vertex -4.275 0.936657681940693 369.55
      vertex -5.549999999999999 0.5265000000000001 369.55
    endloop
  endfacet
  facet normal 0 0 1
    outer loop
      vertex -5.549999999999999 0.5265000000000001 369.55
      vertex -4.275 0.936657681940693 369.55
      vertex -5.979919137466292 0.7925606469002608 369.55
    endloop
  endfacet
  facet normal 0 0 1
    outer loop
      vertex -5.549999999999999 -0.5265000000000001 369.55
      vertex -4.275 -0.675 369.55
      vertex -4.275 0.936657681940693 369.55
    endloop
  endfacet
  facet normal -0.8660254037844387 0.5000000000000001 0
    outer loop
      vertex -40 0 332.75
      vertex -40 0 333.75
      vertex -32.5 12.990381056766578 332.75
    endloop
  endfacet
  facet normal -0.8660254037844387 0.5000000000000001 5.921189464667503e-17
    outer loop
      vertex -40 0 333.75
      vertex -32.5 12.990381056766578 333.75
      vertex -32.5 12.990381056766578 332.75
    endloop
  endfacet
  facet normal -0.7528749052599654 0.43467252921795513 0.49420559423489335
    outer loop
      vertex -40 0 333.75
      vertex -16.5 0 369.55
      vertex -32.5 12.990381056766578 333.75
    endloop
  endfacet
  facet normal -0.7528749052599655 0.434672529217955 0.49420559423489335
    outer loop
      vertex -16.5 0 369.55
      vertex -13.5 5.196152422706632 369.55
      vertex -32.5 12.990381056766578 333.75
    endloop
  endfacet
  facet normal 0 1 0
    outer loop
      vertex -32.5 12.990381056766578 332.75
      vertex -32.5 12.990381056766578 333.75
      vertex -29.95 12.990381056766578 332.75
    endloop
  endfacet
  facet normal 0 1 0
    outer loop
      vertex -32.5 12.990381056766578 333.75
      vertex -20.05 12.990381056766578 332.75
      vertex -29.95 12.990381056766578 332.75
    endloop
  endfacet
  facet normal 0 0 1
    outer loop
      vertex -13.5 5.196152422706632 369.55
      vertex -15.8799191374663 0.7925606469002666 369.55
      vertex -5.979919137466292 0.7925606469002608 369.55
    endloop
  endfacet
  facet normal 0 0 1
    outer loop
      vertex -13.5 5.196152422706632 369.55
      vertex -5.979919137466292 0.7925606469002608 369.55
      vertex -4.275 0.936657681940693 369.55
    endloop
  endfacet
  facet normal 0 0 1
    outer loop
      vertex -13.5 5.196152422706632 369.55
      vertex -4.275 0.936657681940693 369.55
      vertex 13.5 5.196152422706632 369.55
    endloop
  endfacet
  facet normal 0 1 0
    outer loop
      vertex -4.275 12.990381056766578 332.75
      vertex -20.05 12.990381056766578 332.75
      vertex -32.5 12.990381056766578 333.75
    endloop
  endfacet
  facet normal 0 1 0
    outer loop
      vertex -4.275 12.990381056766578 332.75
      vertex -32.5 12.990381056766578 333.75
      vertex 4.275 12.990381056766578 332.75
    endloop
  endfacet
  facet normal 1.899636424808697e-17 0.9771104826470155 0.21273247213652235
    outer loop
      vertex -32.5 12.990381056766578 333.75
      vertex -13.5 5.196152422706632 369.55
      vertex 21.4 12.860145187190907 334.3481918608898
    endloop
  endfacet
  facet normal 0 1 0
    outer loop
      vertex 21.4 12.990381056766578 332.75
      vertex 4.275 12.990381056766578 332.75
      vertex -32.5 12.990381056766578 333.75
    endloop
  endfacet
  facet normal 0 -0.9771104826470156 0.21273247213652235
    outer loop
      vertex -32.5 -12.990381056766578 333.75
      vertex 32.5 -12.990381056766578 333.75
      vertex 13.5 -5.196152422706632 369.55
    endloop
  endfacet
  facet normal 0 -1 0
    outer loop
      vertex -32.5 -12.990381056766578 333.75
      vertex 32.5 -12.990381056766578 332.75
      vertex 32.5 -12.990381056766578 333.75
    endloop
  endfacet
  facet normal 0 0 1
    outer loop
      vertex -13.5 -5.196152422706632 369.55
      vertex 13.5 -5.196152422706632 369.55
      vertex 6.9 -0.5265000000000001 369.55
    endloop
  endfacet
  facet normal 0 0 1
    outer loop
      vertex 4.275 -0.675 369.55
      vertex 6.9 -0.5265000000000001 369.55
      vertex 6.9 0.5265000000000001 369.55
    endloop
  endfacet
  facet normal 0 0 1
    outer loop
      vertex 4.275 0.9366576819406919 369.55
      vertex 4.275 -0.675 369.55
      vertex 6.9 0.5265000000000001 369.55
    endloop
  endfacet
  facet normal 0 0 1
    outer loop
      vertex 4.275 0.9366576819406919 369.55
      vertex 6.9 0.5265000000000001 369.55
      vertex 7.329919137466295 0.7925606469002613 369.55
    endloop
  endfacet
  facet normal 0 0 1
    outer loop
      vertex 4.275 0.9366576819406919 369.55
      vertex 7.329919137466295 0.7925606469002613 369.55
      vertex 14.529919137466292 0.7925606469002595 369.55
    endloop
  endfacet
  facet normal 0 0 1
    outer loop
      vertex 13.5 -5.196152422706632 369.55
      vertex 14.100000000000001 -0.5265000000000001 369.55
      vertex 6.9 -0.5265000000000001 369.55
    endloop
  endfacet
  facet normal 0 0 1
    outer loop
      vertex 13.5 -5.196152422706632 369.55
      vertex 16.5 0 369.55
      vertex 14.100000000000001 -0.5265000000000001 369.55
    endloop
  endfacet
  facet normal 0 0 1
    outer loop
      vertex 16.5 0 369.55
      vertex 13.5 5.196152422706632 369.55
      vertex 14.529919137466292 0.7925606469002595 369.55
    endloop
  endfacet
  facet normal 0 0 1
    outer loop
      vertex 16.5 0 369.55
      vertex 14.529919137466296 -0.26043935309973854 369.55
      vertex 14.100000000000001 -0.5265000000000001 369.55
    endloop
  endfacet
  facet normal 0 0 1
    outer loop
      vertex 16.5 0 369.55
      vertex 14.529919137466292 0.7925606469002595 369.55
      vertex 14.529919137466296 -0.26043935309973854 369.55
    endloop
  endfacet
  facet normal 0.7528749052599655 -0.434672529217955 0.49420559423489335
    outer loop
      vertex 13.5 -5.196152422706632 369.55
      vertex 32.5 -12.990381056766578 333.75
      vertex 16.5 0 369.55
    endloop
  endfacet
  facet normal 0.8660254037844387 -0.5000000000000001 0
    outer loop
      vertex 32.5 -12.990381056766578 332.75
      vertex 40 0 332.75
      vertex 32.5 -12.990381056766578 333.75
    endloop
  endfacet
  facet normal 0.7528749052599654 -0.43467252921795513 0.49420559423489335
    outer loop
      vertex 16.5 0 369.55
      vertex 32.5 -12.990381056766578 333.75
      vertex 40 0 333.75
    endloop
  endfacet
  facet normal 0.8660254037844387 -0.5000000000000001 5.921189464667503e-17
    outer loop
      vertex 32.5 -12.990381056766578 333.75
      vertex 40 0 332.75
      vertex 40 0 333.75
    endloop
  endfacet
  facet normal 0 0 1
    outer loop
      vertex 13.5 5.196152422706632 369.55
      vertex -4.275 0.936657681940693 369.55
      vertex 4.275 0.9366576819406919 369.55
    endloop
  endfacet
  facet normal 0 0 1
    outer loop
      vertex 13.5 5.196152422706632 369.55
      vertex 4.275 0.9366576819406919 369.55
      vertex 14.529919137466292 0.7925606469002595 369.55
    endloop
  endfacet
  facet normal 0 0.9771104826470155 0.21273247213652233
    outer loop
      vertex -13.5 5.196152422706632 369.55
      vertex 13.5 5.196152422706632 369.55
      vertex 32.5 12.990381056766578 333.75
    endloop
  endfacet
  facet normal 0 0.9771104826470152 0.212732472136524
    outer loop
      vertex -32.5 12.990381056766578 333.75
      vertex 21.4 12.860145187190907 334.3481918608898
      vertex 21.4 12.990381056766578 333.75
    endloop
  endfacet
  facet normal 0 1 0
    outer loop
      vertex -32.5 12.990381056766578 333.75
      vertex 21.4 12.990381056766578 333.75
      vertex 21.4 12.990381056766578 332.75
    endloop
  endfacet
  facet normal 1.6217283765311082e-17 0.9771104826470157 0.21273247213652224
    outer loop
      vertex -13.5 5.196152422706632 369.55
      vertex 28.6 12.860145187190907 334.3481918608898
      vertex 21.4 12.860145187190907 334.3481918608898
    endloop
  endfacet
  facet normal -4.842694208748006e-16 0.9771104826470157 0.21273247213652177
    outer loop
      vertex -13.5 5.196152422706632 369.55
      vertex 32.5 12.990381056766578 333.75
      vertex 28.6 12.860145187190907 334.3481918608898
    endloop
  endfacet
  facet normal 0.7528749052599655 0.434672529217955 0.49420559423489335
    outer loop
      vertex 16.5 0 369.55
      vertex 32.5 12.990381056766578 333.75
      vertex 13.5 5.196152422706632 369.55
    endloop
  endfacet
  facet normal 0.7528749052599654 0.43467252921795513 0.49420559423489335
    outer loop
      vertex 16.5 0 369.55
      vertex 40 0 333.75
      vertex 32.5 12.990381056766578 333.75
    endloop
  endfacet
  facet normal 0.8660254037844387 0.5000000000000001 0
    outer loop
      vertex 40 0 332.75
      vertex 32.5 12.990381056766578 333.75
      vertex 40 0 333.75
    endloop
  endfacet
  facet normal 0.8660254037844387 0.5000000000000001 -5.921189464667503e-17
    outer loop
      vertex 40 0 332.75
      vertex 32.5 12.990381056766578 332.75
      vertex 32.5 12.990381056766578 333.75
    endloop
  endfacet
  facet normal 0 0.9771104826470154 0.21273247213652405
    outer loop
      vertex 32.5 12.990381056766578 333.75
      vertex 28.6 12.990381056766578 333.75
      vertex 28.6 12.860145187190907 334.3481918608898
    endloop
  endfacet
  facet normal 0 1 0
    outer loop
      vertex 32.5 12.990381056766578 332.75
      vertex 28.6 12.990381056766578 332.75
      vertex 28.6 12.990381056766578 333.75
    endloop
  endfacet
  facet normal 0 1 0
    outer loop
      vertex 32.5 12.990381056766578 332.75
      vertex 28.6 12.990381056766578 333.75
      vertex 32.5 12.990381056766578 333.75
    endloop
  endfacet
  facet normal 0 0 -1
    outer loop
      vertex -32.5 -12.990381056766578 0
      vertex -33.89918693812442 -6.465637775217204 0
      vertex -32.36043666994744 -8.174593080251336 0
    endloop
  endfacet
  facet normal 0 0 -1
    outer loop
      vertex -32.5 -12.990381056766578 0
      vertex -32.36043666994744 -8.174593080251336 0
      vertex -30.5 -9.526279441628825 0
    endloop
  endfacet
  facet normal 0 0 -1
    outer loop
      vertex -32.5 -12.990381056766578 0
      vertex -30.5 -9.526279441628825 0
      vertex -28.399186938124423 -10.461621679246688 0
    endloop
  endfacet
  facet normal 0 0 -1
    outer loop
      vertex -32.5 -12.990381056766578 0
      vertex -40 0 0
      vertex -33.89918693812442 -6.465637775217204 0
    endloop
  endfacet
  facet normal 0 0 -1
    outer loop
      vertex -32.5 -12.990381056766578 0
      vertex -28.399186938124423 -10.461621679246688 0
      vertex -26.14981309594419 -10.939740849051006 0
    endloop
  endfacet
  facet normal 0 0 -1
    outer loop
      vertex -32.5 -12.990381056766578 0
      vertex -26.14981309594419 -10.939740849051006 0
      vertex -23.85018690405581 -10.939740849051006 0
    endloop
  endfacet
  facet normal 0 0 -1
    outer loop
      vertex -32.5 -12.990381056766578 0
      vertex -23.85018690405581 -10.939740849051006 0
      vertex -21.600813061875577 -10.461621679246688 0
    endloop
  endfacet
  facet normal 0 0 -1
    outer loop
      vertex -40 0 0
      vertex -35.04900003406861 -4.474103073833803 0
      vertex -33.89918693812442 -6.465637775217204 0
    endloop
  endfacet
  facet normal 0 0 -1
    outer loop
      vertex -40 0 0
      vertex -35.75962360807186 -2.2870285989953527 0
      vertex -35.04900003406861 -4.474103073833803 0
    endloop
  endfacet
  facet normal 0 0 -1
    outer loop
      vertex -40 0 0
      vertex -36 0 0
      vertex -35.75962360807186 -2.2870285989953527 0
    endloop
  endfacet
  facet normal 0 0 -1
    outer loop
      vertex -40 0 0
      vertex -35.75962360807186 2.2870285989953527 0
      vertex -36 0 0
    endloop
  endfacet
  facet normal 0 0 -1
    outer loop
      vertex -40 0 0
      vertex -35.04900003406861 4.474103073833803 0
      vertex -35.75962360807186 2.2870285989953527 0
    endloop
  endfacet
  facet normal -0.8660254037844386 -0.5 -1.7794709134988736e-19
    outer loop
      vertex -32.5 -12.990381056766578 0
      vertex -40 0 332.75
      vertex -40 0 0
    endloop
  endfacet
  facet normal 0 0 -1
    outer loop
      vertex -32.5 -12.990381056766578 0
      vertex -21.600813061875577 -10.461621679246688 0
      vertex -2.9356614465620003 -9.035036904803958 0
    endloop
  endfacet
  facet normal 0 0 -1
    outer loop
      vertex -19.5 -9.526279441628825 0
      vertex -2.9356614465620003 -9.035036904803958 0
      vertex -21.600813061875577 -10.461621679246688 0
    endloop
  endfacet
  facet normal 0 0 -1
    outer loop
      vertex -32.5 -12.990381056766578 0
      vertex -2.9356614465620003 -9.035036904803958 0
      vertex -0.993020401042708 -9.447958005998597 0
    endloop
  endfacet
  facet normal 0 0 -1
    outer loop
      vertex -32.5 -12.990381056766578 0
      vertex -0.993020401042708 -9.447958005998597 0
      vertex 0.993020401042708 -9.447958005998597 0
    endloop
  endfacet
  facet normal 0 0 -1
    outer loop
      vertex -19.5 -9.526279441628825 0
      vertex -17.63956333005256 -8.174593080251336 0
      vertex -4.75 -8.227241335952167 0
    endloop
  endfacet
  facet normal 0 0 -1
    outer loop
      vertex -17.63956333005256 -8.174593080251336 0
      vertex -16.100813061875577 -6.465637775217204 0
      vertex -6.356740760409153 -7.059875842035245 0
    endloop
  endfacet
  facet normal 0 0 -1
    outer loop
      vertex -14.950999965931391 -4.474103073833803 0
      vertex -7.685661446562001 -5.583959896778495 0
      vertex -16.100813061875577 -6.465637775217204 0
    endloop
  endfacet
  facet normal 0 0 -1
    outer loop
      vertex -16.100813061875577 -6.465637775217204 0
      vertex -7.685661446562001 -5.583959896778495 0
      vertex -6.356740760409153 -7.059875842035245 0
    endloop
  endfacet
  facet normal 0 0 -1
    outer loop
      vertex -19.5 -9.526279441628825 0
      vertex -4.75 -8.227241335952167 0
      vertex -2.9356614465620003 -9.035036904803958 0
    endloop
  endfacet
  facet normal 0 0 -1
    outer loop
      vertex -17.63956333005256 -8.174593080251336 0
      vertex -6.356740760409153 -7.059875842035245 0
      vertex -4.75 -8.227241335952167 0
    endloop
  endfacet
  facet normal 0 -1 0
    outer loop
      vertex -32.5 -12.990381056766578 0
      vertex 32.5 -12.990381056766578 0
      vertex -32.5 -12.990381056766578 332.75
    endloop
  endfacet
  facet normal 0 0 -1
    outer loop
      vertex -8.678681847604707 -3.863998109220102 0
      vertex -14.950999965931391 -4.474103073833803 0
      vertex -14.240376391928137 -2.2870285989953527 0
    endloop
  endfacet
  facet normal 0 0 -1
    outer loop
      vertex -14.950999965931391 -4.474103073833803 0
      vertex -8.678681847604707 -3.863998109220102 0
      vertex -7.685661446562001 -5.583959896778495 0
    endloop
  endfacet
  facet normal 0 0 -1
    outer loop
      vertex -8.678681847604707 -3.863998109220102 0
      vertex -14.240376391928137 -2.2870285989953527 0
      vertex -9.292402206971154 -1.9751610627687137 0
    endloop
  endfacet
  facet normal 0 0 -1
    outer loop
      vertex -14.240376391928137 -2.2870285989953527 0
      vertex -14 0 0
      vertex -9.292402206971154 -1.9751610627687137 0
    endloop
  endfacet
  facet normal 0 0 -1
    outer loop
      vertex -14 0 0
      vertex -9.5 0 0
      vertex -9.292402206971154 -1.9751610627687137 0
    endloop
  endfacet
  facet normal 0 0 -1
    outer loop
      vertex -14 0 0
      vertex -14.240376391928137 2.2870285989953527 0
      vertex -9.5 0 0
    endloop
  endfacet
  facet normal 0 0 -1
    outer loop
      vertex -14.240376391928137 2.2870285989953527 0
      vertex -9.292402206971154 1.9751610627687137 0
      vertex -9.5 0 0
    endloop
  endfacet
  facet normal -0.8660254037844386 -0.5 0
    outer loop
      vertex -32.5 -12.990381056766578 0
      vertex -32.5 -12.990381056766578 332.75
      vertex -40 0 332.75
    endloop
  endfacet
  facet normal 0 0 -1
    outer loop
      vertex -40 0 0
      vertex -32.5 12.990381056766578 0
      vertex -35.04900003406861 4.474103073833803 0
    endloop
  endfacet
  facet normal 0 0 -1
    outer loop
      vertex -32.5 12.990381056766578 0
      vertex -33.89918693812442 6.465637775217204 0
      vertex -35.04900003406861 4.474103073833803 0
    endloop
  endfacet
  facet normal 0 0 -1
    outer loop
      vertex -32.5 12.990381056766578 0
      vertex -32.36043666994744 8.174593080251336 0
      vertex -33.89918693812442 6.465637775217204 0
    endloop
  endfacet
  facet normal -0.8660254037844386 0.5 1.7794709134988736e-19
    outer loop
      vertex -40 0 0
      vertex -32.5 12.990381056766578 332.75
      vertex -32.5 12.990381056766578 0
    endloop
  endfacet
  facet normal 0 0 -1
    outer loop
      vertex -32.5 12.990381056766578 0
      vertex -30.5 9.526279441628825 0
      vertex -32.36043666994744 8.174593080251336 0
    endloop
  endfacet
  facet normal 0 0 -1
    outer loop
      vertex -32.5 12.990381056766578 0
      vertex -28.399186938124423 10.461621679246688 0
      vertex -30.5 9.526279441628825 0
    endloop
  endfacet
  facet normal 0 0 -1
    outer loop
      vertex -32.5 12.990381056766578 0
      vertex -26.14981309594419 10.939740849051006 0
      vertex -28.399186938124423 10.461621679246688 0
    endloop
  endfacet
  facet normal 0 0 -1
    outer loop
      vertex -32.5 12.990381056766578 0
      vertex -23.85018690405581 10.939740849051006 0
      vertex -26.14981309594419 10.939740849051006 0
    endloop
  endfacet
  facet normal 0 1 0
    outer loop
      vertex -32.5 12.990381056766578 0
      vertex -32.5 12.990381056766578 332.75
      vertex -3.42351660256832 12.990381056766578 162.22230908213783
    endloop
  endfacet
  facet normal 0 0 -1
    outer loop
      vertex -14.240376391928137 2.2870285989953527 0
      vertex -14.950999965931391 4.474103073833803 0
      vertex -8.678681847604707 3.863998109220102 0
    endloop
  endfacet
  facet normal 0 0 -1
    outer loop
      vertex -14.240376391928137 2.2870285989953527 0
      vertex -8.678681847604707 3.863998109220102 0
      vertex -9.292402206971154 1.9751610627687137 0
    endloop
  endfacet
  facet normal 0 0 -1
    outer loop
      vertex -14.950999965931391 4.474103073833803 0
      vertex -16.100813061875577 6.465637775217204 0
      vertex -7.685661446562001 5.583959896778495 0
    endloop
  endfacet
  facet normal 0 0 -1
    outer loop
      vertex -14.950999965931391 4.474103073833803 0
      vertex -7.685661446562001 5.583959896778495 0
      vertex -8.678681847604707 3.863998109220102 0
    endloop
  endfacet
  facet normal 0 0 -1
    outer loop
      vertex -17.63956333005256 8.174593080251336 0
      vertex -6.356740760409153 7.059875842035245 0
      vertex -16.100813061875577 6.465637775217204 0
    endloop
  endfacet
  facet normal 0 0 -1
    outer loop
      vertex -16.100813061875577 6.465637775217204 0
      vertex -6.356740760409153 7.059875842035245 0
      vertex -7.685661446562001 5.583959896778495 0
    endloop
  endfacet
  facet normal 0 0 -1
    outer loop
      vertex -17.63956333005256 8.174593080251336 0
      vertex -19.5 9.526279441628825 0
      vertex -4.75 8.227241335952167 0
    endloop
  endfacet
  facet normal 0 0 -1
    outer loop
      vertex -21.600813061875577 10.461621679246688 0
      vertex -2.9356614465620003 9.035036904803958 0
      vertex -19.5 9.526279441628825 0
    endloop
  endfacet
  facet normal 0 0 -1
    outer loop
      vertex -17.63956333005256 8.174593080251336 0
      vertex -4.75 8.227241335952167 0
      vertex -6.356740760409153 7.059875842035245 0
    endloop
  endfacet
  facet normal 0 0 -1
    outer loop
      vertex -19.5 9.526279441628825 0
      vertex -2.9356614465620003 9.035036904803958 0
      vertex -4.75 8.227241335952167 0
    endloop
  endfacet
  facet normal 0 0 -1
    outer loop
      vertex -32.5 12.990381056766578 0
      vertex -2.9356614465620003 9.035036904803958 0
      vertex -23.85018690405581 10.939740849051006 0
    endloop
  endfacet
  facet normal 0 0 -1
    outer loop
      vertex -23.85018690405581 10.939740849051006 0
      vertex -2.9356614465620003 9.035036904803958 0
      vertex -21.600813061875577 10.461621679246688 0
    endloop
  endfacet
  facet normal 0 0 -1
    outer loop
      vertex -32.5 12.990381056766578 0
      vertex -0.993020401042708 9.447958005998597 0
      vertex -2.9356614465620003 9.035036904803958 0
    endloop
  endfacet
  facet normal 0 0 -1
    outer loop
      vertex -32.5 12.990381056766578 0
      vertex 0.993020401042708 9.447958005998597 0
      vertex -0.993020401042708 9.447958005998597 0
    endloop
  endfacet
  facet normal 0 1 0
    outer loop
      vertex -32.5 12.990381056766578 0
      vertex -3.5 12.990381056766578 65.78
      vertex -3.42351660256832 12.990381056766578 65.05230908213784
    endloop
  endfacet
  facet normal 0 1 0
    outer loop
      vertex -32.5 12.990381056766578 0
      vertex -3.42351660256832 12.990381056766578 66.50769091786216
      vertex -3.5 12.990381056766578 65.78
    endloop
  endfacet
  facet normal 0 1 0
    outer loop
      vertex -32.5 12.990381056766578 0
      vertex -3.42351660256832 12.990381056766578 65.05230908213784
      vertex -3.197409101749103 12.990381056766578 64.3564217492347
    endloop
  endfacet
  facet normal 0 1 0
    outer loop
      vertex -32.5 12.990381056766578 0
      vertex -3.197409101749103 12.990381056766578 64.3564217492347
      vertex -2.831559480312316 12.990381056766578 63.722751616976346
    endloop
  endfacet
  facet normal 0 1 0
    outer loop
      vertex -32.5 12.990381056766578 0
      vertex -2.831559480312316 12.990381056766578 63.722751616976346
      vertex -2.341957122256004 12.990381056766578 63.17899311082912
    endloop
  endfacet
  facet normal 0 1 0
    outer loop
      vertex -32.5 12.990381056766578 0
      vertex -2.341957122256004 12.990381056766578 63.17899311082912
      vertex -1.75 12.990381056766578 62.74891108675447
    endloop
  endfacet
  facet normal 0 1 0
    outer loop
      vertex -32.5 12.990381056766578 0
      vertex -1.75 12.990381056766578 62.74891108675447
      vertex -1.0815594803123159 12.990381056766578 62.45130219296696
    endloop
  endfacet
  facet normal 0 1 0
    outer loop
      vertex -32.5 12.990381056766578 0
      vertex -1.0815594803123159 12.990381056766578 62.45130219296696
      vertex -0.3658496214367871 12.990381056766578 62.29917336621104
    endloop
  endfacet
  facet normal 0 1 0
    outer loop
      vertex -32.5 12.990381056766578 0
      vertex -0.3658496214367871 12.990381056766578 62.29917336621104
      vertex 0.3658496214367871 12.990381056766578 62.29917336621104
    endloop
  endfacet
  facet normal 0 1 0
    outer loop
      vertex -32.5 12.990381056766578 0
      vertex 0.3658496214367871 12.990381056766578 62.29917336621104
      vertex 1.0815594803123159 12.990381056766578 62.45130219296696
    endloop
  endfacet
  facet normal 0 1 0
    outer loop
      vertex -32.5 12.990381056766578 0
      vertex -3.42351660256832 12.990381056766578 81.45230908213784
      vertex -3.42351660256832 12.990381056766578 66.50769091786216
    endloop
  endfacet
  facet normal 0 1 0
    outer loop
      vertex -32.5 12.990381056766578 0
      vertex -3.5 12.990381056766578 82.18
      vertex -3.42351660256832 12.990381056766578 81.45230908213784
    endloop
  endfacet
  facet normal 0 1 0
    outer loop
      vertex -32.5 12.990381056766578 0
      vertex -3.42351660256832 12.990381056766578 82.90769091786217
      vertex -3.5 12.990381056766578 82.18
    endloop
  endfacet
  facet normal 0 1 0
    outer loop
      vertex -32.5 12.990381056766578 0
      vertex -3.42351660256832 12.990381056766578 111.53230908213784
      vertex -3.42351660256832 12.990381056766578 82.90769091786217
    endloop
  endfacet
  facet normal 0 1 0
    outer loop
      vertex -32.5 12.990381056766578 0
      vertex -3.5 12.990381056766578 112.26
      vertex -3.42351660256832 12.990381056766578 111.53230908213784
    endloop
  endfacet
  facet normal 0 1 0
    outer loop
      vertex -32.5 12.990381056766578 0
      vertex -3.5 12.990381056766578 139.07
      vertex -3.5 12.990381056766578 112.26
    endloop
  endfacet
  facet normal 0 1 0
    outer loop
      vertex -3.42351660256832 12.990381056766578 66.50769091786216
      vertex -3.197409101749103 12.990381056766578 80.7564217492347
      vertex -3.197409101749103 12.990381056766578 67.2035782507653
    endloop
  endfacet
  facet normal 0 1 0
    outer loop
      vertex -2.831559480312316 12.990381056766578 67.83724838302366
      vertex -3.197409101749103 12.990381056766578 67.2035782507653
      vertex -2.831559480312316 12.990381056766578 80.12275161697634
    endloop
  endfacet
  facet normal 0 1 0
    outer loop
      vertex -2.831559480312316 12.990381056766578 67.83724838302366
      vertex -2.341957122256004 12.990381056766578 79.57899311082913
      vertex -2.341957122256004 12.990381056766578 68.38100688917088
    endloop
  endfacet
  facet normal 0 1 0
    outer loop
      vertex -3.42351660256832 12.990381056766578 66.50769091786216
      vertex -3.42351660256832 12.990381056766578 81.45230908213784
      vertex -3.197409101749103 12.990381056766578 80.7564217492347
    endloop
  endfacet
  facet normal 0 1 0
    outer loop
      vertex -3.197409101749103 12.990381056766578 67.2035782507653
      vertex -3.197409101749103 12.990381056766578 80.7564217492347
      vertex -2.831559480312316 12.990381056766578 80.12275161697634
    endloop
  endfacet
  facet normal 0 1 0
    outer loop
      vertex -2.831559480312316 12.990381056766578 67.83724838302366
      vertex -2.831559480312316 12.990381056766578 80.12275161697634
      vertex -2.341957122256004 12.990381056766578 79.57899311082913
    endloop
  endfacet
  facet normal 0 1 0
    outer loop
      vertex -2.341957122256004 12.990381056766578 68.38100688917088
      vertex -1.75 12.990381056766578 79.14891108675447
      vertex -1.75 12.990381056766578 68.81108891324554
    endloop
  endfacet
  facet normal 0 1 0
    outer loop
      vertex -1.0815594803123159 12.990381056766578 78.85130219296697
      vertex -1.0815594803123159 12.990381056766578 69.10869780703304
      vertex -1.75 12.990381056766578 68.81108891324554
    endloop
  endfacet
  facet normal 0 1 0
    outer loop
      vertex -1.75 12.990381056766578 79.14891108675447
      vertex -2.341957122256004 12.990381056766578 68.38100688917088
      vertex -2.341957122256004 12.990381056766578 79.57899311082913
    endloop
  endfacet
  facet normal 0 1 0
    outer loop
      vertex -1.75 12.990381056766578 68.81108891324554
      vertex -1.75 12.990381056766578 79.14891108675447
      vertex -1.0815594803123159 12.990381056766578 78.85130219296697
    endloop
  endfacet
  facet normal 0 1 0
    outer loop
      vertex -1.0815594803123159 12.990381056766578 69.10869780703304
      vertex -0.3658496214367871 12.990381056766578 78.69917336621106
      vertex -0.3658496214367871 12.990381056766578 69.26082663378895
    endloop
  endfacet
  facet normal 0 1 0
    outer loop
      vertex -1.0815594803123159 12.990381056766578 69.10869780703304
      vertex -1.0815594803123159 12.990381056766578 78.85130219296697
      vertex -0.3658496214367871 12.990381056766578 78.69917336621106
    endloop
  endfacet
  facet normal 0 1 0
    outer loop
      vertex 0.3658496214367871 12.990381056766578 78.69917336621106
      vertex -0.3658496214367871 12.990381056766578 69.26082663378895
      vertex -0.3658496214367871 12.990381056766578 78.69917336621106
    endloop
  endfacet
  facet normal 0 1 0
    outer loop
      vertex -32.5 12.990381056766578 0
      vertex -3.42351660256832 12.990381056766578 139.79769091786216
      vertex -3.5 12.990381056766578 139.07
    endloop
  endfacet
  facet normal 0 1 0
    outer loop
      vertex -32.5 12.990381056766578 0
      vertex -3.42351660256832 12.990381056766578 162.22230908213783
      vertex -3.197409101749103 12.990381056766578 161.5264217492347
    endloop
  endfacet
  facet normal 0 1 0
    outer loop
      vertex -32.5 12.990381056766578 0
      vertex -3.197409101749103 12.990381056766578 161.5264217492347
      vertex -2.831559480312316 12.990381056766578 160.89275161697634
    endloop
  endfacet
  facet normal 0 1 0
    outer loop
      vertex -32.5 12.990381056766578 0
      vertex -2.831559480312316 12.990381056766578 160.89275161697634
      vertex -2.341957122256004 12.990381056766578 160.3489931108291
    endloop
  endfacet
  facet normal 0 1 0
    outer loop
      vertex -32.5 12.990381056766578 0
      vertex -1.0815594803123159 12.990381056766578 159.62130219296697
      vertex -3.42351660256832 12.990381056766578 139.79769091786216
    endloop
  endfacet
  facet normal 0 1 0
    outer loop
      vertex -32.5 12.990381056766578 0
      vertex -2.341957122256004 12.990381056766578 160.3489931108291
      vertex -1.75 12.990381056766578 159.91891108675446
    endloop
  endfacet
  facet normal 0 1 0
    outer loop
      vertex -32.5 12.990381056766578 0
      vertex -1.75 12.990381056766578 159.91891108675446
      vertex -1.0815594803123159 12.990381056766578 159.62130219296697
    endloop
  endfacet
  facet normal 0 1 0
    outer loop
      vertex -3.42351660256832 12.990381056766578 82.90769091786217
      vertex -3.197409101749103 12.990381056766578 110.8364217492347
      vertex -3.197409101749103 12.990381056766578 83.60357825076531
    endloop
  endfacet
  facet normal 0 1 0
    outer loop
      vertex -2.831559480312316 12.990381056766578 84.23724838302367
      vertex -3.197409101749103 12.990381056766578 83.60357825076531
      vertex -2.831559480312316 12.990381056766578 110.20275161697634
    endloop
  endfacet
  facet normal 0 1 0
    outer loop
      vertex -2.831559480312316 12.990381056766578 84.23724838302367
      vertex -2.341957122256004 12.990381056766578 109.65899311082913
      vertex -2.341957122256004 12.990381056766578 84.78100688917088
    endloop
  endfacet
  facet normal 0 1 0
    outer loop
      vertex -3.42351660256832 12.990381056766578 82.90769091786217
      vertex -3.42351660256832 12.990381056766578 111.53230908213784
      vertex -3.197409101749103 12.990381056766578 110.8364217492347
    endloop
  endfacet
  facet normal 0 1 0
    outer loop
      vertex -3.197409101749103 12.990381056766578 83.60357825076531
      vertex -3.197409101749103 12.990381056766578 110.8364217492347
      vertex -2.831559480312316 12.990381056766578 110.20275161697634
    endloop
  endfacet
  facet normal 0 1 0
    outer loop
      vertex -2.831559480312316 12.990381056766578 84.23724838302367
      vertex -2.831559480312316 12.990381056766578 110.20275161697634
      vertex -2.341957122256004 12.990381056766578 109.65899311082913
    endloop
  endfacet
  facet normal 0 1 0
    outer loop
      vertex -2.341957122256004 12.990381056766578 84.78100688917088
      vertex -1.75 12.990381056766578 109.22891108675447
      vertex -1.75 12.990381056766578 85.21108891324555
    endloop
  endfacet
  facet normal 0 1 0
    outer loop
      vertex -1.75 12.990381056766578 85.21108891324555
      vertex -1.0815594803123159 12.990381056766578 108.93130219296697
      vertex -1.0815594803123159 12.990381056766578 85.50869780703304
    endloop
  endfacet
  facet normal 0 1 0
    outer loop
      vertex -2.341957122256004 12.990381056766578 84.78100688917088
      vertex -2.341957122256004 12.990381056766578 109.65899311082913
      vertex -1.75 12.990381056766578 109.22891108675447
    endloop
  endfacet
  facet normal 0 1 0
    outer loop
      vertex -1.75 12.990381056766578 85.21108891324555
      vertex -1.75 12.990381056766578 109.22891108675447
      vertex -1.0815594803123159 12.990381056766578 108.93130219296697
    endloop
  endfacet
  facet normal 0 1 0
    outer loop
      vertex -1.0815594803123159 12.990381056766578 85.50869780703304
      vertex -0.3658496214367871 12.990381056766578 108.77917336621105
      vertex -0.3658496214367871 12.990381056766578 85.66082663378896
    endloop
  endfacet
  facet normal 0 1 0
    outer loop
      vertex -1.0815594803123159 12.990381056766578 85.50869780703304
      vertex -1.0815594803123159 12.990381056766578 108.93130219296697
      vertex -0.3658496214367871 12.990381056766578 108.77917336621105
    endloop
  endfacet
  facet normal 0 1 0
    outer loop
      vertex -0.3658496214367871 12.990381056766578 85.66082663378896
      vertex -0.3658496214367871 12.990381056766578 108.77917336621105
      vertex 0.3658496214367871 12.990381056766578 108.77917336621105
    endloop
  endfacet
  facet normal 0 1 0
    outer loop
      vertex -3.5 12.990381056766578 112.26
      vertex -3.42351660256832 12.990381056766578 138.34230908213783
      vertex -3.42351660256832 12.990381056766578 112.98769091786217
    endloop
  endfacet
  facet normal 0 1 0
    outer loop
      vertex -3.197409101749103 12.990381056766578 113.68357825076531
      vertex -3.42351660256832 12.990381056766578 112.98769091786217
      vertex -3.197409101749103 12.990381056766578 137.6464217492347
    endloop
  endfacet
  facet normal 0 1 0
    outer loop
      vertex -2.831559480312316 12.990381056766578 114.31724838302367
      vertex -3.197409101749103 12.990381056766578 113.68357825076531
      vertex -2.831559480312316 12.990381056766578 137.01275161697635
    endloop
  endfacet
  facet normal 0 1 0
    outer loop
      vertex -2.831559480312316 12.990381056766578 114.31724838302367
      vertex -2.341957122256004 12.990381056766578 136.4689931108291
      vertex -2.341957122256004 12.990381056766578 114.86100688917088
    endloop
  endfacet
  facet normal 0 1 0
    outer loop
      vertex -3.5 12.990381056766578 112.26
      vertex -3.5 12.990381056766578 139.07
      vertex -3.42351660256832 12.990381056766578 138.34230908213783
    endloop
  endfacet
  facet normal 0 1 0
    outer loop
      vertex -3.42351660256832 12.990381056766578 138.34230908213783
      vertex -3.197409101749103 12.990381056766578 137.6464217492347
      vertex -3.42351660256832 12.990381056766578 112.98769091786217
    endloop
  endfacet
  facet normal 0 1 0
    outer loop
      vertex -3.197409101749103 12.990381056766578 113.68357825076531
      vertex -3.197409101749103 12.990381056766578 137.6464217492347
      vertex -2.831559480312316 12.990381056766578 137.01275161697635
    endloop
  endfacet
  facet normal 0 1 0
    outer loop
      vertex -2.831559480312316 12.990381056766578 114.31724838302367
      vertex -2.831559480312316 12.990381056766578 137.01275161697635
      vertex -2.341957122256004 12.990381056766578 136.4689931108291
    endloop
  endfacet
  facet normal 0 1 0
    outer loop
      vertex -2.341957122256004 12.990381056766578 114.86100688917088
      vertex -1.75 12.990381056766578 136.03891108675447
      vertex -1.75 12.990381056766578 115.29108891324555
    endloop
  endfacet
  facet normal 0 1 0
    outer loop
      vertex -1.0815594803123159 12.990381056766578 135.74130219296697
      vertex -1.0815594803123159 12.990381056766578 115.58869780703304
      vertex -1.75 12.990381056766578 115.29108891324555
    endloop
  endfacet
  facet normal 0 1 0
    outer loop
      vertex -1.0815594803123159 12.990381056766578 115.58869780703304
      vertex -0.3658496214367871 12.990381056766578 135.58917336621104
      vertex -0.3658496214367871 12.990381056766578 115.74082663378896
    endloop
  endfacet
  facet normal 0 1 0
    outer loop
      vertex -1.75 12.990381056766578 136.03891108675447
      vertex -2.341957122256004 12.990381056766578 114.86100688917088
      vertex -2.341957122256004 12.990381056766578 136.4689931108291
    endloop
  endfacet
  facet normal 0 1 0
    outer loop
      vertex -1.75 12.990381056766578 115.29108891324555
      vertex -1.75 12.990381056766578 136.03891108675447
      vertex -1.0815594803123159 12.990381056766578 135.74130219296697
    endloop
  endfacet
  facet normal 0 1 0
    outer loop
      vertex -1.0815594803123159 12.990381056766578 135.74130219296697
      vertex -0.3658496214367871 12.990381056766578 135.58917336621104
      vertex -1.0815594803123159 12.990381056766578 115.58869780703304
    endloop
  endfacet
  facet normal 0 1 0
    outer loop
      vertex 0.3658496214367871 12.990381056766578 135.58917336621104
      vertex -0.3658496214367871 12.990381056766578 115.74082663378896
      vertex -0.3658496214367871 12.990381056766578 135.58917336621104
    endloop
  endfacet
  facet normal 0 1 0
    outer loop
      vertex -1.0815594803123159 12.990381056766578 159.62130219296697
      vertex -3.197409101749103 12.990381056766578 140.4935782507653
      vertex -3.42351660256832 12.990381056766578 139.79769091786216
    endloop
  endfacet
  facet normal 0 1 0
    outer loop
      vertex -1.0815594803123159 12.990381056766578 159.62130219296697
      vertex -2.831559480312316 12.990381056766578 141.12724838302364
      vertex -3.197409101749103 12.990381056766578 140.4935782507653
    endloop
  endfacet
  facet normal 0 1 0
    outer loop
      vertex -1.0815594803123159 12.990381056766578 159.62130219296697
      vertex -2.341957122256004 12.990381056766578 141.67100688917088
      vertex -2.831559480312316 12.990381056766578 141.12724838302364
    endloop
  endfacet
  facet normal 0 1 0
    outer loop
      vertex -1.0815594803123159 12.990381056766578 159.62130219296697
      vertex -1.75 12.990381056766578 142.10108891324552
      vertex -2.341957122256004 12.990381056766578 141.67100688917088
    endloop
  endfacet
  facet normal 0 1 0
    outer loop
      vertex -1.0815594803123159 12.990381056766578 159.62130219296697
      vertex -1.0815594803123159 12.990381056766578 142.39869780703302
      vertex -1.75 12.990381056766578 142.10108891324552
    endloop
  endfacet
  facet normal 0 1 0
    outer loop
      vertex -1.0815594803123159 12.990381056766578 142.39869780703302
      vertex -0.3658496214367871 12.990381056766578 159.46917336621104
      vertex -0.3658496214367871 12.990381056766578 142.55082663378894
    endloop
  endfacet
  facet normal 0 1 0
    outer loop
      vertex -1.0815594803123159 12.990381056766578 142.39869780703302
      vertex -1.0815594803123159 12.990381056766578 159.62130219296697
      vertex -0.3658496214367871 12.990381056766578 159.46917336621104
    endloop
  endfacet
  facet normal 0 1 0
    outer loop
      vertex 0.3658496214367871 12.990381056766578 159.46917336621104
      vertex -0.3658496214367871 12.990381056766578 142.55082663378894
      vertex -0.3658496214367871 12.990381056766578 159.46917336621104
    endloop
  endfacet
  facet normal 0 1 0
    outer loop
      vertex -2.831559480312316 12.990381056766578 165.00724838302364
      vertex -3.197409101749103 12.990381056766578 164.3735782507653
      vertex -2.831559480312316 12.990381056766578 171.83275161697634
    endloop
  endfacet
  facet normal 0 1 0
    outer loop
      vertex -2.831559480312316 12.990381056766578 165.00724838302364
      vertex -2.341957122256004 12.990381056766578 171.2889931108291
      vertex -2.341957122256004 12.990381056766578 165.55100688917088
    endloop
  endfacet
  facet normal 0 1 0
    outer loop
      vertex -3.42351660256832 12.990381056766578 173.16230908213782
      vertex -3.197409101749103 12.990381056766578 172.46642174923468
      vertex -3.197409101749103 12.990381056766578 164.3735782507653
    endloop
  endfacet
  facet normal 0 1 0
    outer loop
      vertex -3.197409101749103 12.990381056766578 164.3735782507653
      vertex -3.197409101749103 12.990381056766578 172.46642174923468
      vertex -2.831559480312316 12.990381056766578 171.83275161697634
    endloop
  endfacet
  facet normal 0 1 0
    outer loop
      vertex -2.831559480312316 12.990381056766578 165.00724838302364
      vertex -2.831559480312316 12.990381056766578 171.83275161697634
      vertex -2.341957122256004 12.990381056766578 171.2889931108291
    endloop
  endfacet
  facet normal 0 1 0
    outer loop
      vertex -2.341957122256004 12.990381056766578 165.55100688917088
      vertex -1.75 12.990381056766578 170.85891108675446
      vertex -1.75 12.990381056766578 165.98108891324551
    endloop
  endfacet
  facet normal 0 1 0
    outer loop
      vertex -1.75 12.990381056766578 170.85891108675446
      vertex -2.341957122256004 12.990381056766578 165.55100688917088
      vertex -2.341957122256004 12.990381056766578 171.2889931108291
    endloop
  endfacet
  facet normal 0 1 0
    outer loop
      vertex -1.0815594803123159 12.990381056766578 170.56130219296696
      vertex -1.0815594803123159 12.990381056766578 166.278697807033
      vertex -1.75 12.990381056766578 165.98108891324551
    endloop
  endfacet
  facet normal 0 1 0
    outer loop
      vertex -1.75 12.990381056766578 165.98108891324551
      vertex -1.75 12.990381056766578 170.85891108675446
      vertex -1.0815594803123159 12.990381056766578 170.56130219296696
    endloop
  endfacet
  facet normal 0 1 0
    outer loop
      vertex -1.0815594803123159 12.990381056766578 166.278697807033
      vertex -1.0815594803123159 12.990381056766578 170.56130219296696
      vertex -0.3658496214367871 12.990381056766578 170.40917336621104
    endloop
  endfacet
  facet normal 0 1 0
    outer loop
      vertex -1.0815594803123159 12.990381056766578 166.278697807033
      vertex -0.3658496214367871 12.990381056766578 170.40917336621104
      vertex -0.3658496214367871 12.990381056766578 166.43082663378894
    endloop
  endfacet
  facet normal 0 1 0
    outer loop
      vertex 0.3658496214367871 12.990381056766578 170.40917336621104
      vertex -0.3658496214367871 12.990381056766578 166.43082663378894
      vertex -0.3658496214367871 12.990381056766578 170.40917336621104
    endloop
  endfacet
  facet normal -0.8660254037844386 0.5 0
    outer loop
      vertex -40 0 0
      vertex -40 0 332.75
      vertex -32.5 12.990381056766578 332.75
    endloop
  endfacet
  facet normal 0 1 0
    outer loop
      vertex -32.5 12.990381056766578 332.75
      vertex -29.95 12.990381056766578 326.22634093396323
      vertex -3.197409101749103 12.990381056766578 164.3735782507653
    endloop
  endfacet
  facet normal 0 1 0
    outer loop
      vertex -32.5 12.990381056766578 332.75
      vertex -29.95 12.990381056766578 327.55
      vertex -29.95 12.990381056766578 326.22634093396323
    endloop
  endfacet
  facet normal 0 1 0
    outer loop
      vertex -32.5 12.990381056766578 332.75
      vertex -29.95 12.990381056766578 332.75
      vertex -29.95 12.990381056766578 327.55
    endloop
  endfacet
  facet normal 0 1 0
    outer loop
      vertex -32.5 12.990381056766578 332.75
      vertex -3.5 12.990381056766578 162.95
      vertex -3.42351660256832 12.990381056766578 162.22230908213783
    endloop
  endfacet
  facet normal 0 1 0
    outer loop
      vertex -32.5 12.990381056766578 332.75
      vertex -3.42351660256832 12.990381056766578 163.67769091786215
      vertex -3.5 12.990381056766578 162.95
    endloop
  endfacet
  facet normal 0 1 0
    outer loop
      vertex -32.5 12.990381056766578 332.75
      vertex -3.197409101749103 12.990381056766578 164.3735782507653
      vertex -3.42351660256832 12.990381056766578 163.67769091786215
    endloop
  endfacet
  facet normal 0 1 0
    outer loop
      vertex -3.42351660256832 12.990381056766578 173.16230908213782
      vertex -3.197409101749103 12.990381056766578 164.3735782507653
      vertex -29.95 12.990381056766578 326.22634093396323
    endloop
  endfacet
  facet normal 0 1 0
    outer loop
      vertex -3.42351660256832 12.990381056766578 173.16230908213782
      vertex -29.95 12.990381056766578 326.22634093396323
      vertex -3.5 12.990381056766578 173.89
    endloop
  endfacet
  facet normal 0 1 0
    outer loop
      vertex -3.5 12.990381056766578 173.89
      vertex -29.95 12.990381056766578 326.22634093396323
      vertex -3.42351660256832 12.990381056766578 174.61769091786215
    endloop
  endfacet
  facet normal 0 1 0
    outer loop
      vertex -3.42351660256832 12.990381056766578 174.61769091786215
      vertex -29.95 12.990381056766578 326.22634093396323
      vertex -3.197409101749103 12.990381056766578 175.3135782507653
    endloop
  endfacet
  facet normal 0 1 0
    outer loop
      vertex -2.831559480312316 12.990381056766578 175.94724838302363
      vertex -3.197409101749103 12.990381056766578 175.3135782507653
      vertex -29.95 12.990381056766578 326.22634093396323
    endloop
  endfacet
  facet normal 0 1 0
    outer loop
      vertex -2.831559480312316 12.990381056766578 175.94724838302363
      vertex -29.95 12.990381056766578 326.22634093396323
      vertex -2.341957122256004 12.990381056766578 176.49100688917088
    endloop
  endfacet
  facet normal 0 1 0
    outer loop
      vertex -2.341957122256004 12.990381056766578 176.49100688917088
      vertex -29.95 12.990381056766578 326.22634093396323
      vertex -1.75 12.990381056766578 176.9210889132455
    endloop
  endfacet
  facet normal 0 1 0
    outer loop
      vertex -29.95 12.990381056766578 326.22634093396323
      vertex -1.0815594803123159 12.990381056766578 177.218697807033
      vertex -1.75 12.990381056766578 176.9210889132455
    endloop
  endfacet
  facet normal 0 1 0
    outer loop
      vertex -29.95 12.990381056766578 326.22634093396323
      vertex -0.3658496214367871 12.990381056766578 177.37082663378894
      vertex -1.0815594803123159 12.990381056766578 177.218697807033
    endloop
  endfacet
  facet normal 0 1 0
    outer loop
      vertex -29.95 12.990381056766578 326.22634093396323
      vertex -3.5 12.990381056766578 193.97
      vertex -3.42351660256832 12.990381056766578 193.24230908213784
    endloop
  endfacet
  facet normal 0 1 0
    outer loop
      vertex -29.95 12.990381056766578 326.22634093396323
      vertex -3.42351660256832 12.990381056766578 194.69769091786216
      vertex -3.5 12.990381056766578 193.97
    endloop
  endfacet
  facet normal 0 1 0
    outer loop
      vertex -29.95 12.990381056766578 326.22634093396323
      vertex -3.197409101749103 12.990381056766578 195.3935782507653
      vertex -3.42351660256832 12.990381056766578 194.69769091786216
    endloop
  endfacet
  facet normal 0 1 0
    outer loop
      vertex -29.95 12.990381056766578 326.22634093396323
      vertex -2.831559480312316 12.990381056766578 196.02724838302365
      vertex -3.197409101749103 12.990381056766578 195.3935782507653
    endloop
  endfacet
  facet normal 0 1 0
    outer loop
      vertex -29.95 12.990381056766578 326.22634093396323
      vertex -2.341957122256004 12.990381056766578 196.5710068891709
      vertex -2.831559480312316 12.990381056766578 196.02724838302365
    endloop
  endfacet
  facet normal 0 1 0
    outer loop
      vertex -29.95 12.990381056766578 326.22634093396323
      vertex -1.75 12.990381056766578 197.00108891324552
      vertex -2.341957122256004 12.990381056766578 196.5710068891709
    endloop
  endfacet
  facet normal 0 1 0
    outer loop
      vertex -29.95 12.990381056766578 326.22634093396323
      vertex -3.42351660256832 12.990381056766578 193.24230908213784
      vertex -0.3658496214367871 12.990381056766578 177.37082663378894
    endloop
  endfacet
  facet normal 0 1 0
    outer loop
      vertex -3.197409101749103 12.990381056766578 192.5464217492347
      vertex -2.831559480312316 12.990381056766578 191.91275161697635
      vertex -0.3658496214367871 12.990381056766578 177.37082663378894
    endloop
  endfacet
  facet normal 0 1 0
    outer loop
      vertex -3.42351660256832 12.990381056766578 193.24230908213784
      vertex -3.197409101749103 12.990381056766578 192.5464217492347
      vertex -0.3658496214367871 12.990381056766578 177.37082663378894
    endloop
  endfacet
  facet normal 0 1 0
    outer loop
      vertex -2.831559480312316 12.990381056766578 191.91275161697635
      vertex -2.341957122256004 12.990381056766578 191.3689931108291
      vertex -0.3658496214367871 12.990381056766578 177.37082663378894
    endloop
  endfacet
  facet normal 0 1 0
    outer loop
      vertex -1.75 12.990381056766578 190.93891108675447
      vertex -0.3658496214367871 12.990381056766578 177.37082663378894
      vertex -2.341957122256004 12.990381056766578 191.3689931108291
    endloop
  endfacet
  facet normal 0 1 0
    outer loop
      vertex -1.75 12.990381056766578 190.93891108675447
      vertex -1.0815594803123159 12.990381056766578 190.64130219296698
      vertex -0.3658496214367871 12.990381056766578 177.37082663378894
    endloop
  endfacet
  facet normal 0 1 0
    outer loop
      vertex -0.3658496214367871 12.990381056766578 177.37082663378894
      vertex -1.0815594803123159 12.990381056766578 190.64130219296698
      vertex -0.3658496214367871 12.990381056766578 190.48917336621105
    endloop
  endfacet
  facet normal 0 1 0
    outer loop
      vertex -0.3658496214367871 12.990381056766578 177.37082663378894
      vertex -0.3658496214367871 12.990381056766578 190.48917336621105
      vertex 0.3658496214367871 12.990381056766578 190.48917336621105
    endloop
  endfacet
  facet normal 0 1 0
    outer loop
      vertex -20.05 12.990381056766578 326.22634093396323
      vertex -1.0815594803123159 12.990381056766578 197.29869780703302
      vertex -1.75 12.990381056766578 197.00108891324552
    endloop
  endfacet
  facet normal 0 1 0
    outer loop
      vertex -20.05 12.990381056766578 326.22634093396323
      vertex -0.3658496214367871 12.990381056766578 197.45082663378895
      vertex -1.0815594803123159 12.990381056766578 197.29869780703302
    endloop
  endfacet
  facet normal 0 1 0
    outer loop
      vertex -20.05 12.990381056766578 326.22634093396323
      vertex -1.75 12.990381056766578 197.00108891324552
      vertex -29.95 12.990381056766578 326.22634093396323
    endloop
  endfacet
  facet normal 0 1 0
    outer loop
      vertex -20.05 12.990381056766578 327.55
      vertex -4.275 12.990381056766578 325.17602962664864
      vertex -20.05 12.990381056766578 326.22634093396323
    endloop
  endfacet
  facet normal 0 1 0
    outer loop
      vertex -20.05 12.990381056766578 327.55
      vertex -20.05 12.990381056766578 332.75
      vertex -4.275 12.990381056766578 325.17602962664864
    endloop
  endfacet
  facet normal 0 1 0
    outer loop
      vertex -20.05 12.990381056766578 326.22634093396323
      vertex -4.275 12.990381056766578 325.17602962664864
      vertex -0.3658496214367871 12.990381056766578 197.45082663378895
    endloop
  endfacet
  facet normal 0 1 0
    outer loop
      vertex -0.3658496214367871 12.990381056766578 197.45082663378895
      vertex -4.275 12.990381056766578 325.17602962664864
      vertex 4.275 12.990381056766578 325.17602962664864
    endloop
  endfacet
  facet normal 0 1 0
    outer loop
      vertex -4.275 12.990381056766578 332.3919659483174
      vertex -4.275 12.990381056766578 325.17602962664864
      vertex -20.05 12.990381056766578 332.75
    endloop
  endfacet
  facet normal 0 1 0
    outer loop
      vertex -4.275 12.990381056766578 332.75
      vertex -4.275 12.990381056766578 332.3919659483174
      vertex -20.05 12.990381056766578 332.75
    endloop
  endfacet
  facet normal 0 0 -1
    outer loop
      vertex -32.5 -12.990381056766578 0
      vertex 0.993020401042708 -9.447958005998597 0
      vertex 32.5 -12.990381056766578 0
    endloop
  endfacet
  facet normal 0 0 -1
    outer loop
      vertex 32.5 -12.990381056766578 0
      vertex 0.993020401042708 -9.447958005998597 0
      vertex 2.9356614465620003 -9.035036904803958 0
    endloop
  endfacet
  facet normal 0 0 -1
    outer loop
      vertex 32.5 -12.990381056766578 0
      vertex 2.9356614465620003 -9.035036904803958 0
      vertex 22.52786404500042 -7.608452130361228 0
    endloop
  endfacet
  facet normal 0 0 -1
    outer loop
      vertex 2.9356614465620003 -9.035036904803958 0
      vertex 4.75 -8.227241335952167 0
      vertex 22.52786404500042 -7.608452130361228 0
    endloop
  endfacet
  facet normal 0 0 -1
    outer loop
      vertex 4.75 -8.227241335952167 0
      vertex 6.356740760409153 -7.059875842035245 0
      vertex 21 -6.928203230275509 0
    endloop
  endfacet
  facet normal 0 0 -1
    outer loop
      vertex 6.356740760409153 -7.059875842035245 0
      vertex 7.685661446562001 -5.583959896778495 0
      vertex 19.646955149129134 -5.945158603819154 0
    endloop
  endfacet
  facet normal 0 0 -1
    outer loop
      vertex 4.75 -8.227241335952167 0
      vertex 21 -6.928203230275509 0
      vertex 22.52786404500042 -7.608452130361228 0
    endloop
  endfacet
  facet normal 0 0 -1
    outer loop
      vertex 6.356740760409153 -7.059875842035245 0
      vertex 19.646955149129134 -5.945158603819154 0
      vertex 21 -6.928203230275509 0
    endloop
  endfacet
  facet normal 0 0 -1
    outer loop
      vertex 7.685661446562001 -5.583959896778495 0
      vertex 18.52786404500042 -4.702282018339785 0
      vertex 19.646955149129134 -5.945158603819154 0
    endloop
  endfacet
  facet normal 0 0 -1
    outer loop
      vertex 7.685661446562001 -5.583959896778495 0
      vertex 8.678681847604707 -3.863998109220102 0
      vertex 18.52786404500042 -4.702282018339785 0
    endloop
  endfacet
  facet normal 0 0 -1
    outer loop
      vertex 8.678681847604707 -3.863998109220102 0
      vertex 17.691636338859194 -3.2538931446064017 0
      vertex 18.52786404500042 -4.702282018339785 0
    endloop
  endfacet
  facet normal 0 0 -1
    outer loop
      vertex 9.292402206971154 -1.9751610627687137 0
      vertex 17.691636338859194 -3.2538931446064017 0
      vertex 8.678681847604707 -3.863998109220102 0
    endloop
  endfacet
  facet normal 0 0 -1
    outer loop
      vertex 9.292402206971154 -1.9751610627687137 0
      vertex 17.174819194129554 -1.6632935265420747 0
      vertex 17.691636338859194 -3.2538931446064017 0
    endloop
  endfacet
  facet normal 0 0 -1
    outer loop
      vertex 9.292402206971154 -1.9751610627687137 0
      vertex 9.5 0 0
      vertex 17.174819194129554 -1.6632935265420747 0
    endloop
  endfacet
  facet normal 0 0 -1
    outer loop
      vertex 9.5 0 0
      vertex 17 0 0
      vertex 17.174819194129554 -1.6632935265420747 0
    endloop
  endfacet
  facet normal 0 0 -1
    outer loop
      vertex 9.5 0 0
      vertex 9.292402206971154 1.9751610627687137 0
      vertex 17.174819194129554 1.6632935265420747 0
    endloop
  endfacet
  facet normal 0 0 -1
    outer loop
      vertex 9.5 0 0
      vertex 17.174819194129554 1.6632935265420747 0
      vertex 17 0 0
    endloop
  endfacet
  facet normal 0 0 -1
    outer loop
      vertex 32.5 -12.990381056766578 0
      vertex 22.52786404500042 -7.608452130361228 0
      vertex 24.163772293858774 -7.956175162946186 0
    endloop
  endfacet
  facet normal 0 0 -1
    outer loop
      vertex 32.5 -12.990381056766578 0
      vertex 24.163772293858774 -7.956175162946186 0
      vertex 25.836227706141226 -7.956175162946186 0
    endloop
  endfacet
  facet normal 0 0 -1
    outer loop
      vertex 32.5 -12.990381056766578 0
      vertex 25.836227706141226 -7.956175162946186 0
      vertex 27.47213595499958 -7.608452130361228 0
    endloop
  endfacet
  facet normal 0 0 -1
    outer loop
      vertex 32.5 -12.990381056766578 0
      vertex 27.47213595499958 -7.608452130361228 0
      vertex 29 -6.928203230275509 0
    endloop
  endfacet
  facet normal 0 0 -1
    outer loop
      vertex 32.5 -12.990381056766578 0
      vertex 29 -6.928203230275509 0
      vertex 30.353044850870866 -5.945158603819154 0
    endloop
  endfacet
  facet normal 0 0 -1
    outer loop
      vertex 32.5 -12.990381056766578 0
      vertex 30.353044850870866 -5.945158603819154 0
      vertex 31.47213595499958 -4.702282018339785 0
    endloop
  endfacet
  facet normal 0 0 -1
    outer loop
      vertex 32.5 -12.990381056766578 0
      vertex 31.47213595499958 -4.702282018339785 0
      vertex 32.30836366114081 -3.2538931446064017 0
    endloop
  endfacet
  facet normal 0 0 -1
    outer loop
      vertex 32.5 -12.990381056766578 0
      vertex 32.30836366114081 -3.2538931446064017 0
      vertex 32.825180805870446 -1.6632935265420747 0
    endloop
  endfacet
  facet normal 0.8660254037844386 -0.5 0
    outer loop
      vertex 32.5 -12.990381056766578 0
      vertex 40 0 0
      vertex 32.5 -12.990381056766578 332.75
    endloop
  endfacet
  facet normal 0 0 -1
    outer loop
      vertex 32.5 -12.990381056766578 0
      vertex 32.825180805870446 -1.6632935265420747 0
      vertex 40 0 0
    endloop
  endfacet
  facet normal 0 0 -1
    outer loop
      vertex 40 0 0
      vertex 32.825180805870446 -1.6632935265420747 0
      vertex 33 0 0
    endloop
  endfacet
  facet normal 0 0 -1
    outer loop
      vertex 40 0 0
      vertex 33 0 0
      vertex 32.825180805870446 1.6632935265420747 0
    endloop
  endfacet
  facet normal 0 0 -1
    outer loop
      vertex 40 0 0
      vertex 32.825180805870446 1.6632935265420747 0
      vertex 32.30836366114081 3.2538931446064017 0
    endloop
  endfacet
  facet normal 0 -1 0
    outer loop
      vertex -32.5 -12.990381056766578 332.75
      vertex 32.5 -12.990381056766578 0
      vertex 32.5 -12.990381056766578 332.75
    endloop
  endfacet
  facet normal 0.8660254037844386 -0.5 0
    outer loop
      vertex 40 0 0
      vertex 40 0 332.75
      vertex 32.5 -12.990381056766578 332.75
    endloop
  endfacet
  facet normal 0 0 -1
    outer loop
      vertex 8.678681847604707 3.863998109220102 0
      vertex 17.691636338859194 3.2538931446064017 0
      vertex 9.292402206971154 1.9751610627687137 0
    endloop
  endfacet
  facet normal 0 0 -1
    outer loop
      vertex 9.292402206971154 1.9751610627687137 0
      vertex 17.691636338859194 3.2538931446064017 0
      vertex 17.174819194129554 1.6632935265420747 0
    endloop
  endfacet
  facet normal 0 0 -1
    outer loop
      vertex 8.678681847604707 3.863998109220102 0
      vertex 18.52786404500042 4.702282018339785 0
      vertex 17.691636338859194 3.2538931446064017 0
    endloop
  endfacet
  facet normal 0 0 -1
    outer loop
      vertex 8.678681847604707 3.863998109220102 0
      vertex 19.646955149129134 5.945158603819154 0
      vertex 18.52786404500042 4.702282018339785 0
    endloop
  endfacet
  facet normal 0 0 -1
    outer loop
      vertex 8.678681847604707 3.863998109220102 0
      vertex 21 6.928203230275509 0
      vertex 19.646955149129134 5.945158603819154 0
    endloop
  endfacet
  facet normal 0 0 -1
    outer loop
      vertex 32.5 12.990381056766578 0
      vertex 6.356740760409153 7.059875842035245 0
      vertex 4.75 8.227241335952167 0
    endloop
  endfacet
  facet normal 0 0 -1
    outer loop
      vertex 8.678681847604707 3.863998109220102 0
      vertex 22.52786404500042 7.608452130361228 0
      vertex 21 6.928203230275509 0
    endloop
  endfacet
  facet normal 0 0 -1
    outer loop
      vertex 32.5 12.990381056766578 0
      vertex 8.678681847604707 3.863998109220102 0
      vertex 7.685661446562001 5.583959896778495 0
    endloop
  endfacet
  facet normal 0 0 -1
    outer loop
      vertex 32.5 12.990381056766578 0
      vertex 7.685661446562001 5.583959896778495 0
      vertex 6.356740760409153 7.059875842035245 0
    endloop
  endfacet
  facet normal 0 0 -1
    outer loop
      vertex -32.5 12.990381056766578 0
      vertex 32.5 12.990381056766578 0
      vertex 0.993020401042708 9.447958005998597 0
    endloop
  endfacet
  facet normal 0 1 0
    outer loop
      vertex -32.5 12.990381056766578 0
      vertex 1.0815594803123159 12.990381056766578 62.45130219296696
      vertex 32.5 12.990381056766578 0
    endloop
  endfacet
  facet normal 0 1 0
    outer loop
      vertex -0.3658496214367871 12.990381056766578 69.26082663378895
      vertex 0.3658496214367871 12.990381056766578 78.69917336621106
      vertex 0.3658496214367871 12.990381056766578 69.26082663378895
    endloop
  endfacet
  facet normal 0 1 0
    outer loop
      vertex 1.0815594803123159 12.990381056766578 69.10869780703304
      vertex 0.3658496214367871 12.990381056766578 69.26082663378895
      vertex 1.0815594803123159 12.990381056766578 78.85130219296697
    endloop
  endfacet
  facet normal 0 1 0
    outer loop
      vertex 0.3658496214367871 12.990381056766578 69.26082663378895
      vertex 0.3658496214367871 12.990381056766578 78.69917336621106
      vertex 1.0815594803123159 12.990381056766578 78.85130219296697
    endloop
  endfacet
  facet normal 0 1 0
    outer loop
      vertex 1.0815594803123159 12.990381056766578 69.10869780703304
      vertex 1.75 12.990381056766578 79.14891108675447
      vertex 1.75 12.990381056766578 68.81108891324554
    endloop
  endfacet
  facet normal 0 1 0
    outer loop
      vertex 1.75 12.990381056766578 68.81108891324554
      vertex 2.341957122256004 12.990381056766578 79.57899311082913
      vertex 2.341957122256004 12.990381056766578 68.38100688917088
    endloop
  endfacet
  facet normal 0 1 0
    outer loop
      vertex 1.0815594803123159 12.990381056766578 69.10869780703304
      vertex 1.0815594803123159 12.990381056766578 78.85130219296697
      vertex 1.75 12.990381056766578 79.14891108675447
    endloop
  endfacet
  facet normal 0 1 0
    outer loop
      vertex 1.75 12.990381056766578 68.81108891324554
      vertex 1.75 12.990381056766578 79.14891108675447
      vertex 2.341957122256004 12.990381056766578 79.57899311082913
    endloop
  endfacet
  facet normal 0 1 0
    outer loop
      vertex 2.831559480312316 12.990381056766578 67.83724838302366
      vertex 2.341957122256004 12.990381056766578 68.38100688917088
      vertex 2.831559480312316 12.990381056766578 80.12275161697634
    endloop
  endfacet
  facet normal 0 1 0
    outer loop
      vertex 2.831559480312316 12.990381056766578 67.83724838302366
      vertex 3.197409101749103 12.990381056766578 80.7564217492347
      vertex 3.197409101749103 12.990381056766578 67.2035782507653
    endloop
  endfacet
  facet normal 0 1 0
    outer loop
      vertex 3.42351660256832 12.990381056766578 66.50769091786216
      vertex 3.197409101749103 12.990381056766578 67.2035782507653
      vertex 3.42351660256832 12.990381056766578 81.45230908213784
    endloop
  endfacet
  facet normal 0 1 0
    outer loop
      vertex 2.831559480312316 12.990381056766578 80.12275161697634
      vertex 2.341957122256004 12.990381056766578 68.38100688917088
      vertex 2.341957122256004 12.990381056766578 79.57899311082913
    endloop
  endfacet
  facet normal 0 1 0
    outer loop
      vertex 2.831559480312316 12.990381056766578 80.12275161697634
      vertex 3.197409101749103 12.990381056766578 80.7564217492347
      vertex 2.831559480312316 12.990381056766578 67.83724838302366
    endloop
  endfacet
  facet normal 0 1 0
    outer loop
      vertex 3.42351660256832 12.990381056766578 81.45230908213784
      vertex 3.197409101749103 12.990381056766578 67.2035782507653
      vertex 3.197409101749103 12.990381056766578 80.7564217492347
    endloop
  endfacet
  facet normal 0 0 -1
    outer loop
      vertex 32.5 12.990381056766578 0
      vertex 2.9356614465620003 9.035036904803958 0
      vertex 0.993020401042708 9.447958005998597 0
    endloop
  endfacet
  facet normal 0 0 -1
    outer loop
      vertex 32.5 12.990381056766578 0
      vertex 4.75 8.227241335952167 0
      vertex 2.9356614465620003 9.035036904803958 0
    endloop
  endfacet
  facet normal 0 1 0
    outer loop
      vertex 32.5 12.990381056766578 0
      vertex 1.0815594803123159 12.990381056766578 62.45130219296696
      vertex 1.75 12.990381056766578 62.74891108675447
    endloop
  endfacet
  facet normal 0 1 0
    outer loop
      vertex 32.5 12.990381056766578 0
      vertex 1.75 12.990381056766578 62.74891108675447
      vertex 2.341957122256004 12.990381056766578 63.17899311082912
    endloop
  endfacet
  facet normal 0 1 0
    outer loop
      vertex 32.5 12.990381056766578 0
      vertex 2.341957122256004 12.990381056766578 63.17899311082912
      vertex 2.831559480312316 12.990381056766578 63.722751616976346
    endloop
  endfacet
  facet normal 0 1 0
    outer loop
      vertex 32.5 12.990381056766578 0
      vertex 2.831559480312316 12.990381056766578 63.722751616976346
      vertex 3.197409101749103 12.990381056766578 64.3564217492347
    endloop
  endfacet
  facet normal 0 1 0
    outer loop
      vertex 32.5 12.990381056766578 0
      vertex 3.197409101749103 12.990381056766578 64.3564217492347
      vertex 3.42351660256832 12.990381056766578 65.05230908213784
    endloop
  endfacet
  facet normal 0 1 0
    outer loop
      vertex 32.5 12.990381056766578 0
      vertex 3.42351660256832 12.990381056766578 65.05230908213784
      vertex 3.5 12.990381056766578 65.78
    endloop
  endfacet
  facet normal 0 1 0
    outer loop
      vertex 32.5 12.990381056766578 0
      vertex 3.5 12.990381056766578 65.78
      vertex 3.42351660256832 12.990381056766578 66.50769091786216
    endloop
  endfacet
  facet normal 0 1 0
    outer loop
      vertex 32.5 12.990381056766578 0
      vertex 3.42351660256832 12.990381056766578 66.50769091786216
      vertex 3.42351660256832 12.990381056766578 81.45230908213784
    endloop
  endfacet
  facet normal 0 1 0
    outer loop
      vertex 32.5 12.990381056766578 0
      vertex 3.42351660256832 12.990381056766578 81.45230908213784
      vertex 3.5 12.990381056766578 82.18
    endloop
  endfacet
  facet normal 0 1 0
    outer loop
      vertex 32.5 12.990381056766578 0
      vertex 3.5 12.990381056766578 82.18
      vertex 3.42351660256832 12.990381056766578 82.90769091786217
    endloop
  endfacet
  facet normal 0 1 0
    outer loop
      vertex 32.5 12.990381056766578 0
      vertex 3.42351660256832 12.990381056766578 82.90769091786217
      vertex 3.42351660256832 12.990381056766578 111.53230908213784
    endloop
  endfacet
  facet normal 0 1 0
    outer loop
      vertex 32.5 12.990381056766578 0
      vertex 3.42351660256832 12.990381056766578 111.53230908213784
      vertex 3.5 12.990381056766578 112.26
    endloop
  endfacet
  facet normal 0 1 0
    outer loop
      vertex 32.5 12.990381056766578 0
      vertex 3.5 12.990381056766578 112.26
      vertex 3.42351660256832 12.990381056766578 112.98769091786217
    endloop
  endfacet
  facet normal 0 1 0
    outer loop
      vertex 32.5 12.990381056766578 0
      vertex 3.42351660256832 12.990381056766578 112.98769091786217
      vertex 3.42351660256832 12.990381056766578 138.34230908213783
    endloop
  endfacet
  facet normal 0 1 0
    outer loop
      vertex -0.3658496214367871 12.990381056766578 85.66082663378896
      vertex 0.3658496214367871 12.990381056766578 108.77917336621105
      vertex 0.3658496214367871 12.990381056766578 85.66082663378896
    endloop
  endfacet
  facet normal 0 1 0
    outer loop
      vertex 1.0815594803123159 12.990381056766578 85.50869780703304
      vertex 0.3658496214367871 12.990381056766578 85.66082663378896
      vertex 1.0815594803123159 12.990381056766578 108.93130219296697
    endloop
  endfacet
  facet normal 0 1 0
    outer loop
      vertex 0.3658496214367871 12.990381056766578 85.66082663378896
      vertex 0.3658496214367871 12.990381056766578 108.77917336621105
      vertex 1.0815594803123159 12.990381056766578 108.93130219296697
    endloop
  endfacet
  facet normal 0 1 0
    outer loop
      vertex 1.0815594803123159 12.990381056766578 85.50869780703304
      vertex 1.75 12.990381056766578 109.22891108675447
      vertex 1.75 12.990381056766578 85.21108891324555
    endloop
  endfacet
  facet normal 0 1 0
    outer loop
      vertex 1.75 12.990381056766578 85.21108891324555
      vertex 2.341957122256004 12.990381056766578 109.65899311082913
      vertex 2.341957122256004 12.990381056766578 84.78100688917088
    endloop
  endfacet
  facet normal 0 1 0
    outer loop
      vertex 1.0815594803123159 12.990381056766578 85.50869780703304
      vertex 1.0815594803123159 12.990381056766578 108.93130219296697
      vertex 1.75 12.990381056766578 109.22891108675447
    endloop
  endfacet
  facet normal 0 1 0
    outer loop
      vertex 1.75 12.990381056766578 85.21108891324555
      vertex 1.75 12.990381056766578 109.22891108675447
      vertex 2.341957122256004 12.990381056766578 109.65899311082913
    endloop
  endfacet
  facet normal 0 1 0
    outer loop
      vertex 2.831559480312316 12.990381056766578 84.23724838302367
      vertex 2.341957122256004 12.990381056766578 84.78100688917088
      vertex 2.831559480312316 12.990381056766578 110.20275161697634
    endloop
  endfacet
  facet normal 0 1 0
    outer loop
      vertex 2.831559480312316 12.990381056766578 84.23724838302367
      vertex 3.197409101749103 12.990381056766578 110.8364217492347
      vertex 3.197409101749103 12.990381056766578 83.60357825076531
    endloop
  endfacet
  facet normal 0 1 0
    outer loop
      vertex 3.42351660256832 12.990381056766578 82.90769091786217
      vertex 3.197409101749103 12.990381056766578 83.60357825076531
      vertex 3.42351660256832 12.990381056766578 111.53230908213784
    endloop
  endfacet
  facet normal 0 1 0
    outer loop
      vertex 2.341957122256004 12.990381056766578 84.78100688917088
      vertex 2.341957122256004 12.990381056766578 109.65899311082913
      vertex 2.831559480312316 12.990381056766578 110.20275161697634
    endloop
  endfacet
  facet normal 0 1 0
    outer loop
      vertex 2.831559480312316 12.990381056766578 84.23724838302367
      vertex 2.831559480312316 12.990381056766578 110.20275161697634
      vertex 3.197409101749103 12.990381056766578 110.8364217492347
    endloop
  endfacet
  facet normal 0 1 0
    outer loop
      vertex 3.197409101749103 12.990381056766578 83.60357825076531
      vertex 3.197409101749103 12.990381056766578 110.8364217492347
      vertex 3.42351660256832 12.990381056766578 111.53230908213784
    endloop
  endfacet
  facet normal 0 1 0
    outer loop
      vertex -0.3658496214367871 12.990381056766578 115.74082663378896
      vertex 0.3658496214367871 12.990381056766578 135.58917336621104
      vertex 0.3658496214367871 12.990381056766578 115.74082663378896
    endloop
  endfacet
  facet normal 0 1 0
    outer loop
      vertex 1.0815594803123159 12.990381056766578 115.58869780703304
      vertex 0.3658496214367871 12.990381056766578 115.74082663378896
      vertex 1.0815594803123159 12.990381056766578 135.74130219296697
    endloop
  endfacet
  facet normal 0 1 0
    outer loop
      vertex 1.0815594803123159 12.990381056766578 115.58869780703304
      vertex 1.75 12.990381056766578 136.03891108675447
      vertex 1.75 12.990381056766578 115.29108891324555
    endloop
  endfacet
  facet normal 0 1 0
    outer loop
      vertex 1.75 12.990381056766578 115.29108891324555
      vertex 2.341957122256004 12.990381056766578 136.4689931108291
      vertex 2.341957122256004 12.990381056766578 114.86100688917088
    endloop
  endfacet
  facet normal 0 1 0
    outer loop
      vertex 1.0815594803123159 12.990381056766578 135.74130219296697
      vertex 0.3658496214367871 12.990381056766578 115.74082663378896
      vertex 0.3658496214367871 12.990381056766578 135.58917336621104
    endloop
  endfacet
  facet normal 0 1 0
    outer loop
      vertex 1.0815594803123159 12.990381056766578 115.58869780703304
      vertex 1.0815594803123159 12.990381056766578 135.74130219296697
      vertex 1.75 12.990381056766578 136.03891108675447
    endloop
  endfacet
  facet normal 0 1 0
    outer loop
      vertex 1.75 12.990381056766578 115.29108891324555
      vertex 1.75 12.990381056766578 136.03891108675447
      vertex 2.341957122256004 12.990381056766578 136.4689931108291
    endloop
  endfacet
  facet normal 0 1 0
    outer loop
      vertex 2.831559480312316 12.990381056766578 114.31724838302367
      vertex 2.341957122256004 12.990381056766578 114.86100688917088
      vertex 2.831559480312316 12.990381056766578 137.01275161697635
    endloop
  endfacet
  facet normal 0 1 0
    outer loop
      vertex 2.831559480312316 12.990381056766578 114.31724838302367
      vertex 3.197409101749103 12.990381056766578 137.6464217492347
      vertex 3.197409101749103 12.990381056766578 113.68357825076531
    endloop
  endfacet
  facet normal 0 1 0
    outer loop
      vertex 3.42351660256832 12.990381056766578 112.98769091786217
      vertex 3.197409101749103 12.990381056766578 113.68357825076531
      vertex 3.42351660256832 12.990381056766578 138.34230908213783
    endloop
  endfacet
  facet normal 0 1 0
    outer loop
      vertex 2.831559480312316 12.990381056766578 137.01275161697635
      vertex 2.341957122256004 12.990381056766578 114.86100688917088
      vertex 2.341957122256004 12.990381056766578 136.4689931108291
    endloop
  endfacet
  facet normal 0 1 0
    outer loop
      vertex 2.831559480312316 12.990381056766578 137.01275161697635
      vertex 3.197409101749103 12.990381056766578 137.6464217492347
      vertex 2.831559480312316 12.990381056766578 114.31724838302367
    endloop
  endfacet
  facet normal 0 1 0
    outer loop
      vertex 3.42351660256832 12.990381056766578 138.34230908213783
      vertex 3.197409101749103 12.990381056766578 113.68357825076531
      vertex 3.197409101749103 12.990381056766578 137.6464217492347
    endloop
  endfacet
  facet normal 0 1 0
    outer loop
      vertex -0.3658496214367871 12.990381056766578 142.55082663378894
      vertex 0.3658496214367871 12.990381056766578 159.46917336621104
      vertex 0.3658496214367871 12.990381056766578 142.55082663378894
    endloop
  endfacet
  facet normal 0 1 0
    outer loop
      vertex 1.0815594803123159 12.990381056766578 142.39869780703302
      vertex 0.3658496214367871 12.990381056766578 142.55082663378894
      vertex 1.0815594803123159 12.990381056766578 159.62130219296697
    endloop
  endfacet
  facet normal 0 1 0
    outer loop
      vertex 1.0815594803123159 12.990381056766578 142.39869780703302
      vertex 1.75 12.990381056766578 159.91891108675446
      vertex 1.75 12.990381056766578 142.10108891324552
    endloop
  endfacet
  facet normal 0 1 0
    outer loop
      vertex 1.75 12.990381056766578 142.10108891324552
      vertex 2.341957122256004 12.990381056766578 160.3489931108291
      vertex 2.341957122256004 12.990381056766578 141.67100688917088
    endloop
  endfacet
  facet normal 0 1 0
    outer loop
      vertex 1.0815594803123159 12.990381056766578 159.62130219296697
      vertex 0.3658496214367871 12.990381056766578 142.55082663378894
      vertex 0.3658496214367871 12.990381056766578 159.46917336621104
    endloop
  endfacet
  facet normal 0 1 0
    outer loop
      vertex 1.0815594803123159 12.990381056766578 142.39869780703302
      vertex 1.0815594803123159 12.990381056766578 159.62130219296697
      vertex 1.75 12.990381056766578 159.91891108675446
    endloop
  endfacet
  facet normal 0 1 0
    outer loop
      vertex 1.75 12.990381056766578 142.10108891324552
      vertex 1.75 12.990381056766578 159.91891108675446
      vertex 2.341957122256004 12.990381056766578 160.3489931108291
    endloop
  endfacet
  facet normal 0 1 0
    outer loop
      vertex 2.831559480312316 12.990381056766578 141.12724838302364
      vertex 2.341957122256004 12.990381056766578 141.67100688917088
      vertex 2.831559480312316 12.990381056766578 160.89275161697634
    endloop
  endfacet
  facet normal 0 1 0
    outer loop
      vertex 2.831559480312316 12.990381056766578 141.12724838302364
      vertex 3.197409101749103 12.990381056766578 161.5264217492347
      vertex 3.197409101749103 12.990381056766578 140.4935782507653
    endloop
  endfacet
  facet normal 0 1 0
    outer loop
      vertex 3.42351660256832 12.990381056766578 139.79769091786216
      vertex 3.197409101749103 12.990381056766578 140.4935782507653
      vertex 3.42351660256832 12.990381056766578 162.22230908213783
    endloop
  endfacet
  facet normal 0 1 0
    outer loop
      vertex 2.831559480312316 12.990381056766578 160.89275161697634
      vertex 2.341957122256004 12.990381056766578 141.67100688917088
      vertex 2.341957122256004 12.990381056766578 160.3489931108291
    endloop
  endfacet
  facet normal 0 1 0
    outer loop
      vertex 2.831559480312316 12.990381056766578 160.89275161697634
      vertex 3.197409101749103 12.990381056766578 161.5264217492347
      vertex 2.831559480312316 12.990381056766578 141.12724838302364
    endloop
  endfacet
  facet normal 0 1 0
    outer loop
      vertex 3.42351660256832 12.990381056766578 162.22230908213783
      vertex 3.197409101749103 12.990381056766578 140.4935782507653
      vertex 3.197409101749103 12.990381056766578 161.5264217492347
    endloop
  endfacet
  facet normal 0 1 0
    outer loop
      vertex 1.0815594803123159 12.990381056766578 170.56130219296696
      vertex 0.3658496214367871 12.990381056766578 166.43082663378894
      vertex -0.3658496214367871 12.990381056766578 166.43082663378894
    endloop
  endfacet
  facet normal 0 1 0
    outer loop
      vertex -0.3658496214367871 12.990381056766578 166.43082663378894
      vertex 0.3658496214367871 12.990381056766578 170.40917336621104
      vertex 1.0815594803123159 12.990381056766578 170.56130219296696
    endloop
  endfacet
  facet normal 0 1 0
    outer loop
      vertex 1.0815594803123159 12.990381056766578 166.278697807033
      vertex 0.3658496214367871 12.990381056766578 166.43082663378894
      vertex 1.0815594803123159 12.990381056766578 170.56130219296696
    endloop
  endfacet
  facet normal 0 1 0
    outer loop
      vertex 1.0815594803123159 12.990381056766578 166.278697807033
      vertex 1.75 12.990381056766578 170.85891108675446
      vertex 1.75 12.990381056766578 165.98108891324551
    endloop
  endfacet
  facet normal 0 1 0
    outer loop
      vertex 1.0815594803123159 12.990381056766578 166.278697807033
      vertex 1.0815594803123159 12.990381056766578 170.56130219296696
      vertex 1.75 12.990381056766578 170.85891108675446
    endloop
  endfacet
  facet normal 0 1 0
    outer loop
      vertex 1.75 12.990381056766578 165.98108891324551
      vertex 2.341957122256004 12.990381056766578 171.2889931108291
      vertex 2.341957122256004 12.990381056766578 165.55100688917088
    endloop
  endfacet
  facet normal 0 1 0
    outer loop
      vertex 1.75 12.990381056766578 165.98108891324551
      vertex 1.75 12.990381056766578 170.85891108675446
      vertex 2.341957122256004 12.990381056766578 171.2889931108291
    endloop
  endfacet
  facet normal 0 1 0
    outer loop
      vertex 0.3658496214367871 12.990381056766578 177.37082663378894
      vertex -0.3658496214367871 12.990381056766578 177.37082663378894
      vertex 0.3658496214367871 12.990381056766578 190.48917336621105
    endloop
  endfacet
  facet normal 0 1 0
    outer loop
      vertex 2.831559480312316 12.990381056766578 165.00724838302364
      vertex 3.197409101749103 12.990381056766578 172.46642174923468
      vertex 3.197409101749103 12.990381056766578 164.3735782507653
    endloop
  endfacet
  facet normal 0 1 0
    outer loop
      vertex 3.42351660256832 12.990381056766578 163.67769091786215
      vertex 3.197409101749103 12.990381056766578 164.3735782507653
      vertex 3.42351660256832 12.990381056766578 173.16230908213782
    endloop
  endfacet
  facet normal 0 1 0
    outer loop
      vertex 2.831559480312316 12.990381056766578 165.00724838302364
      vertex 2.341957122256004 12.990381056766578 165.55100688917088
      vertex 2.831559480312316 12.990381056766578 171.83275161697634
    endloop
  endfacet
  facet normal 0 1 0
    outer loop
      vertex 2.831559480312316 12.990381056766578 171.83275161697634
      vertex 2.341957122256004 12.990381056766578 165.55100688917088
      vertex 2.341957122256004 12.990381056766578 171.2889931108291
    endloop
  endfacet
  facet normal 0 1 0
    outer loop
      vertex 2.831559480312316 12.990381056766578 171.83275161697634
      vertex 3.197409101749103 12.990381056766578 172.46642174923468
      vertex 2.831559480312316 12.990381056766578 165.00724838302364
    endloop
  endfacet
  facet normal 0 1 0
    outer loop
      vertex 3.42351660256832 12.990381056766578 173.16230908213782
      vertex 3.197409101749103 12.990381056766578 164.3735782507653
      vertex 3.197409101749103 12.990381056766578 172.46642174923468
    endloop
  endfacet
  facet normal 0 1 0
    outer loop
      vertex 32.5 12.990381056766578 0
      vertex 3.42351660256832 12.990381056766578 138.34230908213783
      vertex 3.5 12.990381056766578 139.07
    endloop
  endfacet
  facet normal 0 1 0
    outer loop
      vertex 32.5 12.990381056766578 0
      vertex 3.5 12.990381056766578 139.07
      vertex 3.42351660256832 12.990381056766578 139.79769091786216
    endloop
  endfacet
  facet normal 0 1 0
    outer loop
      vertex 32.5 12.990381056766578 0
      vertex 3.42351660256832 12.990381056766578 139.79769091786216
      vertex 3.42351660256832 12.990381056766578 162.22230908213783
    endloop
  endfacet
  facet normal 0 1 0
    outer loop
      vertex 32.5 12.990381056766578 0
      vertex 3.42351660256832 12.990381056766578 162.22230908213783
      vertex 3.5 12.990381056766578 162.95
    endloop
  endfacet
  facet normal 0 1 0
    outer loop
      vertex 32.5 12.990381056766578 0
      vertex 3.5 12.990381056766578 162.95
      vertex 3.42351660256832 12.990381056766578 163.67769091786215
    endloop
  endfacet
  facet normal 0 1 0
    outer loop
      vertex 32.5 12.990381056766578 0
      vertex 3.42351660256832 12.990381056766578 163.67769091786215
      vertex 3.42351660256832 12.990381056766578 173.16230908213782
    endloop
  endfacet
  facet normal 0 1 0
    outer loop
      vertex 32.5 12.990381056766578 0
      vertex 3.42351660256832 12.990381056766578 173.16230908213782
      vertex 3.5 12.990381056766578 173.89
    endloop
  endfacet
  facet normal 0 0 -1
    outer loop
      vertex 32.5 12.990381056766578 0
      vertex 22.52786404500042 7.608452130361228 0
      vertex 8.678681847604707 3.863998109220102 0
    endloop
  endfacet
  facet normal 0 0 -1
    outer loop
      vertex 32.5 12.990381056766578 0
      vertex 24.163772293858774 7.956175162946186 0
      vertex 22.52786404500042 7.608452130361228 0
    endloop
  endfacet
  facet normal 0 0 -1
    outer loop
      vertex 32.5 12.990381056766578 0
      vertex 25.836227706141226 7.956175162946186 0
      vertex 24.163772293858774 7.956175162946186 0
    endloop
  endfacet
  facet normal 0 0 -1
    outer loop
      vertex 32.5 12.990381056766578 0
      vertex 27.47213595499958 7.608452130361228 0
      vertex 25.836227706141226 7.956175162946186 0
    endloop
  endfacet
  facet normal 0 0 -1
    outer loop
      vertex 32.5 12.990381056766578 0
      vertex 29 6.928203230275509 0
      vertex 27.47213595499958 7.608452130361228 0
    endloop
  endfacet
  facet normal 0 0 -1
    outer loop
      vertex 40 0 0
      vertex 32.30836366114081 3.2538931446064017 0
      vertex 32.5 12.990381056766578 0
    endloop
  endfacet
  facet normal 0 0 -1
    outer loop
      vertex 32.5 12.990381056766578 0
      vertex 32.30836366114081 3.2538931446064017 0
      vertex 31.47213595499958 4.702282018339785 0
    endloop
  endfacet
  facet normal 0 0 -1
    outer loop
      vertex 32.5 12.990381056766578 0
      vertex 31.47213595499958 4.702282018339785 0
      vertex 30.353044850870866 5.945158603819154 0
    endloop
  endfacet
  facet normal 0 0 -1
    outer loop
      vertex 32.5 12.990381056766578 0
      vertex 30.353044850870866 5.945158603819154 0
      vertex 29 6.928203230275509 0
    endloop
  endfacet
  facet normal 0.8660254037844386 0.5 0
    outer loop
      vertex 40 0 0
      vertex 32.5 12.990381056766578 0
      vertex 40 0 332.75
    endloop
  endfacet
  facet normal 0 1 0
    outer loop
      vertex 32.5 12.990381056766578 0
      vertex 3.5 12.990381056766578 173.89
      vertex 32.5 12.990381056766578 332.75
    endloop
  endfacet
  facet normal 0 1 0
    outer loop
      vertex 0.3658496214367871 12.990381056766578 177.37082663378894
      vertex 0.3658496214367871 12.990381056766578 190.48917336621105
      vertex 1.0815594803123159 12.990381056766578 190.64130219296698
    endloop
  endfacet
  facet normal 0 1 0
    outer loop
      vertex 0.3658496214367871 12.990381056766578 177.37082663378894
      vertex 1.0815594803123159 12.990381056766578 190.64130219296698
      vertex 1.75 12.990381056766578 190.93891108675447
    endloop
  endfacet
  facet normal 0 1 0
    outer loop
      vertex 0.3658496214367871 12.990381056766578 177.37082663378894
      vertex 1.75 12.990381056766578 190.93891108675447
      vertex 2.341957122256004 12.990381056766578 191.3689931108291
    endloop
  endfacet
  facet normal 0 1 0
    outer loop
      vertex 0.3658496214367871 12.990381056766578 177.37082663378894
      vertex 2.341957122256004 12.990381056766578 191.3689931108291
      vertex 2.831559480312316 12.990381056766578 191.91275161697635
    endloop
  endfacet
  facet normal 0 1 0
    outer loop
      vertex 0.3658496214367871 12.990381056766578 177.37082663378894
      vertex 2.831559480312316 12.990381056766578 191.91275161697635
      vertex 3.197409101749103 12.990381056766578 192.5464217492347
    endloop
  endfacet
  facet normal 0 1 0
    outer loop
      vertex 0.3658496214367871 12.990381056766578 177.37082663378894
      vertex 3.197409101749103 12.990381056766578 192.5464217492347
      vertex 3.42351660256832 12.990381056766578 193.24230908213784
    endloop
  endfacet
  facet normal 0 1 0
    outer loop
      vertex -0.3658496214367871 12.990381056766578 197.45082663378895
      vertex 4.275 12.990381056766578 325.17602962664864
      vertex 0.3658496214367871 12.990381056766578 197.45082663378895
    endloop
  endfacet
  facet normal 0 1 0
    outer loop
      vertex 1.0815594803123159 12.990381056766578 197.29869780703302
      vertex 0.3658496214367871 12.990381056766578 197.45082663378895
      vertex 21.4 12.990381056766578 324.1257183193341
    endloop
  endfacet
  facet normal 0 1 0
    outer loop
      vertex 32.5 12.990381056766578 332.75
      vertex 1.0815594803123159 12.990381056766578 177.218697807033
      vertex 0.3658496214367871 12.990381056766578 177.37082663378894
    endloop
  endfacet
  facet normal 0 1 0
    outer loop
      vertex 32.5 12.990381056766578 332.75
      vertex 1.75 12.990381056766578 176.9210889132455
      vertex 1.0815594803123159 12.990381056766578 177.218697807033
    endloop
  endfacet
  facet normal 0 1 0
    outer loop
      vertex 32.5 12.990381056766578 332.75
      vertex 2.341957122256004 12.990381056766578 176.49100688917088
      vertex 1.75 12.990381056766578 176.9210889132455
    endloop
  endfacet
  facet normal 0 1 0
    outer loop
      vertex 32.5 12.990381056766578 332.75
      vertex 3.197409101749103 12.990381056766578 175.3135782507653
      vertex 2.831559480312316 12.990381056766578 175.94724838302363
    endloop
  endfacet
  facet normal 0 1 0
    outer loop
      vertex 32.5 12.990381056766578 332.75
      vertex 3.42351660256832 12.990381056766578 174.61769091786215
      vertex 3.197409101749103 12.990381056766578 175.3135782507653
    endloop
  endfacet
  facet normal 0 1 0
    outer loop
      vertex 32.5 12.990381056766578 332.75
      vertex 2.831559480312316 12.990381056766578 175.94724838302363
      vertex 2.341957122256004 12.990381056766578 176.49100688917088
    endloop
  endfacet
  facet normal 0 1 0
    outer loop
      vertex 32.5 12.990381056766578 332.75
      vertex 3.5 12.990381056766578 173.89
      vertex 3.42351660256832 12.990381056766578 174.61769091786215
    endloop
  endfacet
  facet normal 0 1 0
    outer loop
      vertex 1.0815594803123159 12.990381056766578 197.29869780703302
      vertex 28.6 12.990381056766578 324.1257183193341
      vertex 1.75 12.990381056766578 197.00108891324552
    endloop
  endfacet
  facet normal 0 1 0
    outer loop
      vertex 1.75 12.990381056766578 197.00108891324552
      vertex 28.6 12.990381056766578 324.1257183193341
      vertex 2.341957122256004 12.990381056766578 196.5710068891709
    endloop
  endfacet
  facet normal 0 1 0
    outer loop
      vertex 32.5 12.990381056766578 332.75
      vertex 0.3658496214367871 12.990381056766578 177.37082663378894
      vertex 3.42351660256832 12.990381056766578 193.24230908213784
    endloop
  endfacet
  facet normal 0 1 0
    outer loop
      vertex 2.831559480312316 12.990381056766578 196.02724838302365
      vertex 2.341957122256004 12.990381056766578 196.5710068891709
      vertex 28.6 12.990381056766578 324.1257183193341
    endloop
  endfacet
  facet normal 0 1 0
    outer loop
      vertex 2.831559480312316 12.990381056766578 196.02724838302365
      vertex 28.6 12.990381056766578 324.1257183193341
      vertex 3.197409101749103 12.990381056766578 195.3935782507653
    endloop
  endfacet
  facet normal 0 1 0
    outer loop
      vertex 3.42351660256832 12.990381056766578 194.69769091786216
      vertex 3.197409101749103 12.990381056766578 195.3935782507653
      vertex 28.6 12.990381056766578 324.1257183193341
    endloop
  endfacet
  facet normal 0 1 0
    outer loop
      vertex 3.42351660256832 12.990381056766578 194.69769091786216
      vertex 28.6 12.990381056766578 324.1257183193341
      vertex 3.5 12.990381056766578 193.97
    endloop
  endfacet
  facet normal 0 1 0
    outer loop
      vertex 32.5 12.990381056766578 332.75
      vertex 3.42351660256832 12.990381056766578 193.24230908213784
      vertex 3.5 12.990381056766578 193.97
    endloop
  endfacet
  facet normal 0 1 0
    outer loop
      vertex 0.3658496214367871 12.990381056766578 197.45082663378895
      vertex 4.275 12.990381056766578 325.17602962664864
      vertex 21.4 12.990381056766578 324.1257183193341
    endloop
  endfacet
  facet normal 0 1 0
    outer loop
      vertex 4.275 12.990381056766578 327.55
      vertex 21.4 12.990381056766578 324.1257183193341
      vertex 4.275 12.990381056766578 325.17602962664864
    endloop
  endfacet
  facet normal 0 1 0
    outer loop
      vertex 4.275 12.990381056766578 332.75
      vertex 21.4 12.990381056766578 324.1257183193341
      vertex 4.275 12.990381056766578 327.55
    endloop
  endfacet
  facet normal 0 1 0
    outer loop
      vertex 1.0815594803123159 12.990381056766578 197.29869780703302
      vertex 21.4 12.990381056766578 324.1257183193341
      vertex 28.6 12.990381056766578 324.1257183193341
    endloop
  endfacet
  facet normal 0 1 0
    outer loop
      vertex 4.275 12.990381056766578 332.75
      vertex 21.4 12.990381056766578 332.75
      vertex 21.4 12.990381056766578 324.1257183193341
    endloop
  endfacet
  facet normal 0.8660254037844386 0.5 -1.7794709134988736e-19
    outer loop
      vertex 40 0 332.75
      vertex 32.5 12.990381056766578 0
      vertex 32.5 12.990381056766578 332.75
    endloop
  endfacet
  facet normal 0 1 0
    outer loop
      vertex 32.5 12.990381056766578 332.75
      vertex 3.5 12.990381056766578 193.97
      vertex 28.6 12.990381056766578 324.1257183193341
    endloop
  endfacet
  facet normal 0 1 0
    outer loop
      vertex 32.5 12.990381056766578 332.75
      vertex 28.6 12.990381056766578 324.1257183193341
      vertex 28.6 12.990381056766578 327.55
    endloop
  endfacet
  facet normal 0 1 0
    outer loop
      vertex 32.5 12.990381056766578 332.75
      vertex 28.6 12.990381056766578 327.55
      vertex 28.6 12.990381056766578 332.75
    endloop
  endfacet
  facet normal 0 -1 0
    outer loop
      vertex -6.5 14.5 65.78
      vertex -3.25 14.5 60.15083487540115
      vertex -3.197409101749103 14.5 64.3564217492347
    endloop
  endfacet
  facet normal 0 -1 0
    outer loop
      vertex -6.5 14.5 65.78
      vertex -3.42351660256832 14.5 65.05230908213784
      vertex -3.5 14.5 65.78
    endloop
  endfacet
  facet normal 0 -1 0
    outer loop
      vertex -6.5 14.5 65.78
      vertex -3.5 14.5 65.78
      vertex -3.42351660256832 14.5 66.50769091786216
    endloop
  endfacet
  facet normal 0 -1 0
    outer loop
      vertex -6.5 14.5 65.78
      vertex -3.197409101749103 14.5 64.3564217492347
      vertex -3.42351660256832 14.5 65.05230908213784
    endloop
  endfacet
  facet normal 0 -1 0
    outer loop
      vertex -6.5 14.5 65.78
      vertex -3.42351660256832 14.5 66.50769091786216
      vertex -3.197409101749103 14.5 67.2035782507653
    endloop
  endfacet
  facet normal 0 -1 0
    outer loop
      vertex -6.5 14.5 65.78
      vertex -3.197409101749103 14.5 67.2035782507653
      vertex -2.831559480312316 14.5 67.83724838302366
    endloop
  endfacet
  facet normal 0 -1 0
    outer loop
      vertex -6.5 14.5 65.78
      vertex -2.831559480312316 14.5 67.83724838302366
      vertex -2.341957122256004 14.5 68.38100688917088
    endloop
  endfacet
  facet normal 0 -1 0
    outer loop
      vertex -6.5 14.5 65.78
      vertex -2.341957122256004 14.5 68.38100688917088
      vertex -3.25 14.5 71.40916512459886
    endloop
  endfacet
  facet normal 0 -1 0
    outer loop
      vertex -3.25 14.5 60.15083487540115
      vertex -2.831559480312316 14.5 63.722751616976346
      vertex -3.197409101749103 14.5 64.3564217492347
    endloop
  endfacet
  facet normal 0 -1 0
    outer loop
      vertex -3.25 14.5 60.15083487540115
      vertex -2.341957122256004 14.5 63.17899311082912
      vertex -2.831559480312316 14.5 63.722751616976346
    endloop
  endfacet
  facet normal -0.7729879516809972 0.4509096384805811 -0.44628480198336135
    outer loop
      vertex -6.5 14.5 65.78
      vertex -2.375 17.5 61.666379332023915
      vertex -3.25 14.5 60.15083487540115
    endloop
  endfacet
  facet normal -0.7729879516809967 0.45090963848058263 0.44628480198336046
    outer loop
      vertex -6.5 14.5 65.78
      vertex -3.25 14.5 71.40916512459886
      vertex -2.375 17.5 69.89362066797608
    endloop
  endfacet
  facet normal 0 -1 0
    outer loop
      vertex -3.25 14.5 60.15083487540115
      vertex -1.75 14.5 62.74891108675447
      vertex -2.341957122256004 14.5 63.17899311082912
    endloop
  endfacet
  facet normal 0 -1 0
    outer loop
      vertex -3.25 14.5 60.15083487540115
      vertex -1.0815594803123159 14.5 62.45130219296696
      vertex -1.75 14.5 62.74891108675447
    endloop
  endfacet
  facet normal 0 -1 0
    outer loop
      vertex -3.25 14.5 60.15083487540115
      vertex -0.3658496214367871 14.5 62.29917336621104
      vertex -1.0815594803123159 14.5 62.45130219296696
    endloop
  endfacet
  facet normal 0 -1 0
    outer loop
      vertex -3.25 14.5 60.15083487540115
      vertex 0.3658496214367871 14.5 62.29917336621104
      vertex -0.3658496214367871 14.5 62.29917336621104
    endloop
  endfacet
  facet normal 0 0.45090963848058047 -0.8925696039667227
    outer loop
      vertex -3.25 14.5 60.15083487540115
      vertex -2.375 17.5 61.666379332023915
      vertex 3.25 14.5 60.15083487540115
    endloop
  endfacet
  facet normal 0 -1 0
    outer loop
      vertex -3.25 14.5 71.40916512459886
      vertex -2.341957122256004 14.5 68.38100688917088
      vertex -1.75 14.5 68.81108891324554
    endloop
  endfacet
  facet normal 0 -1 0
    outer loop
      vertex -3.25 14.5 71.40916512459886
      vertex -1.75 14.5 68.81108891324554
      vertex -1.0815594803123159 14.5 69.10869780703304
    endloop
  endfacet
  facet normal 0 -1 0
    outer loop
      vertex -3.25 14.5 71.40916512459886
      vertex -1.0815594803123159 14.5 69.10869780703304
      vertex -0.3658496214367871 14.5 69.26082663378895
    endloop
  endfacet
  facet normal 0 -1 0
    outer loop
      vertex -3.25 14.5 71.40916512459886
      vertex -0.3658496214367871 14.5 69.26082663378895
      vertex 3.25 14.5 71.40916512459886
    endloop
  endfacet
  facet normal 0 0.45090963848058385 0.8925696039667209
    outer loop
      vertex -3.25 14.5 71.40916512459886
      vertex 3.25 14.5 71.40916512459886
      vertex -2.375 17.5 69.89362066797608
    endloop
  endfacet
  facet normal -0.7729879516809972 0.4509096384805817 -0.4462848019833609
    outer loop
      vertex -6.5 14.5 65.78
      vertex -4.75 17.5 65.78
      vertex -2.375 17.5 61.666379332023915
    endloop
  endfacet
  facet normal -0.7729879516809969 0.4509096384805815 0.44628480198336146
    outer loop
      vertex -6.5 14.5 65.78
      vertex -2.375 17.5 69.89362066797608
      vertex -4.75 17.5 65.78
    endloop
  endfacet
  facet normal 0 1 0
    outer loop
      vertex -4.75 17.5 65.78
      vertex -3.5 17.5 65.78
      vertex -3.42351660256832 17.5 65.05230908213784
    endloop
  endfacet
  facet normal 0 1 0
    outer loop
      vertex -4.75 17.5 65.78
      vertex -3.42351660256832 17.5 65.05230908213784
      vertex -3.197409101749103 17.5 64.3564217492347
    endloop
  endfacet
  facet normal 0 1 0
    outer loop
      vertex -4.75 17.5 65.78
      vertex -3.42351660256832 17.5 66.50769091786216
      vertex -3.5 17.5 65.78
    endloop
  endfacet
  facet normal 0 1 0
    outer loop
      vertex -4.75 17.5 65.78
      vertex -3.197409101749103 17.5 67.2035782507653
      vertex -3.42351660256832 17.5 66.50769091786216
    endloop
  endfacet
  facet normal 0 1 0
    outer loop
      vertex -2.375 17.5 61.666379332023915
      vertex -2.831559480312316 17.5 63.722751616976346
      vertex -2.341957122256004 17.5 63.17899311082912
    endloop
  endfacet
  facet normal 0 1 0
    outer loop
      vertex -4.75 17.5 65.78
      vertex -3.197409101749103 17.5 64.3564217492347
      vertex -2.831559480312316 17.5 63.722751616976346
    endloop
  endfacet
  facet normal 0 1 0
    outer loop
      vertex -4.75 17.5 65.78
      vertex -2.831559480312316 17.5 63.722751616976346
      vertex -2.375 17.5 61.666379332023915
    endloop
  endfacet
  facet normal 0 1 0
    outer loop
      vertex -4.75 17.5 65.78
      vertex -2.375 17.5 69.89362066797608
      vertex -3.197409101749103 17.5 67.2035782507653
    endloop
  endfacet
  facet normal 0 1 0
    outer loop
      vertex -2.375 17.5 69.89362066797608
      vertex -2.831559480312316 17.5 67.83724838302366
      vertex -3.197409101749103 17.5 67.2035782507653
    endloop
  endfacet
  facet normal 0 1 0
    outer loop
      vertex -2.375 17.5 69.89362066797608
      vertex -2.341957122256004 17.5 68.38100688917088
      vertex -2.831559480312316 17.5 67.83724838302366
    endloop
  endfacet
  facet normal 0 1 0
    outer loop
      vertex -2.375 17.5 61.666379332023915
      vertex -2.341957122256004 17.5 63.17899311082912
      vertex -1.75 17.5 62.74891108675447
    endloop
  endfacet
  facet normal 0 1 0
    outer loop
      vertex -2.375 17.5 61.666379332023915
      vertex -1.75 17.5 62.74891108675447
      vertex -1.0815594803123159 17.5 62.45130219296696
    endloop
  endfacet
  facet normal 0 1 0
    outer loop
      vertex -2.375 17.5 61.666379332023915
      vertex -1.0815594803123159 17.5 62.45130219296696
      vertex -0.3658496214367871 17.5 62.29917336621104
    endloop
  endfacet
  facet normal 0 1 0
    outer loop
      vertex -2.375 17.5 69.89362066797608
      vertex -1.75 17.5 68.81108891324554
      vertex -2.341957122256004 17.5 68.38100688917088
    endloop
  endfacet
  facet normal 0 1 0
    outer loop
      vertex -2.375 17.5 69.89362066797608
      vertex -1.0815594803123159 17.5 69.10869780703304
      vertex -1.75 17.5 68.81108891324554
    endloop
  endfacet
  facet normal 0 1 0
    outer loop
      vertex -2.375 17.5 61.666379332023915
      vertex -0.3658496214367871 17.5 62.29917336621104
      vertex 0.3658496214367871 17.5 62.29917336621104
    endloop
  endfacet
  facet normal 0 1 0
    outer loop
      vertex -2.375 17.5 69.89362066797608
      vertex -0.3658496214367871 17.5 69.26082663378895
      vertex -1.0815594803123159 17.5 69.10869780703304
    endloop
  endfacet
  facet normal 0 1 0
    outer loop
      vertex -2.375 17.5 69.89362066797608
      vertex 2.375 17.5 69.89362066797608
      vertex -0.3658496214367871 17.5 69.26082663378895
    endloop
  endfacet
  facet normal 0 -1 0
    outer loop
      vertex -3.25 14.5 60.15083487540115
      vertex 3.25 14.5 60.15083487540115
      vertex 0.3658496214367871 14.5 62.29917336621104
    endloop
  endfacet
  facet normal 0 -1 0
    outer loop
      vertex 3.25 14.5 60.15083487540115
      vertex 1.0815594803123159 14.5 62.45130219296696
      vertex 0.3658496214367871 14.5 62.29917336621104
    endloop
  endfacet
  facet normal 0 -1 0
    outer loop
      vertex 3.25 14.5 60.15083487540115
      vertex 1.75 14.5 62.74891108675447
      vertex 1.0815594803123159 14.5 62.45130219296696
    endloop
  endfacet
  facet normal 0 -1 0
    outer loop
      vertex 3.25 14.5 60.15083487540115
      vertex 2.341957122256004 14.5 63.17899311082912
      vertex 1.75 14.5 62.74891108675447
    endloop
  endfacet
  facet normal 0 -1 0
    outer loop
      vertex 3.25 14.5 71.40916512459886
      vertex 2.341957122256004 14.5 68.38100688917088
      vertex 2.831559480312316 14.5 67.83724838302366
    endloop
  endfacet
  facet normal 0 -1 0
    outer loop
      vertex 3.25 14.5 71.40916512459886
      vertex 2.831559480312316 14.5 67.83724838302366
      vertex 3.197409101749103 14.5 67.2035782507653
    endloop
  endfacet
  facet normal 0 -1 0
    outer loop
      vertex 3.25 14.5 60.15083487540115
      vertex 6.5 14.5 65.78
      vertex 2.341957122256004 14.5 63.17899311082912
    endloop
  endfacet
  facet normal 0 -1 0
    outer loop
      vertex 6.5 14.5 65.78
      vertex 2.831559480312316 14.5 63.722751616976346
      vertex 2.341957122256004 14.5 63.17899311082912
    endloop
  endfacet
  facet normal 0 -1 0
    outer loop
      vertex 6.5 14.5 65.78
      vertex 3.197409101749103 14.5 64.3564217492347
      vertex 2.831559480312316 14.5 63.722751616976346
    endloop
  endfacet
  facet normal 0 -1 0
    outer loop
      vertex 6.5 14.5 65.78
      vertex 3.42351660256832 14.5 65.05230908213784
      vertex 3.197409101749103 14.5 64.3564217492347
    endloop
  endfacet
  facet normal 0 -1 0
    outer loop
      vertex 6.5 14.5 65.78
      vertex 3.197409101749103 14.5 67.2035782507653
      vertex 3.42351660256832 14.5 66.50769091786216
    endloop
  endfacet
  facet normal 0 -1 0
    outer loop
      vertex 3.25 14.5 71.40916512459886
      vertex 3.197409101749103 14.5 67.2035782507653
      vertex 6.5 14.5 65.78
    endloop
  endfacet
  facet normal 0 -1 0
    outer loop
      vertex 6.5 14.5 65.78
      vertex 3.5 14.5 65.78
      vertex 3.42351660256832 14.5 65.05230908213784
    endloop
  endfacet
  facet normal 0 -1 0
    outer loop
      vertex 6.5 14.5 65.78
      vertex 3.42351660256832 14.5 66.50769091786216
      vertex 3.5 14.5 65.78
    endloop
  endfacet
  facet normal 0.7729879516809972 0.45090963848058113 -0.44628480198336135
    outer loop
      vertex 3.25 14.5 60.15083487540115
      vertex 2.375 17.5 61.666379332023915
      vertex 6.5 14.5 65.78
    endloop
  endfacet
  facet normal 0.7729879516809967 0.45090963848058263 0.44628480198336046
    outer loop
      vertex 3.25 14.5 71.40916512459886
      vertex 6.5 14.5 65.78
      vertex 2.375 17.5 69.89362066797608
    endloop
  endfacet
  facet normal 0 -1 0
    outer loop
      vertex 3.25 14.5 71.40916512459886
      vertex -0.3658496214367871 14.5 69.26082663378895
      vertex 0.3658496214367871 14.5 69.26082663378895
    endloop
  endfacet
  facet normal 0 -1 0
    outer loop
      vertex 3.25 14.5 71.40916512459886
      vertex 0.3658496214367871 14.5 69.26082663378895
      vertex 1.0815594803123159 14.5 69.10869780703304
    endloop
  endfacet
  facet normal 0 -1 0
    outer loop
      vertex 3.25 14.5 71.40916512459886
      vertex 1.0815594803123159 14.5 69.10869780703304
      vertex 1.75 14.5 68.81108891324554
    endloop
  endfacet
  facet normal 0 -1 0
    outer loop
      vertex 3.25 14.5 71.40916512459886
      vertex 1.75 14.5 68.81108891324554
      vertex 2.341957122256004 14.5 68.38100688917088
    endloop
  endfacet
  facet normal 0 0.45090963848058047 -0.8925696039667227
    outer loop
      vertex -2.375 17.5 61.666379332023915
      vertex 2.375 17.5 61.666379332023915
      vertex 3.25 14.5 60.15083487540115
    endloop
  endfacet
  facet normal 0 1 0
    outer loop
      vertex -2.375 17.5 61.666379332023915
      vertex 0.3658496214367871 17.5 62.29917336621104
      vertex 2.375 17.5 61.666379332023915
    endloop
  endfacet
  facet normal 0 1 0
    outer loop
      vertex 2.375 17.5 61.666379332023915
      vertex 0.3658496214367871 17.5 62.29917336621104
      vertex 1.0815594803123159 17.5 62.45130219296696
    endloop
  endfacet
  facet normal 0 1 0
    outer loop
      vertex 2.375 17.5 61.666379332023915
      vertex 1.0815594803123159 17.5 62.45130219296696
      vertex 1.75 17.5 62.74891108675447
    endloop
  endfacet
  facet normal 0 1 0
    outer loop
      vertex 2.375 17.5 61.666379332023915
      vertex 1.75 17.5 62.74891108675447
      vertex 2.341957122256004 17.5 63.17899311082912
    endloop
  endfacet
  facet normal 0 1 0
    outer loop
      vertex 2.375 17.5 69.89362066797608
      vertex 1.75 17.5 68.81108891324554
      vertex 1.0815594803123159 17.5 69.10869780703304
    endloop
  endfacet
  facet normal 0 1 0
    outer loop
      vertex 2.375 17.5 69.89362066797608
      vertex 2.341957122256004 17.5 68.38100688917088
      vertex 1.75 17.5 68.81108891324554
    endloop
  endfacet
  facet normal 0.7729879516809972 0.45090963848058163 -0.4462848019833609
    outer loop
      vertex 2.375 17.5 61.666379332023915
      vertex 4.75 17.5 65.78
      vertex 6.5 14.5 65.78
    endloop
  endfacet
  facet normal 0.7729879516809969 0.4509096384805815 0.44628480198336146
    outer loop
      vertex 4.75 17.5 65.78
      vertex 2.375 17.5 69.89362066797608
      vertex 6.5 14.5 65.78
    endloop
  endfacet
  facet normal 0 1 0
    outer loop
      vertex 2.375 17.5 61.666379332023915
      vertex 2.341957122256004 17.5 63.17899311082912
      vertex 2.831559480312316 17.5 63.722751616976346
    endloop
  endfacet
  facet normal 0 1 0
    outer loop
      vertex 2.375 17.5 61.666379332023915
      vertex 2.831559480312316 17.5 63.722751616976346
      vertex 3.197409101749103 17.5 64.3564217492347
    endloop
  endfacet
  facet normal 0 1 0
    outer loop
      vertex 2.375 17.5 69.89362066797608
      vertex 2.831559480312316 17.5 67.83724838302366
      vertex 2.341957122256004 17.5 68.38100688917088
    endloop
  endfacet
  facet normal 0 1 0
    outer loop
      vertex 2.375 17.5 61.666379332023915
      vertex 3.197409101749103 17.5 64.3564217492347
      vertex 4.75 17.5 65.78
    endloop
  endfacet
  facet normal 0 1 0
    outer loop
      vertex 4.75 17.5 65.78
      vertex 2.831559480312316 17.5 67.83724838302366
      vertex 2.375 17.5 69.89362066797608
    endloop
  endfacet
  facet normal 0 1 0
    outer loop
      vertex 4.75 17.5 65.78
      vertex 3.197409101749103 17.5 67.2035782507653
      vertex 2.831559480312316 17.5 67.83724838302366
    endloop
  endfacet
  facet normal 0 1 0
    outer loop
      vertex 4.75 17.5 65.78
      vertex 3.197409101749103 17.5 64.3564217492347
      vertex 3.42351660256832 17.5 65.05230908213784
    endloop
  endfacet
  facet normal 0 1 0
    outer loop
      vertex 4.75 17.5 65.78
      vertex 3.42351660256832 17.5 65.05230908213784
      vertex 3.5 17.5 65.78
    endloop
  endfacet
  facet normal 0 1 0
    outer loop
      vertex 4.75 17.5 65.78
      vertex 3.5 17.5 65.78
      vertex 3.42351660256832 17.5 66.50769091786216
    endloop
  endfacet
  facet normal 0 1 0
    outer loop
      vertex 4.75 17.5 65.78
      vertex 3.42351660256832 17.5 66.50769091786216
      vertex 3.197409101749103 17.5 67.2035782507653
    endloop
  endfacet
  facet normal 0 0.45090963848058385 0.8925696039667209
    outer loop
      vertex -2.375 17.5 69.89362066797608
      vertex 3.25 14.5 71.40916512459886
      vertex 2.375 17.5 69.89362066797608
    endloop
  endfacet
  facet normal 0 1 0
    outer loop
      vertex 2.375 17.5 69.89362066797608
      vertex 0.3658496214367871 17.5 69.26082663378895
      vertex -0.3658496214367871 17.5 69.26082663378895
    endloop
  endfacet
  facet normal 0 1 0
    outer loop
      vertex 2.375 17.5 69.89362066797608
      vertex 1.0815594803123159 17.5 69.10869780703304
      vertex 0.3658496214367871 17.5 69.26082663378895
    endloop
  endfacet
  facet normal 0 -1 0
    outer loop
      vertex -6.5 14.5 82.18
      vertex -3.25 14.5 76.55083487540115
      vertex -3.197409101749103 14.5 80.7564217492347
    endloop
  endfacet
  facet normal 0 -1 0
    outer loop
      vertex -3.25 14.5 76.55083487540115
      vertex -2.831559480312316 14.5 80.12275161697634
      vertex -3.197409101749103 14.5 80.7564217492347
    endloop
  endfacet
  facet normal 0 -1 0
    outer loop
      vertex -3.25 14.5 76.55083487540115
      vertex -2.341957122256004 14.5 79.57899311082913
      vertex -2.831559480312316 14.5 80.12275161697634
    endloop
  endfacet
  facet normal 0 -1 0
    outer loop
      vertex -6.5 14.5 82.18
      vertex -3.42351660256832 14.5 81.45230908213784
      vertex -3.5 14.5 82.18
    endloop
  endfacet
  facet normal 0 -1 0
    outer loop
      vertex -6.5 14.5 82.18
      vertex -3.5 14.5 82.18
      vertex -3.42351660256832 14.5 82.90769091786217
    endloop
  endfacet
  facet normal 0 -1 0
    outer loop
      vertex -6.5 14.5 82.18
      vertex -3.197409101749103 14.5 80.7564217492347
      vertex -3.42351660256832 14.5 81.45230908213784
    endloop
  endfacet
  facet normal 0 -1 0
    outer loop
      vertex -6.5 14.5 82.18
      vertex -3.42351660256832 14.5 82.90769091786217
      vertex -3.197409101749103 14.5 83.60357825076531
    endloop
  endfacet
  facet normal 0 -1 0
    outer loop
      vertex -6.5 14.5 82.18
      vertex -3.197409101749103 14.5 83.60357825076531
      vertex -2.831559480312316 14.5 84.23724838302367
    endloop
  endfacet
  facet normal 0 -1 0
    outer loop
      vertex -6.5 14.5 82.18
      vertex -2.341957122256004 14.5 84.78100688917088
      vertex -3.25 14.5 87.80916512459886
    endloop
  endfacet
  facet normal 0 -1 0
    outer loop
      vertex -6.5 14.5 82.18
      vertex -2.831559480312316 14.5 84.23724838302367
      vertex -2.341957122256004 14.5 84.78100688917088
    endloop
  endfacet
  facet normal -0.7729879516809968 0.45090963848058263 -0.44628480198336057
    outer loop
      vertex -6.5 14.5 82.18
      vertex -2.375 17.5 78.06637933202393
      vertex -3.25 14.5 76.55083487540115
    endloop
  endfacet
  facet normal -0.7729879516809967 0.45090963848058263 0.44628480198336046
    outer loop
      vertex -6.5 14.5 82.18
      vertex -3.25 14.5 87.80916512459886
      vertex -2.375 17.5 86.29362066797609
    endloop
  endfacet
  facet normal 0 -1 0
    outer loop
      vertex -3.25 14.5 76.55083487540115
      vertex -1.75 14.5 79.14891108675447
      vertex -2.341957122256004 14.5 79.57899311082913
    endloop
  endfacet
  facet normal 0 -1 0
    outer loop
      vertex -3.25 14.5 76.55083487540115
      vertex -1.0815594803123159 14.5 78.85130219296697
      vertex -1.75 14.5 79.14891108675447
    endloop
  endfacet
  facet normal 0 -1 0
    outer loop
      vertex -3.25 14.5 76.55083487540115
      vertex -0.3658496214367871 14.5 78.69917336621106
      vertex -1.0815594803123159 14.5 78.85130219296697
    endloop
  endfacet
  facet normal 0 -1 0
    outer loop
      vertex -3.25 14.5 76.55083487540115
      vertex 0.3658496214367871 14.5 78.69917336621106
      vertex -0.3658496214367871 14.5 78.69917336621106
    endloop
  endfacet
  facet normal 0 -1 0
    outer loop
      vertex -3.25 14.5 87.80916512459886
      vertex -2.341957122256004 14.5 84.78100688917088
      vertex -1.75 14.5 85.21108891324555
    endloop
  endfacet
  facet normal 0 -1 0
    outer loop
      vertex -3.25 14.5 87.80916512459886
      vertex -1.75 14.5 85.21108891324555
      vertex -1.0815594803123159 14.5 85.50869780703304
    endloop
  endfacet
  facet normal 0 -1 0
    outer loop
      vertex -3.25 14.5 87.80916512459886
      vertex -1.0815594803123159 14.5 85.50869780703304
      vertex -0.3658496214367871 14.5 85.66082663378896
    endloop
  endfacet
  facet normal 0 -1 0
    outer loop
      vertex -3.25 14.5 87.80916512459886
      vertex -0.3658496214367871 14.5 85.66082663378896
      vertex 3.25 14.5 87.80916512459886
    endloop
  endfacet
  facet normal 0 0.45090963848058385 -0.8925696039667209
    outer loop
      vertex -3.25 14.5 76.55083487540115
      vertex -2.375 17.5 78.06637933202393
      vertex 3.25 14.5 76.55083487540115
    endloop
  endfacet
  facet normal 0 0.45090963848058385 0.8925696039667209
    outer loop
      vertex -3.25 14.5 87.80916512459886
      vertex 3.25 14.5 87.80916512459886
      vertex -2.375 17.5 86.29362066797609
    endloop
  endfacet
  facet normal -0.7729879516809969 0.4509096384805815 -0.44628480198336146
    outer loop
      vertex -6.5 14.5 82.18
      vertex -4.75 17.5 82.18
      vertex -2.375 17.5 78.06637933202393
    endloop
  endfacet
  facet normal -0.7729879516809969 0.4509096384805815 0.44628480198336146
    outer loop
      vertex -6.5 14.5 82.18
      vertex -2.375 17.5 86.29362066797609
      vertex -4.75 17.5 82.18
    endloop
  endfacet
  facet normal 0 1 0
    outer loop
      vertex -4.75 17.5 82.18
      vertex -2.831559480312316 17.5 80.12275161697634
      vertex -2.375 17.5 78.06637933202393
    endloop
  endfacet
  facet normal 0 1 0
    outer loop
      vertex -2.375 17.5 78.06637933202393
      vertex -2.831559480312316 17.5 80.12275161697634
      vertex -2.341957122256004 17.5 79.57899311082913
    endloop
  endfacet
  facet normal 0 1 0
    outer loop
      vertex -4.75 17.5 82.18
      vertex -3.42351660256832 17.5 81.45230908213784
      vertex -3.197409101749103 17.5 80.7564217492347
    endloop
  endfacet
  facet normal 0 1 0
    outer loop
      vertex -4.75 17.5 82.18
      vertex -3.5 17.5 82.18
      vertex -3.42351660256832 17.5 81.45230908213784
    endloop
  endfacet
  facet normal 0 1 0
    outer loop
      vertex -4.75 17.5 82.18
      vertex -3.42351660256832 17.5 82.90769091786217
      vertex -3.5 17.5 82.18
    endloop
  endfacet
  facet normal 0 1 0
    outer loop
      vertex -4.75 17.5 82.18
      vertex -3.197409101749103 17.5 83.60357825076531
      vertex -3.42351660256832 17.5 82.90769091786217
    endloop
  endfacet
  facet normal 0 1 0
    outer loop
      vertex -4.75 17.5 82.18
      vertex -3.197409101749103 17.5 80.7564217492347
      vertex -2.831559480312316 17.5 80.12275161697634
    endloop
  endfacet
  facet normal 0 1 0
    outer loop
      vertex -4.75 17.5 82.18
      vertex -2.375 17.5 86.29362066797609
      vertex -3.197409101749103 17.5 83.60357825076531
    endloop
  endfacet
  facet normal 0 1 0
    outer loop
      vertex -2.375 17.5 86.29362066797609
      vertex -2.831559480312316 17.5 84.23724838302367
      vertex -3.197409101749103 17.5 83.60357825076531
    endloop
  endfacet
  facet normal 0 1 0
    outer loop
      vertex -2.375 17.5 86.29362066797609
      vertex -2.341957122256004 17.5 84.78100688917088
      vertex -2.831559480312316 17.5 84.23724838302367
    endloop
  endfacet
  facet normal 0 1 0
    outer loop
      vertex -2.375 17.5 78.06637933202393
      vertex -2.341957122256004 17.5 79.57899311082913
      vertex -1.75 17.5 79.14891108675447
    endloop
  endfacet
  facet normal 0 1 0
    outer loop
      vertex -2.375 17.5 78.06637933202393
      vertex -1.75 17.5 79.14891108675447
      vertex -1.0815594803123159 17.5 78.85130219296697
    endloop
  endfacet
  facet normal 0 1 0
    outer loop
      vertex -2.375 17.5 78.06637933202393
      vertex -1.0815594803123159 17.5 78.85130219296697
      vertex -0.3658496214367871 17.5 78.69917336621106
    endloop
  endfacet
  facet normal 0 1 0
    outer loop
      vertex -2.375 17.5 78.06637933202393
      vertex -0.3658496214367871 17.5 78.69917336621106
      vertex 0.3658496214367871 17.5 78.69917336621106
    endloop
  endfacet
  facet normal 0 1 0
    outer loop
      vertex -2.375 17.5 86.29362066797609
      vertex -1.75 17.5 85.21108891324555
      vertex -2.341957122256004 17.5 84.78100688917088
    endloop
  endfacet
  facet normal 0 1 0
    outer loop
      vertex -2.375 17.5 86.29362066797609
      vertex -1.0815594803123159 17.5 85.50869780703304
      vertex -1.75 17.5 85.21108891324555
    endloop
  endfacet
  facet normal 0 1 0
    outer loop
      vertex -2.375 17.5 86.29362066797609
      vertex -0.3658496214367871 17.5 85.66082663378896
      vertex -1.0815594803123159 17.5 85.50869780703304
    endloop
  endfacet
  facet normal 0 1 0
    outer loop
      vertex -2.375 17.5 86.29362066797609
      vertex 2.375 17.5 86.29362066797609
      vertex -0.3658496214367871 17.5 85.66082663378896
    endloop
  endfacet
  facet normal 0 -1 0
    outer loop
      vertex -3.25 14.5 76.55083487540115
      vertex 3.25 14.5 76.55083487540115
      vertex 0.3658496214367871 14.5 78.69917336621106
    endloop
  endfacet
  facet normal 0 -1 0
    outer loop
      vertex 3.25 14.5 76.55083487540115
      vertex 1.0815594803123159 14.5 78.85130219296697
      vertex 0.3658496214367871 14.5 78.69917336621106
    endloop
  endfacet
  facet normal 0 -1 0
    outer loop
      vertex 3.25 14.5 76.55083487540115
      vertex 1.75 14.5 79.14891108675447
      vertex 1.0815594803123159 14.5 78.85130219296697
    endloop
  endfacet
  facet normal 0 -1 0
    outer loop
      vertex 3.25 14.5 76.55083487540115
      vertex 2.341957122256004 14.5 79.57899311082913
      vertex 1.75 14.5 79.14891108675447
    endloop
  endfacet
  facet normal 0 -1 0
    outer loop
      vertex 3.25 14.5 87.80916512459886
      vertex -0.3658496214367871 14.5 85.66082663378896
      vertex 0.3658496214367871 14.5 85.66082663378896
    endloop
  endfacet
  facet normal 0 -1 0
    outer loop
      vertex 3.25 14.5 87.80916512459886
      vertex 0.3658496214367871 14.5 85.66082663378896
      vertex 1.0815594803123159 14.5 85.50869780703304
    endloop
  endfacet
  facet normal 0 -1 0
    outer loop
      vertex 3.25 14.5 87.80916512459886
      vertex 1.0815594803123159 14.5 85.50869780703304
      vertex 1.75 14.5 85.21108891324555
    endloop
  endfacet
  facet normal 0 -1 0
    outer loop
      vertex 3.25 14.5 87.80916512459886
      vertex 1.75 14.5 85.21108891324555
      vertex 2.341957122256004 14.5 84.78100688917088
    endloop
  endfacet
  facet normal 0 -1 0
    outer loop
      vertex 6.5 14.5 82.18
      vertex 2.831559480312316 14.5 80.12275161697634
      vertex 2.341957122256004 14.5 79.57899311082913
    endloop
  endfacet
  facet normal 0 -1 0
    outer loop
      vertex 3.25 14.5 76.55083487540115
      vertex 6.5 14.5 82.18
      vertex 2.341957122256004 14.5 79.57899311082913
    endloop
  endfacet
  facet normal 0 -1 0
    outer loop
      vertex 3.25 14.5 87.80916512459886
      vertex 2.341957122256004 14.5 84.78100688917088
      vertex 2.831559480312316 14.5 84.23724838302367
    endloop
  endfacet
  facet normal 0 -1 0
    outer loop
      vertex 3.25 14.5 87.80916512459886
      vertex 2.831559480312316 14.5 84.23724838302367
      vertex 3.197409101749103 14.5 83.60357825076531
    endloop
  endfacet
  facet normal 0 -1 0
    outer loop
      vertex 6.5 14.5 82.18
      vertex 3.197409101749103 14.5 80.7564217492347
      vertex 2.831559480312316 14.5 80.12275161697634
    endloop
  endfacet
  facet normal 0 -1 0
    outer loop
      vertex 6.5 14.5 82.18
      vertex 3.42351660256832 14.5 81.45230908213784
      vertex 3.197409101749103 14.5 80.7564217492347
    endloop
  endfacet
  facet normal 0 -1 0
    outer loop
      vertex 6.5 14.5 82.18
      vertex 3.197409101749103 14.5 83.60357825076531
      vertex 3.42351660256832 14.5 82.90769091786217
    endloop
  endfacet
  facet normal 0 -1 0
    outer loop
      vertex 3.25 14.5 87.80916512459886
      vertex 3.197409101749103 14.5 83.60357825076531
      vertex 6.5 14.5 82.18
    endloop
  endfacet
  facet normal 0 -1 0
    outer loop
      vertex 6.5 14.5 82.18
      vertex 3.5 14.5 82.18
      vertex 3.42351660256832 14.5 81.45230908213784
    endloop
  endfacet
  facet normal 0 -1 0
    outer loop
      vertex 6.5 14.5 82.18
      vertex 3.42351660256832 14.5 82.90769091786217
      vertex 3.5 14.5 82.18
    endloop
  endfacet
  facet normal 0.7729879516809967 0.45090963848058263 -0.44628480198336046
    outer loop
      vertex 3.25 14.5 76.55083487540115
      vertex 2.375 17.5 78.06637933202393
      vertex 6.5 14.5 82.18
    endloop
  endfacet
  facet normal 0.7729879516809967 0.45090963848058263 0.44628480198336046
    outer loop
      vertex 3.25 14.5 87.80916512459886
      vertex 6.5 14.5 82.18
      vertex 2.375 17.5 86.29362066797609
    endloop
  endfacet
  facet normal 0 0.45090963848058385 -0.8925696039667209
    outer loop
      vertex -2.375 17.5 78.06637933202393
      vertex 2.375 17.5 78.06637933202393
      vertex 3.25 14.5 76.55083487540115
    endloop
  endfacet
  facet normal 0 0.45090963848058385 0.8925696039667209
    outer loop
      vertex -2.375 17.5 86.29362066797609
      vertex 3.25 14.5 87.80916512459886
      vertex 2.375 17.5 86.29362066797609
    endloop
  endfacet
  facet normal 0 1 0
    outer loop
      vertex -2.375 17.5 78.06637933202393
      vertex 0.3658496214367871 17.5 78.69917336621106
      vertex 2.375 17.5 78.06637933202393
    endloop
  endfacet
  facet normal 0 1 0
    outer loop
      vertex 2.375 17.5 78.06637933202393
      vertex 0.3658496214367871 17.5 78.69917336621106
      vertex 1.0815594803123159 17.5 78.85130219296697
    endloop
  endfacet
  facet normal 0 1 0
    outer loop
      vertex 2.375 17.5 78.06637933202393
      vertex 1.0815594803123159 17.5 78.85130219296697
      vertex 1.75 17.5 79.14891108675447
    endloop
  endfacet
  facet normal 0 1 0
    outer loop
      vertex 2.375 17.5 78.06637933202393
      vertex 1.75 17.5 79.14891108675447
      vertex 2.341957122256004 17.5 79.57899311082913
    endloop
  endfacet
  facet normal 0 1 0
    outer loop
      vertex 2.375 17.5 86.29362066797609
      vertex 0.3658496214367871 17.5 85.66082663378896
      vertex -0.3658496214367871 17.5 85.66082663378896
    endloop
  endfacet
  facet normal 0 1 0
    outer loop
      vertex 2.375 17.5 86.29362066797609
      vertex 1.0815594803123159 17.5 85.50869780703304
      vertex 0.3658496214367871 17.5 85.66082663378896
    endloop
  endfacet
  facet normal 0 1 0
    outer loop
      vertex 2.375 17.5 86.29362066797609
      vertex 1.75 17.5 85.21108891324555
      vertex 1.0815594803123159 17.5 85.50869780703304
    endloop
  endfacet
  facet normal 0 1 0
    outer loop
      vertex 2.375 17.5 86.29362066797609
      vertex 2.341957122256004 17.5 84.78100688917088
      vertex 1.75 17.5 85.21108891324555
    endloop
  endfacet
  facet normal 0.7729879516809969 0.4509096384805815 -0.44628480198336146
    outer loop
      vertex 2.375 17.5 78.06637933202393
      vertex 4.75 17.5 82.18
      vertex 6.5 14.5 82.18
    endloop
  endfacet
  facet normal 0.7729879516809969 0.4509096384805815 0.44628480198336146
    outer loop
      vertex 2.375 17.5 86.29362066797609
      vertex 6.5 14.5 82.18
      vertex 4.75 17.5 82.18
    endloop
  endfacet
  facet normal 0 1 0
    outer loop
      vertex 2.375 17.5 78.06637933202393
      vertex 2.341957122256004 17.5 79.57899311082913
      vertex 2.831559480312316 17.5 80.12275161697634
    endloop
  endfacet
  facet normal 0 1 0
    outer loop
      vertex 2.375 17.5 78.06637933202393
      vertex 2.831559480312316 17.5 80.12275161697634
      vertex 3.197409101749103 17.5 80.7564217492347
    endloop
  endfacet
  facet normal 0 1 0
    outer loop
      vertex 2.375 17.5 78.06637933202393
      vertex 3.197409101749103 17.5 80.7564217492347
      vertex 4.75 17.5 82.18
    endloop
  endfacet
  facet normal 0 1 0
    outer loop
      vertex 2.375 17.5 86.29362066797609
      vertex 2.831559480312316 17.5 84.23724838302367
      vertex 2.341957122256004 17.5 84.78100688917088
    endloop
  endfacet
  facet normal 0 1 0
    outer loop
      vertex 4.75 17.5 82.18
      vertex 3.197409101749103 17.5 83.60357825076531
      vertex 2.831559480312316 17.5 84.23724838302367
    endloop
  endfacet
  facet normal 0 1 0
    outer loop
      vertex 2.375 17.5 86.29362066797609
      vertex 4.75 17.5 82.18
      vertex 2.831559480312316 17.5 84.23724838302367
    endloop
  endfacet
  facet normal 0 1 0
    outer loop
      vertex 4.75 17.5 82.18
      vertex 3.197409101749103 17.5 80.7564217492347
      vertex 3.42351660256832 17.5 81.45230908213784
    endloop
  endfacet
  facet normal 0 1 0
    outer loop
      vertex 4.75 17.5 82.18
      vertex 3.42351660256832 17.5 81.45230908213784
      vertex 3.5 17.5 82.18
    endloop
  endfacet
  facet normal 0 1 0
    outer loop
      vertex 4.75 17.5 82.18
      vertex 3.42351660256832 17.5 82.90769091786217
      vertex 3.197409101749103 17.5 83.60357825076531
    endloop
  endfacet
  facet normal 0 1 0
    outer loop
      vertex 4.75 17.5 82.18
      vertex 3.5 17.5 82.18
      vertex 3.42351660256832 17.5 82.90769091786217
    endloop
  endfacet
  facet normal 0 -1 0
    outer loop
      vertex -6.5 14.5 112.26
      vertex -3.42351660256832 14.5 111.53230908213784
      vertex -3.5 14.5 112.26
    endloop
  endfacet
  facet normal 0 -1 0
    outer loop
      vertex -6.5 14.5 112.26
      vertex -3.5 14.5 112.26
      vertex -3.42351660256832 14.5 112.98769091786217
    endloop
  endfacet
  facet normal 0 -1 0
    outer loop
      vertex -6.5 14.5 112.26
      vertex -3.25 14.5 106.63083487540115
      vertex -3.197409101749103 14.5 110.8364217492347
    endloop
  endfacet
  facet normal 0 -1 0
    outer loop
      vertex -6.5 14.5 112.26
      vertex -3.197409101749103 14.5 110.8364217492347
      vertex -3.42351660256832 14.5 111.53230908213784
    endloop
  endfacet
  facet normal 0 -1 0
    outer loop
      vertex -6.5 14.5 112.26
      vertex -3.42351660256832 14.5 112.98769091786217
      vertex -3.197409101749103 14.5 113.68357825076531
    endloop
  endfacet
  facet normal 0 -1 0
    outer loop
      vertex -6.5 14.5 112.26
      vertex -3.197409101749103 14.5 113.68357825076531
      vertex -2.831559480312316 14.5 114.31724838302367
    endloop
  endfacet
  facet normal 0 -1 0
    outer loop
      vertex -6.5 14.5 112.26
      vertex -2.831559480312316 14.5 114.31724838302367
      vertex -2.341957122256004 14.5 114.86100688917088
    endloop
  endfacet
  facet normal 0 -1 0
    outer loop
      vertex -6.5 14.5 112.26
      vertex -2.341957122256004 14.5 114.86100688917088
      vertex -3.25 14.5 117.88916512459886
    endloop
  endfacet
  facet normal 0 -1 0
    outer loop
      vertex -3.25 14.5 106.63083487540115
      vertex -2.831559480312316 14.5 110.20275161697634
      vertex -3.197409101749103 14.5 110.8364217492347
    endloop
  endfacet
  facet normal 0 -1 0
    outer loop
      vertex -3.25 14.5 106.63083487540115
      vertex -2.341957122256004 14.5 109.65899311082913
      vertex -2.831559480312316 14.5 110.20275161697634
    endloop
  endfacet
  facet normal -0.7729879516809968 0.45090963848058263 -0.44628480198336057
    outer loop
      vertex -6.5 14.5 112.26
      vertex -2.375 17.5 108.14637933202393
      vertex -3.25 14.5 106.63083487540115
    endloop
  endfacet
  facet normal 0 -1 0
    outer loop
      vertex -3.25 14.5 106.63083487540115
      vertex -1.75 14.5 109.22891108675447
      vertex -2.341957122256004 14.5 109.65899311082913
    endloop
  endfacet
  facet normal 0 -1 0
    outer loop
      vertex -3.25 14.5 106.63083487540115
      vertex -1.0815594803123159 14.5 108.93130219296697
      vertex -1.75 14.5 109.22891108675447
    endloop
  endfacet
  facet normal 0 -1 0
    outer loop
      vertex -3.25 14.5 106.63083487540115
      vertex -0.3658496214367871 14.5 108.77917336621105
      vertex -1.0815594803123159 14.5 108.93130219296697
    endloop
  endfacet
  facet normal 0 -1 0
    outer loop
      vertex -3.25 14.5 106.63083487540115
      vertex 0.3658496214367871 14.5 108.77917336621105
      vertex -0.3658496214367871 14.5 108.77917336621105
    endloop
  endfacet
  facet normal 0 0.45090963848058385 -0.8925696039667209
    outer loop
      vertex -3.25 14.5 106.63083487540115
      vertex -2.375 17.5 108.14637933202393
      vertex 3.25 14.5 106.63083487540115
    endloop
  endfacet
  facet normal -0.7729879516809967 0.45090963848058263 0.44628480198336046
    outer loop
      vertex -6.5 14.5 112.26
      vertex -3.25 14.5 117.88916512459886
      vertex -2.375 17.5 116.37362066797608
    endloop
  endfacet
  facet normal 0 -1 0
    outer loop
      vertex -3.25 14.5 117.88916512459886
      vertex -2.341957122256004 14.5 114.86100688917088
      vertex -1.75 14.5 115.29108891324555
    endloop
  endfacet
  facet normal 0 -1 0
    outer loop
      vertex -3.25 14.5 117.88916512459886
      vertex -1.75 14.5 115.29108891324555
      vertex -1.0815594803123159 14.5 115.58869780703304
    endloop
  endfacet
  facet normal 0 -1 0
    outer loop
      vertex -3.25 14.5 117.88916512459886
      vertex -1.0815594803123159 14.5 115.58869780703304
      vertex -0.3658496214367871 14.5 115.74082663378896
    endloop
  endfacet
  facet normal 0 -1 0
    outer loop
      vertex -3.25 14.5 117.88916512459886
      vertex -0.3658496214367871 14.5 115.74082663378896
      vertex 3.25 14.5 117.88916512459886
    endloop
  endfacet
  facet normal 0 0.45090963848058385 0.8925696039667209
    outer loop
      vertex -3.25 14.5 117.88916512459886
      vertex 3.25 14.5 117.88916512459886
      vertex -2.375 17.5 116.37362066797608
    endloop
  endfacet
  facet normal -0.7729879516809969 0.4509096384805815 -0.44628480198336146
    outer loop
      vertex -6.5 14.5 112.26
      vertex -4.75 17.5 112.26
      vertex -2.375 17.5 108.14637933202393
    endloop
  endfacet
  facet normal -0.7729879516809969 0.4509096384805815 0.44628480198336146
    outer loop
      vertex -6.5 14.5 112.26
      vertex -2.375 17.5 116.37362066797608
      vertex -4.75 17.5 112.26
    endloop
  endfacet
  facet normal 0 1 0
    outer loop
      vertex -4.75 17.5 112.26
      vertex -3.42351660256832 17.5 111.53230908213784
      vertex -3.197409101749103 17.5 110.8364217492347
    endloop
  endfacet
  facet normal 0 1 0
    outer loop
      vertex -4.75 17.5 112.26
      vertex -3.5 17.5 112.26
      vertex -3.42351660256832 17.5 111.53230908213784
    endloop
  endfacet
  facet normal 0 1 0
    outer loop
      vertex -4.75 17.5 112.26
      vertex -3.42351660256832 17.5 112.98769091786217
      vertex -3.5 17.5 112.26
    endloop
  endfacet
  facet normal 0 1 0
    outer loop
      vertex -4.75 17.5 112.26
      vertex -3.197409101749103 17.5 113.68357825076531
      vertex -3.42351660256832 17.5 112.98769091786217
    endloop
  endfacet
  facet normal 0 1 0
    outer loop
      vertex -2.375 17.5 108.14637933202393
      vertex -2.831559480312316 17.5 110.20275161697634
      vertex -2.341957122256004 17.5 109.65899311082913
    endloop
  endfacet
  facet normal 0 1 0
    outer loop
      vertex -4.75 17.5 112.26
      vertex -3.197409101749103 17.5 110.8364217492347
      vertex -2.831559480312316 17.5 110.20275161697634
    endloop
  endfacet
  facet normal 0 1 0
    outer loop
      vertex -4.75 17.5 112.26
      vertex -2.831559480312316 17.5 110.20275161697634
      vertex -2.375 17.5 108.14637933202393
    endloop
  endfacet
  facet normal 0 1 0
    outer loop
      vertex -4.75 17.5 112.26
      vertex -2.375 17.5 116.37362066797608
      vertex -3.197409101749103 17.5 113.68357825076531
    endloop
  endfacet
  facet normal 0 1 0
    outer loop
      vertex -2.375 17.5 116.37362066797608
      vertex -2.831559480312316 17.5 114.31724838302367
      vertex -3.197409101749103 17.5 113.68357825076531
    endloop
  endfacet
  facet normal 0 1 0
    outer loop
      vertex -2.375 17.5 116.37362066797608
      vertex -2.341957122256004 17.5 114.86100688917088
      vertex -2.831559480312316 17.5 114.31724838302367
    endloop
  endfacet
  facet normal 0 1 0
    outer loop
      vertex -2.375 17.5 108.14637933202393
      vertex -2.341957122256004 17.5 109.65899311082913
      vertex -1.75 17.5 109.22891108675447
    endloop
  endfacet
  facet normal 0 1 0
    outer loop
      vertex -2.375 17.5 108.14637933202393
      vertex -1.75 17.5 109.22891108675447
      vertex -1.0815594803123159 17.5 108.93130219296697
    endloop
  endfacet
  facet normal 0 1 0
    outer loop
      vertex -2.375 17.5 108.14637933202393
      vertex -1.0815594803123159 17.5 108.93130219296697
      vertex -0.3658496214367871 17.5 108.77917336621105
    endloop
  endfacet
  facet normal 0 1 0
    outer loop
      vertex -2.375 17.5 108.14637933202393
      vertex -0.3658496214367871 17.5 108.77917336621105
      vertex 0.3658496214367871 17.5 108.77917336621105
    endloop
  endfacet
  facet normal 0 1 0
    outer loop
      vertex -2.375 17.5 116.37362066797608
      vertex -1.75 17.5 115.29108891324555
      vertex -2.341957122256004 17.5 114.86100688917088
    endloop
  endfacet
  facet normal 0 1 0
    outer loop
      vertex -2.375 17.5 116.37362066797608
      vertex -1.0815594803123159 17.5 115.58869780703304
      vertex -1.75 17.5 115.29108891324555
    endloop
  endfacet
  facet normal 0 1 0
    outer loop
      vertex -2.375 17.5 116.37362066797608
      vertex -0.3658496214367871 17.5 115.74082663378896
      vertex -1.0815594803123159 17.5 115.58869780703304
    endloop
  endfacet
  facet normal 0 1 0
    outer loop
      vertex -2.375 17.5 116.37362066797608
      vertex 2.375 17.5 116.37362066797608
      vertex -0.3658496214367871 17.5 115.74082663378896
    endloop
  endfacet
  facet normal 0 -1 0
    outer loop
      vertex -3.25 14.5 106.63083487540115
      vertex 3.25 14.5 106.63083487540115
      vertex 0.3658496214367871 14.5 108.77917336621105
    endloop
  endfacet
  facet normal 0 -1 0
    outer loop
      vertex 3.25 14.5 106.63083487540115
      vertex 1.0815594803123159 14.5 108.93130219296697
      vertex 0.3658496214367871 14.5 108.77917336621105
    endloop
  endfacet
  facet normal 0 -1 0
    outer loop
      vertex 3.25 14.5 106.63083487540115
      vertex 1.75 14.5 109.22891108675447
      vertex 1.0815594803123159 14.5 108.93130219296697
    endloop
  endfacet
  facet normal 0 -1 0
    outer loop
      vertex 3.25 14.5 106.63083487540115
      vertex 2.341957122256004 14.5 109.65899311082913
      vertex 1.75 14.5 109.22891108675447
    endloop
  endfacet
  facet normal 0 -1 0
    outer loop
      vertex 3.25 14.5 117.88916512459886
      vertex 2.831559480312316 14.5 114.31724838302367
      vertex 3.197409101749103 14.5 113.68357825076531
    endloop
  endfacet
  facet normal 0 -1 0
    outer loop
      vertex 3.25 14.5 106.63083487540115
      vertex 6.5 14.5 112.26
      vertex 2.341957122256004 14.5 109.65899311082913
    endloop
  endfacet
  facet normal 0 -1 0
    outer loop
      vertex 6.5 14.5 112.26
      vertex 2.831559480312316 14.5 110.20275161697634
      vertex 2.341957122256004 14.5 109.65899311082913
    endloop
  endfacet
  facet normal 0 -1 0
    outer loop
      vertex 6.5 14.5 112.26
      vertex 3.197409101749103 14.5 110.8364217492347
      vertex 2.831559480312316 14.5 110.20275161697634
    endloop
  endfacet
  facet normal 0 -1 0
    outer loop
      vertex 6.5 14.5 112.26
      vertex 3.42351660256832 14.5 111.53230908213784
      vertex 3.197409101749103 14.5 110.8364217492347
    endloop
  endfacet
  facet normal 0 -1 0
    outer loop
      vertex 6.5 14.5 112.26
      vertex 3.197409101749103 14.5 113.68357825076531
      vertex 3.42351660256832 14.5 112.98769091786217
    endloop
  endfacet
  facet normal 0 -1 0
    outer loop
      vertex 3.25 14.5 117.88916512459886
      vertex 3.197409101749103 14.5 113.68357825076531
      vertex 6.5 14.5 112.26
    endloop
  endfacet
  facet normal 0 -1 0
    outer loop
      vertex 6.5 14.5 112.26
      vertex 3.5 14.5 112.26
      vertex 3.42351660256832 14.5 111.53230908213784
    endloop
  endfacet
  facet normal 0 -1 0
    outer loop
      vertex 6.5 14.5 112.26
      vertex 3.42351660256832 14.5 112.98769091786217
      vertex 3.5 14.5 112.26
    endloop
  endfacet
  facet normal 0.7729879516809967 0.45090963848058263 -0.44628480198336046
    outer loop
      vertex 3.25 14.5 106.63083487540115
      vertex 2.375 17.5 108.14637933202393
      vertex 6.5 14.5 112.26
    endloop
  endfacet
  facet normal 0 -1 0
    outer loop
      vertex 3.25 14.5 117.88916512459886
      vertex -0.3658496214367871 14.5 115.74082663378896
      vertex 0.3658496214367871 14.5 115.74082663378896
    endloop
  endfacet
  facet normal 0 -1 0
    outer loop
      vertex 3.25 14.5 117.88916512459886
      vertex 0.3658496214367871 14.5 115.74082663378896
      vertex 1.0815594803123159 14.5 115.58869780703304
    endloop
  endfacet
  facet normal 0 -1 0
    outer loop
      vertex 3.25 14.5 117.88916512459886
      vertex 1.0815594803123159 14.5 115.58869780703304
      vertex 1.75 14.5 115.29108891324555
    endloop
  endfacet
  facet normal 0 -1 0
    outer loop
      vertex 3.25 14.5 117.88916512459886
      vertex 1.75 14.5 115.29108891324555
      vertex 2.341957122256004 14.5 114.86100688917088
    endloop
  endfacet
  facet normal 0 -1 0
    outer loop
      vertex 3.25 14.5 117.88916512459886
      vertex 2.341957122256004 14.5 114.86100688917088
      vertex 2.831559480312316 14.5 114.31724838302367
    endloop
  endfacet
  facet normal 0.7729879516809967 0.45090963848058263 0.44628480198336046
    outer loop
      vertex 3.25 14.5 117.88916512459886
      vertex 6.5 14.5 112.26
      vertex 2.375 17.5 116.37362066797608
    endloop
  endfacet
  facet normal 0 0.45090963848058385 -0.8925696039667209
    outer loop
      vertex -2.375 17.5 108.14637933202393
      vertex 2.375 17.5 108.14637933202393
      vertex 3.25 14.5 106.63083487540115
    endloop
  endfacet
  facet normal 0 1 0
    outer loop
      vertex -2.375 17.5 108.14637933202393
      vertex 0.3658496214367871 17.5 108.77917336621105
      vertex 2.375 17.5 108.14637933202393
    endloop
  endfacet
  facet normal 0 1 0
    outer loop
      vertex 2.375 17.5 108.14637933202393
      vertex 0.3658496214367871 17.5 108.77917336621105
      vertex 1.0815594803123159 17.5 108.93130219296697
    endloop
  endfacet
  facet normal 0 1 0
    outer loop
      vertex 2.375 17.5 108.14637933202393
      vertex 1.0815594803123159 17.5 108.93130219296697
      vertex 1.75 17.5 109.22891108675447
    endloop
  endfacet
  facet normal 0 1 0
    outer loop
      vertex 2.375 17.5 108.14637933202393
      vertex 1.75 17.5 109.22891108675447
      vertex 2.341957122256004 17.5 109.65899311082913
    endloop
  endfacet
  facet normal 0.7729879516809969 0.4509096384805815 -0.44628480198336146
    outer loop
      vertex 2.375 17.5 108.14637933202393
      vertex 4.75 17.5 112.26
      vertex 6.5 14.5 112.26
    endloop
  endfacet
  facet normal 0.7729879516809969 0.4509096384805815 0.44628480198336146
    outer loop
      vertex 4.75 17.5 112.26
      vertex 2.375 17.5 116.37362066797608
      vertex 6.5 14.5 112.26
    endloop
  endfacet
  facet normal 0 1 0
    outer loop
      vertex 2.375 17.5 108.14637933202393
      vertex 2.341957122256004 17.5 109.65899311082913
      vertex 2.831559480312316 17.5 110.20275161697634
    endloop
  endfacet
  facet normal 0 1 0
    outer loop
      vertex 2.375 17.5 108.14637933202393
      vertex 2.831559480312316 17.5 110.20275161697634
      vertex 3.197409101749103 17.5 110.8364217492347
    endloop
  endfacet
  facet normal 0 1 0
    outer loop
      vertex 2.375 17.5 116.37362066797608
      vertex 2.831559480312316 17.5 114.31724838302367
      vertex 2.341957122256004 17.5 114.86100688917088
    endloop
  endfacet
  facet normal 0 1 0
    outer loop
      vertex 2.375 17.5 108.14637933202393
      vertex 3.197409101749103 17.5 110.8364217492347
      vertex 4.75 17.5 112.26
    endloop
  endfacet
  facet normal 0 1 0
    outer loop
      vertex 4.75 17.5 112.26
      vertex 2.831559480312316 17.5 114.31724838302367
      vertex 2.375 17.5 116.37362066797608
    endloop
  endfacet
  facet normal 0 1 0
    outer loop
      vertex 4.75 17.5 112.26
      vertex 3.197409101749103 17.5 113.68357825076531
      vertex 2.831559480312316 17.5 114.31724838302367
    endloop
  endfacet
  facet normal 0 1 0
    outer loop
      vertex 4.75 17.5 112.26
      vertex 3.197409101749103 17.5 110.8364217492347
      vertex 3.42351660256832 17.5 111.53230908213784
    endloop
  endfacet
  facet normal 0 1 0
    outer loop
      vertex 4.75 17.5 112.26
      vertex 3.42351660256832 17.5 111.53230908213784
      vertex 3.5 17.5 112.26
    endloop
  endfacet
  facet normal 0 1 0
    outer loop
      vertex 4.75 17.5 112.26
      vertex 3.5 17.5 112.26
      vertex 3.42351660256832 17.5 112.98769091786217
    endloop
  endfacet
  facet normal 0 1 0
    outer loop
      vertex 4.75 17.5 112.26
      vertex 3.42351660256832 17.5 112.98769091786217
      vertex 3.197409101749103 17.5 113.68357825076531
    endloop
  endfacet
  facet normal 0 0.45090963848058385 0.8925696039667209
    outer loop
      vertex -2.375 17.5 116.37362066797608
      vertex 3.25 14.5 117.88916512459886
      vertex 2.375 17.5 116.37362066797608
    endloop
  endfacet
  facet normal 0 1 0
    outer loop
      vertex 2.375 17.5 116.37362066797608
      vertex 0.3658496214367871 17.5 115.74082663378896
      vertex -0.3658496214367871 17.5 115.74082663378896
    endloop
  endfacet
  facet normal 0 1 0
    outer loop
      vertex 2.375 17.5 116.37362066797608
      vertex 1.0815594803123159 17.5 115.58869780703304
      vertex 0.3658496214367871 17.5 115.74082663378896
    endloop
  endfacet
  facet normal 0 1 0
    outer loop
      vertex 2.375 17.5 116.37362066797608
      vertex 1.75 17.5 115.29108891324555
      vertex 1.0815594803123159 17.5 115.58869780703304
    endloop
  endfacet
  facet normal 0 1 0
    outer loop
      vertex 2.375 17.5 116.37362066797608
      vertex 2.341957122256004 17.5 114.86100688917088
      vertex 1.75 17.5 115.29108891324555
    endloop
  endfacet
  facet normal 0 -1 0
    outer loop
      vertex -3.25 14.5 133.44083487540115
      vertex -3.197409101749103 14.5 137.6464217492347
      vertex -6.5 14.5 139.07
    endloop
  endfacet
  facet normal 0 -1 0
    outer loop
      vertex -6.5 14.5 139.07
      vertex -3.197409101749103 14.5 137.6464217492347
      vertex -3.42351660256832 14.5 138.34230908213783
    endloop
  endfacet
  facet normal 0 -1 0
    outer loop
      vertex -3.25 14.5 133.44083487540115
      vertex -2.341957122256004 14.5 136.4689931108291
      vertex -2.831559480312316 14.5 137.01275161697635
    endloop
  endfacet
  facet normal 0 -1 0
    outer loop
      vertex -3.25 14.5 133.44083487540115
      vertex -2.831559480312316 14.5 137.01275161697635
      vertex -3.197409101749103 14.5 137.6464217492347
    endloop
  endfacet
  facet normal -0.7729879516809969 0.4509096384805812 -0.44628480198336173
    outer loop
      vertex -3.25 14.5 133.44083487540115
      vertex -6.5 14.5 139.07
      vertex -2.375 17.5 134.95637933202391
    endloop
  endfacet
  facet normal 0 -1 0
    outer loop
      vertex -3.25 14.5 133.44083487540115
      vertex -1.75 14.5 136.03891108675447
      vertex -2.341957122256004 14.5 136.4689931108291
    endloop
  endfacet
  facet normal 0 -1 0
    outer loop
      vertex -3.25 14.5 133.44083487540115
      vertex -1.0815594803123159 14.5 135.74130219296697
      vertex -1.75 14.5 136.03891108675447
    endloop
  endfacet
  facet normal 0 -1 0
    outer loop
      vertex -3.25 14.5 133.44083487540115
      vertex -0.3658496214367871 14.5 135.58917336621104
      vertex -1.0815594803123159 14.5 135.74130219296697
    endloop
  endfacet
  facet normal 0 -1 0
    outer loop
      vertex -3.25 14.5 133.44083487540115
      vertex 0.3658496214367871 14.5 135.58917336621104
      vertex -0.3658496214367871 14.5 135.58917336621104
    endloop
  endfacet
  facet normal 0 0.45090963848058047 -0.8925696039667227
    outer loop
      vertex -3.25 14.5 133.44083487540115
      vertex -2.375 17.5 134.95637933202391
      vertex 3.25 14.5 133.44083487540115
    endloop
  endfacet
  facet normal -0.7729879516809969 0.4509096384805815 -0.44628480198336146
    outer loop
      vertex -2.375 17.5 134.95637933202391
      vertex -6.5 14.5 139.07
      vertex -4.75 17.5 139.07
    endloop
  endfacet
  facet normal 0 1 0
    outer loop
      vertex -4.75 17.5 139.07
      vertex -3.42351660256832 17.5 138.34230908213783
      vertex -3.197409101749103 17.5 137.6464217492347
    endloop
  endfacet
  facet normal 0 1 0
    outer loop
      vertex -4.75 17.5 139.07
      vertex -3.197409101749103 17.5 137.6464217492347
      vertex -2.831559480312316 17.5 137.01275161697635
    endloop
  endfacet
  facet normal 0 1 0
    outer loop
      vertex -2.375 17.5 134.95637933202391
      vertex -4.75 17.5 139.07
      vertex -2.831559480312316 17.5 137.01275161697635
    endloop
  endfacet
  facet normal 0 1 0
    outer loop
      vertex -2.375 17.5 134.95637933202391
      vertex -2.831559480312316 17.5 137.01275161697635
      vertex -2.341957122256004 17.5 136.4689931108291
    endloop
  endfacet
  facet normal 0 1 0
    outer loop
      vertex -2.375 17.5 134.95637933202391
      vertex -2.341957122256004 17.5 136.4689931108291
      vertex -1.75 17.5 136.03891108675447
    endloop
  endfacet
  facet normal 0 1 0
    outer loop
      vertex -2.375 17.5 134.95637933202391
      vertex -1.75 17.5 136.03891108675447
      vertex -1.0815594803123159 17.5 135.74130219296697
    endloop
  endfacet
  facet normal 0 1 0
    outer loop
      vertex -2.375 17.5 134.95637933202391
      vertex -1.0815594803123159 17.5 135.74130219296697
      vertex -0.3658496214367871 17.5 135.58917336621104
    endloop
  endfacet
  facet normal 0 1 0
    outer loop
      vertex -2.375 17.5 134.95637933202391
      vertex -0.3658496214367871 17.5 135.58917336621104
      vertex 0.3658496214367871 17.5 135.58917336621104
    endloop
  endfacet
  facet normal 0 -1 0
    outer loop
      vertex -6.5 14.5 139.07
      vertex -3.42351660256832 14.5 138.34230908213783
      vertex -3.5 14.5 139.07
    endloop
  endfacet
  facet normal 0 -1 0
    outer loop
      vertex -6.5 14.5 139.07
      vertex -3.5 14.5 139.07
      vertex -3.42351660256832 14.5 139.79769091786216
    endloop
  endfacet
  facet normal 0 -1 0
    outer loop
      vertex -6.5 14.5 139.07
      vertex -3.42351660256832 14.5 139.79769091786216
      vertex -3.197409101749103 14.5 140.4935782507653
    endloop
  endfacet
  facet normal 0 -1 0
    outer loop
      vertex -6.5 14.5 139.07
      vertex -3.197409101749103 14.5 140.4935782507653
      vertex -2.831559480312316 14.5 141.12724838302364
    endloop
  endfacet
  facet normal 0 -1 0
    outer loop
      vertex -6.5 14.5 139.07
      vertex -2.831559480312316 14.5 141.12724838302364
      vertex -2.341957122256004 14.5 141.67100688917088
    endloop
  endfacet
  facet normal 0 -1 0
    outer loop
      vertex -6.5 14.5 139.07
      vertex -2.341957122256004 14.5 141.67100688917088
      vertex -3.25 14.5 144.69916512459884
    endloop
  endfacet
  facet normal -0.7729879516809969 0.4509096384805812 0.44628480198336173
    outer loop
      vertex -6.5 14.5 139.07
      vertex -3.25 14.5 144.69916512459884
      vertex -2.375 17.5 143.18362066797607
    endloop
  endfacet
  facet normal 0 -1 0
    outer loop
      vertex -3.25 14.5 144.69916512459884
      vertex -2.341957122256004 14.5 141.67100688917088
      vertex -1.75 14.5 142.10108891324552
    endloop
  endfacet
  facet normal 0 -1 0
    outer loop
      vertex -3.25 14.5 144.69916512459884
      vertex -1.75 14.5 142.10108891324552
      vertex -1.0815594803123159 14.5 142.39869780703302
    endloop
  endfacet
  facet normal 0 -1 0
    outer loop
      vertex -3.25 14.5 144.69916512459884
      vertex -1.0815594803123159 14.5 142.39869780703302
      vertex -0.3658496214367871 14.5 142.55082663378894
    endloop
  endfacet
  facet normal 0 -1 0
    outer loop
      vertex -3.25 14.5 144.69916512459884
      vertex -0.3658496214367871 14.5 142.55082663378894
      vertex 3.25 14.5 144.69916512459884
    endloop
  endfacet
  facet normal 0 0.45090963848058047 0.8925696039667227
    outer loop
      vertex -3.25 14.5 144.69916512459884
      vertex 3.25 14.5 144.69916512459884
      vertex -2.375 17.5 143.18362066797607
    endloop
  endfacet
  facet normal -0.7729879516809969 0.4509096384805815 0.44628480198336146
    outer loop
      vertex -6.5 14.5 139.07
      vertex -2.375 17.5 143.18362066797607
      vertex -4.75 17.5 139.07
    endloop
  endfacet
  facet normal 0 1 0
    outer loop
      vertex -4.75 17.5 139.07
      vertex -3.5 17.5 139.07
      vertex -3.42351660256832 17.5 138.34230908213783
    endloop
  endfacet
  facet normal 0 1 0
    outer loop
      vertex -4.75 17.5 139.07
      vertex -3.42351660256832 17.5 139.79769091786216
      vertex -3.5 17.5 139.07
    endloop
  endfacet
  facet normal 0 1 0
    outer loop
      vertex -4.75 17.5 139.07
      vertex -3.197409101749103 17.5 140.4935782507653
      vertex -3.42351660256832 17.5 139.79769091786216
    endloop
  endfacet
  facet normal 0 1 0
    outer loop
      vertex -4.75 17.5 139.07
      vertex -2.375 17.5 143.18362066797607
      vertex -3.197409101749103 17.5 140.4935782507653
    endloop
  endfacet
  facet normal 0 1 0
    outer loop
      vertex -2.375 17.5 143.18362066797607
      vertex -2.831559480312316 17.5 141.12724838302364
      vertex -3.197409101749103 17.5 140.4935782507653
    endloop
  endfacet
  facet normal 0 1 0
    outer loop
      vertex -2.375 17.5 143.18362066797607
      vertex -2.341957122256004 17.5 141.67100688917088
      vertex -2.831559480312316 17.5 141.12724838302364
    endloop
  endfacet
  facet normal 0 1 0
    outer loop
      vertex -2.375 17.5 143.18362066797607
      vertex -1.75 17.5 142.10108891324552
      vertex -2.341957122256004 17.5 141.67100688917088
    endloop
  endfacet
  facet normal 0 1 0
    outer loop
      vertex -2.375 17.5 143.18362066797607
      vertex -1.0815594803123159 17.5 142.39869780703302
      vertex -1.75 17.5 142.10108891324552
    endloop
  endfacet
  facet normal 0 1 0
    outer loop
      vertex -2.375 17.5 143.18362066797607
      vertex -0.3658496214367871 17.5 142.55082663378894
      vertex -1.0815594803123159 17.5 142.39869780703302
    endloop
  endfacet
  facet normal 0 1 0
    outer loop
      vertex -2.375 17.5 143.18362066797607
      vertex 2.375 17.5 143.18362066797607
      vertex -0.3658496214367871 17.5 142.55082663378894
    endloop
  endfacet
  facet normal 0 -1 0
    outer loop
      vertex -3.25 14.5 133.44083487540115
      vertex 3.25 14.5 133.44083487540115
      vertex 0.3658496214367871 14.5 135.58917336621104
    endloop
  endfacet
  facet normal 0 -1 0
    outer loop
      vertex 3.25 14.5 133.44083487540115
      vertex 1.0815594803123159 14.5 135.74130219296697
      vertex 0.3658496214367871 14.5 135.58917336621104
    endloop
  endfacet
  facet normal 0 -1 0
    outer loop
      vertex 3.25 14.5 133.44083487540115
      vertex 1.75 14.5 136.03891108675447
      vertex 1.0815594803123159 14.5 135.74130219296697
    endloop
  endfacet
  facet normal 0 -1 0
    outer loop
      vertex 3.25 14.5 133.44083487540115
      vertex 2.341957122256004 14.5 136.4689931108291
      vertex 1.75 14.5 136.03891108675447
    endloop
  endfacet
  facet normal 0 -1 0
    outer loop
      vertex 3.25 14.5 133.44083487540115
      vertex 6.5 14.5 139.07
      vertex 2.341957122256004 14.5 136.4689931108291
    endloop
  endfacet
  facet normal 0 -1 0
    outer loop
      vertex 6.5 14.5 139.07
      vertex 2.831559480312316 14.5 137.01275161697635
      vertex 2.341957122256004 14.5 136.4689931108291
    endloop
  endfacet
  facet normal 0 -1 0
    outer loop
      vertex 6.5 14.5 139.07
      vertex 3.197409101749103 14.5 137.6464217492347
      vertex 2.831559480312316 14.5 137.01275161697635
    endloop
  endfacet
  facet normal 0 -1 0
    outer loop
      vertex 6.5 14.5 139.07
      vertex 3.42351660256832 14.5 138.34230908213783
      vertex 3.197409101749103 14.5 137.6464217492347
    endloop
  endfacet
  facet normal 0.7729879516809969 0.4509096384805812 -0.44628480198336173
    outer loop
      vertex 3.25 14.5 133.44083487540115
      vertex 2.375 17.5 134.95637933202391
      vertex 6.5 14.5 139.07
    endloop
  endfacet
  facet normal 0 0.45090963848058047 -0.8925696039667227
    outer loop
      vertex -2.375 17.5 134.95637933202391
      vertex 2.375 17.5 134.95637933202391
      vertex 3.25 14.5 133.44083487540115
    endloop
  endfacet
  facet normal 0 1 0
    outer loop
      vertex -2.375 17.5 134.95637933202391
      vertex 0.3658496214367871 17.5 135.58917336621104
      vertex 2.375 17.5 134.95637933202391
    endloop
  endfacet
  facet normal 0 1 0
    outer loop
      vertex 2.375 17.5 134.95637933202391
      vertex 0.3658496214367871 17.5 135.58917336621104
      vertex 1.0815594803123159 17.5 135.74130219296697
    endloop
  endfacet
  facet normal 0 1 0
    outer loop
      vertex 2.375 17.5 134.95637933202391
      vertex 1.0815594803123159 17.5 135.74130219296697
      vertex 1.75 17.5 136.03891108675447
    endloop
  endfacet
  facet normal 0 1 0
    outer loop
      vertex 2.375 17.5 134.95637933202391
      vertex 1.75 17.5 136.03891108675447
      vertex 2.341957122256004 17.5 136.4689931108291
    endloop
  endfacet
  facet normal 0.7729879516809969 0.4509096384805815 -0.44628480198336146
    outer loop
      vertex 2.375 17.5 134.95637933202391
      vertex 4.75 17.5 139.07
      vertex 6.5 14.5 139.07
    endloop
  endfacet
  facet normal 0 1 0
    outer loop
      vertex 2.375 17.5 134.95637933202391
      vertex 2.341957122256004 17.5 136.4689931108291
      vertex 2.831559480312316 17.5 137.01275161697635
    endloop
  endfacet
  facet normal 0 1 0
    outer loop
      vertex 2.375 17.5 134.95637933202391
      vertex 2.831559480312316 17.5 137.01275161697635
      vertex 3.197409101749103 17.5 137.6464217492347
    endloop
  endfacet
  facet normal 0 1 0
    outer loop
      vertex 2.375 17.5 134.95637933202391
      vertex 3.197409101749103 17.5 137.6464217492347
      vertex 4.75 17.5 139.07
    endloop
  endfacet
  facet normal 0 1 0
    outer loop
      vertex 4.75 17.5 139.07
      vertex 3.197409101749103 17.5 137.6464217492347
      vertex 3.42351660256832 17.5 138.34230908213783
    endloop
  endfacet
  facet normal 0 -1 0
    outer loop
      vertex 3.25 14.5 144.69916512459884
      vertex -0.3658496214367871 14.5 142.55082663378894
      vertex 0.3658496214367871 14.5 142.55082663378894
    endloop
  endfacet
  facet normal 0 -1 0
    outer loop
      vertex 3.25 14.5 144.69916512459884
      vertex 0.3658496214367871 14.5 142.55082663378894
      vertex 1.0815594803123159 14.5 142.39869780703302
    endloop
  endfacet
  facet normal 0 -1 0
    outer loop
      vertex 3.25 14.5 144.69916512459884
      vertex 1.0815594803123159 14.5 142.39869780703302
      vertex 1.75 14.5 142.10108891324552
    endloop
  endfacet
  facet normal 0 -1 0
    outer loop
      vertex 3.25 14.5 144.69916512459884
      vertex 1.75 14.5 142.10108891324552
      vertex 2.341957122256004 14.5 141.67100688917088
    endloop
  endfacet
  facet normal 0 -1 0
    outer loop
      vertex 3.25 14.5 144.69916512459884
      vertex 2.341957122256004 14.5 141.67100688917088
      vertex 2.831559480312316 14.5 141.12724838302364
    endloop
  endfacet
  facet normal 0 -1 0
    outer loop
      vertex 3.25 14.5 144.69916512459884
      vertex 2.831559480312316 14.5 141.12724838302364
      vertex 3.197409101749103 14.5 140.4935782507653
    endloop
  endfacet
  facet normal 0 -1 0
    outer loop
      vertex 6.5 14.5 139.07
      vertex 3.197409101749103 14.5 140.4935782507653
      vertex 3.42351660256832 14.5 139.79769091786216
    endloop
  endfacet
  facet normal 0 -1 0
    outer loop
      vertex 3.25 14.5 144.69916512459884
      vertex 3.197409101749103 14.5 140.4935782507653
      vertex 6.5 14.5 139.07
    endloop
  endfacet
  facet normal 0 -1 0
    outer loop
      vertex 6.5 14.5 139.07
      vertex 3.5 14.5 139.07
      vertex 3.42351660256832 14.5 138.34230908213783
    endloop
  endfacet
  facet normal 0 -1 0
    outer loop
      vertex 6.5 14.5 139.07
      vertex 3.42351660256832 14.5 139.79769091786216
      vertex 3.5 14.5 139.07
    endloop
  endfacet
  facet normal 0.7729879516809969 0.4509096384805812 0.44628480198336173
    outer loop
      vertex 3.25 14.5 144.69916512459884
      vertex 6.5 14.5 139.07
      vertex 2.375 17.5 143.18362066797607
    endloop
  endfacet
  facet normal 0 0.45090963848058047 0.8925696039667227
    outer loop
      vertex -2.375 17.5 143.18362066797607
      vertex 3.25 14.5 144.69916512459884
      vertex 2.375 17.5 143.18362066797607
    endloop
  endfacet
  facet normal 0 1 0
    outer loop
      vertex 2.375 17.5 143.18362066797607
      vertex 0.3658496214367871 17.5 142.55082663378894
      vertex -0.3658496214367871 17.5 142.55082663378894
    endloop
  endfacet
  facet normal 0 1 0
    outer loop
      vertex 2.375 17.5 143.18362066797607
      vertex 1.0815594803123159 17.5 142.39869780703302
      vertex 0.3658496214367871 17.5 142.55082663378894
    endloop
  endfacet
  facet normal 0 1 0
    outer loop
      vertex 2.375 17.5 143.18362066797607
      vertex 1.75 17.5 142.10108891324552
      vertex 1.0815594803123159 17.5 142.39869780703302
    endloop
  endfacet
  facet normal 0 1 0
    outer loop
      vertex 2.375 17.5 143.18362066797607
      vertex 2.341957122256004 17.5 141.67100688917088
      vertex 1.75 17.5 142.10108891324552
    endloop
  endfacet
  facet normal 0.7729879516809969 0.4509096384805815 0.44628480198336146
    outer loop
      vertex 2.375 17.5 143.18362066797607
      vertex 6.5 14.5 139.07
      vertex 4.75 17.5 139.07
    endloop
  endfacet
  facet normal 0 1 0
    outer loop
      vertex 2.375 17.5 143.18362066797607
      vertex 2.831559480312316 17.5 141.12724838302364
      vertex 2.341957122256004 17.5 141.67100688917088
    endloop
  endfacet
  facet normal 0 1 0
    outer loop
      vertex 2.375 17.5 143.18362066797607
      vertex 4.75 17.5 139.07
      vertex 2.831559480312316 17.5 141.12724838302364
    endloop
  endfacet
  facet normal 0 1 0
    outer loop
      vertex 4.75 17.5 139.07
      vertex 3.197409101749103 17.5 140.4935782507653
      vertex 2.831559480312316 17.5 141.12724838302364
    endloop
  endfacet
  facet normal 0 1 0
    outer loop
      vertex 4.75 17.5 139.07
      vertex 3.42351660256832 17.5 138.34230908213783
      vertex 3.5 17.5 139.07
    endloop
  endfacet
  facet normal 0 1 0
    outer loop
      vertex 4.75 17.5 139.07
      vertex 3.42351660256832 17.5 139.79769091786216
      vertex 3.197409101749103 17.5 140.4935782507653
    endloop
  endfacet
  facet normal 0 1 0
    outer loop
      vertex 4.75 17.5 139.07
      vertex 3.5 17.5 139.07
      vertex 3.42351660256832 17.5 139.79769091786216
    endloop
  endfacet
  facet normal 0 -1 0
    outer loop
      vertex -6.5 14.5 162.95
      vertex -3.25 14.5 157.32083487540115
      vertex -3.197409101749103 14.5 161.5264217492347
    endloop
  endfacet
  facet normal 0 -1 0
    outer loop
      vertex -3.25 14.5 157.32083487540115
      vertex -2.831559480312316 14.5 160.89275161697634
      vertex -3.197409101749103 14.5 161.5264217492347
    endloop
  endfacet
  facet normal 0 -1 0
    outer loop
      vertex -3.25 14.5 157.32083487540115
      vertex -2.341957122256004 14.5 160.3489931108291
      vertex -2.831559480312316 14.5 160.89275161697634
    endloop
  endfacet
  facet normal -0.7729879516809969 0.4509096384805812 -0.44628480198336173
    outer loop
      vertex -6.5 14.5 162.95
      vertex -2.375 17.5 158.8363793320239
      vertex -3.25 14.5 157.32083487540115
    endloop
  endfacet
  facet normal 0 -1 0
    outer loop
      vertex -3.25 14.5 157.32083487540115
      vertex -1.75 14.5 159.91891108675446
      vertex -2.341957122256004 14.5 160.3489931108291
    endloop
  endfacet
  facet normal 0 -1 0
    outer loop
      vertex -3.25 14.5 157.32083487540115
      vertex -1.0815594803123159 14.5 159.62130219296697
      vertex -1.75 14.5 159.91891108675446
    endloop
  endfacet
  facet normal 0 -1 0
    outer loop
      vertex -3.25 14.5 157.32083487540115
      vertex -0.3658496214367871 14.5 159.46917336621104
      vertex -1.0815594803123159 14.5 159.62130219296697
    endloop
  endfacet
  facet normal 0 -1 0
    outer loop
      vertex -3.25 14.5 157.32083487540115
      vertex 0.3658496214367871 14.5 159.46917336621104
      vertex -0.3658496214367871 14.5 159.46917336621104
    endloop
  endfacet
  facet normal 0 0.45090963848058047 -0.8925696039667227
    outer loop
      vertex -3.25 14.5 157.32083487540115
      vertex -2.375 17.5 158.8363793320239
      vertex 3.25 14.5 157.32083487540115
    endloop
  endfacet
  facet normal 0 -1 0
    outer loop
      vertex -6.5 14.5 162.95
      vertex -3.42351660256832 14.5 162.22230908213783
      vertex -3.5 14.5 162.95
    endloop
  endfacet
  facet normal 0 -1 0
    outer loop
      vertex -6.5 14.5 162.95
      vertex -3.5 14.5 162.95
      vertex -3.42351660256832 14.5 163.67769091786215
    endloop
  endfacet
  facet normal 0 -1 0
    outer loop
      vertex -6.5 14.5 162.95
      vertex -3.197409101749103 14.5 161.5264217492347
      vertex -3.42351660256832 14.5 162.22230908213783
    endloop
  endfacet
  facet normal 0 -1 0
    outer loop
      vertex -6.5 14.5 162.95
      vertex -3.42351660256832 14.5 163.67769091786215
      vertex -3.197409101749103 14.5 164.3735782507653
    endloop
  endfacet
  facet normal 0 -1 0
    outer loop
      vertex -6.5 14.5 162.95
      vertex -3.197409101749103 14.5 164.3735782507653
      vertex -2.831559480312316 14.5 165.00724838302364
    endloop
  endfacet
  facet normal 0 -1 0
    outer loop
      vertex -6.5 14.5 162.95
      vertex -2.831559480312316 14.5 165.00724838302364
      vertex -2.341957122256004 14.5 165.55100688917088
    endloop
  endfacet
  facet normal -0.7729879516809969 0.45090963848058135 0.4462848019833617
    outer loop
      vertex -6.5 14.5 162.95
      vertex -3.3418940275327427 14.5 168.42
      vertex -3.1581059724672573 14.815065237255117 168.42
    endloop
  endfacet
  facet normal 0 -1 0
    outer loop
      vertex -6.5 14.5 162.95
      vertex -2.341957122256004 14.5 165.55100688917088
      vertex -3.3418940275327427 14.5 168.42
    endloop
  endfacet
  facet normal 0 -1 0
    outer loop
      vertex -3.3418940275327427 14.5 168.42
      vertex -2.341957122256004 14.5 165.55100688917088
      vertex -1.75 14.5 165.98108891324551
    endloop
  endfacet
  facet normal 0 -1 0
    outer loop
      vertex -3.3418940275327427 14.5 168.42
      vertex -1.75 14.5 165.98108891324551
      vertex -1.0815594803123159 14.5 166.278697807033
    endloop
  endfacet
  facet normal 0 -1 0
    outer loop
      vertex -3.3418940275327427 14.5 168.42
      vertex -1.0815594803123159 14.5 166.278697807033
      vertex -0.3658496214367871 14.5 166.43082663378894
    endloop
  endfacet
  facet normal 0 -1 0
    outer loop
      vertex -3.3418940275327427 14.5 168.42
      vertex 3.25 14.5 168.57916512459883
      vertex -3.25 14.5 168.57916512459883
    endloop
  endfacet
  facet normal 0 -1 0
    outer loop
      vertex -3.3418940275327427 14.5 168.42
      vertex -0.3658496214367871 14.5 166.43082663378894
      vertex 3.25 14.5 168.57916512459883
    endloop
  endfacet
  facet normal -0.7729879516809969 0.4509096384805815 -0.44628480198336146
    outer loop
      vertex -6.5 14.5 162.95
      vertex -4.75 17.5 162.95
      vertex -2.375 17.5 158.8363793320239
    endloop
  endfacet
  facet normal 0 1 0
    outer loop
      vertex -2.375 17.5 158.8363793320239
      vertex -4.75 17.5 162.95
      vertex -2.831559480312316 17.5 160.89275161697634
    endloop
  endfacet
  facet normal 0 1 0
    outer loop
      vertex -2.375 17.5 158.8363793320239
      vertex -2.831559480312316 17.5 160.89275161697634
      vertex -2.341957122256004 17.5 160.3489931108291
    endloop
  endfacet
  facet normal 0 1 0
    outer loop
      vertex -2.375 17.5 158.8363793320239
      vertex -2.341957122256004 17.5 160.3489931108291
      vertex -1.75 17.5 159.91891108675446
    endloop
  endfacet
  facet normal 0 1 0
    outer loop
      vertex -2.375 17.5 158.8363793320239
      vertex -1.75 17.5 159.91891108675446
      vertex -1.0815594803123159 17.5 159.62130219296697
    endloop
  endfacet
  facet normal 0 1 0
    outer loop
      vertex -2.375 17.5 158.8363793320239
      vertex -1.0815594803123159 17.5 159.62130219296697
      vertex -0.3658496214367871 17.5 159.46917336621104
    endloop
  endfacet
  facet normal 0 1 0
    outer loop
      vertex -2.375 17.5 158.8363793320239
      vertex -0.3658496214367871 17.5 159.46917336621104
      vertex 0.3658496214367871 17.5 159.46917336621104
    endloop
  endfacet
  facet normal -0.7729879516809969 0.45090963848058113 0.4462848019833617
    outer loop
      vertex -6.5 14.5 162.95
      vertex -3.1581059724672573 14.815065237255117 168.42
      vertex -2.375 17.5 167.06362066797607
    endloop
  endfacet
  facet normal -0.7729879516809969 0.4509096384805815 0.44628480198336146
    outer loop
      vertex -6.5 14.5 162.95
      vertex -2.375 17.5 167.06362066797607
      vertex -4.75 17.5 162.95
    endloop
  endfacet
  facet normal 0 1 0
    outer loop
      vertex -4.75 17.5 162.95
      vertex -3.42351660256832 17.5 162.22230908213783
      vertex -3.197409101749103 17.5 161.5264217492347
    endloop
  endfacet
  facet normal 0 1 0
    outer loop
      vertex -4.75 17.5 162.95
      vertex -3.5 17.5 162.95
      vertex -3.42351660256832 17.5 162.22230908213783
    endloop
  endfacet
  facet normal 0 1 0
    outer loop
      vertex -4.75 17.5 162.95
      vertex -3.42351660256832 17.5 163.67769091786215
      vertex -3.5 17.5 162.95
    endloop
  endfacet
  facet normal 0 1 0
    outer loop
      vertex -4.75 17.5 162.95
      vertex -3.197409101749103 17.5 164.3735782507653
      vertex -3.42351660256832 17.5 163.67769091786215
    endloop
  endfacet
  facet normal 0 1 0
    outer loop
      vertex -4.75 17.5 162.95
      vertex -3.197409101749103 17.5 161.5264217492347
      vertex -2.831559480312316 17.5 160.89275161697634
    endloop
  endfacet
  facet normal 0 1 0
    outer loop
      vertex -4.75 17.5 162.95
      vertex -2.375 17.5 167.06362066797607
      vertex -3.197409101749103 17.5 164.3735782507653
    endloop
  endfacet
  facet normal 0 1 0
    outer loop
      vertex -2.375 17.5 167.06362066797607
      vertex -2.831559480312316 17.5 165.00724838302364
      vertex -3.197409101749103 17.5 164.3735782507653
    endloop
  endfacet
  facet normal 0 1 0
    outer loop
      vertex -2.375 17.5 167.06362066797607
      vertex -2.341957122256004 17.5 165.55100688917088
      vertex -2.831559480312316 17.5 165.00724838302364
    endloop
  endfacet
  facet normal 0 1 0
    outer loop
      vertex -2.375 17.5 167.06362066797607
      vertex -1.75 17.5 165.98108891324551
      vertex -2.341957122256004 17.5 165.55100688917088
    endloop
  endfacet
  facet normal 0 1 0
    outer loop
      vertex -2.375 17.5 167.06362066797607
      vertex -1.0815594803123159 17.5 166.278697807033
      vertex -1.75 17.5 165.98108891324551
    endloop
  endfacet
  facet normal 0 1 0
    outer loop
      vertex -2.375 17.5 167.06362066797607
      vertex -0.3658496214367871 17.5 166.43082663378894
      vertex -1.0815594803123159 17.5 166.278697807033
    endloop
  endfacet
  facet normal 7.357377311105355e-18 0.45090963848058047 0.8925696039667227
    outer loop
      vertex -3.1581059724672573 14.815065237255117 168.42
      vertex 2.375 17.5 167.06362066797607
      vertex -2.375 17.5 167.06362066797607
    endloop
  endfacet
  facet normal 0 1 0
    outer loop
      vertex -2.375 17.5 167.06362066797607
      vertex 2.375 17.5 167.06362066797607
      vertex -0.3658496214367871 17.5 166.43082663378894
    endloop
  endfacet
  facet normal 0 -1 0
    outer loop
      vertex -3.25 14.5 157.32083487540115
      vertex 3.25 14.5 157.32083487540115
      vertex 0.3658496214367871 14.5 159.46917336621104
    endloop
  endfacet
  facet normal 0 -1 0
    outer loop
      vertex 3.25 14.5 157.32083487540115
      vertex 1.0815594803123159 14.5 159.62130219296697
      vertex 0.3658496214367871 14.5 159.46917336621104
    endloop
  endfacet
  facet normal 0 -1 0
    outer loop
      vertex 3.25 14.5 157.32083487540115
      vertex 1.75 14.5 159.91891108675446
      vertex 1.0815594803123159 14.5 159.62130219296697
    endloop
  endfacet
  facet normal 0 -1 0
    outer loop
      vertex 3.25 14.5 157.32083487540115
      vertex 2.341957122256004 14.5 160.3489931108291
      vertex 1.75 14.5 159.91891108675446
    endloop
  endfacet
  facet normal 0 -1 0
    outer loop
      vertex 3.25 14.5 157.32083487540115
      vertex 6.5 14.5 162.95
      vertex 2.341957122256004 14.5 160.3489931108291
    endloop
  endfacet
  facet normal 0 -1 0
    outer loop
      vertex 6.5 14.5 162.95
      vertex 2.831559480312316 14.5 160.89275161697634
      vertex 2.341957122256004 14.5 160.3489931108291
    endloop
  endfacet
  facet normal 0.7729879516809969 0.4509096384805812 -0.44628480198336173
    outer loop
      vertex 3.25 14.5 157.32083487540115
      vertex 2.375 17.5 158.8363793320239
      vertex 6.5 14.5 162.95
    endloop
  endfacet
  facet normal 0 -1 0
    outer loop
      vertex 3.25 14.5 168.57916512459883
      vertex -0.3658496214367871 14.5 166.43082663378894
      vertex 0.3658496214367871 14.5 166.43082663378894
    endloop
  endfacet
  facet normal 0 -1 0
    outer loop
      vertex 3.3418940275327427 14.5 168.42
      vertex 0.3658496214367871 14.5 166.43082663378894
      vertex 1.0815594803123159 14.5 166.278697807033
    endloop
  endfacet
  facet normal 0 -1 0
    outer loop
      vertex 3.3418940275327427 14.5 168.42
      vertex 1.0815594803123159 14.5 166.278697807033
      vertex 1.75 14.5 165.98108891324551
    endloop
  endfacet
  facet normal 0 -1 0
    outer loop
      vertex 3.3418940275327427 14.5 168.42
      vertex 1.75 14.5 165.98108891324551
      vertex 2.341957122256004 14.5 165.55100688917088
    endloop
  endfacet
  facet normal 0 -1 0
    outer loop
      vertex 3.25 14.5 168.57916512459883
      vertex 0.3658496214367871 14.5 166.43082663378894
      vertex 3.3418940275327427 14.5 168.42
    endloop
  endfacet
  facet normal 0 -1 0
    outer loop
      vertex 3.3418940275327427 14.5 168.42
      vertex 2.831559480312316 14.5 165.00724838302364
      vertex 3.197409101749103 14.5 164.3735782507653
    endloop
  endfacet
  facet normal 0 -1 0
    outer loop
      vertex 3.3418940275327427 14.5 168.42
      vertex 2.341957122256004 14.5 165.55100688917088
      vertex 2.831559480312316 14.5 165.00724838302364
    endloop
  endfacet
  facet normal 0 -1 0
    outer loop
      vertex 3.3418940275327427 14.5 168.42
      vertex 3.197409101749103 14.5 164.3735782507653
      vertex 3.42351660256832 14.5 163.67769091786215
    endloop
  endfacet
  facet normal 0 -1 0
    outer loop
      vertex 6.5 14.5 162.95
      vertex 3.197409101749103 14.5 161.5264217492347
      vertex 2.831559480312316 14.5 160.89275161697634
    endloop
  endfacet
  facet normal 0 -1 0
    outer loop
      vertex 6.5 14.5 162.95
      vertex 3.42351660256832 14.5 162.22230908213783
      vertex 3.197409101749103 14.5 161.5264217492347
    endloop
  endfacet
  facet normal 0.7729879516809967 0.4509096384805818 0.44628480198336157
    outer loop
      vertex 3.3418940275327427 14.5 168.42
      vertex 6.5 14.5 162.95
      vertex 3.1581059724672573 14.815065237255117 168.42
    endloop
  endfacet
  facet normal 0 -1 0
    outer loop
      vertex 6.5 14.5 162.95
      vertex 3.5 14.5 162.95
      vertex 3.42351660256832 14.5 162.22230908213783
    endloop
  endfacet
  facet normal 0 -1 0
    outer loop
      vertex 6.5 14.5 162.95
      vertex 3.42351660256832 14.5 163.67769091786215
      vertex 3.5 14.5 162.95
    endloop
  endfacet
  facet normal 0 -1 0
    outer loop
      vertex 3.3418940275327427 14.5 168.42
      vertex 3.42351660256832 14.5 163.67769091786215
      vertex 6.5 14.5 162.95
    endloop
  endfacet
  facet normal 0 0.45090963848058047 -0.8925696039667227
    outer loop
      vertex -2.375 17.5 158.8363793320239
      vertex 2.375 17.5 158.8363793320239
      vertex 3.25 14.5 157.32083487540115
    endloop
  endfacet
  facet normal 0 1 0
    outer loop
      vertex -2.375 17.5 158.8363793320239
      vertex 0.3658496214367871 17.5 159.46917336621104
      vertex 2.375 17.5 158.8363793320239
    endloop
  endfacet
  facet normal 0 1 0
    outer loop
      vertex 2.375 17.5 158.8363793320239
      vertex 0.3658496214367871 17.5 159.46917336621104
      vertex 1.0815594803123159 17.5 159.62130219296697
    endloop
  endfacet
  facet normal 0 1 0
    outer loop
      vertex 2.375 17.5 158.8363793320239
      vertex 1.0815594803123159 17.5 159.62130219296697
      vertex 1.75 17.5 159.91891108675446
    endloop
  endfacet
  facet normal 0 1 0
    outer loop
      vertex 2.375 17.5 158.8363793320239
      vertex 1.75 17.5 159.91891108675446
      vertex 2.341957122256004 17.5 160.3489931108291
    endloop
  endfacet
  facet normal 0.7729879516809969 0.4509096384805815 -0.44628480198336146
    outer loop
      vertex 2.375 17.5 158.8363793320239
      vertex 4.75 17.5 162.95
      vertex 6.5 14.5 162.95
    endloop
  endfacet
  facet normal 0 1 0
    outer loop
      vertex 2.375 17.5 158.8363793320239
      vertex 2.341957122256004 17.5 160.3489931108291
      vertex 2.831559480312316 17.5 160.89275161697634
    endloop
  endfacet
  facet normal 0 1 0
    outer loop
      vertex 2.375 17.5 158.8363793320239
      vertex 2.831559480312316 17.5 160.89275161697634
      vertex 3.197409101749103 17.5 161.5264217492347
    endloop
  endfacet
  facet normal 0 1 0
    outer loop
      vertex 2.375 17.5 158.8363793320239
      vertex 3.197409101749103 17.5 161.5264217492347
      vertex 4.75 17.5 162.95
    endloop
  endfacet
  facet normal 0 0.4509096384805805 0.8925696039667227
    outer loop
      vertex -3.1581059724672573 14.815065237255117 168.42
      vertex 3.1581059724672573 14.815065237255117 168.42
      vertex 2.375 17.5 167.06362066797607
    endloop
  endfacet
  facet normal 0 1 0
    outer loop
      vertex 2.375 17.5 167.06362066797607
      vertex 0.3658496214367871 17.5 166.43082663378894
      vertex -0.3658496214367871 17.5 166.43082663378894
    endloop
  endfacet
  facet normal 0 1 0
    outer loop
      vertex 2.375 17.5 167.06362066797607
      vertex 1.0815594803123159 17.5 166.278697807033
      vertex 0.3658496214367871 17.5 166.43082663378894
    endloop
  endfacet
  facet normal 0 1 0
    outer loop
      vertex 2.375 17.5 167.06362066797607
      vertex 1.75 17.5 165.98108891324551
      vertex 1.0815594803123159 17.5 166.278697807033
    endloop
  endfacet
  facet normal 0 1 0
    outer loop
      vertex 2.375 17.5 167.06362066797607
      vertex 2.341957122256004 17.5 165.55100688917088
      vertex 1.75 17.5 165.98108891324551
    endloop
  endfacet
  facet normal 0.7729879516809969 0.45090963848058113 0.4462848019833617
    outer loop
      vertex 3.1581059724672573 14.815065237255117 168.42
      vertex 6.5 14.5 162.95
      vertex 2.375 17.5 167.06362066797607
    endloop
  endfacet
  facet normal 0.7729879516809969 0.4509096384805815 0.44628480198336146
    outer loop
      vertex 2.375 17.5 167.06362066797607
      vertex 6.5 14.5 162.95
      vertex 4.75 17.5 162.95
    endloop
  endfacet
  facet normal 0 1 0
    outer loop
      vertex 2.375 17.5 167.06362066797607
      vertex 2.831559480312316 17.5 165.00724838302364
      vertex 2.341957122256004 17.5 165.55100688917088
    endloop
  endfacet
  facet normal 0 1 0
    outer loop
      vertex 4.75 17.5 162.95
      vertex 3.197409101749103 17.5 164.3735782507653
      vertex 2.831559480312316 17.5 165.00724838302364
    endloop
  endfacet
  facet normal 0 1 0
    outer loop
      vertex 2.375 17.5 167.06362066797607
      vertex 4.75 17.5 162.95
      vertex 2.831559480312316 17.5 165.00724838302364
    endloop
  endfacet
  facet normal 0 1 0
    outer loop
      vertex 4.75 17.5 162.95
      vertex 3.197409101749103 17.5 161.5264217492347
      vertex 3.42351660256832 17.5 162.22230908213783
    endloop
  endfacet
  facet normal 0 1 0
    outer loop
      vertex 4.75 17.5 162.95
      vertex 3.42351660256832 17.5 162.22230908213783
      vertex 3.5 17.5 162.95
    endloop
  endfacet
  facet normal 0 1 0
    outer loop
      vertex 4.75 17.5 162.95
      vertex 3.42351660256832 17.5 163.67769091786215
      vertex 3.197409101749103 17.5 164.3735782507653
    endloop
  endfacet
  facet normal 0 1 0
    outer loop
      vertex 4.75 17.5 162.95
      vertex 3.5 17.5 162.95
      vertex 3.42351660256832 17.5 163.67769091786215
    endloop
  endfacet
  facet normal 0 -1 0
    outer loop
      vertex -6.5 14.5 173.89
      vertex -3.3418940275327427 14.5 168.42
      vertex -3.25 14.5 168.57916512459883
    endloop
  endfacet
  facet normal -0.7729879516809969 0.45090963848058135 -0.4462848019833617
    outer loop
      vertex -6.5 14.5 173.89
      vertex -3.1581059724672573 14.815065237255117 168.42
      vertex -3.3418940275327427 14.5 168.42
    endloop
  endfacet
  facet normal 0 -1 0
    outer loop
      vertex -6.5 14.5 173.89
      vertex -3.25 14.5 168.57916512459883
      vertex -2.831559480312316 14.5 171.83275161697634
    endloop
  endfacet
  facet normal 0 -1 0
    outer loop
      vertex -6.5 14.5 173.89
      vertex -3.197409101749103 14.5 172.46642174923468
      vertex -3.42351660256832 14.5 173.16230908213782
    endloop
  endfacet
  facet normal 0 -1 0
    outer loop
      vertex -6.5 14.5 173.89
      vertex -2.831559480312316 14.5 171.83275161697634
      vertex -3.197409101749103 14.5 172.46642174923468
    endloop
  endfacet
  facet normal 0 -1 0
    outer loop
      vertex -3.25 14.5 168.57916512459883
      vertex -2.341957122256004 14.5 171.2889931108291
      vertex -2.831559480312316 14.5 171.83275161697634
    endloop
  endfacet
  facet normal 0 -1 0
    outer loop
      vertex -6.5 14.5 173.89
      vertex -3.42351660256832 14.5 173.16230908213782
      vertex -3.5 14.5 173.89
    endloop
  endfacet
  facet normal 0 -1 0
    outer loop
      vertex -6.5 14.5 173.89
      vertex -3.5 14.5 173.89
      vertex -3.42351660256832 14.5 174.61769091786215
    endloop
  endfacet
  facet normal 0 -1 0
    outer loop
      vertex -6.5 14.5 173.89
      vertex -3.42351660256832 14.5 174.61769091786215
      vertex -3.197409101749103 14.5 175.3135782507653
    endloop
  endfacet
  facet normal 0 -1 0
    outer loop
      vertex -6.5 14.5 173.89
      vertex -3.197409101749103 14.5 175.3135782507653
      vertex -2.831559480312316 14.5 175.94724838302363
    endloop
  endfacet
  facet normal 0 -1 0
    outer loop
      vertex -6.5 14.5 173.89
      vertex -2.831559480312316 14.5 175.94724838302363
      vertex -2.341957122256004 14.5 176.49100688917088
    endloop
  endfacet
  facet normal 0 -1 0
    outer loop
      vertex -6.5 14.5 173.89
      vertex -2.341957122256004 14.5 176.49100688917088
      vertex -3.25 14.5 179.51916512459883
    endloop
  endfacet
  facet normal -0.7729879516809969 0.4509096384805812 0.44628480198336173
    outer loop
      vertex -6.5 14.5 173.89
      vertex -3.25 14.5 179.51916512459883
      vertex -2.375 17.5 178.00362066797607
    endloop
  endfacet
  facet normal 0 -1 0
    outer loop
      vertex -3.25 14.5 168.57916512459883
      vertex -1.75 14.5 170.85891108675446
      vertex -2.341957122256004 14.5 171.2889931108291
    endloop
  endfacet
  facet normal 0 -1 0
    outer loop
      vertex -3.25 14.5 168.57916512459883
      vertex -1.0815594803123159 14.5 170.56130219296696
      vertex -1.75 14.5 170.85891108675446
    endloop
  endfacet
  facet normal 0 -1 0
    outer loop
      vertex -3.25 14.5 168.57916512459883
      vertex -0.3658496214367871 14.5 170.40917336621104
      vertex -1.0815594803123159 14.5 170.56130219296696
    endloop
  endfacet
  facet normal 0 -1 0
    outer loop
      vertex -3.25 14.5 168.57916512459883
      vertex 3.25 14.5 168.57916512459883
      vertex -0.3658496214367871 14.5 170.40917336621104
    endloop
  endfacet
  facet normal 0 -1 0
    outer loop
      vertex -3.25 14.5 179.51916512459883
      vertex -2.341957122256004 14.5 176.49100688917088
      vertex -1.75 14.5 176.9210889132455
    endloop
  endfacet
  facet normal 0 -1 0
    outer loop
      vertex -3.25 14.5 179.51916512459883
      vertex -1.75 14.5 176.9210889132455
      vertex -1.0815594803123159 14.5 177.218697807033
    endloop
  endfacet
  facet normal 0 -1 0
    outer loop
      vertex -3.25 14.5 179.51916512459883
      vertex -1.0815594803123159 14.5 177.218697807033
      vertex -0.3658496214367871 14.5 177.37082663378894
    endloop
  endfacet
  facet normal 0 -1 0
    outer loop
      vertex -3.25 14.5 179.51916512459883
      vertex -0.3658496214367871 14.5 177.37082663378894
      vertex 3.25 14.5 179.51916512459883
    endloop
  endfacet
  facet normal 0 0.45090963848058047 0.8925696039667227
    outer loop
      vertex -3.25 14.5 179.51916512459883
      vertex 3.25 14.5 179.51916512459883
      vertex -2.375 17.5 178.00362066797607
    endloop
  endfacet
  facet normal -0.7729879516809969 0.45090963848058113 -0.4462848019833618
    outer loop
      vertex -6.5 14.5 173.89
      vertex -2.375 17.5 169.7763793320239
      vertex -3.1581059724672573 14.815065237255117 168.42
    endloop
  endfacet
  facet normal -0.7729879516809969 0.4509096384805815 -0.44628480198336146
    outer loop
      vertex -6.5 14.5 173.89
      vertex -4.75 17.5 173.89
      vertex -2.375 17.5 169.7763793320239
    endloop
  endfacet
  facet normal -0.7729879516809969 0.4509096384805815 0.44628480198336146
    outer loop
      vertex -6.5 14.5 173.89
      vertex -2.375 17.5 178.00362066797607
      vertex -4.75 17.5 173.89
    endloop
  endfacet
  facet normal 0 1 0
    outer loop
      vertex -4.75 17.5 173.89
      vertex -3.42351660256832 17.5 173.16230908213782
      vertex -3.197409101749103 17.5 172.46642174923468
    endloop
  endfacet
  facet normal 0 1 0
    outer loop
      vertex -4.75 17.5 173.89
      vertex -3.197409101749103 17.5 172.46642174923468
      vertex -2.831559480312316 17.5 171.83275161697634
    endloop
  endfacet
  facet normal 0 1 0
    outer loop
      vertex -4.75 17.5 173.89
      vertex -2.831559480312316 17.5 171.83275161697634
      vertex -2.375 17.5 169.7763793320239
    endloop
  endfacet
  facet normal 0 1 0
    outer loop
      vertex -2.375 17.5 169.7763793320239
      vertex -2.831559480312316 17.5 171.83275161697634
      vertex -2.341957122256004 17.5 171.2889931108291
    endloop
  endfacet
  facet normal 0 1 0
    outer loop
      vertex -4.75 17.5 173.89
      vertex -3.5 17.5 173.89
      vertex -3.42351660256832 17.5 173.16230908213782
    endloop
  endfacet
  facet normal 0 1 0
    outer loop
      vertex -4.75 17.5 173.89
      vertex -3.42351660256832 17.5 174.61769091786215
      vertex -3.5 17.5 173.89
    endloop
  endfacet
  facet normal 0 1 0
    outer loop
      vertex -4.75 17.5 173.89
      vertex -3.197409101749103 17.5 175.3135782507653
      vertex -3.42351660256832 17.5 174.61769091786215
    endloop
  endfacet
  facet normal 0 1 0
    outer loop
      vertex -4.75 17.5 173.89
      vertex -2.375 17.5 178.00362066797607
      vertex -3.197409101749103 17.5 175.3135782507653
    endloop
  endfacet
  facet normal 0 1 0
    outer loop
      vertex -2.375 17.5 178.00362066797607
      vertex -2.831559480312316 17.5 175.94724838302363
      vertex -3.197409101749103 17.5 175.3135782507653
    endloop
  endfacet
  facet normal 0 1 0
    outer loop
      vertex -2.375 17.5 178.00362066797607
      vertex -2.341957122256004 17.5 176.49100688917088
      vertex -2.831559480312316 17.5 175.94724838302363
    endloop
  endfacet
  facet normal 0 1 0
    outer loop
      vertex -2.375 17.5 169.7763793320239
      vertex -2.341957122256004 17.5 171.2889931108291
      vertex -1.75 17.5 170.85891108675446
    endloop
  endfacet
  facet normal 0 1 0
    outer loop
      vertex -2.375 17.5 169.7763793320239
      vertex -1.0815594803123159 17.5 170.56130219296696
      vertex -0.3658496214367871 17.5 170.40917336621104
    endloop
  endfacet
  facet normal 0 1 0
    outer loop
      vertex -2.375 17.5 169.7763793320239
      vertex -1.75 17.5 170.85891108675446
      vertex -1.0815594803123159 17.5 170.56130219296696
    endloop
  endfacet
  facet normal -7.357377311105353e-18 0.45090963848058047 -0.8925696039667227
    outer loop
      vertex -3.1581059724672573 14.815065237255117 168.42
      vertex -2.375 17.5 169.7763793320239
      vertex 2.375 17.5 169.7763793320239
    endloop
  endfacet
  facet normal 0 1 0
    outer loop
      vertex -2.375 17.5 169.7763793320239
      vertex -0.3658496214367871 17.5 170.40917336621104
      vertex 0.3658496214367871 17.5 170.40917336621104
    endloop
  endfacet
  facet normal 0 1 0
    outer loop
      vertex -2.375 17.5 178.00362066797607
      vertex -1.75 17.5 176.9210889132455
      vertex -2.341957122256004 17.5 176.49100688917088
    endloop
  endfacet
  facet normal 0 1 0
    outer loop
      vertex -2.375 17.5 178.00362066797607
      vertex -1.0815594803123159 17.5 177.218697807033
      vertex -1.75 17.5 176.9210889132455
    endloop
  endfacet
  facet normal 0 1 0
    outer loop
      vertex -2.375 17.5 178.00362066797607
      vertex -0.3658496214367871 17.5 177.37082663378894
      vertex -1.0815594803123159 17.5 177.218697807033
    endloop
  endfacet
  facet normal 0 1 0
    outer loop
      vertex -2.375 17.5 178.00362066797607
      vertex 2.375 17.5 178.00362066797607
      vertex -0.3658496214367871 17.5 177.37082663378894
    endloop
  endfacet
  facet normal 0 -1 0
    outer loop
      vertex 3.25 14.5 168.57916512459883
      vertex 0.3658496214367871 14.5 170.40917336621104
      vertex -0.3658496214367871 14.5 170.40917336621104
    endloop
  endfacet
  facet normal 0 -1 0
    outer loop
      vertex 3.25 14.5 168.57916512459883
      vertex 1.0815594803123159 14.5 170.56130219296696
      vertex 0.3658496214367871 14.5 170.40917336621104
    endloop
  endfacet
  facet normal 0 -1 0
    outer loop
      vertex 3.25 14.5 168.57916512459883
      vertex 1.75 14.5 170.85891108675446
      vertex 1.0815594803123159 14.5 170.56130219296696
    endloop
  endfacet
  facet normal 0 -1 0
    outer loop
      vertex 3.25 14.5 168.57916512459883
      vertex 2.341957122256004 14.5 171.2889931108291
      vertex 1.75 14.5 170.85891108675446
    endloop
  endfacet
  facet normal 0 -1 0
    outer loop
      vertex 3.25 14.5 179.51916512459883
      vertex -0.3658496214367871 14.5 177.37082663378894
      vertex 0.3658496214367871 14.5 177.37082663378894
    endloop
  endfacet
  facet normal 0 -1 0
    outer loop
      vertex 3.25 14.5 179.51916512459883
      vertex 0.3658496214367871 14.5 177.37082663378894
      vertex 1.0815594803123159 14.5 177.218697807033
    endloop
  endfacet
  facet normal 0 -1 0
    outer loop
      vertex 3.25 14.5 179.51916512459883
      vertex 1.0815594803123159 14.5 177.218697807033
      vertex 1.75 14.5 176.9210889132455
    endloop
  endfacet
  facet normal 0 -1 0
    outer loop
      vertex 3.25 14.5 179.51916512459883
      vertex 1.75 14.5 176.9210889132455
      vertex 2.341957122256004 14.5 176.49100688917088
    endloop
  endfacet
  facet normal 0 -1 0
    outer loop
      vertex 3.25 14.5 168.57916512459883
      vertex 2.831559480312316 14.5 171.83275161697634
      vertex 2.341957122256004 14.5 171.2889931108291
    endloop
  endfacet
  facet normal 0 -1 0
    outer loop
      vertex 3.25 14.5 168.57916512459883
      vertex 3.3418940275327427 14.5 168.42
      vertex 6.5 14.5 173.89
    endloop
  endfacet
  facet normal 0.7729879516809967 0.4509096384805818 -0.44628480198336157
    outer loop
      vertex 3.3418940275327427 14.5 168.42
      vertex 3.1581059724672573 14.815065237255117 168.42
      vertex 6.5 14.5 173.89
    endloop
  endfacet
  facet normal 0 -1 0
    outer loop
      vertex 3.25 14.5 168.57916512459883
      vertex 6.5 14.5 173.89
      vertex 2.831559480312316 14.5 171.83275161697634
    endloop
  endfacet
  facet normal 0 -1 0
    outer loop
      vertex 6.5 14.5 173.89
      vertex 3.197409101749103 14.5 172.46642174923468
      vertex 2.831559480312316 14.5 171.83275161697634
    endloop
  endfacet
  facet normal 0 -1 0
    outer loop
      vertex 6.5 14.5 173.89
      vertex 3.42351660256832 14.5 173.16230908213782
      vertex 3.197409101749103 14.5 172.46642174923468
    endloop
  endfacet
  facet normal 0 -1 0
    outer loop
      vertex 3.25 14.5 179.51916512459883
      vertex 2.341957122256004 14.5 176.49100688917088
      vertex 2.831559480312316 14.5 175.94724838302363
    endloop
  endfacet
  facet normal 0 -1 0
    outer loop
      vertex 3.25 14.5 179.51916512459883
      vertex 2.831559480312316 14.5 175.94724838302363
      vertex 3.197409101749103 14.5 175.3135782507653
    endloop
  endfacet
  facet normal 0 -1 0
    outer loop
      vertex 6.5 14.5 173.89
      vertex 3.197409101749103 14.5 175.3135782507653
      vertex 3.42351660256832 14.5 174.61769091786215
    endloop
  endfacet
  facet normal 0 -1 0
    outer loop
      vertex 3.25 14.5 179.51916512459883
      vertex 3.197409101749103 14.5 175.3135782507653
      vertex 6.5 14.5 173.89
    endloop
  endfacet
  facet normal 0 -1 0
    outer loop
      vertex 6.5 14.5 173.89
      vertex 3.5 14.5 173.89
      vertex 3.42351660256832 14.5 173.16230908213782
    endloop
  endfacet
  facet normal 0 -1 0
    outer loop
      vertex 6.5 14.5 173.89
      vertex 3.42351660256832 14.5 174.61769091786215
      vertex 3.5 14.5 173.89
    endloop
  endfacet
  facet normal 0.7729879516809969 0.4509096384805812 0.44628480198336173
    outer loop
      vertex 3.25 14.5 179.51916512459883
      vertex 6.5 14.5 173.89
      vertex 2.375 17.5 178.00362066797607
    endloop
  endfacet
  facet normal 0 0.4509096384805805 -0.8925696039667227
    outer loop
      vertex -3.1581059724672573 14.815065237255117 168.42
      vertex 2.375 17.5 169.7763793320239
      vertex 3.1581059724672573 14.815065237255117 168.42
    endloop
  endfacet
  facet normal 0 0.45090963848058047 0.8925696039667227
    outer loop
      vertex -2.375 17.5 178.00362066797607
      vertex 3.25 14.5 179.51916512459883
      vertex 2.375 17.5 178.00362066797607
    endloop
  endfacet
  facet normal 0 1 0
    outer loop
      vertex -2.375 17.5 169.7763793320239
      vertex 0.3658496214367871 17.5 170.40917336621104
      vertex 2.375 17.5 169.7763793320239
    endloop
  endfacet
  facet normal 0 1 0
    outer loop
      vertex 2.375 17.5 169.7763793320239
      vertex 0.3658496214367871 17.5 170.40917336621104
      vertex 1.0815594803123159 17.5 170.56130219296696
    endloop
  endfacet
  facet normal 0 1 0
    outer loop
      vertex 2.375 17.5 169.7763793320239
      vertex 1.0815594803123159 17.5 170.56130219296696
      vertex 1.75 17.5 170.85891108675446
    endloop
  endfacet
  facet normal 0 1 0
    outer loop
      vertex 2.375 17.5 169.7763793320239
      vertex 1.75 17.5 170.85891108675446
      vertex 2.341957122256004 17.5 171.2889931108291
    endloop
  endfacet
  facet normal 0 1 0
    outer loop
      vertex 2.375 17.5 178.00362066797607
      vertex 0.3658496214367871 17.5 177.37082663378894
      vertex -0.3658496214367871 17.5 177.37082663378894
    endloop
  endfacet
  facet normal 0 1 0
    outer loop
      vertex 2.375 17.5 178.00362066797607
      vertex 1.0815594803123159 17.5 177.218697807033
      vertex 0.3658496214367871 17.5 177.37082663378894
    endloop
  endfacet
  facet normal 0 1 0
    outer loop
      vertex 2.375 17.5 178.00362066797607
      vertex 1.75 17.5 176.9210889132455
      vertex 1.0815594803123159 17.5 177.218697807033
    endloop
  endfacet
  facet normal 0 1 0
    outer loop
      vertex 2.375 17.5 178.00362066797607
      vertex 2.341957122256004 17.5 176.49100688917088
      vertex 1.75 17.5 176.9210889132455
    endloop
  endfacet
  facet normal 0.7729879516809969 0.4509096384805812 -0.4462848019833617
    outer loop
      vertex 3.1581059724672573 14.815065237255117 168.42
      vertex 2.375 17.5 169.7763793320239
      vertex 6.5 14.5 173.89
    endloop
  endfacet
  facet normal 0.7729879516809969 0.4509096384805815 -0.44628480198336146
    outer loop
      vertex 2.375 17.5 169.7763793320239
      vertex 4.75 17.5 173.89
      vertex 6.5 14.5 173.89
    endloop
  endfacet
  facet normal 0.7729879516809969 0.4509096384805815 0.44628480198336146
    outer loop
      vertex 2.375 17.5 178.00362066797607
      vertex 6.5 14.5 173.89
      vertex 4.75 17.5 173.89
    endloop
  endfacet
  facet normal 0 1 0
    outer loop
      vertex 2.375 17.5 169.7763793320239
      vertex 2.341957122256004 17.5 171.2889931108291
      vertex 2.831559480312316 17.5 171.83275161697634
    endloop
  endfacet
  facet normal 0 1 0
    outer loop
      vertex 2.375 17.5 169.7763793320239
      vertex 2.831559480312316 17.5 171.83275161697634
      vertex 3.197409101749103 17.5 172.46642174923468
    endloop
  endfacet
  facet normal 0 1 0
    outer loop
      vertex 2.375 17.5 169.7763793320239
      vertex 3.197409101749103 17.5 172.46642174923468
      vertex 4.75 17.5 173.89
    endloop
  endfacet
  facet normal 0 1 0
    outer loop
      vertex 4.75 17.5 173.89
      vertex 3.197409101749103 17.5 172.46642174923468
      vertex 3.42351660256832 17.5 173.16230908213782
    endloop
  endfacet
  facet normal 0 1 0
    outer loop
      vertex 2.375 17.5 178.00362066797607
      vertex 2.831559480312316 17.5 175.94724838302363
      vertex 2.341957122256004 17.5 176.49100688917088
    endloop
  endfacet
  facet normal 0 1 0
    outer loop
      vertex 2.375 17.5 178.00362066797607
      vertex 4.75 17.5 173.89
      vertex 2.831559480312316 17.5 175.94724838302363
    endloop
  endfacet
  facet normal 0 1 0
    outer loop
      vertex 4.75 17.5 173.89
      vertex 3.197409101749103 17.5 175.3135782507653
      vertex 2.831559480312316 17.5 175.94724838302363
    endloop
  endfacet
  facet normal 0 1 0
    outer loop
      vertex 4.75 17.5 173.89
      vertex 3.42351660256832 17.5 173.16230908213782
      vertex 3.5 17.5 173.89
    endloop
  endfacet
  facet normal 0 1 0
    outer loop
      vertex 4.75 17.5 173.89
      vertex 3.42351660256832 17.5 174.61769091786215
      vertex 3.197409101749103 17.5 175.3135782507653
    endloop
  endfacet
  facet normal 0 1 0
    outer loop
      vertex 4.75 17.5 173.89
      vertex 3.5 17.5 173.89
      vertex 3.42351660256832 17.5 174.61769091786215
    endloop
  endfacet
  facet normal 0 -1 0
    outer loop
      vertex -6.5 14.5 193.97
      vertex -3.42351660256832 14.5 193.24230908213784
      vertex -3.5 14.5 193.97
    endloop
  endfacet
  facet normal 0 -1 0
    outer loop
      vertex -6.5 14.5 193.97
      vertex -3.5 14.5 193.97
      vertex -3.42351660256832 14.5 194.69769091786216
    endloop
  endfacet
  facet normal 0 -1 0
    outer loop
      vertex -6.5 14.5 193.97
      vertex -3.25 14.5 188.34083487540116
      vertex -3.197409101749103 14.5 192.5464217492347
    endloop
  endfacet
  facet normal 0 -1 0
    outer loop
      vertex -6.5 14.5 193.97
      vertex -3.197409101749103 14.5 192.5464217492347
      vertex -3.42351660256832 14.5 193.24230908213784
    endloop
  endfacet
  facet normal 0 -1 0
    outer loop
      vertex -6.5 14.5 193.97
      vertex -3.42351660256832 14.5 194.69769091786216
      vertex -3.197409101749103 14.5 195.3935782507653
    endloop
  endfacet
  facet normal 0 -1 0
    outer loop
      vertex -6.5 14.5 193.97
      vertex -3.197409101749103 14.5 195.3935782507653
      vertex -2.831559480312316 14.5 196.02724838302365
    endloop
  endfacet
  facet normal 0 -1 0
    outer loop
      vertex -6.5 14.5 193.97
      vertex -2.831559480312316 14.5 196.02724838302365
      vertex -2.341957122256004 14.5 196.5710068891709
    endloop
  endfacet
  facet normal 0 -1 0
    outer loop
      vertex -3.25 14.5 188.34083487540116
      vertex -2.341957122256004 14.5 191.3689931108291
      vertex -2.831559480312316 14.5 191.91275161697635
    endloop
  endfacet
  facet normal 0 -1 0
    outer loop
      vertex -3.25 14.5 188.34083487540116
      vertex -2.831559480312316 14.5 191.91275161697635
      vertex -3.197409101749103 14.5 192.5464217492347
    endloop
  endfacet
  facet normal 0 -1 0
    outer loop
      vertex -6.5 14.5 193.97
      vertex -2.341957122256004 14.5 196.5710068891709
      vertex -3.25 14.5 199.59916512459884
    endloop
  endfacet
  facet normal -0.7729879516809969 0.4509096384805812 -0.44628480198336173
    outer loop
      vertex -6.5 14.5 193.97
      vertex -2.375 17.5 189.85637933202392
      vertex -3.25 14.5 188.34083487540116
    endloop
  endfacet
  facet normal -0.7729879516809969 0.4509096384805812 0.44628480198336173
    outer loop
      vertex -6.5 14.5 193.97
      vertex -3.25 14.5 199.59916512459884
      vertex -2.375 17.5 198.08362066797608
    endloop
  endfacet
  facet normal 0 -1 0
    outer loop
      vertex -3.25 14.5 188.34083487540116
      vertex -1.75 14.5 190.93891108675447
      vertex -2.341957122256004 14.5 191.3689931108291
    endloop
  endfacet
  facet normal 0 -1 0
    outer loop
      vertex -3.25 14.5 188.34083487540116
      vertex -1.0815594803123159 14.5 190.64130219296698
      vertex -1.75 14.5 190.93891108675447
    endloop
  endfacet
  facet normal 0 -1 0
    outer loop
      vertex -3.25 14.5 188.34083487540116
      vertex -0.3658496214367871 14.5 190.48917336621105
      vertex -1.0815594803123159 14.5 190.64130219296698
    endloop
  endfacet
  facet normal 0 -1 0
    outer loop
      vertex -3.25 14.5 188.34083487540116
      vertex 0.3658496214367871 14.5 190.48917336621105
      vertex -0.3658496214367871 14.5 190.48917336621105
    endloop
  endfacet
  facet normal 0 -1 0
    outer loop
      vertex -3.25 14.5 199.59916512459884
      vertex -2.341957122256004 14.5 196.5710068891709
      vertex -1.75 14.5 197.00108891324552
    endloop
  endfacet
  facet normal 0 -1 0
    outer loop
      vertex -3.25 14.5 199.59916512459884
      vertex -1.75 14.5 197.00108891324552
      vertex -1.0815594803123159 14.5 197.29869780703302
    endloop
  endfacet
  facet normal 0 -1 0
    outer loop
      vertex -3.25 14.5 199.59916512459884
      vertex -1.0815594803123159 14.5 197.29869780703302
      vertex -0.3658496214367871 14.5 197.45082663378895
    endloop
  endfacet
  facet normal 0 -1 0
    outer loop
      vertex -3.25 14.5 199.59916512459884
      vertex -0.3658496214367871 14.5 197.45082663378895
      vertex 3.25 14.5 199.59916512459884
    endloop
  endfacet
  facet normal 0 0.45090963848058047 -0.8925696039667227
    outer loop
      vertex -3.25 14.5 188.34083487540116
      vertex -2.375 17.5 189.85637933202392
      vertex 3.25 14.5 188.34083487540116
    endloop
  endfacet
  facet normal 0 0.45090963848058047 0.8925696039667227
    outer loop
      vertex -3.25 14.5 199.59916512459884
      vertex 3.25 14.5 199.59916512459884
      vertex -2.375 17.5 198.08362066797608
    endloop
  endfacet
  facet normal -0.7729879516809969 0.4509096384805815 -0.44628480198336146
    outer loop
      vertex -6.5 14.5 193.97
      vertex -4.75 17.5 193.97
      vertex -2.375 17.5 189.85637933202392
    endloop
  endfacet
  facet normal -0.7729879516809969 0.4509096384805815 0.44628480198336146
    outer loop
      vertex -6.5 14.5 193.97
      vertex -2.375 17.5 198.08362066797608
      vertex -4.75 17.5 193.97
    endloop
  endfacet
  facet normal 0 1 0
    outer loop
      vertex -4.75 17.5 193.97
      vertex -3.42351660256832 17.5 193.24230908213784
      vertex -3.197409101749103 17.5 192.5464217492347
    endloop
  endfacet
  facet normal 0 1 0
    outer loop
      vertex -4.75 17.5 193.97
      vertex -3.5 17.5 193.97
      vertex -3.42351660256832 17.5 193.24230908213784
    endloop
  endfacet
  facet normal 0 1 0
    outer loop
      vertex -4.75 17.5 193.97
      vertex -3.42351660256832 17.5 194.69769091786216
      vertex -3.5 17.5 193.97
    endloop
  endfacet
  facet normal 0 1 0
    outer loop
      vertex -4.75 17.5 193.97
      vertex -3.197409101749103 17.5 195.3935782507653
      vertex -3.42351660256832 17.5 194.69769091786216
    endloop
  endfacet
  facet normal 0 1 0
    outer loop
      vertex -4.75 17.5 193.97
      vertex -3.197409101749103 17.5 192.5464217492347
      vertex -2.831559480312316 17.5 191.91275161697635
    endloop
  endfacet
  facet normal 0 1 0
    outer loop
      vertex -4.75 17.5 193.97
      vertex -2.831559480312316 17.5 191.91275161697635
      vertex -2.375 17.5 189.85637933202392
    endloop
  endfacet
  facet normal 0 1 0
    outer loop
      vertex -4.75 17.5 193.97
      vertex -2.375 17.5 198.08362066797608
      vertex -3.197409101749103 17.5 195.3935782507653
    endloop
  endfacet
  facet normal 0 1 0
    outer loop
      vertex -2.375 17.5 189.85637933202392
      vertex -2.831559480312316 17.5 191.91275161697635
      vertex -2.341957122256004 17.5 191.3689931108291
    endloop
  endfacet
  facet normal 0 1 0
    outer loop
      vertex -2.375 17.5 198.08362066797608
      vertex -2.831559480312316 17.5 196.02724838302365
      vertex -3.197409101749103 17.5 195.3935782507653
    endloop
  endfacet
  facet normal 0 1 0
    outer loop
      vertex -2.375 17.5 198.08362066797608
      vertex -2.341957122256004 17.5 196.5710068891709
      vertex -2.831559480312316 17.5 196.02724838302365
    endloop
  endfacet
  facet normal 0 1 0
    outer loop
      vertex -2.375 17.5 189.85637933202392
      vertex -1.75 17.5 190.93891108675447
      vertex -1.0815594803123159 17.5 190.64130219296698
    endloop
  endfacet
  facet normal 0 1 0
    outer loop
      vertex -2.375 17.5 189.85637933202392
      vertex -1.0815594803123159 17.5 190.64130219296698
      vertex -0.3658496214367871 17.5 190.48917336621105
    endloop
  endfacet
  facet normal 0 1 0
    outer loop
      vertex -2.375 17.5 189.85637933202392
      vertex -2.341957122256004 17.5 191.3689931108291
      vertex -1.75 17.5 190.93891108675447
    endloop
  endfacet
  facet normal 0 1 0
    outer loop
      vertex -2.375 17.5 189.85637933202392
      vertex -0.3658496214367871 17.5 190.48917336621105
      vertex 0.3658496214367871 17.5 190.48917336621105
    endloop
  endfacet
  facet normal 0 1 0
    outer loop
      vertex -2.375 17.5 198.08362066797608
      vertex -1.75 17.5 197.00108891324552
      vertex -2.341957122256004 17.5 196.5710068891709
    endloop
  endfacet
  facet normal 0 1 0
    outer loop
      vertex -2.375 17.5 198.08362066797608
      vertex -1.0815594803123159 17.5 197.29869780703302
      vertex -1.75 17.5 197.00108891324552
    endloop
  endfacet
  facet normal 0 1 0
    outer loop
      vertex -2.375 17.5 198.08362066797608
      vertex -0.3658496214367871 17.5 197.45082663378895
      vertex -1.0815594803123159 17.5 197.29869780703302
    endloop
  endfacet
  facet normal 0 1 0
    outer loop
      vertex -2.375 17.5 198.08362066797608
      vertex 2.375 17.5 198.08362066797608
      vertex -0.3658496214367871 17.5 197.45082663378895
    endloop
  endfacet
  facet normal 0 -1 0
    outer loop
      vertex -3.25 14.5 188.34083487540116
      vertex 3.25 14.5 188.34083487540116
      vertex 0.3658496214367871 14.5 190.48917336621105
    endloop
  endfacet
  facet normal 0 -1 0
    outer loop
      vertex 3.25 14.5 188.34083487540116
      vertex 1.0815594803123159 14.5 190.64130219296698
      vertex 0.3658496214367871 14.5 190.48917336621105
    endloop
  endfacet
  facet normal 0 -1 0
    outer loop
      vertex 3.25 14.5 188.34083487540116
      vertex 1.75 14.5 190.93891108675447
      vertex 1.0815594803123159 14.5 190.64130219296698
    endloop
  endfacet
  facet normal 0 -1 0
    outer loop
      vertex 3.25 14.5 188.34083487540116
      vertex 2.341957122256004 14.5 191.3689931108291
      vertex 1.75 14.5 190.93891108675447
    endloop
  endfacet
  facet normal 0 -1 0
    outer loop
      vertex 3.25 14.5 199.59916512459884
      vertex -0.3658496214367871 14.5 197.45082663378895
      vertex 0.3658496214367871 14.5 197.45082663378895
    endloop
  endfacet
  facet normal 0 -1 0
    outer loop
      vertex 3.25 14.5 199.59916512459884
      vertex 0.3658496214367871 14.5 197.45082663378895
      vertex 1.0815594803123159 14.5 197.29869780703302
    endloop
  endfacet
  facet normal 0 -1 0
    outer loop
      vertex 3.25 14.5 199.59916512459884
      vertex 1.0815594803123159 14.5 197.29869780703302
      vertex 1.75 14.5 197.00108891324552
    endloop
  endfacet
  facet normal 0 -1 0
    outer loop
      vertex 3.25 14.5 199.59916512459884
      vertex 1.75 14.5 197.00108891324552
      vertex 2.341957122256004 14.5 196.5710068891709
    endloop
  endfacet
  facet normal 0 -1 0
    outer loop
      vertex 3.25 14.5 188.34083487540116
      vertex 6.5 14.5 193.97
      vertex 2.341957122256004 14.5 191.3689931108291
    endloop
  endfacet
  facet normal 0 -1 0
    outer loop
      vertex 6.5 14.5 193.97
      vertex 2.831559480312316 14.5 191.91275161697635
      vertex 2.341957122256004 14.5 191.3689931108291
    endloop
  endfacet
  facet normal 0 -1 0
    outer loop
      vertex 6.5 14.5 193.97
      vertex 3.197409101749103 14.5 192.5464217492347
      vertex 2.831559480312316 14.5 191.91275161697635
    endloop
  endfacet
  facet normal 0 -1 0
    outer loop
      vertex 6.5 14.5 193.97
      vertex 3.42351660256832 14.5 193.24230908213784
      vertex 3.197409101749103 14.5 192.5464217492347
    endloop
  endfacet
  facet normal 0 -1 0
    outer loop
      vertex 6.5 14.5 193.97
      vertex 3.197409101749103 14.5 195.3935782507653
      vertex 3.42351660256832 14.5 194.69769091786216
    endloop
  endfacet
  facet normal 0 -1 0
    outer loop
      vertex 3.25 14.5 199.59916512459884
      vertex 3.197409101749103 14.5 195.3935782507653
      vertex 6.5 14.5 193.97
    endloop
  endfacet
  facet normal 0 -1 0
    outer loop
      vertex 6.5 14.5 193.97
      vertex 3.5 14.5 193.97
      vertex 3.42351660256832 14.5 193.24230908213784
    endloop
  endfacet
  facet normal 0 -1 0
    outer loop
      vertex 6.5 14.5 193.97
      vertex 3.42351660256832 14.5 194.69769091786216
      vertex 3.5 14.5 193.97
    endloop
  endfacet
  facet normal 0 -1 0
    outer loop
      vertex 3.25 14.5 199.59916512459884
      vertex 2.341957122256004 14.5 196.5710068891709
      vertex 2.831559480312316 14.5 196.02724838302365
    endloop
  endfacet
  facet normal 0 -1 0
    outer loop
      vertex 3.25 14.5 199.59916512459884
      vertex 2.831559480312316 14.5 196.02724838302365
      vertex 3.197409101749103 14.5 195.3935782507653
    endloop
  endfacet
  facet normal 0.7729879516809969 0.4509096384805812 -0.44628480198336173
    outer loop
      vertex 3.25 14.5 188.34083487540116
      vertex 2.375 17.5 189.85637933202392
      vertex 6.5 14.5 193.97
    endloop
  endfacet
  facet normal 0.7729879516809969 0.4509096384805812 0.44628480198336173
    outer loop
      vertex 3.25 14.5 199.59916512459884
      vertex 6.5 14.5 193.97
      vertex 2.375 17.5 198.08362066797608
    endloop
  endfacet
  facet normal 0 0.45090963848058047 -0.8925696039667227
    outer loop
      vertex -2.375 17.5 189.85637933202392
      vertex 2.375 17.5 189.85637933202392
      vertex 3.25 14.5 188.34083487540116
    endloop
  endfacet
  facet normal 0 0.45090963848058047 0.8925696039667227
    outer loop
      vertex -2.375 17.5 198.08362066797608
      vertex 3.25 14.5 199.59916512459884
      vertex 2.375 17.5 198.08362066797608
    endloop
  endfacet
  facet normal 0 1 0
    outer loop
      vertex -2.375 17.5 189.85637933202392
      vertex 0.3658496214367871 17.5 190.48917336621105
      vertex 2.375 17.5 189.85637933202392
    endloop
  endfacet
  facet normal 0 1 0
    outer loop
      vertex 2.375 17.5 189.85637933202392
      vertex 0.3658496214367871 17.5 190.48917336621105
      vertex 1.0815594803123159 17.5 190.64130219296698
    endloop
  endfacet
  facet normal 0 1 0
    outer loop
      vertex 2.375 17.5 189.85637933202392
      vertex 1.0815594803123159 17.5 190.64130219296698
      vertex 1.75 17.5 190.93891108675447
    endloop
  endfacet
  facet normal 0 1 0
    outer loop
      vertex 2.375 17.5 189.85637933202392
      vertex 1.75 17.5 190.93891108675447
      vertex 2.341957122256004 17.5 191.3689931108291
    endloop
  endfacet
  facet normal 0 1 0
    outer loop
      vertex 2.375 17.5 198.08362066797608
      vertex 0.3658496214367871 17.5 197.45082663378895
      vertex -0.3658496214367871 17.5 197.45082663378895
    endloop
  endfacet
  facet normal 0 1 0
    outer loop
      vertex 2.375 17.5 198.08362066797608
      vertex 1.0815594803123159 17.5 197.29869780703302
      vertex 0.3658496214367871 17.5 197.45082663378895
    endloop
  endfacet
  facet normal 0 1 0
    outer loop
      vertex 2.375 17.5 198.08362066797608
      vertex 1.75 17.5 197.00108891324552
      vertex 1.0815594803123159 17.5 197.29869780703302
    endloop
  endfacet
  facet normal 0 1 0
    outer loop
      vertex 2.375 17.5 198.08362066797608
      vertex 2.341957122256004 17.5 196.5710068891709
      vertex 1.75 17.5 197.00108891324552
    endloop
  endfacet
  facet normal 0.7729879516809969 0.4509096384805815 -0.44628480198336146
    outer loop
      vertex 2.375 17.5 189.85637933202392
      vertex 4.75 17.5 193.97
      vertex 6.5 14.5 193.97
    endloop
  endfacet
  facet normal 0.7729879516809969 0.4509096384805815 0.44628480198336146
    outer loop
      vertex 2.375 17.5 198.08362066797608
      vertex 6.5 14.5 193.97
      vertex 4.75 17.5 193.97
    endloop
  endfacet
  facet normal 0 1 0
    outer loop
      vertex 2.375 17.5 189.85637933202392
      vertex 2.341957122256004 17.5 191.3689931108291
      vertex 2.831559480312316 17.5 191.91275161697635
    endloop
  endfacet
  facet normal 0 1 0
    outer loop
      vertex 2.375 17.5 189.85637933202392
      vertex 2.831559480312316 17.5 191.91275161697635
      vertex 3.197409101749103 17.5 192.5464217492347
    endloop
  endfacet
  facet normal 0 1 0
    outer loop
      vertex 2.375 17.5 189.85637933202392
      vertex 3.197409101749103 17.5 192.5464217492347
      vertex 4.75 17.5 193.97
    endloop
  endfacet
  facet normal 0 1 0
    outer loop
      vertex 2.375 17.5 198.08362066797608
      vertex 4.75 17.5 193.97
      vertex 2.831559480312316 17.5 196.02724838302365
    endloop
  endfacet
  facet normal 0 1 0
    outer loop
      vertex 4.75 17.5 193.97
      vertex 3.197409101749103 17.5 195.3935782507653
      vertex 2.831559480312316 17.5 196.02724838302365
    endloop
  endfacet
  facet normal 0 1 0
    outer loop
      vertex 4.75 17.5 193.97
      vertex 3.197409101749103 17.5 192.5464217492347
      vertex 3.42351660256832 17.5 193.24230908213784
    endloop
  endfacet
  facet normal 0 1 0
    outer loop
      vertex 4.75 17.5 193.97
      vertex 3.42351660256832 17.5 193.24230908213784
      vertex 3.5 17.5 193.97
    endloop
  endfacet
  facet normal 0 1 0
    outer loop
      vertex 4.75 17.5 193.97
      vertex 3.42351660256832 17.5 194.69769091786216
      vertex 3.197409101749103 17.5 195.3935782507653
    endloop
  endfacet
  facet normal 0 1 0
    outer loop
      vertex 4.75 17.5 193.97
      vertex 3.5 17.5 193.97
      vertex 3.42351660256832 17.5 194.69769091786216
    endloop
  endfacet
  facet normal 0 1 0
    outer loop
      vertex 2.375 17.5 198.08362066797608
      vertex 2.831559480312316 17.5 196.02724838302365
      vertex 2.341957122256004 17.5 196.5710068891709
    endloop
  endfacet
  facet normal 0.5877852522924734 0.8090169943749473 1.7335670044999135e-19
    outer loop
      vertex -32.36043666994744 -8.174593080251336 34.80000000000001
      vertex -30.5 -9.526279441628825 327.6
      vertex -30.5 -9.526279441628825 34.80000000000001
    endloop
  endfacet
  facet normal 0.7431448254773938 0.6691306063588588 -1.2921156313345848e-19
    outer loop
      vertex -32.36043666994744 -8.174593080251336 34.80000000000001
      vertex -33.89918693812442 -6.465637775217204 34.80000000000001
      vertex -33.89918693812442 -6.465637775217204 327.6
    endloop
  endfacet
  facet normal 0.4067366430758001 0.9135454576426009 -4.593123289329369e-20
    outer loop
      vertex -30.5 -9.526279441628825 34.80000000000001
      vertex -28.399186938124423 -10.461621679246688 327.6
      vertex -28.399186938124423 -10.461621679246688 34.80000000000001
    endloop
  endfacet
  facet normal 0.20791169081775945 0.9781476007338056 -8.532492307875354e-20
    outer loop
      vertex -28.399186938124423 -10.461621679246688 34.80000000000001
      vertex -26.14981309594419 -10.939740849051006 327.6
      vertex -26.14981309594419 -10.939740849051006 34.80000000000001
    endloop
  endfacet
  facet normal 0 1 0
    outer loop
      vertex -26.14981309594419 -10.939740849051006 34.80000000000001
      vertex -23.85018690405581 -10.939740849051006 327.6
      vertex -23.85018690405581 -10.939740849051006 34.80000000000001
    endloop
  endfacet
  facet normal -0.20791169081775945 0.9781476007338056 8.532492307875354e-20
    outer loop
      vertex -23.85018690405581 -10.939740849051006 34.80000000000001
      vertex -21.600813061875577 -10.461621679246688 327.6
      vertex -21.600813061875577 -10.461621679246688 34.80000000000001
    endloop
  endfacet
  facet normal -0.4067366430758001 0.9135454576426009 4.593123289329369e-20
    outer loop
      vertex -21.600813061875577 -10.461621679246688 34.80000000000001
      vertex -19.5 -9.526279441628825 327.6
      vertex -19.5 -9.526279441628825 34.80000000000001
    endloop
  endfacet
  facet normal 0.9510565162951538 0.3090169943749466 4.238333916464734e-20
    outer loop
      vertex -35.04900003406861 -4.474103073833803 34.80000000000001
      vertex -35.75962360807186 -2.2870285989953527 34.80000000000001
      vertex -35.75962360807186 -2.2870285989953527 327.6
    endloop
  endfacet
  facet normal 0.8660254037844384 0.5000000000000006 -2.1489553193164448e-19
    outer loop
      vertex -33.89918693812442 -6.465637775217204 34.80000000000001
      vertex -35.04900003406861 -4.474103073833803 34.80000000000001
      vertex -35.04900003406861 -4.474103073833803 327.6
    endloop
  endfacet
  facet normal 0.9945218953682734 0.10452846326765323 -6.658680190663044e-21
    outer loop
      vertex -35.75962360807186 -2.2870285989953527 34.80000000000001
      vertex -36 0 34.80000000000001
      vertex -36 0 327.6
    endloop
  endfacet
  facet normal 0.9945218953682734 -0.10452846326765323 6.658680190663044e-21
    outer loop
      vertex -36 0 34.80000000000001
      vertex -35.75962360807186 2.2870285989953527 34.80000000000001
      vertex -35.75962360807186 2.2870285989953527 327.6
    endloop
  endfacet
  facet normal -0.5877852522924734 0.8090169943749473 -1.7335670044999135e-19
    outer loop
      vertex -19.5 -9.526279441628825 34.80000000000001
      vertex -17.63956333005256 -8.174593080251336 327.6
      vertex -17.63956333005256 -8.174593080251336 34.80000000000001
    endloop
  endfacet
  facet normal -0.7431448254773938 0.6691306063588588 0
    outer loop
      vertex -17.63956333005256 -8.174593080251336 34.80000000000001
      vertex -17.63956333005256 -8.174593080251336 327.6
      vertex -16.100813061875577 -6.465637775217204 34.80000000000001
    endloop
  endfacet
  facet normal -0.866025403784439 0.49999999999999933 0
    outer loop
      vertex -16.100813061875577 -6.465637775217204 34.80000000000001
      vertex -16.100813061875577 -6.465637775217204 327.6
      vertex -14.950999965931391 -4.474103073833803 34.80000000000001
    endloop
  endfacet
  facet normal -0.9510565162951533 0.309016994374948 0
    outer loop
      vertex -14.950999965931391 -4.474103073833803 34.80000000000001
      vertex -14.950999965931391 -4.474103073833803 327.6
      vertex -14.240376391928137 -2.2870285989953527 34.80000000000001
    endloop
  endfacet
  facet normal -0.9945218953682734 0.10452846326765323 0
    outer loop
      vertex -14.240376391928137 -2.2870285989953527 34.80000000000001
      vertex -14.240376391928137 -2.2870285989953527 327.6
      vertex -14 0 34.80000000000001
    endloop
  endfacet
  facet normal -0.9945218953682734 -0.10452846326765323 0
    outer loop
      vertex -14 0 34.80000000000001
      vertex -14 0 327.6
      vertex -14.240376391928137 2.2870285989953527 34.80000000000001
    endloop
  endfacet
  facet normal 0.7431448254773938 0.6691306063588588 0
    outer loop
      vertex -32.36043666994744 -8.174593080251336 34.80000000000001
      vertex -33.89918693812442 -6.465637775217204 327.6
      vertex -32.36043666994744 -8.174593080251336 327.6
    endloop
  endfacet
  facet normal 0.5877852522924734 0.8090169943749473 0
    outer loop
      vertex -32.36043666994744 -8.174593080251336 34.80000000000001
      vertex -32.36043666994744 -8.174593080251336 327.6
      vertex -30.5 -9.526279441628825 327.6
    endloop
  endfacet
  facet normal 0.8660254037844384 0.5000000000000006 0
    outer loop
      vertex -33.89918693812442 -6.465637775217204 34.80000000000001
      vertex -35.04900003406861 -4.474103073833803 327.6
      vertex -33.89918693812442 -6.465637775217204 327.6
    endloop
  endfacet
  facet normal 0.20791169081775945 0.9781476007338056 0
    outer loop
      vertex -28.399186938124423 -10.461621679246688 34.80000000000001
      vertex -28.399186938124423 -10.461621679246688 327.6
      vertex -26.14981309594419 -10.939740849051006 327.6
    endloop
  endfacet
  facet normal 0.4067366430758001 0.9135454576426009 0
    outer loop
      vertex -30.5 -9.526279441628825 34.80000000000001
      vertex -30.5 -9.526279441628825 327.6
      vertex -28.399186938124423 -10.461621679246688 327.6
    endloop
  endfacet
  facet normal 0 1 0
    outer loop
      vertex -26.14981309594419 -10.939740849051006 34.80000000000001
      vertex -26.14981309594419 -10.939740849051006 327.6
      vertex -23.85018690405581 -10.939740849051006 327.6
    endloop
  endfacet
  facet normal -0.20791169081775945 0.9781476007338056 0
    outer loop
      vertex -23.85018690405581 -10.939740849051006 34.80000000000001
      vertex -23.85018690405581 -10.939740849051006 327.6
      vertex -21.600813061875577 -10.461621679246688 327.6
    endloop
  endfacet
  facet normal -0.4067366430758001 0.9135454576426009 0
    outer loop
      vertex -21.600813061875577 -10.461621679246688 34.80000000000001
      vertex -21.600813061875577 -10.461621679246688 327.6
      vertex -19.5 -9.526279441628825 327.6
    endloop
  endfacet
  facet normal 0.9510565162951538 0.3090169943749466 0
    outer loop
      vertex -35.04900003406861 -4.474103073833803 34.80000000000001
      vertex -35.75962360807186 -2.2870285989953527 327.6
      vertex -35.04900003406861 -4.474103073833803 327.6
    endloop
  endfacet
  facet normal 0.9945218953682734 0.10452846326765323 0
    outer loop
      vertex -35.75962360807186 -2.2870285989953527 34.80000000000001
      vertex -36 0 327.6
      vertex -35.75962360807186 -2.2870285989953527 327.6
    endloop
  endfacet
  facet normal 0.9945218953682734 -0.10452846326765323 0
    outer loop
      vertex -36 0 34.80000000000001
      vertex -35.75962360807186 2.2870285989953527 327.6
      vertex -36 0 327.6
    endloop
  endfacet
  facet normal 0 0 -1
    outer loop
      vertex -32.36043666994744 -8.174593080251336 327.6
      vertex -33.89918693812442 -6.465637775217204 327.6
      vertex -33.89918693812442 6.465637775217204 327.6
    endloop
  endfacet
  facet normal 0 0 -1
    outer loop
      vertex -33.89918693812442 -6.465637775217204 327.6
      vertex -35.04900003406861 -4.474103073833803 327.6
      vertex -35.04900003406861 4.474103073833803 327.6
    endloop
  endfacet
  facet normal 0 0 -1
    outer loop
      vertex -32.36043666994744 -8.174593080251336 327.6
      vertex -32.36043666994744 8.174593080251336 327.6
      vertex -30.5 -9.526279441628825 327.6
    endloop
  endfacet
  facet normal 0 0 -1
    outer loop
      vertex -35.04900003406861 -4.474103073833803 327.6
      vertex -35.75962360807186 -2.2870285989953527 327.6
      vertex -35.75962360807186 2.2870285989953527 327.6
    endloop
  endfacet
  facet normal 0 0 -1
    outer loop
      vertex -35.75962360807186 -2.2870285989953527 327.6
      vertex -36 0 327.6
      vertex -35.75962360807186 2.2870285989953527 327.6
    endloop
  endfacet
  facet normal 0 0 -1
    outer loop
      vertex -35.04900003406861 -4.474103073833803 327.6
      vertex -35.75962360807186 2.2870285989953527 327.6
      vertex -35.04900003406861 4.474103073833803 327.6
    endloop
  endfacet
  facet normal 0 0 -1
    outer loop
      vertex -33.89918693812442 -6.465637775217204 327.6
      vertex -35.04900003406861 4.474103073833803 327.6
      vertex -33.89918693812442 6.465637775217204 327.6
    endloop
  endfacet
  facet normal 0 0 -1
    outer loop
      vertex -32.36043666994744 -8.174593080251336 327.6
      vertex -33.89918693812442 6.465637775217204 327.6
      vertex -32.36043666994744 8.174593080251336 327.6
    endloop
  endfacet
  facet normal 0 0 -1
    outer loop
      vertex -30.5 -9.526279441628825 327.6
      vertex -30.5 9.526279441628825 327.6
      vertex -28.399186938124423 -10.461621679246688 327.6
    endloop
  endfacet
  facet normal 0 0 -1
    outer loop
      vertex -28.399186938124423 -10.461621679246688 327.6
      vertex -29.95 9.450000000000001 327.6
      vertex -26.14981309594419 -10.939740849051006 327.6
    endloop
  endfacet
  facet normal 0 0 -1
    outer loop
      vertex -26.14981309594419 -10.939740849051006 327.6
      vertex -29.95 9.450000000000001 327.6
      vertex -23.85018690405581 -10.939740849051006 327.6
    endloop
  endfacet
  facet normal 0 0 -1
    outer loop
      vertex -23.85018690405581 -10.939740849051006 327.6
      vertex -29.95 9.450000000000001 327.6
      vertex -21.600813061875577 -10.461621679246688 327.6
    endloop
  endfacet
  facet normal 0 0 -1
    outer loop
      vertex -21.600813061875577 -10.461621679246688 327.6
      vertex -29.95 9.450000000000001 327.6
      vertex -19.5 -9.526279441628825 327.6
    endloop
  endfacet
  facet normal -0.5877852522924734 0.8090169943749473 0
    outer loop
      vertex -19.5 -9.526279441628825 34.80000000000001
      vertex -19.5 -9.526279441628825 327.6
      vertex -17.63956333005256 -8.174593080251336 327.6
    endloop
  endfacet
  facet normal -0.7431448254773938 0.6691306063588588 0
    outer loop
      vertex -16.100813061875577 -6.465637775217204 34.80000000000001
      vertex -17.63956333005256 -8.174593080251336 327.6
      vertex -16.100813061875577 -6.465637775217204 327.6
    endloop
  endfacet
  facet normal -0.866025403784439 0.49999999999999933 0
    outer loop
      vertex -14.950999965931391 -4.474103073833803 34.80000000000001
      vertex -16.100813061875577 -6.465637775217204 327.6
      vertex -14.950999965931391 -4.474103073833803 327.6
    endloop
  endfacet
  facet normal -0.9510565162951533 0.309016994374948 0
    outer loop
      vertex -14.240376391928137 -2.2870285989953527 34.80000000000001
      vertex -14.950999965931391 -4.474103073833803 327.6
      vertex -14.240376391928137 -2.2870285989953527 327.6
    endloop
  endfacet
  facet normal -0.9945218953682734 0.10452846326765323 0
    outer loop
      vertex -14 0 34.80000000000001
      vertex -14.240376391928137 -2.2870285989953527 327.6
      vertex -14 0 327.6
    endloop
  endfacet
  facet normal -0.9945218953682734 -0.10452846326765323 0
    outer loop
      vertex -14.240376391928137 2.2870285989953527 34.80000000000001
      vertex -14 0 327.6
      vertex -14.240376391928137 2.2870285989953527 327.6
    endloop
  endfacet
  facet normal 0 0 -1
    outer loop
      vertex -19.5 -9.526279441628825 327.6
      vertex -19.5 9.526279441628825 327.6
      vertex -17.63956333005256 -8.174593080251336 327.6
    endloop
  endfacet
  facet normal 0 0 -1
    outer loop
      vertex -17.63956333005256 -8.174593080251336 327.6
      vertex -17.63956333005256 8.174593080251336 327.6
      vertex -16.100813061875577 -6.465637775217204 327.6
    endloop
  endfacet
  facet normal 0 0 -1
    outer loop
      vertex -16.100813061875577 -6.465637775217204 327.6
      vertex -16.100813061875577 6.465637775217204 327.6
      vertex -14.950999965931391 -4.474103073833803 327.6
    endloop
  endfacet
  facet normal 0 0 -1
    outer loop
      vertex -14.950999965931391 -4.474103073833803 327.6
      vertex -16.100813061875577 6.465637775217204 327.6
      vertex -14.950999965931391 4.474103073833803 327.6
    endloop
  endfacet
  facet normal 0 0 -1
    outer loop
      vertex -14.950999965931391 -4.474103073833803 327.6
      vertex -14.950999965931391 4.474103073833803 327.6
      vertex -14.240376391928137 -2.2870285989953527 327.6
    endloop
  endfacet
  facet normal 0 0 -1
    outer loop
      vertex -14.240376391928137 -2.2870285989953527 327.6
      vertex -14.240376391928137 2.2870285989953527 327.6
      vertex -14 0 327.6
    endloop
  endfacet
  facet normal 0 0 -1
    outer loop
      vertex -14.240376391928137 -2.2870285989953527 327.6
      vertex -14.950999965931391 4.474103073833803 327.6
      vertex -14.240376391928137 2.2870285989953527 327.6
    endloop
  endfacet
  facet normal 0.9510565162951538 -0.3090169943749466 -4.238333916464734e-20
    outer loop
      vertex -35.75962360807186 2.2870285989953527 34.80000000000001
      vertex -35.04900003406861 4.474103073833803 34.80000000000001
      vertex -35.04900003406861 4.474103073833803 327.6
    endloop
  endfacet
  facet normal 0.8660254037844384 -0.5000000000000006 2.1489553193164448e-19
    outer loop
      vertex -35.04900003406861 4.474103073833803 34.80000000000001
      vertex -33.89918693812442 6.465637775217204 34.80000000000001
      vertex -33.89918693812442 6.465637775217204 327.6
    endloop
  endfacet
  facet normal 0.7431448254773938 -0.6691306063588588 1.2921156313345848e-19
    outer loop
      vertex -33.89918693812442 6.465637775217204 34.80000000000001
      vertex -32.36043666994744 8.174593080251336 34.80000000000001
      vertex -32.36043666994744 8.174593080251336 327.6
    endloop
  endfacet
  facet normal 0.5877852522924734 -0.8090169943749473 0
    outer loop
      vertex -32.36043666994744 8.174593080251336 34.80000000000001
      vertex -30.5 9.526279441628825 34.80000000000001
      vertex -32.36043666994744 8.174593080251336 327.6
    endloop
  endfacet
  facet normal 0.4067366430758001 -0.9135454576426009 0
    outer loop
      vertex -30.5 9.526279441628825 34.80000000000001
      vertex -28.399186938124423 10.461621679246688 34.80000000000001
      vertex -30.5 9.526279441628825 327.6
    endloop
  endfacet
  facet normal 0.20791169081775945 -0.9781476007338056 8.533949608013335e-20
    outer loop
      vertex -28.399186938124423 10.461621679246688 34.80000000000001
      vertex -26.14981309594419 10.939740849051006 34.80000000000001
      vertex -26.14981309594419 10.939740849051006 327.55
    endloop
  endfacet
  facet normal 0 -1 0
    outer loop
      vertex -26.14981309594419 10.939740849051006 34.80000000000001
      vertex -23.85018690405581 10.939740849051006 34.80000000000001
      vertex -23.85018690405581 10.939740849051006 327.55
    endloop
  endfacet
  facet normal -0.20791169081775945 -0.9781476007338056 -8.533949608013335e-20
    outer loop
      vertex -23.85018690405581 10.939740849051006 34.80000000000001
      vertex -21.600813061875577 10.461621679246688 34.80000000000001
      vertex -21.600813061875577 10.461621679246688 327.55
    endloop
  endfacet
  facet normal -0.4067366430758002 -0.913545457642601 -1.9579681057514698e-20
    outer loop
      vertex -21.600813061875577 10.461621679246688 34.80000000000001
      vertex -19.5 9.526279441628825 34.80000000000001
      vertex -20.05 9.77115521854852 327.55
    endloop
  endfacet
  facet normal -0.866025403784439 -0.49999999999999933 0
    outer loop
      vertex -14.950999965931391 4.474103073833803 34.80000000000001
      vertex -14.950999965931391 4.474103073833803 327.6
      vertex -16.100813061875577 6.465637775217204 34.80000000000001
    endloop
  endfacet
  facet normal -0.9510565162951533 -0.309016994374948 4.46285500263735e-20
    outer loop
      vertex -14.950999965931391 4.474103073833803 34.80000000000001
      vertex -14.240376391928137 2.2870285989953527 34.80000000000001
      vertex -14.240376391928137 2.2870285989953527 327.6
    endloop
  endfacet
  facet normal -0.7431448254773938 -0.6691306063588588 -1.2921156313345848e-19
    outer loop
      vertex -17.63956333005256 8.174593080251336 34.80000000000001
      vertex -16.100813061875577 6.465637775217204 34.80000000000001
      vertex -16.100813061875577 6.465637775217204 327.6
    endloop
  endfacet
  facet normal -0.5877852522924734 -0.8090169943749473 0
    outer loop
      vertex -19.5 9.526279441628825 34.80000000000001
      vertex -17.63956333005256 8.174593080251336 34.80000000000001
      vertex -19.5 9.526279441628825 327.6
    endloop
  endfacet
  facet normal 0.9510565162951538 -0.3090169943749466 0
    outer loop
      vertex -35.75962360807186 2.2870285989953527 34.80000000000001
      vertex -35.04900003406861 4.474103073833803 327.6
      vertex -35.75962360807186 2.2870285989953527 327.6
    endloop
  endfacet
  facet normal 0.8660254037844384 -0.5000000000000006 0
    outer loop
      vertex -35.04900003406861 4.474103073833803 34.80000000000001
      vertex -33.89918693812442 6.465637775217204 327.6
      vertex -35.04900003406861 4.474103073833803 327.6
    endloop
  endfacet
  facet normal 0.7431448254773938 -0.6691306063588588 0
    outer loop
      vertex -33.89918693812442 6.465637775217204 34.80000000000001
      vertex -32.36043666994744 8.174593080251336 327.6
      vertex -33.89918693812442 6.465637775217204 327.6
    endloop
  endfacet
  facet normal 0.5877852522924734 -0.8090169943749473 0
    outer loop
      vertex -30.5 9.526279441628825 34.80000000000001
      vertex -30.5 9.526279441628825 327.6
      vertex -32.36043666994744 8.174593080251336 327.6
    endloop
  endfacet
  facet normal 0 0 -1
    outer loop
      vertex -30.5 -9.526279441628825 327.6
      vertex -32.36043666994744 8.174593080251336 327.6
      vertex -30.5 9.526279441628825 327.6
    endloop
  endfacet
  facet normal 0 0 -1
    outer loop
      vertex -30.5 9.526279441628825 327.6
      vertex -29.95 9.77115521854852 327.6
      vertex -29.95 9.450000000000001 327.6
    endloop
  endfacet
  facet normal 0.40673664307580026 -0.913545457642601 2.4786151782707753e-16
    outer loop
      vertex -30.5 9.526279441628825 327.6
      vertex -29.95 9.77115521854852 327.55
      vertex -29.95 9.77115521854852 327.6
    endloop
  endfacet
  facet normal 0 0 -1
    outer loop
      vertex -28.399186938124423 -10.461621679246688 327.6
      vertex -30.5 9.526279441628825 327.6
      vertex -29.95 9.450000000000001 327.6
    endloop
  endfacet
  facet normal 0 0 -1
    outer loop
      vertex -19.5 -9.526279441628825 327.6
      vertex -29.95 9.450000000000001 327.6
      vertex -20.05 9.450000000000001 327.6
    endloop
  endfacet
  facet normal 0.40673664307580026 -0.9135454576426009 4.363460320394484e-19
    outer loop
      vertex -28.399186938124423 10.461621679246688 34.80000000000001
      vertex -29.95 9.77115521854852 327.55
      vertex -30.5 9.526279441628825 327.6
    endloop
  endfacet
  facet normal 0.40673664307580015 -0.9135454576426009 0
    outer loop
      vertex -28.399186938124423 10.461621679246688 34.80000000000001
      vertex -28.399186938124423 10.461621679246688 327.55
      vertex -29.95 9.77115521854852 327.55
    endloop
  endfacet
  facet normal 0.20791169081775945 -0.9781476007338056 0
    outer loop
      vertex -28.399186938124423 10.461621679246688 34.80000000000001
      vertex -26.14981309594419 10.939740849051006 327.55
      vertex -28.399186938124423 10.461621679246688 327.55
    endloop
  endfacet
  facet normal 0 -1 0
    outer loop
      vertex -26.14981309594419 10.939740849051006 34.80000000000001
      vertex -23.85018690405581 10.939740849051006 327.55
      vertex -26.14981309594419 10.939740849051006 327.55
    endloop
  endfacet
  facet normal -0.20791169081775945 -0.9781476007338056 0
    outer loop
      vertex -23.85018690405581 10.939740849051006 34.80000000000001
      vertex -21.600813061875577 10.461621679246688 327.55
      vertex -23.85018690405581 10.939740849051006 327.55
    endloop
  endfacet
  facet normal -0.40673664307580015 -0.9135454576426009 0
    outer loop
      vertex -21.600813061875577 10.461621679246688 34.80000000000001
      vertex -20.05 9.77115521854852 327.55
      vertex -21.600813061875577 10.461621679246688 327.55
    endloop
  endfacet
  facet normal -0.866025403784439 -0.49999999999999933 0
    outer loop
      vertex -16.100813061875577 6.465637775217204 34.80000000000001
      vertex -14.950999965931391 4.474103073833803 327.6
      vertex -16.100813061875577 6.465637775217204 327.6
    endloop
  endfacet
  facet normal -0.9510565162951533 -0.309016994374948 0
    outer loop
      vertex -14.950999965931391 4.474103073833803 34.80000000000001
      vertex -14.240376391928137 2.2870285989953527 327.6
      vertex -14.950999965931391 4.474103073833803 327.6
    endloop
  endfacet
  facet normal -0.7431448254773938 -0.6691306063588588 0
    outer loop
      vertex -17.63956333005256 8.174593080251336 34.80000000000001
      vertex -16.100813061875577 6.465637775217204 327.6
      vertex -17.63956333005256 8.174593080251336 327.6
    endloop
  endfacet
  facet normal -0.5877852522924734 -0.8090169943749473 0
    outer loop
      vertex -17.63956333005256 8.174593080251336 34.80000000000001
      vertex -17.63956333005256 8.174593080251336 327.6
      vertex -19.5 9.526279441628825 327.6
    endloop
  endfacet
  facet normal -0.4067366430758002 -0.913545457642601 0
    outer loop
      vertex -19.5 9.526279441628825 34.80000000000001
      vertex -19.5 9.526279441628825 327.6
      vertex -20.05 9.77115521854852 327.55
    endloop
  endfacet
  facet normal 0 0 -1
    outer loop
      vertex -19.5 -9.526279441628825 327.6
      vertex -20.05 9.450000000000001 327.6
      vertex -19.5 9.526279441628825 327.6
    endloop
  endfacet
  facet normal 0 0 -1
    outer loop
      vertex -19.5 9.526279441628825 327.6
      vertex -17.63956333005256 8.174593080251336 327.6
      vertex -17.63956333005256 -8.174593080251336 327.6
    endloop
  endfacet
  facet normal 0 0 -1
    outer loop
      vertex -16.100813061875577 -6.465637775217204 327.6
      vertex -17.63956333005256 8.174593080251336 327.6
      vertex -16.100813061875577 6.465637775217204 327.6
    endloop
  endfacet
  facet normal 0 0 -1
    outer loop
      vertex -20.05 9.450000000000001 327.6
      vertex -20.05 9.77115521854852 327.6
      vertex -19.5 9.526279441628825 327.6
    endloop
  endfacet
  facet normal -0.40673664307580026 -0.913545457642601 0
    outer loop
      vertex -20.05 9.77115521854852 327.6
      vertex -20.05 9.77115521854852 327.55
      vertex -19.5 9.526279441628825 327.6
    endloop
  endfacet
  facet normal 0.20791169081776 0.9781476007338055 2.6931448743160856e-20
    outer loop
      vertex -2.9356614465620003 -9.035036904803958 30
      vertex -0.993020401042708 -9.447958005998597 327.6
      vertex -0.993020401042708 -9.447958005998597 30
    endloop
  endfacet
  facet normal 0.5877852522924732 0.8090169943749475 9.709787200853989e-20
    outer loop
      vertex -6.356740760409153 -7.059875842035245 30
      vertex -4.75 -8.227241335952167 327.6
      vertex -4.75 -8.227241335952167 30
    endloop
  endfacet
  facet normal 0.7431448254773937 0.6691306063588586 -1.4339768613506855e-19
    outer loop
      vertex -6.356740760409153 -7.059875842035245 30
      vertex -7.685661446562001 -5.583959896778495 30
      vertex -7.685661446562001 -5.583959896778495 327.6
    endloop
  endfacet
  facet normal 0.4067366430757999 0.9135454576426011 -2.11235691990851e-20
    outer loop
      vertex -4.75 -8.227241335952167 30
      vertex -2.9356614465620003 -9.035036904803958 327.6
      vertex -2.9356614465620003 -9.035036904803958 30
    endloop
  endfacet
  facet normal 0.9945218953682734 0.10452846326765322 -7.908334500655147e-18
    outer loop
      vertex -9.292402206971154 -1.9751610627687137 30
      vertex -9.5 0 30
      vertex -9.5 0 30.1
    endloop
  endfacet
  facet normal 0.866025403784439 0.4999999999999992 8.486193302152063e-20
    outer loop
      vertex -7.685661446562001 -5.583959896778495 30
      vertex -8.678681847604707 -3.863998109220102 30
      vertex -8.678681847604707 -3.863998109220102 327.6
    endloop
  endfacet
  facet normal 0.9510565162951532 0.3090169943749481 6.678976542206036e-20
    outer loop
      vertex -8.678681847604707 -3.863998109220102 30
      vertex -9.292402206971154 -1.9751610627687137 30
      vertex -9.292402206971154 -1.9751610627687137 327.6
    endloop
  endfacet
  facet normal 0.9945218953682734 0.10452846326765323 -2.658263697699247e-21
    outer loop
      vertex -9.292402206971154 -1.9751610627687137 30
      vertex -9.5 0 30.1
      vertex -9.5 0 327.6
    endloop
  endfacet
  facet normal 0.9945218953682734 -0.10452846326765322 0
    outer loop
      vertex -9.5 0 30.1
      vertex -9.5 0 30
      vertex -9.292402206971154 1.9751610627687137 327.6
    endloop
  endfacet
  facet normal 0.9945218953682733 -0.10452846326765323 2.6573704639298586e-21
    outer loop
      vertex -9.5 0 30
      vertex -9.292402206971154 1.9751610627687137 30
      vertex -9.292402206971154 1.9751610627687137 327.6
    endloop
  endfacet
  facet normal 0 1 0
    outer loop
      vertex -0.993020401042708 -9.447958005998597 30
      vertex -0.993020401042708 -9.447958005998597 327.6
      vertex 0.993020401042708 -9.447958005998597 327.6
    endloop
  endfacet
  facet normal 0.5877852522924732 0.8090169943749475 0
    outer loop
      vertex -6.356740760409153 -7.059875842035245 30
      vertex -6.356740760409153 -7.059875842035245 327.6
      vertex -4.75 -8.227241335952167 327.6
    endloop
  endfacet
  facet normal 0.7431448254773937 0.6691306063588586 0
    outer loop
      vertex -6.356740760409153 -7.059875842035245 30
      vertex -7.685661446562001 -5.583959896778495 327.6
      vertex -6.356740760409153 -7.059875842035245 327.6
    endloop
  endfacet
  facet normal 0.4067366430757999 0.9135454576426011 0
    outer loop
      vertex -4.75 -8.227241335952167 30
      vertex -4.75 -8.227241335952167 327.6
      vertex -2.9356614465620003 -9.035036904803958 327.6
    endloop
  endfacet
  facet normal 0.20791169081776 0.9781476007338055 0
    outer loop
      vertex -2.9356614465620003 -9.035036904803958 30
      vertex -2.9356614465620003 -9.035036904803958 327.6
      vertex -0.993020401042708 -9.447958005998597 327.6
    endloop
  endfacet
  facet normal 0.866025403784439 0.4999999999999992 0
    outer loop
      vertex -7.685661446562001 -5.583959896778495 30
      vertex -8.678681847604707 -3.863998109220102 327.6
      vertex -7.685661446562001 -5.583959896778495 327.6
    endloop
  endfacet
  facet normal 0.9510565162951532 0.3090169943749481 0
    outer loop
      vertex -8.678681847604707 -3.863998109220102 30
      vertex -9.292402206971154 -1.9751610627687137 327.6
      vertex -8.678681847604707 -3.863998109220102 327.6
    endloop
  endfacet
  facet normal 0.9945218953682733 0.10452846326765323 0
    outer loop
      vertex -9.292402206971154 -1.9751610627687137 30
      vertex -9.5 0 327.6
      vertex -9.292402206971154 -1.9751610627687137 327.6
    endloop
  endfacet
  facet normal 0.9945218953682734 -0.10452846326765323 0
    outer loop
      vertex -9.5 0 30.1
      vertex -9.292402206971154 1.9751610627687137 327.6
      vertex -9.5 0 327.6
    endloop
  endfacet
  facet normal 0 0 -1
    outer loop
      vertex -7.685661446562001 -5.583959896778495 327.6
      vertex -8.678681847604707 -3.863998109220102 327.6
      vertex -8.678681847604707 3.863998109220102 327.6
    endloop
  endfacet
  facet normal 0 0 -1
    outer loop
      vertex -6.356740760409153 -7.059875842035245 327.6
      vertex -6.356740760409153 7.059875842035245 327.6
      vertex -4.75 -8.227241335952167 327.6
    endloop
  endfacet
  facet normal 0 0 -1
    outer loop
      vertex -6.356740760409153 -7.059875842035245 327.6
      vertex -7.685661446562001 -5.583959896778495 327.6
      vertex -7.685661446562001 5.583959896778495 327.6
    endloop
  endfacet
  facet normal 0 0 -1
    outer loop
      vertex -2.9356614465620003 -9.035036904803958 327.6
      vertex -4.275 7.95 327.6
      vertex -0.993020401042708 -9.447958005998597 327.6
    endloop
  endfacet
  facet normal 0 0 -1
    outer loop
      vertex -4.275 7.95 327.6
      vertex 0.993020401042708 -9.447958005998597 327.6
      vertex -0.993020401042708 -9.447958005998597 327.6
    endloop
  endfacet
  facet normal 0 0 -1
    outer loop
      vertex -4.275 7.95 327.6
      vertex 2.9356614465620003 -9.035036904803958 327.6
      vertex 0.993020401042708 -9.447958005998597 327.6
    endloop
  endfacet
  facet normal 0 0 -1
    outer loop
      vertex -4.75 -8.227241335952167 327.6
      vertex -4.75 8.227241335952167 327.6
      vertex -2.9356614465620003 -9.035036904803958 327.6
    endloop
  endfacet
  facet normal 0 0 -1
    outer loop
      vertex -8.678681847604707 -3.863998109220102 327.6
      vertex -9.292402206971154 -1.9751610627687137 327.6
      vertex -9.292402206971154 1.9751610627687137 327.6
    endloop
  endfacet
  facet normal 0 0 -1
    outer loop
      vertex -9.292402206971154 -1.9751610627687137 327.6
      vertex -9.5 0 327.6
      vertex -9.292402206971154 1.9751610627687137 327.6
    endloop
  endfacet
  facet normal 0 0 -1
    outer loop
      vertex -8.678681847604707 -3.863998109220102 327.6
      vertex -9.292402206971154 1.9751610627687137 327.6
      vertex -8.678681847604707 3.863998109220102 327.6
    endloop
  endfacet
  facet normal 0 0 -1
    outer loop
      vertex -7.685661446562001 -5.583959896778495 327.6
      vertex -8.678681847604707 3.863998109220102 327.6
      vertex -7.685661446562001 5.583959896778495 327.6
    endloop
  endfacet
  facet normal 0 0 -1
    outer loop
      vertex -6.356740760409153 -7.059875842035245 327.6
      vertex -7.685661446562001 5.583959896778495 327.6
      vertex -6.356740760409153 7.059875842035245 327.6
    endloop
  endfacet
  facet normal 0.4067366430757999 -0.9135454576426012 9.535696890471809e-18
    outer loop
      vertex -4.75 8.227241335952167 30
      vertex -2.9356614465620003 9.035036904803958 30
      vertex -3.197409101749103 8.918499340402413 64.3564217492347
    endloop
  endfacet
  facet normal 0.20791169081776004 -0.9781476007338055 2.3378135253223802e-17
    outer loop
      vertex -2.9356614465620003 9.035036904803958 30
      vertex -0.993020401042708 9.447958005998597 30
      vertex -1.75 9.287057025189883 62.74891108675447
    endloop
  endfacet
  facet normal 0.4067366430758034 -0.9135454576425995 -1.8912950023217943e-16
    outer loop
      vertex -4.75 8.227241335952167 30
      vertex -3.197409101749103 8.918499340402413 64.3564217492347
      vertex -3.42351660256832 8.817829795074273 65.05230908213784
    endloop
  endfacet
  facet normal 0.40673664307579643 -0.9135454576426026 1.346326470596446e-16
    outer loop
      vertex -4.75 8.227241335952167 30
      vertex -3.42351660256832 8.817829795074273 65.05230908213784
      vertex -3.5 8.783777192587836 65.78
    endloop
  endfacet
  facet normal 0.4067366430757987 -0.9135454576426016 0
    outer loop
      vertex -2.9356614465620003 9.035036904803958 30
      vertex -2.9356614465620003 9.035036904803958 63.90306151168862
      vertex -3.197409101749103 8.918499340402413 64.3564217492347
    endloop
  endfacet
  facet normal 0.2079116908177679 -0.9781476007338038 0
    outer loop
      vertex -2.9356614465620003 9.035036904803958 30
      vertex -2.831559480312316 9.05716446081308 63.722751616976346
      vertex -2.9356614465620003 9.035036904803958 63.90306151168862
    endloop
  endfacet
  facet normal 0.20791169081776 -0.9781476007338055 2.547777781043389e-17
    outer loop
      vertex -2.9356614465620003 9.035036904803958 30
      vertex -2.341957122256004 9.161232654627065 63.17899311082912
      vertex -2.831559480312316 9.05716446081308 63.722751616976346
    endloop
  endfacet
  facet normal 0.2079116908177581 -0.9781476007338059 -2.4603010052231937e-17
    outer loop
      vertex -1.75 9.287057025189883 62.74891108675447
      vertex -0.993020401042708 9.447958005998597 30
      vertex -1.0815594803123159 9.429138443735619 62.45130219296696
    endloop
  endfacet
  facet normal 0.20791169081775995 -0.9781476007338055 2.69007947065822e-17
    outer loop
      vertex -2.9356614465620003 9.035036904803958 30
      vertex -1.75 9.287057025189883 62.74891108675447
      vertex -2.341957122256004 9.161232654627065 63.17899311082912
    endloop
  endfacet
  facet normal 0.20791169081776678 -0.9781476007338041 0
    outer loop
      vertex -0.993020401042708 9.447958005998597 30
      vertex -0.993020401042708 9.447958005998597 62.43248263070399
      vertex -1.0815594803123159 9.429138443735619 62.45130219296696
    endloop
  endfacet
  facet normal 0 -1 0
    outer loop
      vertex -0.993020401042708 9.447958005998597 30
      vertex -0.3658496214367871 9.447958005998597 62.29917336621104
      vertex -0.993020401042708 9.447958005998597 62.43248263070399
    endloop
  endfacet
  facet normal 0 -1 0
    outer loop
      vertex -0.993020401042708 9.447958005998597 30
      vertex 0.3658496214367871 9.447958005998597 62.29917336621104
      vertex -0.3658496214367871 9.447958005998597 62.29917336621104
    endloop
  endfacet
  facet normal 0.4067366430758039 -0.9135454576425992 0
    outer loop
      vertex -3.42351660256832 8.817829795074273 66.50769091786216
      vertex -3.197409101749103 8.918499340402413 67.2035782507653
      vertex -3.42351660256832 8.817829795074273 81.45230908213784
    endloop
  endfacet
  facet normal 0.4067366430757988 -0.9135454576426016 -9.778307709891235e-17
    outer loop
      vertex -3.197409101749103 8.918499340402413 67.2035782507653
      vertex -2.9356614465620003 9.035036904803958 67.65693848831138
      vertex -3.42351660256832 8.817829795074273 81.45230908213784
    endloop
  endfacet
  facet normal 0.4067366430757954 -0.9135454576426031 0
    outer loop
      vertex -3.42351660256832 8.817829795074273 66.50769091786216
      vertex -3.42351660256832 8.817829795074273 81.45230908213784
      vertex -3.5 8.783777192587836 82.18
    endloop
  endfacet
  facet normal 0.4067366430758043 -0.913545457642599 1.3555477139843952e-16
    outer loop
      vertex -2.9356614465620003 9.035036904803958 67.65693848831138
      vertex -3.197409101749103 8.918499340402413 80.7564217492347
      vertex -3.42351660256832 8.817829795074273 81.45230908213784
    endloop
  endfacet
  facet normal 0.20791169081776795 -0.9781476007338038 0
    outer loop
      vertex -2.9356614465620003 9.035036904803958 67.65693848831138
      vertex -2.831559480312316 9.05716446081308 67.83724838302366
      vertex -2.9356614465620003 9.035036904803958 80.30306151168863
    endloop
  endfacet
  facet normal 0.20791169081776004 -0.9781476007338056 0
    outer loop
      vertex -2.831559480312316 9.05716446081308 67.83724838302366
      vertex -2.341957122256004 9.161232654627065 68.38100688917088
      vertex -2.831559480312316 9.05716446081308 80.12275161697634
    endloop
  endfacet
  facet normal 0.40673664307579865 -0.9135454576426016 0
    outer loop
      vertex -2.9356614465620003 9.035036904803958 67.65693848831138
      vertex -2.9356614465620003 9.035036904803958 80.30306151168863
      vertex -3.197409101749103 8.918499340402413 80.7564217492347
    endloop
  endfacet
  facet normal 0.20791169081776795 -0.9781476007338039 0
    outer loop
      vertex -2.831559480312316 9.05716446081308 67.83724838302366
      vertex -2.831559480312316 9.05716446081308 80.12275161697634
      vertex -2.9356614465620003 9.035036904803958 80.30306151168863
    endloop
  endfacet
  facet normal 0.20791169081775998 -0.9781476007338055 0
    outer loop
      vertex -2.341957122256004 9.161232654627065 68.38100688917088
      vertex -2.341957122256004 9.161232654627065 79.57899311082913
      vertex -2.831559480312316 9.05716446081308 80.12275161697634
    endloop
  endfacet
  facet normal 0.20791169081775993 -0.9781476007338055 0
    outer loop
      vertex -2.341957122256004 9.161232654627065 68.38100688917088
      vertex -1.75 9.287057025189883 68.81108891324554
      vertex -2.341957122256004 9.161232654627065 79.57899311082913
    endloop
  endfacet
  facet normal 0.2079116908177581 -0.9781476007338059 0
    outer loop
      vertex -1.75 9.287057025189883 68.81108891324554
      vertex -1.0815594803123159 9.429138443735619 69.10869780703304
      vertex -1.75 9.287057025189883 79.14891108675447
    endloop
  endfacet
  facet normal 0.2079116908177599 -0.9781476007338055 0
    outer loop
      vertex -1.75 9.287057025189883 68.81108891324554
      vertex -1.75 9.287057025189883 79.14891108675447
      vertex -2.341957122256004 9.161232654627065 79.57899311082913
    endloop
  endfacet
  facet normal 0.20791169081775807 -0.9781476007338058 -4.89526634300577e-19
    outer loop
      vertex -1.75 9.287057025189883 79.14891108675447
      vertex -1.0815594803123159 9.429138443735619 69.10869780703304
      vertex -1.0815594803123159 9.429138443735619 78.85130219296697
    endloop
  endfacet
  facet normal 0.20791169081776678 -0.978147600733804 0
    outer loop
      vertex -1.0815594803123159 9.429138443735619 69.10869780703304
      vertex -0.993020401042708 9.447958005998597 69.12751736929602
      vertex -1.0815594803123159 9.429138443735619 78.85130219296697
    endloop
  endfacet
  facet normal 0 -1 0
    outer loop
      vertex -0.993020401042708 9.447958005998597 69.12751736929602
      vertex -0.3658496214367871 9.447958005998597 69.26082663378895
      vertex -0.993020401042708 9.447958005998597 78.83248263070399
    endloop
  endfacet
  facet normal 0 -1 0
    outer loop
      vertex -0.3658496214367871 9.447958005998597 69.26082663378895
      vertex 0.3658496214367871 9.447958005998597 69.26082663378895
      vertex -0.3658496214367871 9.447958005998597 78.69917336621106
    endloop
  endfacet
  facet normal 0.2079116908177668 -0.978147600733804 0
    outer loop
      vertex -0.993020401042708 9.447958005998597 69.12751736929602
      vertex -0.993020401042708 9.447958005998597 78.83248263070399
      vertex -1.0815594803123159 9.429138443735619 78.85130219296697
    endloop
  endfacet
  facet normal 0 -1 0
    outer loop
      vertex -0.993020401042708 9.447958005998597 78.83248263070399
      vertex -0.3658496214367871 9.447958005998597 69.26082663378895
      vertex -0.3658496214367871 9.447958005998597 78.69917336621106
    endloop
  endfacet
  facet normal 0.9510565162951532 -0.3090169943749481 -6.678976542206036e-20
    outer loop
      vertex -9.292402206971154 1.9751610627687137 30
      vertex -8.678681847604707 3.863998109220102 30
      vertex -8.678681847604707 3.863998109220102 327.6
    endloop
  endfacet
  facet normal 0.866025403784439 -0.4999999999999992 -8.486193302152063e-20
    outer loop
      vertex -8.678681847604707 3.863998109220102 30
      vertex -7.685661446562001 5.583959896778495 30
      vertex -7.685661446562001 5.583959896778495 327.6
    endloop
  endfacet
  facet normal 0.7431448254773937 -0.6691306063588586 1.4339768613506855e-19
    outer loop
      vertex -7.685661446562001 5.583959896778495 30
      vertex -6.356740760409153 7.059875842035245 30
      vertex -6.356740760409153 7.059875842035245 327.6
    endloop
  endfacet
  facet normal 0.5877852522924732 -0.8090169943749475 0
    outer loop
      vertex -6.356740760409153 7.059875842035245 30
      vertex -4.75 8.227241335952167 30
      vertex -6.356740760409153 7.059875842035245 327.6
    endloop
  endfacet
  facet normal 0.40673664307579543 -0.913545457642603 0
    outer loop
      vertex -3.5 8.783777192587836 82.18
      vertex -3.42351660256832 8.817829795074273 82.90769091786217
      vertex -3.5 8.783777192587836 112.26
    endloop
  endfacet
  facet normal 0.40673664307580387 -0.9135454576425993 2.6528735724302772e-17
    outer loop
      vertex -3.42351660256832 8.817829795074273 82.90769091786217
      vertex -3.197409101749103 8.918499340402413 83.60357825076531
      vertex -3.5 8.783777192587836 112.26
    endloop
  endfacet
  facet normal 0.4067366430757947 -0.9135454576426033 -9.01184690375294e-17
    outer loop
      vertex -3.197409101749103 8.918499340402413 83.60357825076531
      vertex -3.42351660256832 8.817829795074273 111.53230908213784
      vertex -3.5 8.783777192587836 112.26
    endloop
  endfacet
  facet normal 0.4067366430758039 -0.9135454576425992 0
    outer loop
      vertex -3.197409101749103 8.918499340402413 83.60357825076531
      vertex -3.197409101749103 8.918499340402413 110.8364217492347
      vertex -3.42351660256832 8.817829795074273 111.53230908213784
    endloop
  endfacet
  facet normal 0.40673664307579865 -0.9135454576426016 0
    outer loop
      vertex -3.197409101749103 8.918499340402413 83.60357825076531
      vertex -2.9356614465620003 9.035036904803958 84.05693848831139
      vertex -3.197409101749103 8.918499340402413 110.8364217492347
    endloop
  endfacet
  facet normal 0.2079116908177679 -0.9781476007338038 0
    outer loop
      vertex -2.9356614465620003 9.035036904803958 84.05693848831139
      vertex -2.831559480312316 9.05716446081308 84.23724838302367
      vertex -2.9356614465620003 9.035036904803958 110.38306151168862
    endloop
  endfacet
  facet normal 0.20791169081775998 -0.9781476007338055 0
    outer loop
      vertex -2.831559480312316 9.05716446081308 84.23724838302367
      vertex -2.341957122256004 9.161232654627065 84.78100688917088
      vertex -2.831559480312316 9.05716446081308 110.20275161697634
    endloop
  endfacet
  facet normal 0.4067366430757987 -0.9135454576426016 0
    outer loop
      vertex -2.9356614465620003 9.035036904803958 84.05693848831139
      vertex -2.9356614465620003 9.035036904803958 110.38306151168862
      vertex -3.197409101749103 8.918499340402413 110.8364217492347
    endloop
  endfacet
  facet normal 0.2079116908177679 -0.9781476007338038 0
    outer loop
      vertex -2.831559480312316 9.05716446081308 84.23724838302367
      vertex -2.831559480312316 9.05716446081308 110.20275161697634
      vertex -2.9356614465620003 9.035036904803958 110.38306151168862
    endloop
  endfacet
  facet normal 0.20791169081776 -0.9781476007338056 0
    outer loop
      vertex -2.341957122256004 9.161232654627065 84.78100688917088
      vertex -2.341957122256004 9.161232654627065 109.65899311082913
      vertex -2.831559480312316 9.05716446081308 110.20275161697634
    endloop
  endfacet
  facet normal 0.20791169081775993 -0.9781476007338055 0
    outer loop
      vertex -2.341957122256004 9.161232654627065 84.78100688917088
      vertex -1.75 9.287057025189883 85.21108891324555
      vertex -2.341957122256004 9.161232654627065 109.65899311082913
    endloop
  endfacet
  facet normal 0.2079116908177581 -0.9781476007338061 0
    outer loop
      vertex -1.75 9.287057025189883 85.21108891324555
      vertex -1.0815594803123159 9.429138443735619 85.50869780703304
      vertex -1.75 9.287057025189883 109.22891108675447
    endloop
  endfacet
  facet normal 0.20791169081775993 -0.9781476007338055 0
    outer loop
      vertex -1.75 9.287057025189883 85.21108891324555
      vertex -1.75 9.287057025189883 109.22891108675447
      vertex -2.341957122256004 9.161232654627065 109.65899311082913
    endloop
  endfacet
  facet normal 0.2079116908177581 -0.9781476007338059 -2.0361802025877123e-19
    outer loop
      vertex -1.75 9.287057025189883 109.22891108675447
      vertex -1.0815594803123159 9.429138443735619 85.50869780703304
      vertex -1.0815594803123159 9.429138443735619 108.93130219296697
    endloop
  endfacet
  facet normal 0.20791169081776678 -0.978147600733804 0
    outer loop
      vertex -1.0815594803123159 9.429138443735619 85.50869780703304
      vertex -0.993020401042708 9.447958005998597 85.52751736929602
      vertex -1.0815594803123159 9.429138443735619 108.93130219296697
    endloop
  endfacet
  facet normal 0 -1 0
    outer loop
      vertex -0.993020401042708 9.447958005998597 85.52751736929602
      vertex -0.3658496214367871 9.447958005998597 85.66082663378896
      vertex -0.993020401042708 9.447958005998597 108.91248263070399
    endloop
  endfacet
  facet normal 0 -1 0
    outer loop
      vertex -0.3658496214367871 9.447958005998597 85.66082663378896
      vertex 0.3658496214367871 9.447958005998597 85.66082663378896
      vertex -0.3658496214367871 9.447958005998597 108.77917336621105
    endloop
  endfacet
  facet normal 0.2079116908177668 -0.9781476007338041 0
    outer loop
      vertex -0.993020401042708 9.447958005998597 85.52751736929602
      vertex -0.993020401042708 9.447958005998597 108.91248263070399
      vertex -1.0815594803123159 9.429138443735619 108.93130219296697
    endloop
  endfacet
  facet normal 0 -1 0
    outer loop
      vertex -0.3658496214367871 9.447958005998597 85.66082663378896
      vertex -0.3658496214367871 9.447958005998597 108.77917336621105
      vertex -0.993020401042708 9.447958005998597 108.91248263070399
    endloop
  endfacet
  facet normal 0.406736643075804 -0.9135454576425993 -3.61012205971774e-20
    outer loop
      vertex -3.42351660256832 8.817829795074273 112.98769091786217
      vertex -3.197409101749103 8.918499340402413 113.68357825076531
      vertex -3.197409101749103 8.918499340402413 137.6464217492347
    endloop
  endfacet
  facet normal 0.4067366430758039 -0.9135454576425992 0
    outer loop
      vertex -3.42351660256832 8.817829795074273 112.98769091786217
      vertex -3.197409101749103 8.918499340402413 137.6464217492347
      vertex -3.42351660256832 8.817829795074273 138.34230908213783
    endloop
  endfacet
  facet normal 0.4067366430757953 -0.913545457642603 0
    outer loop
      vertex -3.42351660256832 8.817829795074273 112.98769091786217
      vertex -3.42351660256832 8.817829795074273 138.34230908213783
      vertex -3.5 8.783777192587836 139.07
    endloop
  endfacet
  facet normal 0.4067366430757987 -0.9135454576426016 0
    outer loop
      vertex -3.197409101749103 8.918499340402413 113.68357825076531
      vertex -2.9356614465620003 9.035036904803958 114.13693848831139
      vertex -3.197409101749103 8.918499340402413 137.6464217492347
    endloop
  endfacet
  facet normal 0.20791169081776792 -0.9781476007338038 0
    outer loop
      vertex -2.9356614465620003 9.035036904803958 114.13693848831139
      vertex -2.831559480312316 9.05716446081308 114.31724838302367
      vertex -2.9356614465620003 9.035036904803958 137.19306151168863
    endloop
  endfacet
  facet normal 0.20791169081775998 -0.9781476007338056 0
    outer loop
      vertex -2.831559480312316 9.05716446081308 114.31724838302367
      vertex -2.341957122256004 9.161232654627065 114.86100688917088
      vertex -2.831559480312316 9.05716446081308 137.01275161697635
    endloop
  endfacet
  facet normal 0.40673664307579865 -0.9135454576426015 0
    outer loop
      vertex -2.9356614465620003 9.035036904803958 114.13693848831139
      vertex -2.9356614465620003 9.035036904803958 137.19306151168863
      vertex -3.197409101749103 8.918499340402413 137.6464217492347
    endloop
  endfacet
  facet normal 0.20791169081776792 -0.9781476007338038 0
    outer loop
      vertex -2.831559480312316 9.05716446081308 114.31724838302367
      vertex -2.831559480312316 9.05716446081308 137.01275161697635
      vertex -2.9356614465620003 9.035036904803958 137.19306151168863
    endloop
  endfacet
  facet normal 0.20791169081776 -0.9781476007338056 0
    outer loop
      vertex -2.341957122256004 9.161232654627065 114.86100688917088
      vertex -2.341957122256004 9.161232654627065 136.4689931108291
      vertex -2.831559480312316 9.05716446081308 137.01275161697635
    endloop
  endfacet
  facet normal 0.20791169081775993 -0.9781476007338055 0
    outer loop
      vertex -2.341957122256004 9.161232654627065 114.86100688917088
      vertex -1.75 9.287057025189883 115.29108891324555
      vertex -2.341957122256004 9.161232654627065 136.4689931108291
    endloop
  endfacet
  facet normal 0.20791169081775807 -0.9781476007338058 0
    outer loop
      vertex -1.75 9.287057025189883 115.29108891324555
      vertex -1.0815594803123159 9.429138443735619 115.58869780703304
      vertex -1.75 9.287057025189883 136.03891108675447
    endloop
  endfacet
  facet normal 0.20791169081776673 -0.978147600733804 -2.3622847365743726e-20
    outer loop
      vertex -1.0815594803123159 9.429138443735619 115.58869780703304
      vertex -0.993020401042708 9.447958005998597 115.60751736929602
      vertex -0.993020401042708 9.447958005998597 135.72248263070398
    endloop
  endfacet
  facet normal 0 -1 0
    outer loop
      vertex -0.993020401042708 9.447958005998597 115.60751736929602
      vertex -0.3658496214367871 9.447958005998597 115.74082663378896
      vertex -0.993020401042708 9.447958005998597 135.72248263070398
    endloop
  endfacet
  facet normal 0 -1 0
    outer loop
      vertex -0.3658496214367871 9.447958005998597 115.74082663378896
      vertex 0.3658496214367871 9.447958005998597 115.74082663378896
      vertex -0.3658496214367871 9.447958005998597 135.58917336621104
    endloop
  endfacet
  facet normal 0.20791169081775993 -0.9781476007338055 0
    outer loop
      vertex -1.75 9.287057025189883 115.29108891324555
      vertex -1.75 9.287057025189883 136.03891108675447
      vertex -2.341957122256004 9.161232654627065 136.4689931108291
    endloop
  endfacet
  facet normal 0.2079116908177581 -0.978147600733806 -2.366574683368031e-19
    outer loop
      vertex -1.75 9.287057025189883 136.03891108675447
      vertex -1.0815594803123159 9.429138443735619 115.58869780703304
      vertex -1.0815594803123159 9.429138443735619 135.74130219296697
    endloop
  endfacet
  facet normal 0.20791169081776675 -0.978147600733804 0
    outer loop
      vertex -1.0815594803123159 9.429138443735619 115.58869780703304
      vertex -0.993020401042708 9.447958005998597 135.72248263070398
      vertex -1.0815594803123159 9.429138443735619 135.74130219296697
    endloop
  endfacet
  facet normal 0 -1 0
    outer loop
      vertex -0.3658496214367871 9.447958005998597 115.74082663378896
      vertex -0.3658496214367871 9.447958005998597 135.58917336621104
      vertex -0.993020401042708 9.447958005998597 135.72248263070398
    endloop
  endfacet
  facet normal 0.4067366430757996 -0.9135454576426011 0
    outer loop
      vertex -4.75 8.227241335952167 30
      vertex -3.5 8.783777192587836 65.78
      vertex -4.75 8.227241335952167 327.6
    endloop
  endfacet
  facet normal 0.4067366430757954 -0.9135454576426031 0
    outer loop
      vertex -3.5 8.783777192587836 139.07
      vertex -3.42351660256832 8.817829795074273 139.79769091786216
      vertex -3.5 8.783777192587836 162.95
    endloop
  endfacet
  facet normal 0.4067366430758039 -0.9135454576425992 0
    outer loop
      vertex -3.42351660256832 8.817829795074273 139.79769091786216
      vertex -3.197409101749103 8.918499340402413 140.4935782507653
      vertex -3.42351660256832 8.817829795074273 162.22230908213783
    endloop
  endfacet
  facet normal 0.4067366430757955 -0.913545457642603 -2.34491501797308e-17
    outer loop
      vertex -3.5 8.783777192587836 65.78
      vertex -3.42351660256832 8.817829795074273 66.50769091786216
      vertex -4.75 8.227241335952167 327.6
    endloop
  endfacet
  facet normal 0.4067366430758968 -0.9135454576425579 5.972935445642281e-16
    outer loop
      vertex -3.42351660256832 8.817829795074273 66.50769091786216
      vertex -3.5 8.783777192587836 82.18
      vertex -4.75 8.227241335952167 327.6
    endloop
  endfacet
  facet normal 0.4067366430757954 -0.9135454576426031 0
    outer loop
      vertex -3.42351660256832 8.817829795074273 139.79769091786216
      vertex -3.42351660256832 8.817829795074273 162.22230908213783
      vertex -3.5 8.783777192587836 162.95
    endloop
  endfacet
  facet normal 0.406736643075804 -0.9135454576425992 0
    outer loop
      vertex -3.197409101749103 8.918499340402413 140.4935782507653
      vertex -3.197409101749103 8.918499340402413 161.5264217492347
      vertex -3.42351660256832 8.817829795074273 162.22230908213783
    endloop
  endfacet
  facet normal 0.4067366430757987 -0.9135454576426016 0
    outer loop
      vertex -3.197409101749103 8.918499340402413 140.4935782507653
      vertex -2.9356614465620003 9.035036904803958 140.94693848831136
      vertex -3.197409101749103 8.918499340402413 161.5264217492347
    endloop
  endfacet
  facet normal 0.20791169081776795 -0.9781476007338039 0
    outer loop
      vertex -2.9356614465620003 9.035036904803958 140.94693848831136
      vertex -2.831559480312316 9.05716446081308 141.12724838302364
      vertex -2.9356614465620003 9.035036904803958 161.07306151168862
    endloop
  endfacet
  facet normal 0.20791169081776 -0.9781476007338056 0
    outer loop
      vertex -2.831559480312316 9.05716446081308 141.12724838302364
      vertex -2.341957122256004 9.161232654627065 141.67100688917088
      vertex -2.831559480312316 9.05716446081308 160.89275161697634
    endloop
  endfacet
  facet normal 0.40673664307579865 -0.9135454576426015 0
    outer loop
      vertex -2.9356614465620003 9.035036904803958 140.94693848831136
      vertex -2.9356614465620003 9.035036904803958 161.07306151168862
      vertex -3.197409101749103 8.918499340402413 161.5264217492347
    endloop
  endfacet
  facet normal 0.2079116908177679 -0.9781476007338038 0
    outer loop
      vertex -2.831559480312316 9.05716446081308 141.12724838302364
      vertex -2.831559480312316 9.05716446081308 160.89275161697634
      vertex -2.9356614465620003 9.035036904803958 161.07306151168862
    endloop
  endfacet
  facet normal 0.20791169081776004 -0.9781476007338056 0
    outer loop
      vertex -2.341957122256004 9.161232654627065 141.67100688917088
      vertex -2.341957122256004 9.161232654627065 160.3489931108291
      vertex -2.831559480312316 9.05716446081308 160.89275161697634
    endloop
  endfacet
  facet normal 0.20791169081775995 -0.9781476007338055 0
    outer loop
      vertex -2.341957122256004 9.161232654627065 141.67100688917088
      vertex -1.75 9.287057025189883 142.10108891324552
      vertex -2.341957122256004 9.161232654627065 160.3489931108291
    endloop
  endfacet
  facet normal 0.2079116908177581 -0.9781476007338058 -6.188129722317127e-17
    outer loop
      vertex -1.75 9.287057025189883 142.10108891324552
      vertex -1.0815594803123159 9.429138443735619 142.39869780703302
      vertex -2.341957122256004 9.161232654627065 160.3489931108291
    endloop
  endfacet
  facet normal 0.20791169081776678 -0.978147600733804 0
    outer loop
      vertex -1.0815594803123159 9.429138443735619 142.39869780703302
      vertex -0.993020401042708 9.447958005998597 142.417517369296
      vertex -1.0815594803123159 9.429138443735619 159.62130219296697
    endloop
  endfacet
  facet normal 0 -1 0
    outer loop
      vertex -0.993020401042708 9.447958005998597 142.417517369296
      vertex -0.3658496214367871 9.447958005998597 142.55082663378894
      vertex -0.993020401042708 9.447958005998597 159.60248263070397
    endloop
  endfacet
  facet normal 0 -1 0
    outer loop
      vertex -0.3658496214367871 9.447958005998597 142.55082663378894
      vertex 0.3658496214367871 9.447958005998597 142.55082663378894
      vertex -0.3658496214367871 9.447958005998597 159.46917336621104
    endloop
  endfacet
  facet normal 0.20791169081776 -0.9781476007338056 7.71621343627819e-17
    outer loop
      vertex -2.341957122256004 9.161232654627065 160.3489931108291
      vertex -1.0815594803123159 9.429138443735619 142.39869780703302
      vertex -1.75 9.287057025189883 159.91891108675446
    endloop
  endfacet
  facet normal 0.2079116908177581 -0.9781476007338059 -2.769188809947601e-19
    outer loop
      vertex -1.75 9.287057025189883 159.91891108675446
      vertex -1.0815594803123159 9.429138443735619 142.39869780703302
      vertex -1.0815594803123159 9.429138443735619 159.62130219296697
    endloop
  endfacet
  facet normal 0.20791169081776678 -0.9781476007338041 0
    outer loop
      vertex -0.993020401042708 9.447958005998597 142.417517369296
      vertex -0.993020401042708 9.447958005998597 159.60248263070397
      vertex -1.0815594803123159 9.429138443735619 159.62130219296697
    endloop
  endfacet
  facet normal 0 -1 0
    outer loop
      vertex -0.3658496214367871 9.447958005998597 142.55082663378894
      vertex -0.3658496214367871 9.447958005998597 159.46917336621104
      vertex -0.993020401042708 9.447958005998597 159.60248263070397
    endloop
  endfacet
  facet normal 0.4067366430757954 -0.913545457642603 0
    outer loop
      vertex -3.5 8.783777192587836 162.95
      vertex -3.42351660256832 8.817829795074273 163.67769091786215
      vertex -3.5 8.783777192587836 173.89
    endloop
  endfacet
  facet normal 0.4067366430758039 -0.9135454576425992 0
    outer loop
      vertex -3.42351660256832 8.817829795074273 163.67769091786215
      vertex -3.197409101749103 8.918499340402413 164.3735782507653
      vertex -3.42351660256832 8.817829795074273 173.16230908213782
    endloop
  endfacet
  facet normal 0.4067366430757954 -0.913545457642603 0
    outer loop
      vertex -3.42351660256832 8.817829795074273 163.67769091786215
      vertex -3.42351660256832 8.817829795074273 173.16230908213782
      vertex -3.5 8.783777192587836 173.89
    endloop
  endfacet
  facet normal 0.406736643075804 -0.9135454576425993 0
    outer loop
      vertex -3.197409101749103 8.918499340402413 164.3735782507653
      vertex -3.197409101749103 8.918499340402413 172.46642174923468
      vertex -3.42351660256832 8.817829795074273 173.16230908213782
    endloop
  endfacet
  facet normal 0.4067366430757997 -0.9135454576426012 0
    outer loop
      vertex -3.5 8.783777192587836 82.18
      vertex -3.5 8.783777192587836 112.26
      vertex -4.75 8.227241335952167 327.6
    endloop
  endfacet
  facet normal 0.4067366430757956 -0.913545457642603 -2.824562214230575e-17
    outer loop
      vertex -3.5 8.783777192587836 112.26
      vertex -3.42351660256832 8.817829795074273 112.98769091786217
      vertex -4.75 8.227241335952167 327.6
    endloop
  endfacet
  facet normal 0.4067366430757954 -0.9135454576426031 0
    outer loop
      vertex -3.5 8.783777192587836 173.89
      vertex -3.42351660256832 8.817829795074273 174.61769091786215
      vertex -3.5 8.783777192587836 193.97
    endloop
  endfacet
  facet normal 0.4067366430758039 -0.9135454576425992 0
    outer loop
      vertex -3.42351660256832 8.817829795074273 174.61769091786215
      vertex -3.197409101749103 8.918499340402413 175.3135782507653
      vertex -3.42351660256832 8.817829795074273 193.24230908213784
    endloop
  endfacet
  facet normal 0.40673664307579865 -0.9135454576426016 0
    outer loop
      vertex -3.197409101749103 8.918499340402413 164.3735782507653
      vertex -2.9356614465620003 9.035036904803958 164.82693848831136
      vertex -3.197409101749103 8.918499340402413 172.46642174923468
    endloop
  endfacet
  facet normal 0.20791169081776792 -0.9781476007338038 0
    outer loop
      vertex -2.9356614465620003 9.035036904803958 164.82693848831136
      vertex -2.831559480312316 9.05716446081308 165.00724838302364
      vertex -2.9356614465620003 9.035036904803958 172.01306151168862
    endloop
  endfacet
  facet normal 0.40673664307579865 -0.9135454576426016 0
    outer loop
      vertex -2.9356614465620003 9.035036904803958 164.82693848831136
      vertex -2.9356614465620003 9.035036904803958 172.01306151168862
      vertex -3.197409101749103 8.918499340402413 172.46642174923468
    endloop
  endfacet
  facet normal 0.20791169081776795 -0.9781476007338039 0
    outer loop
      vertex -2.831559480312316 9.05716446081308 165.00724838302364
      vertex -2.831559480312316 9.05716446081308 171.83275161697634
      vertex -2.9356614465620003 9.035036904803958 172.01306151168862
    endloop
  endfacet
  facet normal 0.20791169081775998 -0.9781476007338055 0
    outer loop
      vertex -2.831559480312316 9.05716446081308 165.00724838302364
      vertex -2.341957122256004 9.161232654627065 165.55100688917088
      vertex -2.831559480312316 9.05716446081308 171.83275161697634
    endloop
  endfacet
  facet normal 0.20791169081775995 -0.9781476007338055 7.987897079542439e-20
    outer loop
      vertex -2.831559480312316 9.05716446081308 171.83275161697634
      vertex -2.341957122256004 9.161232654627065 165.55100688917088
      vertex -2.341957122256004 9.161232654627065 171.2889931108291
    endloop
  endfacet
  facet normal 0.4067366430757987 -0.9135454576426015 0
    outer loop
      vertex -3.197409101749103 8.918499340402413 175.3135782507653
      vertex -2.9356614465620003 9.035036904803958 175.76693848831135
      vertex -3.197409101749103 8.918499340402413 192.5464217492347
    endloop
  endfacet
  facet normal 0.20791169081776795 -0.9781476007338038 0
    outer loop
      vertex -2.9356614465620003 9.035036904803958 175.76693848831135
      vertex -2.831559480312316 9.05716446081308 175.94724838302363
      vertex -2.9356614465620003 9.035036904803958 192.09306151168863
    endloop
  endfacet
  facet normal 0.20791169081775998 -0.9781476007338055 0
    outer loop
      vertex -2.831559480312316 9.05716446081308 175.94724838302363
      vertex -2.341957122256004 9.161232654627065 176.49100688917088
      vertex -2.831559480312316 9.05716446081308 191.91275161697635
    endloop
  endfacet
  facet normal 0.20791169081775993 -0.9781476007338055 0
    outer loop
      vertex -2.341957122256004 9.161232654627065 165.55100688917088
      vertex -1.75 9.287057025189883 165.98108891324551
      vertex -2.341957122256004 9.161232654627065 171.2889931108291
    endloop
  endfacet
  facet normal 0.20791169081775993 -0.9781476007338055 0
    outer loop
      vertex -1.75 9.287057025189883 165.98108891324551
      vertex -1.75 9.287057025189883 170.85891108675446
      vertex -2.341957122256004 9.161232654627065 171.2889931108291
    endloop
  endfacet
  facet normal 0.2079116908177581 -0.978147600733806 0
    outer loop
      vertex -1.75 9.287057025189883 165.98108891324551
      vertex -1.0815594803123159 9.429138443735619 166.278697807033
      vertex -1.75 9.287057025189883 170.85891108675446
    endloop
  endfacet
  facet normal 0.20791169081775807 -0.9781476007338059 -1.1136364474927318e-18
    outer loop
      vertex -1.75 9.287057025189883 170.85891108675446
      vertex -1.0815594803123159 9.429138443735619 166.278697807033
      vertex -1.0815594803123159 9.429138443735619 170.56130219296696
    endloop
  endfacet
  facet normal 0.2079116908177668 -0.978147600733804 0
    outer loop
      vertex -1.0815594803123159 9.429138443735619 166.278697807033
      vertex -0.993020401042708 9.447958005998597 166.297517369296
      vertex -1.0815594803123159 9.429138443735619 170.56130219296696
    endloop
  endfacet
  facet normal 0.20791169081776678 -0.978147600733804 0
    outer loop
      vertex -0.993020401042708 9.447958005998597 166.297517369296
      vertex -0.993020401042708 9.447958005998597 170.54248263070397
      vertex -1.0815594803123159 9.429138443735619 170.56130219296696
    endloop
  endfacet
  facet normal 0 -1 0
    outer loop
      vertex -0.993020401042708 9.447958005998597 166.297517369296
      vertex -0.3658496214367871 9.447958005998597 166.43082663378894
      vertex -0.993020401042708 9.447958005998597 170.54248263070397
    endloop
  endfacet
  facet normal 0 -1 0
    outer loop
      vertex -0.993020401042708 9.447958005998597 170.54248263070397
      vertex -0.3658496214367871 9.447958005998597 166.43082663378894
      vertex -0.3658496214367871 9.447958005998597 170.40917336621104
    endloop
  endfacet
  facet normal 0 -1 0
    outer loop
      vertex -0.3658496214367871 9.447958005998597 166.43082663378894
      vertex 0.3658496214367871 9.447958005998597 166.43082663378894
      vertex -0.3658496214367871 9.447958005998597 170.40917336621104
    endloop
  endfacet
  facet normal 0.20791169081775995 -0.9781476007338056 0
    outer loop
      vertex -2.341957122256004 9.161232654627065 176.49100688917088
      vertex -1.75 9.287057025189883 176.9210889132455
      vertex -2.341957122256004 9.161232654627065 191.3689931108291
    endloop
  endfacet
  facet normal 0.20791169081775807 -0.9781476007338059 0
    outer loop
      vertex -1.75 9.287057025189883 176.9210889132455
      vertex -1.0815594803123159 9.429138443735619 177.218697807033
      vertex -1.75 9.287057025189883 190.93891108675447
    endloop
  endfacet
  facet normal 0.20791169081776675 -0.978147600733804 0
    outer loop
      vertex -1.0815594803123159 9.429138443735619 177.218697807033
      vertex -0.993020401042708 9.447958005998597 177.237517369296
      vertex -1.0815594803123159 9.429138443735619 190.64130219296698
    endloop
  endfacet
  facet normal 0 -1 0
    outer loop
      vertex -0.993020401042708 9.447958005998597 177.237517369296
      vertex -0.3658496214367871 9.447958005998597 177.37082663378894
      vertex -0.993020401042708 9.447958005998597 190.62248263070398
    endloop
  endfacet
  facet normal 0 -1 0
    outer loop
      vertex -0.3658496214367871 9.447958005998597 177.37082663378894
      vertex 0.3658496214367871 9.447958005998597 177.37082663378894
      vertex -0.3658496214367871 9.447958005998597 190.48917336621105
    endloop
  endfacet
  facet normal 0.9510565162951532 -0.3090169943749481 0
    outer loop
      vertex -9.292402206971154 1.9751610627687137 30
      vertex -8.678681847604707 3.863998109220102 327.6
      vertex -9.292402206971154 1.9751610627687137 327.6
    endloop
  endfacet
  facet normal 0.866025403784439 -0.4999999999999992 0
    outer loop
      vertex -8.678681847604707 3.863998109220102 30
      vertex -7.685661446562001 5.583959896778495 327.6
      vertex -8.678681847604707 3.863998109220102 327.6
    endloop
  endfacet
  facet normal 0.7431448254773937 -0.6691306063588586 0
    outer loop
      vertex -7.685661446562001 5.583959896778495 30
      vertex -6.356740760409153 7.059875842035245 327.6
      vertex -7.685661446562001 5.583959896778495 327.6
    endloop
  endfacet
  facet normal 0.5877852522924732 -0.8090169943749475 0
    outer loop
      vertex -4.75 8.227241335952167 30
      vertex -4.75 8.227241335952167 327.6
      vertex -6.356740760409153 7.059875842035245 327.6
    endloop
  endfacet
  facet normal 0.4067366430758031 -0.9135454576425996 2.6929936827675926e-17
    outer loop
      vertex -3.42351660256832 8.817829795074273 112.98769091786217
      vertex -3.5 8.783777192587836 139.07
      vertex -4.75 8.227241335952167 327.6
    endloop
  endfacet
  facet normal 0.4067366430757953 -0.913545457642603 0
    outer loop
      vertex -3.42351660256832 8.817829795074273 174.61769091786215
      vertex -3.42351660256832 8.817829795074273 193.24230908213784
      vertex -3.5 8.783777192587836 193.97
    endloop
  endfacet
  facet normal 0.4067366430758039 -0.9135454576425992 0
    outer loop
      vertex -3.197409101749103 8.918499340402413 175.3135782507653
      vertex -3.197409101749103 8.918499340402413 192.5464217492347
      vertex -3.42351660256832 8.817829795074273 193.24230908213784
    endloop
  endfacet
  facet normal 0.4067366430757986 -0.9135454576426015 0
    outer loop
      vertex -2.9356614465620003 9.035036904803958 175.76693848831135
      vertex -2.9356614465620003 9.035036904803958 192.09306151168863
      vertex -3.197409101749103 8.918499340402413 192.5464217492347
    endloop
  endfacet
  facet normal 0.2079116908177679 -0.9781476007338038 0
    outer loop
      vertex -2.831559480312316 9.05716446081308 175.94724838302363
      vertex -2.831559480312316 9.05716446081308 191.91275161697635
      vertex -2.9356614465620003 9.035036904803958 192.09306151168863
    endloop
  endfacet
  facet normal 0.20791169081776 -0.9781476007338056 0
    outer loop
      vertex -2.341957122256004 9.161232654627065 176.49100688917088
      vertex -2.341957122256004 9.161232654627065 191.3689931108291
      vertex -2.831559480312316 9.05716446081308 191.91275161697635
    endloop
  endfacet
  facet normal 0.2079116908177599 -0.9781476007338055 0
    outer loop
      vertex -1.75 9.287057025189883 176.9210889132455
      vertex -1.75 9.287057025189883 190.93891108675447
      vertex -2.341957122256004 9.161232654627065 191.3689931108291
    endloop
  endfacet
  facet normal 0.20791169081775804 -0.9781476007338059 -3.553158684588933e-19
    outer loop
      vertex -1.75 9.287057025189883 190.93891108675447
      vertex -1.0815594803123159 9.429138443735619 177.218697807033
      vertex -1.0815594803123159 9.429138443735619 190.64130219296698
    endloop
  endfacet
  facet normal 0.20791169081776675 -0.9781476007338041 0
    outer loop
      vertex -0.993020401042708 9.447958005998597 177.237517369296
      vertex -0.993020401042708 9.447958005998597 190.62248263070398
      vertex -1.0815594803123159 9.429138443735619 190.64130219296698
    endloop
  endfacet
  facet normal 0 -1 0
    outer loop
      vertex -0.3658496214367871 9.447958005998597 177.37082663378894
      vertex -0.3658496214367871 9.447958005998597 190.48917336621105
      vertex -0.993020401042708 9.447958005998597 190.62248263070398
    endloop
  endfacet
  facet normal 0.40673664307579965 -0.9135454576426012 0
    outer loop
      vertex -3.5 8.783777192587836 139.07
      vertex -3.5 8.783777192587836 162.95
      vertex -4.75 8.227241335952167 327.6
    endloop
  endfacet
  facet normal 0.40673664307579965 -0.9135454576426011 0
    outer loop
      vertex -3.5 8.783777192587836 162.95
      vertex -3.5 8.783777192587836 173.89
      vertex -4.75 8.227241335952167 327.6
    endloop
  endfacet
  facet normal 0.40673664307579965 -0.9135454576426012 0
    outer loop
      vertex -3.5 8.783777192587836 173.89
      vertex -3.5 8.783777192587836 193.97
      vertex -4.75 8.227241335952167 327.6
    endloop
  endfacet
  facet normal 0.4067366430757957 -0.9135454576426029 -4.4105317791304973e-17
    outer loop
      vertex -3.5 8.783777192587836 193.97
      vertex -3.42351660256832 8.817829795074273 194.69769091786216
      vertex -4.75 8.227241335952167 327.6
    endloop
  endfacet
  facet normal 0.4067366430758038 -0.9135454576425993 5.305949560683795e-17
    outer loop
      vertex -3.42351660256832 8.817829795074273 194.69769091786216
      vertex -3.197409101749103 8.918499340402413 195.3935782507653
      vertex -4.75 8.227241335952167 327.6
    endloop
  endfacet
  facet normal 0.40673664307579865 -0.9135454576426016 -1.916849775326785e-17
    outer loop
      vertex -3.197409101749103 8.918499340402413 195.3935782507653
      vertex -2.9356614465620003 9.035036904803958 195.84693848831137
      vertex -4.75 8.227241335952167 327.6
    endloop
  endfacet
  facet normal 0.20791169081776792 -0.9781476007338038 0
    outer loop
      vertex -2.9356614465620003 9.035036904803958 195.84693848831137
      vertex -2.831559480312316 9.05716446081308 196.02724838302365
      vertex -2.9356614465620003 9.035036904803958 327.55
    endloop
  endfacet
  facet normal 0.20791169081776 -0.9781476007338055 -6.0351121192796245e-18
    outer loop
      vertex -2.831559480312316 9.05716446081308 196.02724838302365
      vertex -2.341957122256004 9.161232654627065 196.5710068891709
      vertex -0.993020401042708 9.447958005998597 327.55
    endloop
  endfacet
  facet normal 0.20791169081775995 -0.9781476007338056 -5.029569742903543e-18
    outer loop
      vertex -2.341957122256004 9.161232654627065 196.5710068891709
      vertex -1.75 9.287057025189883 197.00108891324552
      vertex -0.993020401042708 9.447958005998597 327.55
    endloop
  endfacet
  facet normal 0.2079116908177581 -0.978147600733806 6.143779474795498e-18
    outer loop
      vertex -1.75 9.287057025189883 197.00108891324552
      vertex -1.0815594803123159 9.429138443735619 197.29869780703302
      vertex -0.993020401042708 9.447958005998597 327.55
    endloop
  endfacet
  facet normal 0.20791169081776678 -0.9781476007338041 -3.648650049042753e-21
    outer loop
      vertex -1.0815594803123159 9.429138443735619 197.29869780703302
      vertex -0.993020401042708 9.447958005998597 197.317517369296
      vertex -0.993020401042708 9.447958005998597 327.55
    endloop
  endfacet
  facet normal 0 -1 0
    outer loop
      vertex -0.993020401042708 9.447958005998597 197.317517369296
      vertex -0.3658496214367871 9.447958005998597 197.45082663378895
      vertex -0.993020401042708 9.447958005998597 327.55
    endloop
  endfacet
  facet normal 0 0 -1
    outer loop
      vertex -4.75 -8.227241335952167 327.6
      vertex -6.356740760409153 7.059875842035245 327.6
      vertex -4.75 8.227241335952167 327.6
    endloop
  endfacet
  facet normal 0 0 -1
    outer loop
      vertex -2.9356614465620003 -9.035036904803958 327.6
      vertex -4.75 8.227241335952167 327.6
      vertex -4.275 7.95 327.6
    endloop
  endfacet
  facet normal 0.40673664307579926 -0.9135454576426014 -9.904462546085361e-18
    outer loop
      vertex -2.9356614465620003 9.035036904803958 195.84693848831137
      vertex -4.275 8.43872496147372 327.55
      vertex -4.75 8.227241335952167 327.6
    endloop
  endfacet
  facet normal 0.40673664307580004 -0.913545457642601 0
    outer loop
      vertex -2.9356614465620003 9.035036904803958 195.84693848831137
      vertex -2.9356614465620003 9.035036904803958 327.55
      vertex -4.275 8.43872496147372 327.55
    endloop
  endfacet
  facet normal 0.20791169081776004 -0.9781476007338055 -6.5155947803426936e-18
    outer loop
      vertex -2.831559480312316 9.05716446081308 196.02724838302365
      vertex -0.993020401042708 9.447958005998597 327.55
      vertex -2.9356614465620003 9.035036904803958 327.55
    endloop
  endfacet
  facet normal 0 -1 0
    outer loop
      vertex -0.3658496214367871 9.447958005998597 197.45082663378895
      vertex 0.993020401042708 9.447958005998597 327.55
      vertex -0.993020401042708 9.447958005998597 327.55
    endloop
  endfacet
  facet normal 0 0 -1
    outer loop
      vertex -4.75 8.227241335952167 327.6
      vertex -4.275 8.43872496147372 327.6
      vertex -4.275 7.95 327.6
    endloop
  endfacet
  facet normal 0.4067366430757994 -0.9135454576426012 -1.1422512062533145e-16
    outer loop
      vertex -4.75 8.227241335952167 327.6
      vertex -4.275 8.43872496147372 327.55
      vertex -4.275 8.43872496147372 327.6
    endloop
  endfacet
  facet normal 0 1 0
    outer loop
      vertex -0.993020401042708 -9.447958005998597 30
      vertex 0.993020401042708 -9.447958005998597 327.6
      vertex 0.993020401042708 -9.447958005998597 30
    endloop
  endfacet
  facet normal -0.20791169081776 0.9781476007338055 -2.6931448743160856e-20
    outer loop
      vertex 0.993020401042708 -9.447958005998597 30
      vertex 2.9356614465620003 -9.035036904803958 327.6
      vertex 2.9356614465620003 -9.035036904803958 30
    endloop
  endfacet
  facet normal -0.4067366430757999 0.9135454576426011 2.11235691990851e-20
    outer loop
      vertex 2.9356614465620003 -9.035036904803958 30
      vertex 4.75 -8.227241335952167 327.6
      vertex 4.75 -8.227241335952167 30
    endloop
  endfacet
  facet normal -0.5877852522924732 0.8090169943749475 -9.709787200853989e-20
    outer loop
      vertex 4.75 -8.227241335952167 30
      vertex 6.356740760409153 -7.059875842035245 327.6
      vertex 6.356740760409153 -7.059875842035245 30
    endloop
  endfacet
  facet normal -0.7431448254773937 0.6691306063588586 0
    outer loop
      vertex 6.356740760409153 -7.059875842035245 30
      vertex 6.356740760409153 -7.059875842035245 327.6
      vertex 7.685661446562001 -5.583959896778495 30
    endloop
  endfacet
  facet normal -0.9945218953682734 -0.10452846326765322 0
    outer loop
      vertex 9.5 0 30.1
      vertex 9.292402206971154 1.9751610627687137 30
      vertex 9.5 0 30
    endloop
  endfacet
  facet normal -0.866025403784439 0.4999999999999992 0
    outer loop
      vertex 7.685661446562001 -5.583959896778495 30
      vertex 7.685661446562001 -5.583959896778495 327.6
      vertex 8.678681847604707 -3.863998109220102 30
    endloop
  endfacet
  facet normal -0.9510565162951532 0.3090169943749481 0
    outer loop
      vertex 8.678681847604707 -3.863998109220102 30
      vertex 8.678681847604707 -3.863998109220102 327.6
      vertex 9.292402206971154 -1.9751610627687137 30
    endloop
  endfacet
  facet normal -0.9945218953682733 0.10452846326765323 0
    outer loop
      vertex 9.292402206971154 -1.9751610627687137 30
      vertex 9.292402206971154 -1.9751610627687137 327.6
      vertex 9.5 0 30
    endloop
  endfacet
  facet normal -0.9945218953682734 0.10452846326765322 0
    outer loop
      vertex 9.5 0 30.1
      vertex 9.5 0 30
      vertex 9.292402206971154 -1.9751610627687137 327.6
    endloop
  endfacet
  facet normal -0.9945218953682734 -0.10452846326765323 0
    outer loop
      vertex 9.5 0 30.1
      vertex 9.5 0 327.6
      vertex 9.292402206971154 1.9751610627687137 30
    endloop
  endfacet
  facet normal -0.20791169081776 0.9781476007338055 0
    outer loop
      vertex 0.993020401042708 -9.447958005998597 30
      vertex 0.993020401042708 -9.447958005998597 327.6
      vertex 2.9356614465620003 -9.035036904803958 327.6
    endloop
  endfacet
  facet normal -0.4067366430757999 0.9135454576426011 0
    outer loop
      vertex 2.9356614465620003 -9.035036904803958 30
      vertex 2.9356614465620003 -9.035036904803958 327.6
      vertex 4.75 -8.227241335952167 327.6
    endloop
  endfacet
  facet normal -0.5877852522924732 0.8090169943749475 0
    outer loop
      vertex 4.75 -8.227241335952167 30
      vertex 4.75 -8.227241335952167 327.6
      vertex 6.356740760409153 -7.059875842035245 327.6
    endloop
  endfacet
  facet normal -0.7431448254773937 0.6691306063588586 0
    outer loop
      vertex 7.685661446562001 -5.583959896778495 30
      vertex 6.356740760409153 -7.059875842035245 327.6
      vertex 7.685661446562001 -5.583959896778495 327.6
    endloop
  endfacet
  facet normal -0.866025403784439 0.4999999999999992 0
    outer loop
      vertex 8.678681847604707 -3.863998109220102 30
      vertex 7.685661446562001 -5.583959896778495 327.6
      vertex 8.678681847604707 -3.863998109220102 327.6
    endloop
  endfacet
  facet normal -0.9510565162951532 0.3090169943749481 0
    outer loop
      vertex 9.292402206971154 -1.9751610627687137 30
      vertex 8.678681847604707 -3.863998109220102 327.6
      vertex 9.292402206971154 -1.9751610627687137 327.6
    endloop
  endfacet
  facet normal -0.9945218953682734 0.10452846326765323 0
    outer loop
      vertex 9.5 0 30.1
      vertex 9.292402206971154 -1.9751610627687137 327.6
      vertex 9.5 0 327.6
    endloop
  endfacet
  facet normal -0.9945218953682733 -0.10452846326765323 0
    outer loop
      vertex 9.292402206971154 1.9751610627687137 30
      vertex 9.5 0 327.6
      vertex 9.292402206971154 1.9751610627687137 327.6
    endloop
  endfacet
  facet normal 0 0 -1
    outer loop
      vertex -4.275 7.95 327.6
      vertex 4.75 -8.227241335952167 327.6
      vertex 2.9356614465620003 -9.035036904803958 327.6
    endloop
  endfacet
  facet normal 0 0 -1
    outer loop
      vertex 4.75 -8.227241335952167 327.6
      vertex 4.75 8.227241335952167 327.6
      vertex 6.356740760409153 -7.059875842035245 327.6
    endloop
  endfacet
  facet normal 0 0 -1
    outer loop
      vertex 6.356740760409153 -7.059875842035245 327.6
      vertex 6.356740760409153 7.059875842035245 327.6
      vertex 7.685661446562001 -5.583959896778495 327.6
    endloop
  endfacet
  facet normal 0 0 -1
    outer loop
      vertex 7.685661446562001 -5.583959896778495 327.6
      vertex 7.685661446562001 5.583959896778495 327.6
      vertex 8.678681847604707 -3.863998109220102 327.6
    endloop
  endfacet
  facet normal 0 0 -1
    outer loop
      vertex 8.678681847604707 -3.863998109220102 327.6
      vertex 8.678681847604707 3.863998109220102 327.6
      vertex 9.292402206971154 -1.9751610627687137 327.6
    endloop
  endfacet
  facet normal 0 0 -1
    outer loop
      vertex 9.292402206971154 -1.9751610627687137 327.6
      vertex 9.292402206971154 1.9751610627687137 327.6
      vertex 9.5 0 327.6
    endloop
  endfacet
  facet normal 0 0 -1
    outer loop
      vertex 9.292402206971154 -1.9751610627687137 327.6
      vertex 8.678681847604707 3.863998109220102 327.6
      vertex 9.292402206971154 1.9751610627687137 327.6
    endloop
  endfacet
  facet normal 0 0 -1
    outer loop
      vertex 8.678681847604707 -3.863998109220102 327.6
      vertex 7.685661446562001 5.583959896778495 327.6
      vertex 8.678681847604707 3.863998109220102 327.6
    endloop
  endfacet
  facet normal 0 -1 0
    outer loop
      vertex -0.993020401042708 9.447958005998597 30
      vertex 0.993020401042708 9.447958005998597 30
      vertex 0.3658496214367871 9.447958005998597 62.29917336621104
    endloop
  endfacet
  facet normal -0.20791169081776006 -0.9781476007338056 0
    outer loop
      vertex 0.993020401042708 9.447958005998597 30
      vertex 2.9356614465620003 9.035036904803958 30
      vertex 0.993020401042708 9.447958005998597 62.43248263070399
    endloop
  endfacet
  facet normal -0.4067366430757999 -0.9135454576426011 -1.8542202129682e-19
    outer loop
      vertex 4.75 8.227241335952167 30
      vertex 2.9356614465620003 9.035036904803958 63.90306151168862
      vertex 2.9356614465620003 9.035036904803958 30
    endloop
  endfacet
  facet normal 0 -1 0
    outer loop
      vertex 0.993020401042708 9.447958005998597 30
      vertex 0.993020401042708 9.447958005998597 62.43248263070399
      vertex 0.3658496214367871 9.447958005998597 62.29917336621104
    endloop
  endfacet
  facet normal -0.20791169081776636 -0.9781476007338041 -4.2339575160366963e-16
    outer loop
      vertex 2.9356614465620003 9.035036904803958 30
      vertex 1.0815594803123159 9.429138443735619 62.45130219296696
      vertex 0.993020401042708 9.447958005998597 62.43248263070399
    endloop
  endfacet
  facet normal -0.20791169081775815 -0.978147600733806 9.588663186800796e-17
    outer loop
      vertex 2.9356614465620003 9.035036904803958 30
      vertex 1.75 9.287057025189883 62.74891108675447
      vertex 1.0815594803123159 9.429138443735619 62.45130219296696
    endloop
  endfacet
  facet normal -0.20791169081775993 -0.9781476007338055 2.7282880606597787e-17
    outer loop
      vertex 2.9356614465620003 9.035036904803958 30
      vertex 2.341957122256004 9.161232654627065 63.17899311082912
      vertex 1.75 9.287057025189883 62.74891108675447
    endloop
  endfacet
  facet normal -0.4067366430757988 -0.9135454576426014 7.243437056419521e-17
    outer loop
      vertex 4.75 8.227241335952167 30
      vertex 3.197409101749103 8.918499340402413 64.3564217492347
      vertex 2.9356614465620003 9.035036904803958 63.90306151168862
    endloop
  endfacet
  facet normal -0.4067366430758034 -0.9135454576425994 -1.9004552594671606e-16
    outer loop
      vertex 4.75 8.227241335952167 30
      vertex 3.42351660256832 8.817829795074273 65.05230908213784
      vertex 3.197409101749103 8.918499340402413 64.3564217492347
    endloop
  endfacet
  facet normal -0.40673664307579627 -0.9135454576426026 1.3908207064285533e-16
    outer loop
      vertex 4.75 8.227241335952167 30
      vertex 3.5 8.783777192587836 65.78
      vertex 3.42351660256832 8.817829795074273 65.05230908213784
    endloop
  endfacet
  facet normal -0.40673664307579965 -0.9135454576426012 0
    outer loop
      vertex 4.75 8.227241335952167 30
      vertex 3.5 8.783777192587836 82.18
      vertex 3.5 8.783777192587836 65.78
    endloop
  endfacet
  facet normal -0.20791169081776004 -0.9781476007338055 2.5475794204129072e-17
    outer loop
      vertex 2.9356614465620003 9.035036904803958 30
      vertex 2.831559480312316 9.05716446081308 63.722751616976346
      vertex 2.341957122256004 9.161232654627065 63.17899311082912
    endloop
  endfacet
  facet normal -0.2079116908177679 -0.9781476007338038 0
    outer loop
      vertex 2.9356614465620003 9.035036904803958 30
      vertex 2.9356614465620003 9.035036904803958 63.90306151168862
      vertex 2.831559480312316 9.05716446081308 63.722751616976346
    endloop
  endfacet
  facet normal 0 -1 0
    outer loop
      vertex 0.3658496214367871 9.447958005998597 69.26082663378895
      vertex 0.993020401042708 9.447958005998597 69.12751736929602
      vertex 0.3658496214367871 9.447958005998597 78.69917336621106
    endloop
  endfacet
  facet normal -0.2079116908177668 -0.978147600733804 0
    outer loop
      vertex 0.993020401042708 9.447958005998597 69.12751736929602
      vertex 1.0815594803123159 9.429138443735619 69.10869780703304
      vertex 0.993020401042708 9.447958005998597 78.83248263070399
    endloop
  endfacet
  facet normal 0 -1 0
    outer loop
      vertex 0.3658496214367871 9.447958005998597 69.26082663378895
      vertex 0.3658496214367871 9.447958005998597 78.69917336621106
      vertex -0.3658496214367871 9.447958005998597 78.69917336621106
    endloop
  endfacet
  facet normal 0 -1 0
    outer loop
      vertex 0.3658496214367871 9.447958005998597 78.69917336621106
      vertex 0.993020401042708 9.447958005998597 69.12751736929602
      vertex 0.993020401042708 9.447958005998597 78.83248263070399
    endloop
  endfacet
  facet normal -0.20791169081776678 -0.978147600733804 0
    outer loop
      vertex 1.0815594803123159 9.429138443735619 69.10869780703304
      vertex 1.0815594803123159 9.429138443735619 78.85130219296697
      vertex 0.993020401042708 9.447958005998597 78.83248263070399
    endloop
  endfacet
  facet normal -0.20791169081775807 -0.9781476007338058 0
    outer loop
      vertex 1.0815594803123159 9.429138443735619 69.10869780703304
      vertex 1.75 9.287057025189883 68.81108891324554
      vertex 1.0815594803123159 9.429138443735619 78.85130219296697
    endloop
  endfacet
  facet normal -0.2079116908177599 -0.9781476007338055 1.960547547377999e-19
    outer loop
      vertex 2.341957122256004 9.161232654627065 68.38100688917088
      vertex 1.75 9.287057025189883 79.14891108675447
      vertex 1.75 9.287057025189883 68.81108891324554
    endloop
  endfacet
  facet normal -0.2079116908177581 -0.9781476007338059 4.61341301322604e-19
    outer loop
      vertex 1.0815594803123159 9.429138443735619 78.85130219296697
      vertex 1.75 9.287057025189883 68.81108891324554
      vertex 1.75 9.287057025189883 79.14891108675447
    endloop
  endfacet
  facet normal -0.20791169081775993 -0.9781476007338055 0
    outer loop
      vertex 2.341957122256004 9.161232654627065 68.38100688917088
      vertex 2.341957122256004 9.161232654627065 79.57899311082913
      vertex 1.75 9.287057025189883 79.14891108675447
    endloop
  endfacet
  facet normal -0.406736643075804 -0.9135454576425992 0
    outer loop
      vertex 3.197409101749103 8.918499340402413 67.2035782507653
      vertex 3.42351660256832 8.817829795074273 66.50769091786216
      vertex 3.197409101749103 8.918499340402413 80.7564217492347
    endloop
  endfacet
  facet normal -0.4067366430757954 -0.9135454576426031 2.4374057234042333e-20
    outer loop
      vertex 3.5 8.783777192587836 65.78
      vertex 3.42351660256832 8.817829795074273 81.45230908213784
      vertex 3.42351660256832 8.817829795074273 66.50769091786216
    endloop
  endfacet
  facet normal -0.4067366430758039 -0.9135454576425992 0
    outer loop
      vertex 3.42351660256832 8.817829795074273 66.50769091786216
      vertex 3.42351660256832 8.817829795074273 81.45230908213784
      vertex 3.197409101749103 8.918499340402413 80.7564217492347
    endloop
  endfacet
  facet normal -0.4067366430757953 -0.9135454576426031 0
    outer loop
      vertex 3.5 8.783777192587836 65.78
      vertex 3.5 8.783777192587836 82.18
      vertex 3.42351660256832 8.817829795074273 81.45230908213784
    endloop
  endfacet
  facet normal -0.4067366430757997 -0.9135454576426011 0
    outer loop
      vertex 4.75 8.227241335952167 30
      vertex 3.5 8.783777192587836 112.26
      vertex 3.5 8.783777192587836 82.18
    endloop
  endfacet
  facet normal -0.4067366430757954 -0.913545457642603 0
    outer loop
      vertex 3.42351660256832 8.817829795074273 82.90769091786217
      vertex 3.5 8.783777192587836 82.18
      vertex 3.42351660256832 8.817829795074273 111.53230908213784
    endloop
  endfacet
  facet normal -0.20791169081775998 -0.9781476007338055 0
    outer loop
      vertex 2.341957122256004 9.161232654627065 68.38100688917088
      vertex 2.831559480312316 9.05716446081308 67.83724838302366
      vertex 2.341957122256004 9.161232654627065 79.57899311082913
    endloop
  endfacet
  facet normal -0.40673664307579865 -0.9135454576426016 0
    outer loop
      vertex 2.9356614465620003 9.035036904803958 67.65693848831138
      vertex 3.197409101749103 8.918499340402413 67.2035782507653
      vertex 2.9356614465620003 9.035036904803958 80.30306151168863
    endloop
  endfacet
  facet normal -0.20791169081776795 -0.9781476007338039 0
    outer loop
      vertex 2.831559480312316 9.05716446081308 67.83724838302366
      vertex 2.9356614465620003 9.035036904803958 67.65693848831138
      vertex 2.831559480312316 9.05716446081308 80.12275161697634
    endloop
  endfacet
  facet normal -0.20791169081776004 -0.9781476007338056 -3.730774597475881e-20
    outer loop
      vertex 2.341957122256004 9.161232654627065 79.57899311082913
      vertex 2.831559480312316 9.05716446081308 67.83724838302366
      vertex 2.831559480312316 9.05716446081308 80.12275161697634
    endloop
  endfacet
  facet normal -0.20791169081776795 -0.9781476007338038 0
    outer loop
      vertex 2.9356614465620003 9.035036904803958 67.65693848831138
      vertex 2.9356614465620003 9.035036904803958 80.30306151168863
      vertex 2.831559480312316 9.05716446081308 80.12275161697634
    endloop
  endfacet
  facet normal -0.40673664307579865 -0.9135454576426016 0
    outer loop
      vertex 3.197409101749103 8.918499340402413 67.2035782507653
      vertex 3.197409101749103 8.918499340402413 80.7564217492347
      vertex 2.9356614465620003 9.035036904803958 80.30306151168863
    endloop
  endfacet
  facet normal -0.9510565162951532 -0.3090169943749481 6.678976542206036e-20
    outer loop
      vertex 8.678681847604707 3.863998109220102 30
      vertex 9.292402206971154 1.9751610627687137 30
      vertex 9.292402206971154 1.9751610627687137 327.6
    endloop
  endfacet
  facet normal -0.866025403784439 -0.4999999999999992 0
    outer loop
      vertex 8.678681847604707 3.863998109220102 30
      vertex 8.678681847604707 3.863998109220102 327.6
      vertex 7.685661446562001 5.583959896778495 30
    endloop
  endfacet
  facet normal 0 -1 0
    outer loop
      vertex 0.3658496214367871 9.447958005998597 85.66082663378896
      vertex 0.993020401042708 9.447958005998597 85.52751736929602
      vertex 0.3658496214367871 9.447958005998597 108.77917336621105
    endloop
  endfacet
  facet normal -0.2079116908177668 -0.9781476007338041 0
    outer loop
      vertex 0.993020401042708 9.447958005998597 85.52751736929602
      vertex 1.0815594803123159 9.429138443735619 85.50869780703304
      vertex 0.993020401042708 9.447958005998597 108.91248263070399
    endloop
  endfacet
  facet normal 0 -1 0
    outer loop
      vertex 0.3658496214367871 9.447958005998597 85.66082663378896
      vertex 0.3658496214367871 9.447958005998597 108.77917336621105
      vertex -0.3658496214367871 9.447958005998597 108.77917336621105
    endloop
  endfacet
  facet normal 0 -1 0
    outer loop
      vertex 0.993020401042708 9.447958005998597 85.52751736929602
      vertex 0.993020401042708 9.447958005998597 108.91248263070399
      vertex 0.3658496214367871 9.447958005998597 108.77917336621105
    endloop
  endfacet
  facet normal -0.20791169081776678 -0.978147600733804 0
    outer loop
      vertex 1.0815594803123159 9.429138443735619 85.50869780703304
      vertex 1.0815594803123159 9.429138443735619 108.93130219296697
      vertex 0.993020401042708 9.447958005998597 108.91248263070399
    endloop
  endfacet
  facet normal -0.20791169081775807 -0.9781476007338059 0
    outer loop
      vertex 1.0815594803123159 9.429138443735619 85.50869780703304
      vertex 1.75 9.287057025189883 85.21108891324555
      vertex 1.0815594803123159 9.429138443735619 108.93130219296697
    endloop
  endfacet
  facet normal -0.20791169081775993 -0.9781476007338055 0
    outer loop
      vertex 1.75 9.287057025189883 85.21108891324555
      vertex 2.341957122256004 9.161232654627065 84.78100688917088
      vertex 1.75 9.287057025189883 109.22891108675447
    endloop
  endfacet
  facet normal -0.2079116908177581 -0.9781476007338061 0
    outer loop
      vertex 1.75 9.287057025189883 85.21108891324555
      vertex 1.75 9.287057025189883 109.22891108675447
      vertex 1.0815594803123159 9.429138443735619 108.93130219296697
    endloop
  endfacet
  facet normal -0.20791169081775993 -0.9781476007338055 0
    outer loop
      vertex 2.341957122256004 9.161232654627065 84.78100688917088
      vertex 2.341957122256004 9.161232654627065 109.65899311082913
      vertex 1.75 9.287057025189883 109.22891108675447
    endloop
  endfacet
  facet normal -0.4067366430758039 -0.9135454576425992 0
    outer loop
      vertex 3.197409101749103 8.918499340402413 83.60357825076531
      vertex 3.42351660256832 8.817829795074273 82.90769091786217
      vertex 3.197409101749103 8.918499340402413 110.8364217492347
    endloop
  endfacet
  facet normal -0.4067366430758039 -0.9135454576425992 0
    outer loop
      vertex 3.42351660256832 8.817829795074273 82.90769091786217
      vertex 3.42351660256832 8.817829795074273 111.53230908213784
      vertex 3.197409101749103 8.918499340402413 110.8364217492347
    endloop
  endfacet
  facet normal -0.40673664307579543 -0.913545457642603 0
    outer loop
      vertex 3.5 8.783777192587836 82.18
      vertex 3.5 8.783777192587836 112.26
      vertex 3.42351660256832 8.817829795074273 111.53230908213784
    endloop
  endfacet
  facet normal -0.40673664307579954 -0.9135454576426012 0
    outer loop
      vertex 4.75 8.227241335952167 30
      vertex 3.5 8.783777192587836 139.07
      vertex 3.5 8.783777192587836 112.26
    endloop
  endfacet
  facet normal -0.40673664307579926 -0.9135454576426012 0
    outer loop
      vertex 4.75 8.227241335952167 30
      vertex 3.5 8.783777192587836 162.95
      vertex 3.5 8.783777192587836 139.07
    endloop
  endfacet
  facet normal -0.20791169081776 -0.9781476007338056 0
    outer loop
      vertex 2.341957122256004 9.161232654627065 84.78100688917088
      vertex 2.831559480312316 9.05716446081308 84.23724838302367
      vertex 2.341957122256004 9.161232654627065 109.65899311082913
    endloop
  endfacet
  facet normal -0.20791169081776817 -0.9781476007338037 -1.6450360266200748e-16
    outer loop
      vertex 2.831559480312316 9.05716446081308 84.23724838302367
      vertex 2.9356614465620003 9.035036904803958 84.05693848831139
      vertex 2.341957122256004 9.161232654627065 109.65899311082913
    endloop
  endfacet
  facet normal -0.4067366430757987 -0.9135454576426016 0
    outer loop
      vertex 2.9356614465620003 9.035036904803958 84.05693848831139
      vertex 3.197409101749103 8.918499340402413 83.60357825076531
      vertex 2.9356614465620003 9.035036904803958 110.38306151168862
    endloop
  endfacet
  facet normal -0.20791169081776004 -0.9781476007338055 3.2826061309645584e-17
    outer loop
      vertex 2.9356614465620003 9.035036904803958 84.05693848831139
      vertex 2.831559480312316 9.05716446081308 110.20275161697634
      vertex 2.341957122256004 9.161232654627065 109.65899311082913
    endloop
  endfacet
  facet normal -0.2079116908177679 -0.9781476007338038 0
    outer loop
      vertex 2.9356614465620003 9.035036904803958 84.05693848831139
      vertex 2.9356614465620003 9.035036904803958 110.38306151168862
      vertex 2.831559480312316 9.05716446081308 110.20275161697634
    endloop
  endfacet
  facet normal -0.40673664307579865 -0.9135454576426016 0
    outer loop
      vertex 3.197409101749103 8.918499340402413 83.60357825076531
      vertex 3.197409101749103 8.918499340402413 110.8364217492347
      vertex 2.9356614465620003 9.035036904803958 110.38306151168862
    endloop
  endfacet
  facet normal 0 -1 0
    outer loop
      vertex 0.3658496214367871 9.447958005998597 115.74082663378896
      vertex 0.993020401042708 9.447958005998597 115.60751736929602
      vertex -0.3658496214367871 9.447958005998597 135.58917336621104
    endloop
  endfacet
  facet normal -0.20791169081776675 -0.978147600733804 0
    outer loop
      vertex 0.993020401042708 9.447958005998597 115.60751736929602
      vertex 1.0815594803123159 9.429138443735619 115.58869780703304
      vertex 0.993020401042708 9.447958005998597 135.72248263070398
    endloop
  endfacet
  facet normal -0.2079116908177581 -0.978147600733806 0
    outer loop
      vertex 1.0815594803123159 9.429138443735619 115.58869780703304
      vertex 1.75 9.287057025189883 115.29108891324555
      vertex 1.0815594803123159 9.429138443735619 135.74130219296697
    endloop
  endfacet
  facet normal -0.20791169081775993 -0.9781476007338055 9.768635829827475e-20
    outer loop
      vertex 2.341957122256004 9.161232654627065 114.86100688917088
      vertex 1.75 9.287057025189883 136.03891108675447
      vertex 1.75 9.287057025189883 115.29108891324555
    endloop
  endfacet
  facet normal -0.20791169081776 -0.9781476007338055 -1.7647039169235985e-18
    outer loop
      vertex 2.341957122256004 9.161232654627065 114.86100688917088
      vertex 2.831559480312316 9.05716446081308 114.31724838302367
      vertex 1.75 9.287057025189883 136.03891108675447
    endloop
  endfacet
  facet normal 0 -1 0
    outer loop
      vertex -0.3658496214367871 9.447958005998597 135.58917336621104
      vertex 0.993020401042708 9.447958005998597 115.60751736929602
      vertex 0.3658496214367871 9.447958005998597 135.58917336621104
    endloop
  endfacet
  facet normal 0 -1 0
    outer loop
      vertex 0.3658496214367871 9.447958005998597 135.58917336621104
      vertex 0.993020401042708 9.447958005998597 115.60751736929602
      vertex 0.993020401042708 9.447958005998597 135.72248263070398
    endloop
  endfacet
  facet normal -0.20791169081776675 -0.978147600733804 0
    outer loop
      vertex 1.0815594803123159 9.429138443735619 115.58869780703304
      vertex 1.0815594803123159 9.429138443735619 135.74130219296697
      vertex 0.993020401042708 9.447958005998597 135.72248263070398
    endloop
  endfacet
  facet normal -0.20791169081775807 -0.9781476007338058 0
    outer loop
      vertex 1.75 9.287057025189883 115.29108891324555
      vertex 1.75 9.287057025189883 136.03891108675447
      vertex 1.0815594803123159 9.429138443735619 135.74130219296697
    endloop
  endfacet
  facet normal -0.20791169081775993 -0.9781476007338056 1.4207667115773666e-18
    outer loop
      vertex 1.75 9.287057025189883 136.03891108675447
      vertex 2.831559480312316 9.05716446081308 114.31724838302367
      vertex 2.341957122256004 9.161232654627065 136.4689931108291
    endloop
  endfacet
  facet normal -0.4067366430757953 -0.913545457642603 0
    outer loop
      vertex 3.42351660256832 8.817829795074273 112.98769091786217
      vertex 3.5 8.783777192587836 112.26
      vertex 3.42351660256832 8.817829795074273 138.34230908213783
    endloop
  endfacet
  facet normal -0.406736643075804 -0.9135454576425993 0
    outer loop
      vertex 3.197409101749103 8.918499340402413 113.68357825076531
      vertex 3.42351660256832 8.817829795074273 112.98769091786217
      vertex 3.197409101749103 8.918499340402413 137.6464217492347
    endloop
  endfacet
  facet normal -0.40673664307579976 -0.9135454576426011 0
    outer loop
      vertex 4.75 8.227241335952167 30
      vertex 3.5 8.783777192587836 173.89
      vertex 3.5 8.783777192587836 162.95
    endloop
  endfacet
  facet normal -0.4067366430758039 -0.9135454576425992 0
    outer loop
      vertex 3.42351660256832 8.817829795074273 112.98769091786217
      vertex 3.42351660256832 8.817829795074273 138.34230908213783
      vertex 3.197409101749103 8.918499340402413 137.6464217492347
    endloop
  endfacet
  facet normal -0.40673664307579543 -0.9135454576426032 0
    outer loop
      vertex 3.5 8.783777192587836 112.26
      vertex 3.5 8.783777192587836 139.07
      vertex 3.42351660256832 8.817829795074273 138.34230908213783
    endloop
  endfacet
  facet normal -0.4067366430757996 -0.9135454576426012 0
    outer loop
      vertex 4.75 8.227241335952167 30
      vertex 3.5 8.783777192587836 193.97
      vertex 3.5 8.783777192587836 173.89
    endloop
  endfacet
  facet normal -0.40673664307579865 -0.9135454576426015 0
    outer loop
      vertex 2.9356614465620003 9.035036904803958 114.13693848831139
      vertex 3.197409101749103 8.918499340402413 113.68357825076531
      vertex 2.9356614465620003 9.035036904803958 137.19306151168863
    endloop
  endfacet
  facet normal -0.20791169081776792 -0.9781476007338038 0
    outer loop
      vertex 2.831559480312316 9.05716446081308 114.31724838302367
      vertex 2.9356614465620003 9.035036904803958 114.13693848831139
      vertex 2.831559480312316 9.05716446081308 137.01275161697635
    endloop
  endfacet
  facet normal -0.20791169081775998 -0.9781476007338056 -2.0195385363330345e-20
    outer loop
      vertex 2.341957122256004 9.161232654627065 136.4689931108291
      vertex 2.831559480312316 9.05716446081308 114.31724838302367
      vertex 2.831559480312316 9.05716446081308 137.01275161697635
    endloop
  endfacet
  facet normal -0.20791169081776792 -0.9781476007338038 0
    outer loop
      vertex 2.9356614465620003 9.035036904803958 114.13693848831139
      vertex 2.9356614465620003 9.035036904803958 137.19306151168863
      vertex 2.831559480312316 9.05716446081308 137.01275161697635
    endloop
  endfacet
  facet normal -0.4067366430757987 -0.9135454576426016 0
    outer loop
      vertex 3.197409101749103 8.918499340402413 113.68357825076531
      vertex 3.197409101749103 8.918499340402413 137.6464217492347
      vertex 2.9356614465620003 9.035036904803958 137.19306151168863
    endloop
  endfacet
  facet normal -0.7431448254773937 -0.6691306063588586 -1.4339768613506855e-19
    outer loop
      vertex 6.356740760409153 7.059875842035245 30
      vertex 7.685661446562001 5.583959896778495 30
      vertex 7.685661446562001 5.583959896778495 327.6
    endloop
  endfacet
  facet normal -0.5877852522924732 -0.8090169943749475 0
    outer loop
      vertex 4.75 8.227241335952167 30
      vertex 6.356740760409153 7.059875842035245 30
      vertex 4.75 8.227241335952167 327.6
    endloop
  endfacet
  facet normal 0 -1 0
    outer loop
      vertex 0.3658496214367871 9.447958005998597 142.55082663378894
      vertex 0.993020401042708 9.447958005998597 142.417517369296
      vertex 0.3658496214367871 9.447958005998597 159.46917336621104
    endloop
  endfacet
  facet normal -0.20791169081776678 -0.9781476007338041 0
    outer loop
      vertex 0.993020401042708 9.447958005998597 142.417517369296
      vertex 1.0815594803123159 9.429138443735619 142.39869780703302
      vertex 0.993020401042708 9.447958005998597 159.60248263070397
    endloop
  endfacet
  facet normal -0.20791169081775804 -0.9781476007338059 0
    outer loop
      vertex 1.0815594803123159 9.429138443735619 142.39869780703302
      vertex 1.75 9.287057025189883 142.10108891324552
      vertex 1.0815594803123159 9.429138443735619 159.62130219296697
    endloop
  endfacet
  facet normal -0.20791169081775993 -0.9781476007338055 0
    outer loop
      vertex 1.75 9.287057025189883 142.10108891324552
      vertex 2.341957122256004 9.161232654627065 141.67100688917088
      vertex 1.75 9.287057025189883 159.91891108675446
    endloop
  endfacet
  facet normal 0 -1 0
    outer loop
      vertex 0.3658496214367871 9.447958005998597 142.55082663378894
      vertex 0.3658496214367871 9.447958005998597 159.46917336621104
      vertex -0.3658496214367871 9.447958005998597 159.46917336621104
    endloop
  endfacet
  facet normal 0 -1 0
    outer loop
      vertex 0.3658496214367871 9.447958005998597 159.46917336621104
      vertex 0.993020401042708 9.447958005998597 142.417517369296
      vertex 0.993020401042708 9.447958005998597 159.60248263070397
    endloop
  endfacet
  facet normal -0.20791169081776678 -0.978147600733804 0
    outer loop
      vertex 1.0815594803123159 9.429138443735619 142.39869780703302
      vertex 1.0815594803123159 9.429138443735619 159.62130219296697
      vertex 0.993020401042708 9.447958005998597 159.60248263070397
    endloop
  endfacet
  facet normal -0.20791169081775804 -0.9781476007338059 0
    outer loop
      vertex 1.75 9.287057025189883 142.10108891324552
      vertex 1.75 9.287057025189883 159.91891108675446
      vertex 1.0815594803123159 9.429138443735619 159.62130219296697
    endloop
  endfacet
  facet normal -0.20791169081775995 -0.9781476007338055 0
    outer loop
      vertex 2.341957122256004 9.161232654627065 141.67100688917088
      vertex 2.341957122256004 9.161232654627065 160.3489931108291
      vertex 1.75 9.287057025189883 159.91891108675446
    endloop
  endfacet
  facet normal -0.4067366430757954 -0.9135454576426031 0
    outer loop
      vertex 3.42351660256832 8.817829795074273 139.79769091786216
      vertex 3.5 8.783777192587836 139.07
      vertex 3.42351660256832 8.817829795074273 162.22230908213783
    endloop
  endfacet
  facet normal -0.406736643075804 -0.9135454576425992 0
    outer loop
      vertex 3.197409101749103 8.918499340402413 140.4935782507653
      vertex 3.42351660256832 8.817829795074273 139.79769091786216
      vertex 3.197409101749103 8.918499340402413 161.5264217492347
    endloop
  endfacet
  facet normal -0.4067366430758039 -0.9135454576425992 0
    outer loop
      vertex 3.42351660256832 8.817829795074273 139.79769091786216
      vertex 3.42351660256832 8.817829795074273 162.22230908213783
      vertex 3.197409101749103 8.918499340402413 161.5264217492347
    endloop
  endfacet
  facet normal -0.4067366430757954 -0.9135454576426031 0
    outer loop
      vertex 3.5 8.783777192587836 139.07
      vertex 3.5 8.783777192587836 162.95
      vertex 3.42351660256832 8.817829795074273 162.22230908213783
    endloop
  endfacet
  facet normal -0.20791169081776004 -0.9781476007338056 0
    outer loop
      vertex 2.341957122256004 9.161232654627065 141.67100688917088
      vertex 2.831559480312316 9.05716446081308 141.12724838302364
      vertex 2.341957122256004 9.161232654627065 160.3489931108291
    endloop
  endfacet
  facet normal -0.40673664307579865 -0.9135454576426015 0
    outer loop
      vertex 2.9356614465620003 9.035036904803958 140.94693848831136
      vertex 3.197409101749103 8.918499340402413 140.4935782507653
      vertex 2.9356614465620003 9.035036904803958 161.07306151168862
    endloop
  endfacet
  facet normal -0.2079116908177679 -0.9781476007338038 0
    outer loop
      vertex 2.831559480312316 9.05716446081308 141.12724838302364
      vertex 2.9356614465620003 9.035036904803958 140.94693848831136
      vertex 2.831559480312316 9.05716446081308 160.89275161697634
    endloop
  endfacet
  facet normal -0.20791169081775998 -0.9781476007338056 -2.3189110259386238e-20
    outer loop
      vertex 2.341957122256004 9.161232654627065 160.3489931108291
      vertex 2.831559480312316 9.05716446081308 141.12724838302364
      vertex 2.831559480312316 9.05716446081308 160.89275161697634
    endloop
  endfacet
  facet normal -0.20791169081776795 -0.9781476007338039 0
    outer loop
      vertex 2.9356614465620003 9.035036904803958 140.94693848831136
      vertex 2.9356614465620003 9.035036904803958 161.07306151168862
      vertex 2.831559480312316 9.05716446081308 160.89275161697634
    endloop
  endfacet
  facet normal -0.4067366430757987 -0.9135454576426016 0
    outer loop
      vertex 3.197409101749103 8.918499340402413 140.4935782507653
      vertex 3.197409101749103 8.918499340402413 161.5264217492347
      vertex 2.9356614465620003 9.035036904803958 161.07306151168862
    endloop
  endfacet
  facet normal 0 -1 0
    outer loop
      vertex 0.3658496214367871 9.447958005998597 166.43082663378894
      vertex 0.3658496214367871 9.447958005998597 170.40917336621104
      vertex -0.3658496214367871 9.447958005998597 170.40917336621104
    endloop
  endfacet
  facet normal 0 -1 0
    outer loop
      vertex 0.3658496214367871 9.447958005998597 166.43082663378894
      vertex 0.993020401042708 9.447958005998597 166.297517369296
      vertex 0.3658496214367871 9.447958005998597 170.40917336621104
    endloop
  endfacet
  facet normal 0 -1 0
    outer loop
      vertex 0.3658496214367871 9.447958005998597 170.40917336621104
      vertex 0.993020401042708 9.447958005998597 166.297517369296
      vertex 0.993020401042708 9.447958005998597 170.54248263070397
    endloop
  endfacet
  facet normal -0.20791169081776678 -0.978147600733804 0
    outer loop
      vertex 0.993020401042708 9.447958005998597 166.297517369296
      vertex 1.0815594803123159 9.429138443735619 166.278697807033
      vertex 0.993020401042708 9.447958005998597 170.54248263070397
    endloop
  endfacet
  facet normal -0.2079116908177668 -0.978147600733804 0
    outer loop
      vertex 1.0815594803123159 9.429138443735619 166.278697807033
      vertex 1.0815594803123159 9.429138443735619 170.56130219296696
      vertex 0.993020401042708 9.447958005998597 170.54248263070397
    endloop
  endfacet
  facet normal -0.2079116908177581 -0.9781476007338059 0
    outer loop
      vertex 1.0815594803123159 9.429138443735619 166.278697807033
      vertex 1.75 9.287057025189883 165.98108891324551
      vertex 1.0815594803123159 9.429138443735619 170.56130219296696
    endloop
  endfacet
  facet normal -0.2079116908177581 -0.978147600733806 9.777446091146502e-19
    outer loop
      vertex 1.0815594803123159 9.429138443735619 170.56130219296696
      vertex 1.75 9.287057025189883 165.98108891324551
      vertex 1.75 9.287057025189883 170.85891108675446
    endloop
  endfacet
  facet normal -0.20791169081775993 -0.9781476007338055 0
    outer loop
      vertex 1.75 9.287057025189883 165.98108891324551
      vertex 2.341957122256004 9.161232654627065 165.55100688917088
      vertex 1.75 9.287057025189883 170.85891108675446
    endloop
  endfacet
  facet normal -0.20791169081775993 -0.9781476007338055 0
    outer loop
      vertex 2.341957122256004 9.161232654627065 165.55100688917088
      vertex 2.341957122256004 9.161232654627065 171.2889931108291
      vertex 1.75 9.287057025189883 170.85891108675446
    endloop
  endfacet
  facet normal 0 -1 0
    outer loop
      vertex 0.3658496214367871 9.447958005998597 177.37082663378894
      vertex 0.993020401042708 9.447958005998597 177.237517369296
      vertex 0.3658496214367871 9.447958005998597 190.48917336621105
    endloop
  endfacet
  facet normal -0.20791169081776675 -0.978147600733804 3.540093565116382e-20
    outer loop
      vertex 0.993020401042708 9.447958005998597 177.237517369296
      vertex 1.0815594803123159 9.429138443735619 177.218697807033
      vertex 1.0815594803123159 9.429138443735619 190.64130219296698
    endloop
  endfacet
  facet normal -0.20791169081775807 -0.9781476007338059 0
    outer loop
      vertex 1.0815594803123159 9.429138443735619 177.218697807033
      vertex 1.75 9.287057025189883 176.9210889132455
      vertex 1.0815594803123159 9.429138443735619 190.64130219296698
    endloop
  endfacet
  facet normal -0.2079116908177599 -0.9781476007338055 0
    outer loop
      vertex 1.75 9.287057025189883 176.9210889132455
      vertex 2.341957122256004 9.161232654627065 176.49100688917088
      vertex 1.75 9.287057025189883 190.93891108675447
    endloop
  endfacet
  facet normal -0.406736643075804 -0.9135454576425993 0
    outer loop
      vertex 3.197409101749103 8.918499340402413 164.3735782507653
      vertex 3.42351660256832 8.817829795074273 163.67769091786215
      vertex 3.197409101749103 8.918499340402413 172.46642174923468
    endloop
  endfacet
  facet normal -0.40673664307579527 -0.913545457642603 3.840544470719683e-20
    outer loop
      vertex 3.5 8.783777192587836 162.95
      vertex 3.42351660256832 8.817829795074273 173.16230908213782
      vertex 3.42351660256832 8.817829795074273 163.67769091786215
    endloop
  endfacet
  facet normal -0.4067366430758039 -0.9135454576425992 0
    outer loop
      vertex 3.42351660256832 8.817829795074273 163.67769091786215
      vertex 3.42351660256832 8.817829795074273 173.16230908213782
      vertex 3.197409101749103 8.918499340402413 172.46642174923468
    endloop
  endfacet
  facet normal -0.4067366430757954 -0.913545457642603 0
    outer loop
      vertex 3.5 8.783777192587836 162.95
      vertex 3.5 8.783777192587836 173.89
      vertex 3.42351660256832 8.817829795074273 173.16230908213782
    endloop
  endfacet
  facet normal -0.4067366430758039 -0.9135454576425992 0
    outer loop
      vertex 3.197409101749103 8.918499340402413 175.3135782507653
      vertex 3.42351660256832 8.817829795074273 174.61769091786215
      vertex 3.197409101749103 8.918499340402413 192.5464217492347
    endloop
  endfacet
  facet normal -0.4067366430757953 -0.913545457642603 0
    outer loop
      vertex 3.42351660256832 8.817829795074273 174.61769091786215
      vertex 3.5 8.783777192587836 173.89
      vertex 3.42351660256832 8.817829795074273 193.24230908213784
    endloop
  endfacet
  facet normal -0.4067366430757997 -0.9135454576426011 -7.654037971412097e-19
    outer loop
      vertex 4.75 8.227241335952167 30
      vertex 4.275 8.43872496147372 327.55
      vertex 3.5 8.783777192587836 193.97
    endloop
  endfacet
  facet normal -0.20791169081776 -0.9781476007338055 0
    outer loop
      vertex 2.341957122256004 9.161232654627065 165.55100688917088
      vertex 2.831559480312316 9.05716446081308 165.00724838302364
      vertex 2.341957122256004 9.161232654627065 171.2889931108291
    endloop
  endfacet
  facet normal -0.40673664307579865 -0.9135454576426016 5.712210498490095e-19
    outer loop
      vertex 3.197409101749103 8.918499340402413 164.3735782507653
      vertex 2.9356614465620003 9.035036904803958 172.01306151168862
      vertex 2.9356614465620003 9.035036904803958 164.82693848831136
    endloop
  endfacet
  facet normal -0.20791169081776795 -0.9781476007338039 0
    outer loop
      vertex 2.831559480312316 9.05716446081308 165.00724838302364
      vertex 2.9356614465620003 9.035036904803958 164.82693848831136
      vertex 2.831559480312316 9.05716446081308 171.83275161697634
    endloop
  endfacet
  facet normal -0.20791169081775998 -0.9781476007338055 -6.715174223995695e-20
    outer loop
      vertex 2.341957122256004 9.161232654627065 171.2889931108291
      vertex 2.831559480312316 9.05716446081308 165.00724838302364
      vertex 2.831559480312316 9.05716446081308 171.83275161697634
    endloop
  endfacet
  facet normal -0.20791169081776792 -0.9781476007338038 0
    outer loop
      vertex 2.9356614465620003 9.035036904803958 164.82693848831136
      vertex 2.9356614465620003 9.035036904803958 172.01306151168862
      vertex 2.831559480312316 9.05716446081308 171.83275161697634
    endloop
  endfacet
  facet normal -0.40673664307579865 -0.9135454576426016 0
    outer loop
      vertex 3.197409101749103 8.918499340402413 164.3735782507653
      vertex 3.197409101749103 8.918499340402413 172.46642174923468
      vertex 2.9356614465620003 9.035036904803958 172.01306151168862
    endloop
  endfacet
  facet normal -0.20791169081776 -0.9781476007338056 0
    outer loop
      vertex 2.341957122256004 9.161232654627065 176.49100688917088
      vertex 2.831559480312316 9.05716446081308 175.94724838302363
      vertex 2.341957122256004 9.161232654627065 191.3689931108291
    endloop
  endfacet
  facet normal -0.4067366430757986 -0.9135454576426015 0
    outer loop
      vertex 2.9356614465620003 9.035036904803958 175.76693848831135
      vertex 3.197409101749103 8.918499340402413 175.3135782507653
      vertex 2.9356614465620003 9.035036904803958 192.09306151168863
    endloop
  endfacet
  facet normal -0.2079116908177679 -0.9781476007338038 0
    outer loop
      vertex 2.831559480312316 9.05716446081308 175.94724838302363
      vertex 2.9356614465620003 9.035036904803958 175.76693848831135
      vertex 2.831559480312316 9.05716446081308 191.91275161697635
    endloop
  endfacet
  facet normal -0.9510565162951532 -0.3090169943749481 0
    outer loop
      vertex 8.678681847604707 3.863998109220102 30
      vertex 9.292402206971154 1.9751610627687137 327.6
      vertex 8.678681847604707 3.863998109220102 327.6
    endloop
  endfacet
  facet normal -0.866025403784439 -0.4999999999999992 0
    outer loop
      vertex 7.685661446562001 5.583959896778495 30
      vertex 8.678681847604707 3.863998109220102 327.6
      vertex 7.685661446562001 5.583959896778495 327.6
    endloop
  endfacet
  facet normal 0 -1 0
    outer loop
      vertex 0.3658496214367871 9.447958005998597 177.37082663378894
      vertex 0.3658496214367871 9.447958005998597 190.48917336621105
      vertex -0.3658496214367871 9.447958005998597 190.48917336621105
    endloop
  endfacet
  facet normal 0 -1 0
    outer loop
      vertex 0.993020401042708 9.447958005998597 177.237517369296
      vertex 0.993020401042708 9.447958005998597 190.62248263070398
      vertex 0.3658496214367871 9.447958005998597 190.48917336621105
    endloop
  endfacet
  facet normal -0.20791169081776675 -0.9781476007338041 0
    outer loop
      vertex 0.993020401042708 9.447958005998597 177.237517369296
      vertex 1.0815594803123159 9.429138443735619 190.64130219296698
      vertex 0.993020401042708 9.447958005998597 190.62248263070398
    endloop
  endfacet
  facet normal -0.20791169081775807 -0.9781476007338059 0
    outer loop
      vertex 1.75 9.287057025189883 176.9210889132455
      vertex 1.75 9.287057025189883 190.93891108675447
      vertex 1.0815594803123159 9.429138443735619 190.64130219296698
    endloop
  endfacet
  facet normal -0.20791169081775995 -0.9781476007338056 0
    outer loop
      vertex 2.341957122256004 9.161232654627065 176.49100688917088
      vertex 2.341957122256004 9.161232654627065 191.3689931108291
      vertex 1.75 9.287057025189883 190.93891108675447
    endloop
  endfacet
  facet normal -0.4067366430758039 -0.9135454576425992 0
    outer loop
      vertex 3.42351660256832 8.817829795074273 174.61769091786215
      vertex 3.42351660256832 8.817829795074273 193.24230908213784
      vertex 3.197409101749103 8.918499340402413 192.5464217492347
    endloop
  endfacet
  facet normal -0.4067366430757954 -0.9135454576426031 0
    outer loop
      vertex 3.5 8.783777192587836 173.89
      vertex 3.5 8.783777192587836 193.97
      vertex 3.42351660256832 8.817829795074273 193.24230908213784
    endloop
  endfacet
  facet normal -0.20791169081775998 -0.9781476007338055 0
    outer loop
      vertex 2.831559480312316 9.05716446081308 175.94724838302363
      vertex 2.831559480312316 9.05716446081308 191.91275161697635
      vertex 2.341957122256004 9.161232654627065 191.3689931108291
    endloop
  endfacet
  facet normal -0.20791169081776795 -0.9781476007338038 0
    outer loop
      vertex 2.9356614465620003 9.035036904803958 175.76693848831135
      vertex 2.9356614465620003 9.035036904803958 192.09306151168863
      vertex 2.831559480312316 9.05716446081308 191.91275161697635
    endloop
  endfacet
  facet normal -0.4067366430757987 -0.9135454576426015 0
    outer loop
      vertex 3.197409101749103 8.918499340402413 175.3135782507653
      vertex 3.197409101749103 8.918499340402413 192.5464217492347
      vertex 2.9356614465620003 9.035036904803958 192.09306151168863
    endloop
  endfacet
  facet normal -0.4067366430757994 -0.9135454576426013 0
    outer loop
      vertex 4.75 8.227241335952167 30
      vertex 4.75 8.227241335952167 327.6
      vertex 4.275 8.43872496147372 327.6
    endloop
  endfacet
  facet normal -0.40673664307564256 -0.9135454576426713 1.1422512062530867e-16
    outer loop
      vertex 4.75 8.227241335952167 30
      vertex 4.275 8.43872496147372 327.6
      vertex 4.275 8.43872496147372 327.55
    endloop
  endfacet
  facet normal -0.7431448254773937 -0.6691306063588586 0
    outer loop
      vertex 6.356740760409153 7.059875842035245 30
      vertex 7.685661446562001 5.583959896778495 327.6
      vertex 6.356740760409153 7.059875842035245 327.6
    endloop
  endfacet
  facet normal -0.5877852522924732 -0.8090169943749475 0
    outer loop
      vertex 6.356740760409153 7.059875842035245 30
      vertex 6.356740760409153 7.059875842035245 327.6
      vertex 4.75 8.227241335952167 327.6
    endloop
  endfacet
  facet normal 0 -1 0
    outer loop
      vertex -0.3658496214367871 9.447958005998597 197.45082663378895
      vertex 0.3658496214367871 9.447958005998597 197.45082663378895
      vertex 0.993020401042708 9.447958005998597 327.55
    endloop
  endfacet
  facet normal 0 -1 0
    outer loop
      vertex 0.3658496214367871 9.447958005998597 197.45082663378895
      vertex 0.993020401042708 9.447958005998597 197.317517369296
      vertex 0.993020401042708 9.447958005998597 327.55
    endloop
  endfacet
  facet normal -0.20791169081776678 -0.9781476007338041 1.0485761669818817e-16
    outer loop
      vertex 0.993020401042708 9.447958005998597 197.317517369296
      vertex 1.0815594803123159 9.429138443735619 197.29869780703302
      vertex 2.9356614465620003 9.035036904803958 327.55
    endloop
  endfacet
  facet normal -0.2079116908177599 -0.9781476007338054 -6.911117876479323e-18
    outer loop
      vertex 1.75 9.287057025189883 197.00108891324552
      vertex 2.341957122256004 9.161232654627065 196.5710068891709
      vertex 2.9356614465620003 9.035036904803958 327.55
    endloop
  endfacet
  facet normal -0.20791169081775812 -0.978147600733806 -2.4098852415328998e-17
    outer loop
      vertex 1.0815594803123159 9.429138443735619 197.29869780703302
      vertex 1.75 9.287057025189883 197.00108891324552
      vertex 2.9356614465620003 9.035036904803958 327.55
    endloop
  endfacet
  facet normal -0.40673664307579555 -0.9135454576426029 -2.9598298365463953e-17
    outer loop
      vertex 3.42351660256832 8.817829795074273 194.69769091786216
      vertex 3.5 8.783777192587836 193.97
      vertex 4.275 8.43872496147372 327.55
    endloop
  endfacet
  facet normal -0.4067366430757987 -0.9135454576426016 -1.6933755353668713e-17
    outer loop
      vertex 2.9356614465620003 9.035036904803958 195.84693848831137
      vertex 3.197409101749103 8.918499340402413 195.3935782507653
      vertex 4.275 8.43872496147372 327.55
    endloop
  endfacet
  facet normal -0.4067366430758038 -0.9135454576425992 3.3771713329006214e-17
    outer loop
      vertex 3.197409101749103 8.918499340402413 195.3935782507653
      vertex 3.42351660256832 8.817829795074273 194.69769091786216
      vertex 4.275 8.43872496147372 327.55
    endloop
  endfacet
  facet normal -0.20791169081775998 -0.9781476007338055 -6.519231383666405e-18
    outer loop
      vertex 2.341957122256004 9.161232654627065 196.5710068891709
      vertex 2.831559480312316 9.05716446081308 196.02724838302365
      vertex 2.9356614465620003 9.035036904803958 327.55
    endloop
  endfacet
  facet normal -0.20791169081776792 -0.9781476007338038 -2.5593184337663268e-21
    outer loop
      vertex 2.831559480312316 9.05716446081308 196.02724838302365
      vertex 2.9356614465620003 9.035036904803958 195.84693848831137
      vertex 2.9356614465620003 9.035036904803958 327.55
    endloop
  endfacet
  facet normal 0 0 -1
    outer loop
      vertex -4.275 7.95 327.6
      vertex 4.275 7.95 327.6
      vertex 4.75 -8.227241335952167 327.6
    endloop
  endfacet
  facet normal 0 0 -1
    outer loop
      vertex 4.75 -8.227241335952167 327.6
      vertex 4.275 7.95 327.6
      vertex 4.75 8.227241335952167 327.6
    endloop
  endfacet
  facet normal 0 0 -1
    outer loop
      vertex 6.356740760409153 -7.059875842035245 327.6
      vertex 4.75 8.227241335952167 327.6
      vertex 6.356740760409153 7.059875842035245 327.6
    endloop
  endfacet
  facet normal 0 0 -1
    outer loop
      vertex 7.685661446562001 -5.583959896778495 327.6
      vertex 6.356740760409153 7.059875842035245 327.6
      vertex 7.685661446562001 5.583959896778495 327.6
    endloop
  endfacet
  facet normal -0.20791169081776004 -0.9781476007338055 0
    outer loop
      vertex 0.993020401042708 9.447958005998597 197.317517369296
      vertex 2.9356614465620003 9.035036904803958 327.55
      vertex 0.993020401042708 9.447958005998597 327.55
    endloop
  endfacet
  facet normal -0.40673664307580004 -0.913545457642601 0
    outer loop
      vertex 2.9356614465620003 9.035036904803958 195.84693848831137
      vertex 4.275 8.43872496147372 327.55
      vertex 2.9356614465620003 9.035036904803958 327.55
    endloop
  endfacet
  facet normal 0 0 -1
    outer loop
      vertex 4.275 7.95 327.6
      vertex 4.275 8.43872496147372 327.6
      vertex 4.75 8.227241335952167 327.6
    endloop
  endfacet
  facet normal 0.40673664307580026 0.9135454576426009 -1.749413422117186e-16
    outer loop
      vertex 21 -6.928203230275509 134.27
      vertex 22.52786404500042 -7.608452130361228 134.37
      vertex 22.52786404500042 -7.608452130361228 134.27
    endloop
  endfacet
  facet normal 0.20791169081767885 0.9781476007338227 -9.936240976330172e-20
    outer loop
      vertex 24.16256382207857 -7.955918294339711 134.27
      vertex 24.163772293858774 -7.956175162946186 134.37
      vertex 24.163772293858774 -7.956175162946186 134.27
    endloop
  endfacet
  facet normal 0.5877852522920273 0.8090169943752716 2.9000725698045583e-19
    outer loop
      vertex 20.999000483969215 -6.9274770393717215 134.27
      vertex 21 -6.928203230275509 134.37
      vertex 21 -6.928203230275509 134.27
    endloop
  endfacet
  facet normal -0.9510565162951539 0.30901699437494634 0
    outer loop
      vertex 32.30836366114081 -3.2538931446064017 134.27
      vertex 32.30836366114081 -3.2538931446064017 134.37
      vertex 32.825180805870446 -1.6632935265420747 134.27
    endloop
  endfacet
  facet normal -0.9945218953682734 -0.10452846326765322 0
    outer loop
      vertex 33 0 134.37
      vertex 32.825180805870446 1.6632935265420747 134.27
      vertex 33 0 134.27
    endloop
  endfacet
  facet normal 0.587785252292791 0.8090169943747164 -1.4831806782422363e-22
    outer loop
      vertex 19.647655011980667 -5.9456670839445644 134.37
      vertex 19.646955149129134 -5.945158603819154 134.27
      vertex 19.646955149129134 -5.945158603819154 327.6
    endloop
  endfacet
  facet normal 0.7431448254773942 0.6691306063588582 0
    outer loop
      vertex 19.646955149129134 -5.945158603819154 134.27
      vertex 18.52786404500042 -4.702282018339785 327.6
      vertex 19.646955149129134 -5.945158603819154 327.6
    endloop
  endfacet
  facet normal 0.7431448254773942 0.6691306063588582 0
    outer loop
      vertex 18.52786404500042 -4.702282018339785 134.27
      vertex 18.52786404500042 -4.702282018339785 327.6
      vertex 19.646955149129134 -5.945158603819154 134.27
    endloop
  endfacet
  facet normal 0.8660254037844389 0.4999999999999994 -2.6029757132478353e-19
    outer loop
      vertex 18.52786404500042 -4.702282018339785 134.27
      vertex 17.691636338859194 -3.2538931446064017 134.27
      vertex 17.691636338859194 -3.2538931446064017 327.6
    endloop
  endfacet
  facet normal 0.9510565162951533 0.3090169943749483 3.936263824536882e-20
    outer loop
      vertex 17.691636338859194 -3.2538931446064017 134.27
      vertex 17.174819194129554 -1.6632935265420747 134.27
      vertex 17.174819194129554 -1.6632935265420747 327.6
    endloop
  endfacet
  facet normal 0.8660254037844389 0.4999999999999994 0
    outer loop
      vertex 18.52786404500042 -4.702282018339785 134.27
      vertex 17.691636338859194 -3.2538931446064017 327.6
      vertex 18.52786404500042 -4.702282018339785 327.6
    endloop
  endfacet
  facet normal 0.9510565162951533 0.3090169943749483 0
    outer loop
      vertex 17.691636338859194 -3.2538931446064017 134.27
      vertex 17.174819194129554 -1.6632935265420747 327.6
      vertex 17.691636338859194 -3.2538931446064017 327.6
    endloop
  endfacet
  facet normal 0.9945218953682733 0.10452846326765322 1.3403727384697387e-20
    outer loop
      vertex 17.174819194129554 -1.6632935265420747 134.27
      vertex 17 0 134.27
      vertex 17 0 327.6
    endloop
  endfacet
  facet normal 0.9945218953682733 -0.10452846326765322 -1.3403727384697387e-20
    outer loop
      vertex 17 0 134.27
      vertex 17.174819194129554 1.6632935265420747 134.27
      vertex 17.174819194129554 1.6632935265420747 327.6
    endloop
  endfacet
  facet normal 0.9945218953682733 0.10452846326765322 0
    outer loop
      vertex 17.174819194129554 -1.6632935265420747 134.27
      vertex 17 0 327.6
      vertex 17.174819194129554 -1.6632935265420747 327.6
    endloop
  endfacet
  facet normal 0.9945218953682733 -0.10452846326765322 0
    outer loop
      vertex 17 0 134.27
      vertex 17.174819194129554 1.6632935265420747 327.6
      vertex 17 0 327.6
    endloop
  endfacet
  facet normal 0.9510565162951533 -0.3090169943749483 0
    outer loop
      vertex 17.174819194129554 1.6632935265420747 134.27
      vertex 17.691636338859194 3.2538931446064017 327.6
      vertex 17.174819194129554 1.6632935265420747 327.6
    endloop
  endfacet
  facet normal 0 0 -1
    outer loop
      vertex 18.52786404500042 -4.702282018339785 327.6
      vertex 17.691636338859194 -3.2538931446064017 327.6
      vertex 17.691636338859194 3.2538931446064017 327.6
    endloop
  endfacet
  facet normal 0 0 -1
    outer loop
      vertex 18.52786404500042 -4.702282018339785 327.6
      vertex 18.52786404500042 4.702282018339785 327.6
      vertex 19.646955149129134 -5.945158603819154 327.6
    endloop
  endfacet
  facet normal 0 0 -1
    outer loop
      vertex 17.691636338859194 -3.2538931446064017 327.6
      vertex 17.174819194129554 -1.6632935265420747 327.6
      vertex 17.174819194129554 1.6632935265420747 327.6
    endloop
  endfacet
  facet normal 0 0 -1
    outer loop
      vertex 17.174819194129554 -1.6632935265420747 327.6
      vertex 17 0 327.6
      vertex 17.174819194129554 1.6632935265420747 327.6
    endloop
  endfacet
  facet normal 0 0 -1
    outer loop
      vertex 17.691636338859194 -3.2538931446064017 327.6
      vertex 17.174819194129554 1.6632935265420747 327.6
      vertex 17.691636338859194 3.2538931446064017 327.6
    endloop
  endfacet
  facet normal 0 0 -1
    outer loop
      vertex 18.52786404500042 -4.702282018339785 327.6
      vertex 17.691636338859194 3.2538931446064017 327.6
      vertex 18.52786404500042 4.702282018339785 327.6
    endloop
  endfacet
  facet normal 0 0 -1
    outer loop
      vertex 19.646955149129134 -5.945158603819154 327.6
      vertex 18.52786404500042 4.702282018339785 327.6
      vertex 19.646955149129134 5.945158603819154 327.6
    endloop
  endfacet
  facet normal 0.40673664307580026 0.9135454576426009 -9.053529069591091e-20
    outer loop
      vertex 21 -6.928203230275509 134.27
      vertex 22.52786404500042 -7.608452130361228 327.6
      vertex 22.52786404500042 -7.608452130361228 134.37
    endloop
  endfacet
  facet normal 0.20791169081775915 0.9781476007338058 0
    outer loop
      vertex 24.163772293858774 -7.956175162946186 134.37
      vertex 22.52786404500042 -7.608452130361228 134.37
      vertex 24.163772293858774 -7.956175162946186 327.6
    endloop
  endfacet
  facet normal 0 1 0
    outer loop
      vertex 24.163772293858774 -7.956175162946186 134.37
      vertex 25.836227706141226 -7.956175162946186 327.6
      vertex 24.163772293858774 -7.956175162946186 134.27
    endloop
  endfacet
  facet normal 0.5877852522924727 0.8090169943749477 3.0076989732860984e-19
    outer loop
      vertex 19.647655011980667 -5.9456670839445644 134.37
      vertex 21 -6.928203230275509 327.6
      vertex 21 -6.928203230275509 134.37
    endloop
  endfacet
  facet normal 0.40673664307580026 0.9135454576426009 0
    outer loop
      vertex 21 -6.928203230275509 134.37
      vertex 22.52786404500042 -7.608452130361228 327.6
      vertex 21 -6.928203230275509 134.27
    endloop
  endfacet
  facet normal 0 1 0
    outer loop
      vertex 24.163772293858774 -7.956175162946186 134.27
      vertex 25.836227706141226 -7.956175162946186 327.6
      vertex 25.836227706141226 -7.956175162946186 134.27
    endloop
  endfacet
  facet normal -0.20791169081775912 0.9781476007338057 -9.866357872952252e-20
    outer loop
      vertex 25.836227706141226 -7.956175162946186 134.27
      vertex 27.47213595499958 -7.608452130361228 327.6
      vertex 27.47213595499958 -7.608452130361228 134.27
    endloop
  endfacet
  facet normal -0.4067366430758002 0.9135454576426008 9.048846128987153e-20
    outer loop
      vertex 27.47213595499958 -7.608452130361228 134.27
      vertex 29 -6.928203230275509 327.6
      vertex 29 -6.928203230275509 134.27
    endloop
  endfacet
  facet normal -0.5877852522924729 0.8090169943749476 -1.8095728309542063e-19
    outer loop
      vertex 29 -6.928203230275509 134.27
      vertex 30.353044850870866 -5.945158603819154 327.6
      vertex 30.353044850870866 -5.945158603819154 134.27
    endloop
  endfacet
  facet normal 0.20791169081775915 0.9781476007338058 0
    outer loop
      vertex 22.52786404500042 -7.608452130361228 134.37
      vertex 22.52786404500042 -7.608452130361228 327.6
      vertex 24.163772293858774 -7.956175162946186 327.6
    endloop
  endfacet
  facet normal 0 1 0
    outer loop
      vertex 24.163772293858774 -7.956175162946186 134.37
      vertex 24.163772293858774 -7.956175162946186 327.6
      vertex 25.836227706141226 -7.956175162946186 327.6
    endloop
  endfacet
  facet normal 0.40673664307580026 0.9135454576426009 0
    outer loop
      vertex 21 -6.928203230275509 134.37
      vertex 21 -6.928203230275509 327.6
      vertex 22.52786404500042 -7.608452130361228 327.6
    endloop
  endfacet
  facet normal 0.5877852522924729 0.8090169943749476 -1.7604874666112125e-18
    outer loop
      vertex 19.647655011980667 -5.9456670839445644 134.37
      vertex 19.646955149129134 -5.945158603819154 327.6
      vertex 21 -6.928203230275509 327.6
    endloop
  endfacet
  facet normal -0.20791169081775912 0.9781476007338057 0
    outer loop
      vertex 25.836227706141226 -7.956175162946186 134.27
      vertex 25.836227706141226 -7.956175162946186 327.6
      vertex 27.47213595499958 -7.608452130361228 327.6
    endloop
  endfacet
  facet normal -0.4067366430758002 0.9135454576426008 0
    outer loop
      vertex 27.47213595499958 -7.608452130361228 134.27
      vertex 27.47213595499958 -7.608452130361228 327.6
      vertex 29 -6.928203230275509 327.6
    endloop
  endfacet
  facet normal -0.5877852522924729 0.8090169943749476 0
    outer loop
      vertex 29 -6.928203230275509 134.27
      vertex 29 -6.928203230275509 327.6
      vertex 30.353044850870866 -5.945158603819154 327.6
    endloop
  endfacet
  facet normal -0.7431448254773942 0.6691306063588582 0
    outer loop
      vertex 30.353044850870866 -5.945158603819154 134.27
      vertex 30.353044850870866 -5.945158603819154 327.6
      vertex 31.47213595499958 -4.702282018339785 134.27
    endloop
  endfacet
  facet normal -0.7431448254773942 0.6691306063588582 0
    outer loop
      vertex 31.47213595499958 -4.702282018339785 134.37
      vertex 31.47213595499958 -4.702282018339785 134.27
      vertex 30.353044850870866 -5.945158603819154 327.6
    endloop
  endfacet
  facet normal -0.8660254037844379 0.500000000000001 -3.0694826795451702e-19
    outer loop
      vertex 31.47213595499958 -4.702282018339785 134.37
      vertex 32.30836366114081 -3.2538931446064017 327.6
      vertex 32.30836366114081 -3.2538931446064017 134.37
    endloop
  endfacet
  facet normal -0.951056516295154 0.3090169943749464 0
    outer loop
      vertex 32.30836366114081 -3.2538931446064017 134.37
      vertex 32.30836366114081 -3.2538931446064017 327.6
      vertex 32.825180805870446 -1.6632935265420747 134.27
    endloop
  endfacet
  facet normal -0.7431448254773942 0.6691306063588582 0
    outer loop
      vertex 31.47213595499958 -4.702282018339785 134.37
      vertex 30.353044850870866 -5.945158603819154 327.6
      vertex 31.47213595499958 -4.702282018339785 327.6
    endloop
  endfacet
  facet normal -0.8660254037844379 0.500000000000001 0
    outer loop
      vertex 31.47213595499958 -4.702282018339785 134.37
      vertex 31.47213595499958 -4.702282018339785 327.6
      vertex 32.30836366114081 -3.2538931446064017 327.6
    endloop
  endfacet
  facet normal -0.951056516295154 0.30901699437494634 0
    outer loop
      vertex 32.825180805870446 -1.6632935265420747 134.27
      vertex 32.30836366114081 -3.2538931446064017 327.6
      vertex 32.825180805870446 -1.6632935265420747 327.6
    endloop
  endfacet
  facet normal -0.9945218953682733 0.10452846326765322 0
    outer loop
      vertex 32.825180805870446 -1.6632935265420747 134.27
      vertex 32.825180805870446 -1.6632935265420747 327.6
      vertex 33 0 134.27
    endloop
  endfacet
  facet normal -0.9945218953682734 0.10452846326765322 0
    outer loop
      vertex 33 0 134.37
      vertex 33 0 134.27
      vertex 32.825180805870446 -1.6632935265420747 327.6
    endloop
  endfacet
  facet normal -0.9945218953682734 -0.10452846326765325 0
    outer loop
      vertex 33 0 134.37
      vertex 33 0 327.6
      vertex 32.825180805870446 1.6632935265420747 134.27
    endloop
  endfacet
  facet normal -0.951056516295154 -0.30901699437494634 0
    outer loop
      vertex 32.825180805870446 1.6632935265420747 134.27
      vertex 32.825180805870446 1.6632935265420747 327.6
      vertex 32.30836366114081 3.2538931446064017 134.27
    endloop
  endfacet
  facet normal -0.9945218953682734 0.10452846326765325 0
    outer loop
      vertex 33 0 134.37
      vertex 32.825180805870446 -1.6632935265420747 327.6
      vertex 33 0 327.6
    endloop
  endfacet
  facet normal -0.9945218953682733 -0.10452846326765322 0
    outer loop
      vertex 32.825180805870446 1.6632935265420747 134.27
      vertex 33 0 327.6
      vertex 32.825180805870446 1.6632935265420747 327.6
    endloop
  endfacet
  facet normal 0 0 -1
    outer loop
      vertex 21 -6.928203230275509 327.6
      vertex 21 6.928203230275509 327.6
      vertex 22.52786404500042 -7.608452130361228 327.6
    endloop
  endfacet
  facet normal 0 0 -1
    outer loop
      vertex 19.646955149129134 -5.945158603819154 327.6
      vertex 19.646955149129134 5.945158603819154 327.6
      vertex 21 -6.928203230275509 327.6
    endloop
  endfacet
  facet normal 0 0 -1
    outer loop
      vertex 24.163772293858774 -7.956175162946186 327.6
      vertex 22.52786404500042 -7.608452130361228 327.6
      vertex 21.4 6.45 327.6
    endloop
  endfacet
  facet normal 0 0 -1
    outer loop
      vertex 24.163772293858774 -7.956175162946186 327.6
      vertex 21.4 6.45 327.6
      vertex 25.836227706141226 -7.956175162946186 327.6
    endloop
  endfacet
  facet normal 0 0 -1
    outer loop
      vertex 25.836227706141226 -7.956175162946186 327.6
      vertex 21.4 6.45 327.6
      vertex 27.47213595499958 -7.608452130361228 327.6
    endloop
  endfacet
  facet normal 0 0 -1
    outer loop
      vertex 27.47213595499958 -7.608452130361228 327.6
      vertex 21.4 6.45 327.6
      vertex 29 -6.928203230275509 327.6
    endloop
  endfacet
  facet normal 0 0 -1
    outer loop
      vertex 29 -6.928203230275509 327.6
      vertex 29 6.928203230275509 327.6
      vertex 30.353044850870866 -5.945158603819154 327.6
    endloop
  endfacet
  facet normal 0 0 -1
    outer loop
      vertex 21 -6.928203230275509 327.6
      vertex 19.646955149129134 5.945158603819154 327.6
      vertex 21 6.928203230275509 327.6
    endloop
  endfacet
  facet normal 0 0 -1
    outer loop
      vertex 22.52786404500042 -7.608452130361228 327.6
      vertex 21 6.928203230275509 327.6
      vertex 21.4 6.45 327.6
    endloop
  endfacet
  facet normal 0 0 -1
    outer loop
      vertex 29 -6.928203230275509 327.6
      vertex 21.4 6.45 327.6
      vertex 28.6 6.45 327.6
    endloop
  endfacet
  facet normal 0 0 -1
    outer loop
      vertex 29 -6.928203230275509 327.6
      vertex 28.6 6.45 327.6
      vertex 29 6.928203230275509 327.6
    endloop
  endfacet
  facet normal 0 0 -1
    outer loop
      vertex 30.353044850870866 -5.945158603819154 327.6
      vertex 30.353044850870866 5.945158603819154 327.6
      vertex 31.47213595499958 -4.702282018339785 327.6
    endloop
  endfacet
  facet normal 0 0 -1
    outer loop
      vertex 31.47213595499958 -4.702282018339785 327.6
      vertex 31.47213595499958 4.702282018339785 327.6
      vertex 32.30836366114081 -3.2538931446064017 327.6
    endloop
  endfacet
  facet normal 0 0 -1
    outer loop
      vertex 32.30836366114081 -3.2538931446064017 327.6
      vertex 32.30836366114081 3.2538931446064017 327.6
      vertex 32.825180805870446 -1.6632935265420747 327.6
    endloop
  endfacet
  facet normal 0 0 -1
    outer loop
      vertex 32.825180805870446 -1.6632935265420747 327.6
      vertex 32.825180805870446 1.6632935265420747 327.6
      vertex 33 0 327.6
    endloop
  endfacet
  facet normal 0 0 -1
    outer loop
      vertex 31.47213595499958 -4.702282018339785 327.6
      vertex 30.353044850870866 5.945158603819154 327.6
      vertex 31.47213595499958 4.702282018339785 327.6
    endloop
  endfacet
  facet normal 0 0 -1
    outer loop
      vertex 32.30836366114081 -3.2538931446064017 327.6
      vertex 31.47213595499958 4.702282018339785 327.6
      vertex 32.30836366114081 3.2538931446064017 327.6
    endloop
  endfacet
  facet normal 0 0 -1
    outer loop
      vertex 32.825180805870446 -1.6632935265420747 327.6
      vertex 32.30836366114081 3.2538931446064017 327.6
      vertex 32.825180805870446 1.6632935265420747 327.6
    endloop
  endfacet
  facet normal 0.5877852522924729 -0.8090169943749476 0
    outer loop
      vertex 19.646955149129134 5.945158603819154 134.37
      vertex 19.646955149129134 5.945158603819154 134.27
      vertex 21 6.928203230275509 134.27
    endloop
  endfacet
  facet normal 0.4067366430758615 -0.9135454576425736 1.1061256314162336e-20
    outer loop
      vertex 21.00112865778607 6.9287057410977635 134.27
      vertex 21 6.928203230275509 134.37
      vertex 21 6.928203230275509 134.27
    endloop
  endfacet
  facet normal 0.2079116908177591 -0.9781476007338057 0
    outer loop
      vertex 22.52786404500042 7.608452130361228 134.27
      vertex 24.163772293858774 7.956175162946186 134.27
      vertex 22.52786404500042 7.608452130361228 134.37
    endloop
  endfacet
  facet normal 0.9510565162951533 -0.3090169943749483 -3.936263824536882e-20
    outer loop
      vertex 17.174819194129554 1.6632935265420747 134.27
      vertex 17.691636338859194 3.2538931446064017 134.27
      vertex 17.691636338859194 3.2538931446064017 327.6
    endloop
  endfacet
  facet normal 0.8660254037844389 -0.4999999999999994 2.6029757132478353e-19
    outer loop
      vertex 17.691636338859194 3.2538931446064017 134.27
      vertex 18.52786404500042 4.702282018339785 134.27
      vertex 18.52786404500042 4.702282018339785 327.6
    endloop
  endfacet
  facet normal 0.7431448254773939 -0.6691306063588586 3.877928229251623e-18
    outer loop
      vertex 18.52786404500042 4.702282018339785 134.27
      vertex 19.646128458500392 5.94424047086098 134.27
      vertex 19.646955149129134 5.945158603819154 327.6
    endloop
  endfacet
  facet normal 0.743144825477823 -0.6691306063583818 0
    outer loop
      vertex 19.646955149129134 5.945158603819154 134.37
      vertex 19.646955149129134 5.945158603819154 327.6
      vertex 19.646128458500392 5.94424047086098 134.27
    endloop
  endfacet
  facet normal 0.8660254037844389 -0.4999999999999994 0
    outer loop
      vertex 17.691636338859194 3.2538931446064017 134.27
      vertex 18.52786404500042 4.702282018339785 327.6
      vertex 17.691636338859194 3.2538931446064017 327.6
    endloop
  endfacet
  facet normal 0.7431448254773942 -0.6691306063588582 0
    outer loop
      vertex 18.52786404500042 4.702282018339785 134.27
      vertex 19.646955149129134 5.945158603819154 327.6
      vertex 18.52786404500042 4.702282018339785 327.6
    endloop
  endfacet
  facet normal 0.5877852522924729 -0.8090169943749476 0
    outer loop
      vertex 19.646955149129134 5.945158603819154 134.37
      vertex 21 6.928203230275509 134.27
      vertex 19.646955149129134 5.945158603819154 327.6
    endloop
  endfacet
  facet normal 0.5877852522924729 -0.8090169943749476 0
    outer loop
      vertex 21 6.928203230275509 134.37
      vertex 19.646955149129134 5.945158603819154 327.6
      vertex 21 6.928203230275509 134.27
    endloop
  endfacet
  facet normal 0.40673664307580026 -0.9135454576426009 0
    outer loop
      vertex 21 6.928203230275509 134.37
      vertex 22.52786404500042 7.608452130361228 134.37
      vertex 21 6.928203230275509 327.6
    endloop
  endfacet
  facet normal 0.20791169081775912 -0.9781476007338057 -9.868910221325844e-20
    outer loop
      vertex 22.52786404500042 7.608452130361228 134.37
      vertex 24.163772293858774 7.956175162946186 134.27
      vertex 24.163772293858774 7.956175162946186 327.55
    endloop
  endfacet
  facet normal 0 -1 0
    outer loop
      vertex 24.163772293858774 7.956175162946186 134.27
      vertex 25.836227706141226 7.956175162946186 134.27
      vertex 25.836227706141226 7.956175162946186 327.55
    endloop
  endfacet
  facet normal -0.20791169081775912 -0.9781476007338057 9.868910221325844e-20
    outer loop
      vertex 25.836227706141226 7.956175162946186 134.27
      vertex 27.47213595499958 7.608452130361228 134.27
      vertex 27.47213595499958 7.608452130361228 327.55
    endloop
  endfacet
  facet normal -0.5877852522924729 -0.8090169943749476 1.8095728309542063e-19
    outer loop
      vertex 30.353044850870866 5.945158603819154 134.27
      vertex 29 6.928203230275509 327.6
      vertex 29 6.928203230275509 134.27
    endloop
  endfacet
  facet normal -0.4067366430758003 -0.9135454576426009 -1.181249726671606e-18
    outer loop
      vertex 27.47213595499958 7.608452130361228 134.27
      vertex 29 6.928203230275509 134.27
      vertex 28.6 7.106294704398922 327.55
    endloop
  endfacet
  facet normal 0.5877852522924729 -0.8090169943749476 0
    outer loop
      vertex 21 6.928203230275509 134.37
      vertex 21 6.928203230275509 327.6
      vertex 19.646955149129134 5.945158603819154 327.6
    endloop
  endfacet
  facet normal 0.4067366430757998 -0.9135454576426011 -3.716304012678694e-18
    outer loop
      vertex 22.52786404500042 7.608452130361228 134.37
      vertex 21.4 7.106294704398922 327.55
      vertex 21 6.928203230275509 327.6
    endloop
  endfacet
  facet normal 0.4067366430758005 -0.9135454576426008 0
    outer loop
      vertex 22.52786404500042 7.608452130361228 134.37
      vertex 22.52786404500042 7.608452130361228 327.55
      vertex 21.4 7.106294704398922 327.55
    endloop
  endfacet
  facet normal 0.20791169081775912 -0.9781476007338057 0
    outer loop
      vertex 22.52786404500042 7.608452130361228 134.37
      vertex 24.163772293858774 7.956175162946186 327.55
      vertex 22.52786404500042 7.608452130361228 327.55
    endloop
  endfacet
  facet normal 0 -1 0
    outer loop
      vertex 24.163772293858774 7.956175162946186 134.27
      vertex 25.836227706141226 7.956175162946186 327.55
      vertex 24.163772293858774 7.956175162946186 327.55
    endloop
  endfacet
  facet normal -0.20791169081775912 -0.9781476007338057 0
    outer loop
      vertex 25.836227706141226 7.956175162946186 134.27
      vertex 27.47213595499958 7.608452130361228 327.55
      vertex 25.836227706141226 7.956175162946186 327.55
    endloop
  endfacet
  facet normal -0.5877852522924729 -0.8090169943749476 0
    outer loop
      vertex 30.353044850870866 5.945158603819154 134.27
      vertex 30.353044850870866 5.945158603819154 327.6
      vertex 29 6.928203230275509 327.6
    endloop
  endfacet
  facet normal -0.4067366430757998 -0.9135454576426011 0
    outer loop
      vertex 29 6.928203230275509 134.27
      vertex 29 6.928203230275509 327.6
      vertex 28.6 7.106294704398922 327.6
    endloop
  endfacet
  facet normal -0.40673664307580043 -0.9135454576426008 0
    outer loop
      vertex 27.47213595499958 7.608452130361228 134.27
      vertex 28.6 7.106294704398922 327.55
      vertex 27.47213595499958 7.608452130361228 327.55
    endloop
  endfacet
  facet normal -0.4067366430757251 -0.9135454576426343 2.317977149762768e-17
    outer loop
      vertex 29 6.928203230275509 134.27
      vertex 28.6 7.106294704398922 327.6
      vertex 28.6 7.106294704398922 327.55
    endloop
  endfacet
  facet normal -0.866025403784438 -0.500000000000001 0
    outer loop
      vertex 32.30836366114081 3.2538931446064017 134.27
      vertex 32.30836366114081 3.2538931446064017 327.6
      vertex 31.47213595499958 4.702282018339785 134.27
    endloop
  endfacet
  facet normal -0.7431448254773942 -0.6691306063588582 0
    outer loop
      vertex 31.47213595499958 4.702282018339785 134.27
      vertex 31.47213595499958 4.702282018339785 327.6
      vertex 30.353044850870866 5.945158603819154 134.27
    endloop
  endfacet
  facet normal -0.951056516295154 -0.30901699437494634 0
    outer loop
      vertex 32.30836366114081 3.2538931446064017 134.27
      vertex 32.825180805870446 1.6632935265420747 327.6
      vertex 32.30836366114081 3.2538931446064017 327.6
    endloop
  endfacet
  facet normal -0.866025403784438 -0.500000000000001 0
    outer loop
      vertex 31.47213595499958 4.702282018339785 134.27
      vertex 32.30836366114081 3.2538931446064017 327.6
      vertex 31.47213595499958 4.702282018339785 327.6
    endloop
  endfacet
  facet normal -0.7431448254773942 -0.6691306063588582 0
    outer loop
      vertex 30.353044850870866 5.945158603819154 134.27
      vertex 31.47213595499958 4.702282018339785 327.6
      vertex 30.353044850870866 5.945158603819154 327.6
    endloop
  endfacet
  facet normal 0 0 -1
    outer loop
      vertex 30.353044850870866 -5.945158603819154 327.6
      vertex 29 6.928203230275509 327.6
      vertex 30.353044850870866 5.945158603819154 327.6
    endloop
  endfacet
  facet normal 0 0 -1
    outer loop
      vertex 21.4 6.45 327.6
      vertex 21 6.928203230275509 327.6
      vertex 21.4 7.106294704398922 327.6
    endloop
  endfacet
  facet normal 0.4067366430757998 -0.9135454576426011 -2.3179771497624732e-17
    outer loop
      vertex 21 6.928203230275509 327.6
      vertex 21.4 7.106294704398922 327.55
      vertex 21.4 7.106294704398922 327.6
    endloop
  endfacet
  facet normal 0 0 -1
    outer loop
      vertex 28.6 6.45 327.6
      vertex 28.6 7.106294704398922 327.6
      vertex 29 6.928203230275509 327.6
    endloop
  endfacet
  facet normal 0.5877852522924732 0.8090169943749473 0
    outer loop
      vertex -32.36043666994744 -8.174593080251336 34.80000000000001
      vertex -30.5 -9.526279441628825 0
      vertex -32.36043666994744 -8.174593080251336 0
    endloop
  endfacet
  facet normal 0.7431448254773938 0.6691306063588587 0
    outer loop
      vertex -32.36043666994744 -8.174593080251336 34.80000000000001
      vertex -32.36043666994744 -8.174593080251336 0
      vertex -33.89918693812442 -6.465637775217204 34.80000000000001
    endloop
  endfacet
  facet normal 0.5877852522924732 0.8090169943749473 1.4585874106826854e-18
    outer loop
      vertex -32.36043666994744 -8.174593080251336 34.80000000000001
      vertex -30.5 -9.526279441628825 34.80000000000001
      vertex -30.5 -9.526279441628825 0
    endloop
  endfacet
  facet normal 0.7431448254773938 0.6691306063588587 0
    outer loop
      vertex -33.89918693812442 -6.465637775217204 34.80000000000001
      vertex -32.36043666994744 -8.174593080251336 0
      vertex -33.89918693812442 -6.465637775217204 0
    endloop
  endfacet
  facet normal 0.8660254037844385 0.5000000000000006 0
    outer loop
      vertex -33.89918693812442 -6.465637775217204 34.80000000000001
      vertex -33.89918693812442 -6.465637775217204 0
      vertex -35.04900003406861 -4.474103073833803 34.80000000000001
    endloop
  endfacet
  facet normal 0.20791169081775943 0.9781476007338056 0
    outer loop
      vertex -28.399186938124423 -10.461621679246688 34.80000000000001
      vertex -26.14981309594419 -10.939740849051006 0
      vertex -28.399186938124423 -10.461621679246688 0
    endloop
  endfacet
  facet normal 0.40673664307580015 0.9135454576426009 0
    outer loop
      vertex -30.5 -9.526279441628825 34.80000000000001
      vertex -28.399186938124423 -10.461621679246688 0
      vertex -30.5 -9.526279441628825 0
    endloop
  endfacet
  facet normal 0 1 0
    outer loop
      vertex -26.14981309594419 -10.939740849051006 34.80000000000001
      vertex -23.85018690405581 -10.939740849051006 0
      vertex -26.14981309594419 -10.939740849051006 0
    endloop
  endfacet
  facet normal 0.40673664307580015 0.9135454576426009 -3.864558905504709e-19
    outer loop
      vertex -30.5 -9.526279441628825 34.80000000000001
      vertex -28.399186938124423 -10.461621679246688 34.80000000000001
      vertex -28.399186938124423 -10.461621679246688 0
    endloop
  endfacet
  facet normal 0.20791169081775943 0.9781476007338056 -7.179062493522709e-19
    outer loop
      vertex -28.399186938124423 -10.461621679246688 34.80000000000001
      vertex -26.14981309594419 -10.939740849051006 34.80000000000001
      vertex -26.14981309594419 -10.939740849051006 0
    endloop
  endfacet
  facet normal -0.20791169081775943 0.9781476007338056 0
    outer loop
      vertex -23.85018690405581 -10.939740849051006 34.80000000000001
      vertex -21.600813061875577 -10.461621679246688 0
      vertex -23.85018690405581 -10.939740849051006 0
    endloop
  endfacet
  facet normal -0.40673664307580015 0.9135454576426009 0
    outer loop
      vertex -21.600813061875577 -10.461621679246688 34.80000000000001
      vertex -19.5 -9.526279441628825 0
      vertex -21.600813061875577 -10.461621679246688 0
    endloop
  endfacet
  facet normal 0 1 0
    outer loop
      vertex -26.14981309594419 -10.939740849051006 34.80000000000001
      vertex -23.85018690405581 -10.939740849051006 34.80000000000001
      vertex -23.85018690405581 -10.939740849051006 0
    endloop
  endfacet
  facet normal -0.20791169081775943 0.9781476007338056 7.179062493522709e-19
    outer loop
      vertex -23.85018690405581 -10.939740849051006 34.80000000000001
      vertex -21.600813061875577 -10.461621679246688 34.80000000000001
      vertex -21.600813061875577 -10.461621679246688 0
    endloop
  endfacet
  facet normal -0.40673664307580015 0.9135454576426009 3.864558905504709e-19
    outer loop
      vertex -21.600813061875577 -10.461621679246688 34.80000000000001
      vertex -19.5 -9.526279441628825 34.80000000000001
      vertex -19.5 -9.526279441628825 0
    endloop
  endfacet
  facet normal 0.9510565162951539 0.3090169943749467 0
    outer loop
      vertex -35.04900003406861 -4.474103073833803 34.80000000000001
      vertex -35.04900003406861 -4.474103073833803 0
      vertex -35.75962360807186 -2.2870285989953527 34.80000000000001
    endloop
  endfacet
  facet normal 0.9510565162951539 0.3090169943749467 0
    outer loop
      vertex -35.75962360807186 -2.2870285989953527 34.80000000000001
      vertex -35.04900003406861 -4.474103073833803 0
      vertex -35.75962360807186 -2.2870285989953527 0
    endloop
  endfacet
  facet normal 0.8660254037844385 0.5000000000000006 0
    outer loop
      vertex -35.04900003406861 -4.474103073833803 34.80000000000001
      vertex -33.89918693812442 -6.465637775217204 0
      vertex -35.04900003406861 -4.474103073833803 0
    endloop
  endfacet
  facet normal 0.9945218953682734 0.10452846326765322 0
    outer loop
      vertex -36 0 34.80000000000001
      vertex -35.75962360807186 -2.2870285989953527 0
      vertex -36 0 0
    endloop
  endfacet
  facet normal 0.9945218953682734 0.10452846326765322 0
    outer loop
      vertex -35.75962360807186 -2.2870285989953527 34.80000000000001
      vertex -35.75962360807186 -2.2870285989953527 0
      vertex -36 0 34.80000000000001
    endloop
  endfacet
  facet normal 0.9945218953682734 -0.10452846326765322 0
    outer loop
      vertex -35.75962360807186 2.2870285989953527 34.80000000000001
      vertex -36 0 0
      vertex -35.75962360807186 2.2870285989953527 0
    endloop
  endfacet
  facet normal 0.9945218953682734 -0.10452846326765322 0
    outer loop
      vertex -36 0 34.80000000000001
      vertex -36 0 0
      vertex -35.75962360807186 2.2870285989953527 34.80000000000001
    endloop
  endfacet
  facet normal -0.5877852522924732 0.8090169943749473 0
    outer loop
      vertex -19.5 -9.526279441628825 34.80000000000001
      vertex -17.63956333005256 -8.174593080251336 0
      vertex -19.5 -9.526279441628825 0
    endloop
  endfacet
  facet normal -0.7431448254773938 0.6691306063588587 0
    outer loop
      vertex -17.63956333005256 -8.174593080251336 34.80000000000001
      vertex -16.100813061875577 -6.465637775217204 0
      vertex -17.63956333005256 -8.174593080251336 0
    endloop
  endfacet
  facet normal -0.5877852522924732 0.8090169943749473 -1.4585874106826854e-18
    outer loop
      vertex -19.5 -9.526279441628825 34.80000000000001
      vertex -17.63956333005256 -8.174593080251336 34.80000000000001
      vertex -17.63956333005256 -8.174593080251336 0
    endloop
  endfacet
  facet normal -0.866025403784439 0.4999999999999994 0
    outer loop
      vertex -16.100813061875577 -6.465637775217204 34.80000000000001
      vertex -14.950999965931391 -4.474103073833803 0
      vertex -16.100813061875577 -6.465637775217204 0
    endloop
  endfacet
  facet normal -0.7431448254773938 0.6691306063588587 1.0871593587780641e-18
    outer loop
      vertex -17.63956333005256 -8.174593080251336 34.80000000000001
      vertex -16.100813061875577 -6.465637775217204 34.80000000000001
      vertex -16.100813061875577 -6.465637775217204 0
    endloop
  endfacet
  facet normal -0.866025403784439 0.4999999999999994 2.183894526747599e-18
    outer loop
      vertex -16.100813061875577 -6.465637775217204 34.80000000000001
      vertex -14.950999965931391 -4.474103073833803 34.80000000000001
      vertex -14.950999965931391 -4.474103073833803 0
    endloop
  endfacet
  facet normal -0.9510565162951534 0.309016994374948 0
    outer loop
      vertex -14.950999965931391 -4.474103073833803 34.80000000000001
      vertex -14.240376391928137 -2.2870285989953527 0
      vertex -14.950999965931391 -4.474103073833803 0
    endloop
  endfacet
  facet normal -0.9510565162951534 0.309016994374948 -3.7549538642879766e-19
    outer loop
      vertex -14.950999965931391 -4.474103073833803 34.80000000000001
      vertex -14.240376391928137 -2.2870285989953527 34.80000000000001
      vertex -14.240376391928137 -2.2870285989953527 0
    endloop
  endfacet
  facet normal -0.9945218953682734 0.10452846326765322 0
    outer loop
      vertex -14.240376391928137 -2.2870285989953527 34.80000000000001
      vertex -14 0 0
      vertex -14.240376391928137 -2.2870285989953527 0
    endloop
  endfacet
  facet normal -0.9945218953682734 0.10452846326765322 5.602475746626834e-20
    outer loop
      vertex -14.240376391928137 -2.2870285989953527 34.80000000000001
      vertex -14 0 34.80000000000001
      vertex -14 0 0
    endloop
  endfacet
  facet normal -0.9945218953682734 -0.10452846326765322 0
    outer loop
      vertex -14 0 34.80000000000001
      vertex -14.240376391928137 2.2870285989953527 0
      vertex -14 0 0
    endloop
  endfacet
  facet normal -0.9945218953682734 -0.10452846326765322 -5.602475746626834e-20
    outer loop
      vertex -14 0 34.80000000000001
      vertex -14.240376391928137 2.2870285989953527 34.80000000000001
      vertex -14.240376391928137 2.2870285989953527 0
    endloop
  endfacet
  facet normal 0.9510565162951539 -0.3090169943749467 0
    outer loop
      vertex -35.04900003406861 4.474103073833803 34.80000000000001
      vertex -35.75962360807186 2.2870285989953527 0
      vertex -35.04900003406861 4.474103073833803 0
    endloop
  endfacet
  facet normal 0.9510565162951539 -0.3090169943749467 0
    outer loop
      vertex -35.75962360807186 2.2870285989953527 34.80000000000001
      vertex -35.75962360807186 2.2870285989953527 0
      vertex -35.04900003406861 4.474103073833803 34.80000000000001
    endloop
  endfacet
  facet normal 0.8660254037844385 -0.5000000000000006 0
    outer loop
      vertex -33.89918693812442 6.465637775217204 34.80000000000001
      vertex -35.04900003406861 4.474103073833803 0
      vertex -33.89918693812442 6.465637775217204 0
    endloop
  endfacet
  facet normal 0.8660254037844385 -0.5000000000000006 0
    outer loop
      vertex -35.04900003406861 4.474103073833803 34.80000000000001
      vertex -35.04900003406861 4.474103073833803 0
      vertex -33.89918693812442 6.465637775217204 34.80000000000001
    endloop
  endfacet
  facet normal 0.7431448254773938 -0.6691306063588587 0
    outer loop
      vertex -32.36043666994744 8.174593080251336 34.80000000000001
      vertex -33.89918693812442 6.465637775217204 0
      vertex -32.36043666994744 8.174593080251336 0
    endloop
  endfacet
  facet normal 0.7431448254773938 -0.6691306063588587 0
    outer loop
      vertex -33.89918693812442 6.465637775217204 34.80000000000001
      vertex -33.89918693812442 6.465637775217204 0
      vertex -32.36043666994744 8.174593080251336 34.80000000000001
    endloop
  endfacet
  facet normal 0.5877852522924732 -0.8090169943749473 0
    outer loop
      vertex -30.5 9.526279441628825 34.80000000000001
      vertex -32.36043666994744 8.174593080251336 0
      vertex -30.5 9.526279441628825 0
    endloop
  endfacet
  facet normal 0.5877852522924732 -0.8090169943749473 0
    outer loop
      vertex -32.36043666994744 8.174593080251336 34.80000000000001
      vertex -32.36043666994744 8.174593080251336 0
      vertex -30.5 9.526279441628825 34.80000000000001
    endloop
  endfacet
  facet normal 0.40673664307580015 -0.9135454576426009 0
    outer loop
      vertex -30.5 9.526279441628825 34.80000000000001
      vertex -30.5 9.526279441628825 0
      vertex -28.399186938124423 10.461621679246688 34.80000000000001
    endloop
  endfacet
  facet normal -0.40673664307580015 -0.9135454576426009 0
    outer loop
      vertex -19.5 9.526279441628825 34.80000000000001
      vertex -21.600813061875577 10.461621679246688 0
      vertex -19.5 9.526279441628825 0
    endloop
  endfacet
  facet normal 0.40673664307580015 -0.9135454576426009 0
    outer loop
      vertex -28.399186938124423 10.461621679246688 34.80000000000001
      vertex -30.5 9.526279441628825 0
      vertex -28.399186938124423 10.461621679246688 0
    endloop
  endfacet
  facet normal 0.20791169081775943 -0.9781476007338056 0
    outer loop
      vertex -26.14981309594419 10.939740849051006 34.80000000000001
      vertex -28.399186938124423 10.461621679246688 0
      vertex -26.14981309594419 10.939740849051006 0
    endloop
  endfacet
  facet normal 0.20791169081775943 -0.9781476007338056 0
    outer loop
      vertex -28.399186938124423 10.461621679246688 34.80000000000001
      vertex -28.399186938124423 10.461621679246688 0
      vertex -26.14981309594419 10.939740849051006 34.80000000000001
    endloop
  endfacet
  facet normal 0 -1 0
    outer loop
      vertex -26.14981309594419 10.939740849051006 34.80000000000001
      vertex -26.14981309594419 10.939740849051006 0
      vertex -23.85018690405581 10.939740849051006 34.80000000000001
    endloop
  endfacet
  facet normal 0 -1 0
    outer loop
      vertex -23.85018690405581 10.939740849051006 34.80000000000001
      vertex -26.14981309594419 10.939740849051006 0
      vertex -23.85018690405581 10.939740849051006 0
    endloop
  endfacet
  facet normal -0.20791169081775943 -0.9781476007338056 0
    outer loop
      vertex -21.600813061875577 10.461621679246688 34.80000000000001
      vertex -23.85018690405581 10.939740849051006 0
      vertex -21.600813061875577 10.461621679246688 0
    endloop
  endfacet
  facet normal -0.20791169081775943 -0.9781476007338056 0
    outer loop
      vertex -23.85018690405581 10.939740849051006 34.80000000000001
      vertex -23.85018690405581 10.939740849051006 0
      vertex -21.600813061875577 10.461621679246688 34.80000000000001
    endloop
  endfacet
  facet normal -0.40673664307580015 -0.9135454576426009 0
    outer loop
      vertex -21.600813061875577 10.461621679246688 34.80000000000001
      vertex -21.600813061875577 10.461621679246688 0
      vertex -19.5 9.526279441628825 34.80000000000001
    endloop
  endfacet
  facet normal -0.866025403784439 -0.4999999999999994 0
    outer loop
      vertex -14.950999965931391 4.474103073833803 34.80000000000001
      vertex -16.100813061875577 6.465637775217204 0
      vertex -14.950999965931391 4.474103073833803 0
    endloop
  endfacet
  facet normal -0.866025403784439 -0.4999999999999994 -2.183894526747599e-18
    outer loop
      vertex -14.950999965931391 4.474103073833803 34.80000000000001
      vertex -16.100813061875577 6.465637775217204 34.80000000000001
      vertex -16.100813061875577 6.465637775217204 0
    endloop
  endfacet
  facet normal -0.9510565162951534 -0.309016994374948 0
    outer loop
      vertex -14.240376391928137 2.2870285989953527 34.80000000000001
      vertex -14.950999965931391 4.474103073833803 0
      vertex -14.240376391928137 2.2870285989953527 0
    endloop
  endfacet
  facet normal -0.9510565162951534 -0.309016994374948 0
    outer loop
      vertex -14.950999965931391 4.474103073833803 34.80000000000001
      vertex -14.950999965931391 4.474103073833803 0
      vertex -14.240376391928137 2.2870285989953527 34.80000000000001
    endloop
  endfacet
  facet normal -0.7431448254773938 -0.6691306063588587 0
    outer loop
      vertex -16.100813061875577 6.465637775217204 34.80000000000001
      vertex -17.63956333005256 8.174593080251336 0
      vertex -16.100813061875577 6.465637775217204 0
    endloop
  endfacet
  facet normal -0.7431448254773938 -0.6691306063588587 0
    outer loop
      vertex -17.63956333005256 8.174593080251336 34.80000000000001
      vertex -17.63956333005256 8.174593080251336 0
      vertex -16.100813061875577 6.465637775217204 34.80000000000001
    endloop
  endfacet
  facet normal -0.5877852522924732 -0.8090169943749473 0
    outer loop
      vertex -17.63956333005256 8.174593080251336 34.80000000000001
      vertex -19.5 9.526279441628825 0
      vertex -17.63956333005256 8.174593080251336 0
    endloop
  endfacet
  facet normal -0.5877852522924732 -0.8090169943749473 0
    outer loop
      vertex -19.5 9.526279441628825 34.80000000000001
      vertex -19.5 9.526279441628825 0
      vertex -17.63956333005256 8.174593080251336 34.80000000000001
    endloop
  endfacet
  facet normal 0 1 0
    outer loop
      vertex -0.993020401042708 -9.447958005998597 30
      vertex 0.993020401042708 -9.447958005998597 0
      vertex -0.993020401042708 -9.447958005998597 0
    endloop
  endfacet
  facet normal 0.20791169081776004 0.9781476007338055 2.6715997153215574e-19
    outer loop
      vertex -2.9356614465620003 -9.035036904803958 30
      vertex -0.993020401042708 -9.447958005998597 30
      vertex -0.993020401042708 -9.447958005998597 0
    endloop
  endfacet
  facet normal 0.5877852522924731 0.8090169943749475 0
    outer loop
      vertex -6.356740760409153 -7.059875842035245 30
      vertex -4.75 -8.227241335952167 0
      vertex -6.356740760409153 -7.059875842035245 0
    endloop
  endfacet
  facet normal 0.5877852522924731 0.8090169943749475 9.632108903247158e-19
    outer loop
      vertex -6.356740760409153 -7.059875842035245 30
      vertex -4.75 -8.227241335952167 30
      vertex -4.75 -8.227241335952167 0
    endloop
  endfacet
  facet normal 0.7431448254773939 0.6691306063588587 0
    outer loop
      vertex -6.356740760409153 -7.059875842035245 30
      vertex -6.356740760409153 -7.059875842035245 0
      vertex -7.685661446562001 -5.583959896778495 30
    endloop
  endfacet
  facet normal 0.7431448254773939 0.6691306063588587 0
    outer loop
      vertex -7.685661446562001 -5.583959896778495 30
      vertex -6.356740760409153 -7.059875842035245 0
      vertex -7.685661446562001 -5.583959896778495 0
    endloop
  endfacet
  facet normal 0.4067366430757998 0.9135454576426011 0
    outer loop
      vertex -4.75 -8.227241335952167 30
      vertex -2.9356614465620003 -9.035036904803958 0
      vertex -4.75 -8.227241335952167 0
    endloop
  endfacet
  facet normal 0.4067366430757998 0.9135454576426011 -2.0954580645492417e-19
    outer loop
      vertex -4.75 -8.227241335952167 30
      vertex -2.9356614465620003 -9.035036904803958 30
      vertex -2.9356614465620003 -9.035036904803958 0
    endloop
  endfacet
  facet normal 0.20791169081776004 0.9781476007338055 0
    outer loop
      vertex -2.9356614465620003 -9.035036904803958 30
      vertex -0.993020401042708 -9.447958005998597 0
      vertex -2.9356614465620003 -9.035036904803958 0
    endloop
  endfacet
  facet normal 0.8660254037844392 0.4999999999999992 0
    outer loop
      vertex -8.678681847604707 -3.863998109220102 30
      vertex -7.685661446562001 -5.583959896778495 0
      vertex -8.678681847604707 -3.863998109220102 0
    endloop
  endfacet
  facet normal 0.8660254037844392 0.4999999999999992 0
    outer loop
      vertex -7.685661446562001 -5.583959896778495 30
      vertex -7.685661446562001 -5.583959896778495 0
      vertex -8.678681847604707 -3.863998109220102 30
    endloop
  endfacet
  facet normal 0.9510565162951533 0.3090169943749482 0
    outer loop
      vertex -9.292402206971154 -1.9751610627687137 30
      vertex -8.678681847604707 -3.863998109220102 0
      vertex -9.292402206971154 -1.9751610627687137 0
    endloop
  endfacet
  facet normal 0.9510565162951533 0.3090169943749482 0
    outer loop
      vertex -8.678681847604707 -3.863998109220102 30
      vertex -8.678681847604707 -3.863998109220102 0
      vertex -9.292402206971154 -1.9751610627687137 30
    endloop
  endfacet
  facet normal 0.9945218953682734 0.10452846326765323 0
    outer loop
      vertex -9.5 0 30
      vertex -9.292402206971154 -1.9751610627687137 0
      vertex -9.5 0 0
    endloop
  endfacet
  facet normal 0.9945218953682734 0.10452846326765323 0
    outer loop
      vertex -9.292402206971154 -1.9751610627687137 30
      vertex -9.292402206971154 -1.9751610627687137 0
      vertex -9.5 0 30
    endloop
  endfacet
  facet normal 0.9945218953682734 -0.10452846326765323 0
    outer loop
      vertex -9.5 0 30
      vertex -9.5 0 0
      vertex -9.292402206971154 1.9751610627687137 30
    endloop
  endfacet
  facet normal 0.9945218953682734 -0.10452846326765323 0
    outer loop
      vertex -9.292402206971154 1.9751610627687137 30
      vertex -9.5 0 0
      vertex -9.292402206971154 1.9751610627687137 0
    endloop
  endfacet
  facet normal 0.9510565162951533 -0.3090169943749482 0
    outer loop
      vertex -9.292402206971154 1.9751610627687137 30
      vertex -9.292402206971154 1.9751610627687137 0
      vertex -8.678681847604707 3.863998109220102 30
    endloop
  endfacet
  facet normal 0.9510565162951533 -0.3090169943749482 0
    outer loop
      vertex -8.678681847604707 3.863998109220102 30
      vertex -9.292402206971154 1.9751610627687137 0
      vertex -8.678681847604707 3.863998109220102 0
    endloop
  endfacet
  facet normal 0.8660254037844392 -0.4999999999999992 0
    outer loop
      vertex -7.685661446562001 5.583959896778495 30
      vertex -8.678681847604707 3.863998109220102 0
      vertex -7.685661446562001 5.583959896778495 0
    endloop
  endfacet
  facet normal 0.8660254037844392 -0.4999999999999992 0
    outer loop
      vertex -8.678681847604707 3.863998109220102 30
      vertex -8.678681847604707 3.863998109220102 0
      vertex -7.685661446562001 5.583959896778495 30
    endloop
  endfacet
  facet normal 0.7431448254773939 -0.6691306063588587 0
    outer loop
      vertex -6.356740760409153 7.059875842035245 30
      vertex -7.685661446562001 5.583959896778495 0
      vertex -6.356740760409153 7.059875842035245 0
    endloop
  endfacet
  facet normal 0.7431448254773939 -0.6691306063588587 0
    outer loop
      vertex -7.685661446562001 5.583959896778495 30
      vertex -7.685661446562001 5.583959896778495 0
      vertex -6.356740760409153 7.059875842035245 30
    endloop
  endfacet
  facet normal 0.5877852522924731 -0.8090169943749475 0
    outer loop
      vertex -4.75 8.227241335952167 30
      vertex -6.356740760409153 7.059875842035245 0
      vertex -4.75 8.227241335952167 0
    endloop
  endfacet
  facet normal 0.5877852522924731 -0.8090169943749475 0
    outer loop
      vertex -6.356740760409153 7.059875842035245 30
      vertex -6.356740760409153 7.059875842035245 0
      vertex -4.75 8.227241335952167 30
    endloop
  endfacet
  facet normal 0.4067366430757998 -0.9135454576426011 0
    outer loop
      vertex -2.9356614465620003 9.035036904803958 30
      vertex -4.75 8.227241335952167 0
      vertex -2.9356614465620003 9.035036904803958 0
    endloop
  endfacet
  facet normal 0.4067366430757998 -0.9135454576426011 0
    outer loop
      vertex -4.75 8.227241335952167 30
      vertex -4.75 8.227241335952167 0
      vertex -2.9356614465620003 9.035036904803958 30
    endloop
  endfacet
  facet normal 0.20791169081776004 -0.9781476007338055 0
    outer loop
      vertex -0.993020401042708 9.447958005998597 30
      vertex -2.9356614465620003 9.035036904803958 0
      vertex -0.993020401042708 9.447958005998597 0
    endloop
  endfacet
  facet normal 0.20791169081776004 -0.9781476007338055 0
    outer loop
      vertex -2.9356614465620003 9.035036904803958 30
      vertex -2.9356614465620003 9.035036904803958 0
      vertex -0.993020401042708 9.447958005998597 30
    endloop
  endfacet
  facet normal 0 -1 0
    outer loop
      vertex -0.993020401042708 9.447958005998597 30
      vertex -0.993020401042708 9.447958005998597 0
      vertex 0.993020401042708 9.447958005998597 30
    endloop
  endfacet
  facet normal -0.20791169081776004 0.9781476007338055 0
    outer loop
      vertex 0.993020401042708 -9.447958005998597 30
      vertex 2.9356614465620003 -9.035036904803958 0
      vertex 0.993020401042708 -9.447958005998597 0
    endloop
  endfacet
  facet normal 0 1 0
    outer loop
      vertex -0.993020401042708 -9.447958005998597 30
      vertex 0.993020401042708 -9.447958005998597 30
      vertex 0.993020401042708 -9.447958005998597 0
    endloop
  endfacet
  facet normal -0.20791169081776004 0.9781476007338055 -2.6715997153215574e-19
    outer loop
      vertex 0.993020401042708 -9.447958005998597 30
      vertex 2.9356614465620003 -9.035036904803958 30
      vertex 2.9356614465620003 -9.035036904803958 0
    endloop
  endfacet
  facet normal -0.4067366430757998 0.9135454576426011 0
    outer loop
      vertex 2.9356614465620003 -9.035036904803958 30
      vertex 4.75 -8.227241335952167 0
      vertex 2.9356614465620003 -9.035036904803958 0
    endloop
  endfacet
  facet normal -0.4067366430757998 0.9135454576426011 2.0954580645492417e-19
    outer loop
      vertex 2.9356614465620003 -9.035036904803958 30
      vertex 4.75 -8.227241335952167 30
      vertex 4.75 -8.227241335952167 0
    endloop
  endfacet
  facet normal -0.5877852522924731 0.8090169943749475 0
    outer loop
      vertex 4.75 -8.227241335952167 30
      vertex 6.356740760409153 -7.059875842035245 0
      vertex 4.75 -8.227241335952167 0
    endloop
  endfacet
  facet normal -0.5877852522924731 0.8090169943749475 -9.632108903247158e-19
    outer loop
      vertex 4.75 -8.227241335952167 30
      vertex 6.356740760409153 -7.059875842035245 30
      vertex 6.356740760409153 -7.059875842035245 0
    endloop
  endfacet
  facet normal -0.7431448254773939 0.6691306063588587 0
    outer loop
      vertex 6.356740760409153 -7.059875842035245 30
      vertex 7.685661446562001 -5.583959896778495 0
      vertex 6.356740760409153 -7.059875842035245 0
    endloop
  endfacet
  facet normal -0.7431448254773939 0.6691306063588587 1.4225050464598804e-18
    outer loop
      vertex 6.356740760409153 -7.059875842035245 30
      vertex 7.685661446562001 -5.583959896778495 30
      vertex 7.685661446562001 -5.583959896778495 0
    endloop
  endfacet
  facet normal -0.8660254037844392 0.4999999999999992 0
    outer loop
      vertex 7.685661446562001 -5.583959896778495 30
      vertex 8.678681847604707 -3.863998109220102 0
      vertex 7.685661446562001 -5.583959896778495 0
    endloop
  endfacet
  facet normal -0.8660254037844392 0.4999999999999992 -8.418303755734847e-19
    outer loop
      vertex 7.685661446562001 -5.583959896778495 30
      vertex 8.678681847604707 -3.863998109220102 30
      vertex 8.678681847604707 -3.863998109220102 0
    endloop
  endfacet
  facet normal -0.9510565162951533 0.3090169943749482 0
    outer loop
      vertex 8.678681847604707 -3.863998109220102 30
      vertex 9.292402206971154 -1.9751610627687137 0
      vertex 8.678681847604707 -3.863998109220102 0
    endloop
  endfacet
  facet normal -0.9510565162951533 0.3090169943749482 -6.625544729868389e-19
    outer loop
      vertex 8.678681847604707 -3.863998109220102 30
      vertex 9.292402206971154 -1.9751610627687137 30
      vertex 9.292402206971154 -1.9751610627687137 0
    endloop
  endfacet
  facet normal -0.9945218953682734 0.10452846326765323 0
    outer loop
      vertex 9.292402206971154 -1.9751610627687137 30
      vertex 9.5 0 0
      vertex 9.292402206971154 -1.9751610627687137 0
    endloop
  endfacet
  facet normal -0.9945218953682734 0.10452846326765323 2.6361115002184198e-20
    outer loop
      vertex 9.292402206971154 -1.9751610627687137 30
      vertex 9.5 0 30
      vertex 9.5 0 0
    endloop
  endfacet
  facet normal -0.9945218953682734 -0.10452846326765323 0
    outer loop
      vertex 9.5 0 30
      vertex 9.292402206971154 1.9751610627687137 0
      vertex 9.5 0 0
    endloop
  endfacet
  facet normal -0.9945218953682734 -0.10452846326765323 -2.6361115002184198e-20
    outer loop
      vertex 9.5 0 30
      vertex 9.292402206971154 1.9751610627687137 30
      vertex 9.292402206971154 1.9751610627687137 0
    endloop
  endfacet
  facet normal -0.9510565162951533 -0.3090169943749482 0
    outer loop
      vertex 9.292402206971154 1.9751610627687137 30
      vertex 8.678681847604707 3.863998109220102 0
      vertex 9.292402206971154 1.9751610627687137 0
    endloop
  endfacet
  facet normal -0.9510565162951533 -0.3090169943749482 0
    outer loop
      vertex 8.678681847604707 3.863998109220102 30
      vertex 8.678681847604707 3.863998109220102 0
      vertex 9.292402206971154 1.9751610627687137 30
    endloop
  endfacet
  facet normal -0.8660254037844392 -0.4999999999999992 0
    outer loop
      vertex 8.678681847604707 3.863998109220102 30
      vertex 7.685661446562001 5.583959896778495 0
      vertex 8.678681847604707 3.863998109220102 0
    endloop
  endfacet
  facet normal -0.8660254037844392 -0.4999999999999992 8.418303755734847e-19
    outer loop
      vertex 8.678681847604707 3.863998109220102 30
      vertex 7.685661446562001 5.583959896778495 30
      vertex 7.685661446562001 5.583959896778495 0
    endloop
  endfacet
  facet normal 0 -1 0
    outer loop
      vertex 0.993020401042708 9.447958005998597 30
      vertex -0.993020401042708 9.447958005998597 0
      vertex 0.993020401042708 9.447958005998597 0
    endloop
  endfacet
  facet normal -0.20791169081776004 -0.9781476007338055 0
    outer loop
      vertex 2.9356614465620003 9.035036904803958 30
      vertex 0.993020401042708 9.447958005998597 0
      vertex 2.9356614465620003 9.035036904803958 0
    endloop
  endfacet
  facet normal -0.20791169081776004 -0.9781476007338055 0
    outer loop
      vertex 0.993020401042708 9.447958005998597 30
      vertex 0.993020401042708 9.447958005998597 0
      vertex 2.9356614465620003 9.035036904803958 30
    endloop
  endfacet
  facet normal -0.4067366430757998 -0.9135454576426011 0
    outer loop
      vertex 4.75 8.227241335952167 30
      vertex 2.9356614465620003 9.035036904803958 0
      vertex 4.75 8.227241335952167 0
    endloop
  endfacet
  facet normal -0.4067366430757998 -0.9135454576426011 -2.0954580645492417e-19
    outer loop
      vertex 4.75 8.227241335952167 30
      vertex 2.9356614465620003 9.035036904803958 30
      vertex 2.9356614465620003 9.035036904803958 0
    endloop
  endfacet
  facet normal -0.7431448254773939 -0.6691306063588587 0
    outer loop
      vertex 7.685661446562001 5.583959896778495 30
      vertex 6.356740760409153 7.059875842035245 0
      vertex 7.685661446562001 5.583959896778495 0
    endloop
  endfacet
  facet normal -0.7431448254773939 -0.6691306063588587 0
    outer loop
      vertex 6.356740760409153 7.059875842035245 30
      vertex 6.356740760409153 7.059875842035245 0
      vertex 7.685661446562001 5.583959896778495 30
    endloop
  endfacet
  facet normal -0.5877852522924731 -0.8090169943749475 0
    outer loop
      vertex 6.356740760409153 7.059875842035245 30
      vertex 4.75 8.227241335952167 0
      vertex 6.356740760409153 7.059875842035245 0
    endloop
  endfacet
  facet normal -0.5877852522924731 -0.8090169943749475 0
    outer loop
      vertex 4.75 8.227241335952167 30
      vertex 4.75 8.227241335952167 0
      vertex 6.356740760409153 7.059875842035245 30
    endloop
  endfacet
  facet normal 0.7431448254773942 0.6691306063588581 -8.214005002470128e-20
    outer loop
      vertex 18.52786404500042 -4.702282018339785 134.27
      vertex 19.646955149129134 -5.945158603819154 134.27
      vertex 19.646955149129134 -5.945158603819154 0
    endloop
  endfacet
  facet normal 0.7431448254773942 0.6691306063588581 0
    outer loop
      vertex 18.52786404500042 -4.702282018339785 134.27
      vertex 19.646955149129134 -5.945158603819154 0
      vertex 18.52786404500042 -4.702282018339785 0
    endloop
  endfacet
  facet normal 0.866025403784439 0.4999999999999994 0
    outer loop
      vertex 17.691636338859194 -3.2538931446064017 134.27
      vertex 18.52786404500042 -4.702282018339785 0
      vertex 17.691636338859194 -3.2538931446064017 0
    endloop
  endfacet
  facet normal 0.9510565162951533 0.3090169943749483 0
    outer loop
      vertex 17.174819194129554 -1.6632935265420747 134.27
      vertex 17.691636338859194 -3.2538931446064017 0
      vertex 17.174819194129554 -1.6632935265420747 0
    endloop
  endfacet
  facet normal 0.866025403784439 0.4999999999999994 0
    outer loop
      vertex 18.52786404500042 -4.702282018339785 134.27
      vertex 18.52786404500042 -4.702282018339785 0
      vertex 17.691636338859194 -3.2538931446064017 134.27
    endloop
  endfacet
  facet normal 0.9510565162951533 0.3090169943749483 0
    outer loop
      vertex 17.691636338859194 -3.2538931446064017 134.27
      vertex 17.691636338859194 -3.2538931446064017 0
      vertex 17.174819194129554 -1.6632935265420747 134.27
    endloop
  endfacet
  facet normal 0.9945218953682734 0.10452846326765322 0
    outer loop
      vertex 17 0 134.27
      vertex 17.174819194129554 -1.6632935265420747 0
      vertex 17 0 0
    endloop
  endfacet
  facet normal 0.9945218953682734 -0.10452846326765322 0
    outer loop
      vertex 17.174819194129554 1.6632935265420747 134.27
      vertex 17 0 0
      vertex 17.174819194129554 1.6632935265420747 0
    endloop
  endfacet
  facet normal 0.9945218953682734 0.10452846326765322 0
    outer loop
      vertex 17.174819194129554 -1.6632935265420747 134.27
      vertex 17.174819194129554 -1.6632935265420747 0
      vertex 17 0 134.27
    endloop
  endfacet
  facet normal 0.9945218953682734 -0.10452846326765322 0
    outer loop
      vertex 17 0 134.27
      vertex 17 0 0
      vertex 17.174819194129554 1.6632935265420747 134.27
    endloop
  endfacet
  facet normal 0.9510565162951533 -0.3090169943749483 0
    outer loop
      vertex 17.174819194129554 1.6632935265420747 134.27
      vertex 17.174819194129554 1.6632935265420747 0
      vertex 17.691636338859194 3.2538931446064017 134.27
    endloop
  endfacet
  facet normal 0.20791169081775912 0.9781476007338057 0
    outer loop
      vertex 22.52786404500042 -7.608452130361228 134.27
      vertex 24.163772293858774 -7.956175162946186 0
      vertex 22.52786404500042 -7.608452130361228 0
    endloop
  endfacet
  facet normal 0 1 0
    outer loop
      vertex 24.163772293858774 -7.956175162946186 134.27
      vertex 25.836227706141226 -7.956175162946186 0
      vertex 24.163772293858774 -7.956175162946186 0
    endloop
  endfacet
  facet normal 0.40673664307580026 0.9135454576426009 0
    outer loop
      vertex 21 -6.928203230275509 134.27
      vertex 22.52786404500042 -7.608452130361228 0
      vertex 21 -6.928203230275509 0
    endloop
  endfacet
  facet normal 0.5877852522924728 0.8090169943749476 0
    outer loop
      vertex 19.646955149129134 -5.945158603819154 134.27
      vertex 21 -6.928203230275509 0
      vertex 19.646955149129134 -5.945158603819154 0
    endloop
  endfacet
  facet normal -0.20791169081775912 0.9781476007338057 0
    outer loop
      vertex 25.836227706141226 -7.956175162946186 134.27
      vertex 27.47213595499958 -7.608452130361228 0
      vertex 25.836227706141226 -7.956175162946186 0
    endloop
  endfacet
  facet normal -0.40673664307580026 0.9135454576426009 0
    outer loop
      vertex 27.47213595499958 -7.608452130361228 134.27
      vertex 29 -6.928203230275509 0
      vertex 27.47213595499958 -7.608452130361228 0
    endloop
  endfacet
  facet normal -0.5877852522924728 0.8090169943749476 0
    outer loop
      vertex 29 -6.928203230275509 134.27
      vertex 30.353044850870866 -5.945158603819154 0
      vertex 29 -6.928203230275509 0
    endloop
  endfacet
  facet normal 0.40673664307580026 0.9135454576426009 -1.3029071439019039e-19
    outer loop
      vertex 21 -6.928203230275509 134.27
      vertex 22.52786404500042 -7.608452130361228 134.27
      vertex 22.52786404500042 -7.608452130361228 0
    endloop
  endfacet
  facet normal 0.20791169081775918 0.9781476007338057 7.55508111428856e-19
    outer loop
      vertex 24.16256382207857 -7.955918294339711 134.27
      vertex 24.163772293858774 -7.956175162946186 0
      vertex 22.52786404500042 -7.608452130361228 134.27
    endloop
  endfacet
  facet normal 0.20791169081767885 0.9781476007338227 -7.400194366820292e-23
    outer loop
      vertex 24.16256382207857 -7.955918294339711 134.27
      vertex 24.163772293858774 -7.956175162946186 134.27
      vertex 24.163772293858774 -7.956175162946186 0
    endloop
  endfacet
  facet normal 0.587785252292027 0.8090169943752714 2.159881261491318e-22
    outer loop
      vertex 20.999000483969215 -6.9274770393717215 134.27
      vertex 21 -6.928203230275509 134.27
      vertex 21 -6.928203230275509 0
    endloop
  endfacet
  facet normal 0.5877852522924732 0.8090169943749473 4.973333672050212e-18
    outer loop
      vertex 19.646955149129134 -5.945158603819154 134.27
      vertex 20.999000483969215 -6.9274770393717215 134.27
      vertex 21 -6.928203230275509 0
    endloop
  endfacet
  facet normal 0 1 0
    outer loop
      vertex 24.163772293858774 -7.956175162946186 134.27
      vertex 25.836227706141226 -7.956175162946186 134.27
      vertex 25.836227706141226 -7.956175162946186 0
    endloop
  endfacet
  facet normal -0.20791169081775912 0.9781476007338057 -1.420617388528978e-19
    outer loop
      vertex 25.836227706141226 -7.956175162946186 134.27
      vertex 27.47213595499958 -7.608452130361228 134.27
      vertex 27.47213595499958 -7.608452130361228 0
    endloop
  endfacet
  facet normal -0.40673664307580026 0.9135454576426009 1.3029071439019039e-19
    outer loop
      vertex 27.47213595499958 -7.608452130361228 134.27
      vertex 29 -6.928203230275509 134.27
      vertex 29 -6.928203230275509 0
    endloop
  endfacet
  facet normal -0.5877852522924728 0.8090169943749476 -2.6055315067280606e-19
    outer loop
      vertex 29 -6.928203230275509 134.27
      vertex 30.353044850870866 -5.945158603819154 134.27
      vertex 30.353044850870866 -5.945158603819154 0
    endloop
  endfacet
  facet normal -0.7431448254773942 0.6691306063588581 0
    outer loop
      vertex 30.353044850870866 -5.945158603819154 134.27
      vertex 31.47213595499958 -4.702282018339785 0
      vertex 30.353044850870866 -5.945158603819154 0
    endloop
  endfacet
  facet normal 0.2079116908177591 0.9781476007338057 -1.0134379116666246e-15
    outer loop
      vertex 24.16256382207857 -7.955918294339711 134.27
      vertex 22.52786404500042 -7.608452130361228 134.37
      vertex 24.163772293858774 -7.956175162946186 134.37
    endloop
  endfacet
  facet normal 0.20791169081775918 0.9781476007338057 -2.317825195436537e-16
    outer loop
      vertex 24.16256382207857 -7.955918294339711 134.27
      vertex 22.52786404500042 -7.608452130361228 134.27
      vertex 22.52786404500042 -7.608452130361228 134.37
    endloop
  endfacet
  facet normal 0.5877852522924728 0.8090169943749478 -6.835313585663163e-15
    outer loop
      vertex 19.647655011980667 -5.9456670839445644 134.37
      vertex 21 -6.928203230275509 134.37
      vertex 20.999000483969215 -6.9274770393717215 134.27
    endloop
  endfacet
  facet normal 0.5877852522924731 0.8090169943749473 3.39843578188779e-15
    outer loop
      vertex 19.647655011980667 -5.9456670839445644 134.37
      vertex 20.999000483969215 -6.9274770393717215 134.27
      vertex 19.646955149129134 -5.945158603819154 134.27
    endloop
  endfacet
  facet normal -0.8660254037844382 0.500000000000001 0
    outer loop
      vertex 31.47213595499958 -4.702282018339785 134.27
      vertex 32.30836366114081 -3.2538931446064017 0
      vertex 31.47213595499958 -4.702282018339785 0
    endloop
  endfacet
  facet normal -0.951056516295154 0.30901699437494634 0
    outer loop
      vertex 32.30836366114081 -3.2538931446064017 134.27
      vertex 32.825180805870446 -1.6632935265420747 0
      vertex 32.30836366114081 -3.2538931446064017 0
    endloop
  endfacet
  facet normal -0.7431448254773942 0.6691306063588581 8.214005002470128e-20
    outer loop
      vertex 30.353044850870866 -5.945158603819154 134.27
      vertex 31.47213595499958 -4.702282018339785 134.27
      vertex 31.47213595499958 -4.702282018339785 0
    endloop
  endfacet
  facet normal -0.866025403784438 0.5000000000000009 0
    outer loop
      vertex 31.47213595499958 -4.702282018339785 134.37
      vertex 32.30836366114081 -3.2538931446064017 0
      vertex 31.47213595499958 -4.702282018339785 134.27
    endloop
  endfacet
  facet normal -0.8660254037844382 0.500000000000001 -4.417339228185844e-19
    outer loop
      vertex 31.47213595499958 -4.702282018339785 134.37
      vertex 32.30836366114081 -3.2538931446064017 134.27
      vertex 32.30836366114081 -3.2538931446064017 0
    endloop
  endfacet
  facet normal -0.951056516295154 0.30901699437494634 -6.835328203791703e-21
    outer loop
      vertex 32.30836366114081 -3.2538931446064017 134.27
      vertex 32.825180805870446 -1.6632935265420747 134.27
      vertex 32.825180805870446 -1.6632935265420747 0
    endloop
  endfacet
  facet normal -0.9945218953682734 0.10452846326765322 0
    outer loop
      vertex 32.825180805870446 -1.6632935265420747 134.27
      vertex 33 0 0
      vertex 32.825180805870446 -1.6632935265420747 0
    endloop
  endfacet
  facet normal -0.9945218953682734 -0.10452846326765322 0
    outer loop
      vertex 33 0 134.27
      vertex 32.825180805870446 1.6632935265420747 0
      vertex 33 0 0
    endloop
  endfacet
  facet normal -0.951056516295154 -0.30901699437494634 0
    outer loop
      vertex 32.825180805870446 1.6632935265420747 134.27
      vertex 32.30836366114081 3.2538931446064017 0
      vertex 32.825180805870446 1.6632935265420747 0
    endloop
  endfacet
  facet normal -0.9945218953682734 0.10452846326765322 -1.9299490692511702e-20
    outer loop
      vertex 32.825180805870446 -1.6632935265420747 134.27
      vertex 33 0 134.27
      vertex 33 0 0
    endloop
  endfacet
  facet normal -0.9945218953682734 -0.10452846326765322 1.9299490692511702e-20
    outer loop
      vertex 33 0 134.27
      vertex 32.825180805870446 1.6632935265420747 134.27
      vertex 32.825180805870446 1.6632935265420747 0
    endloop
  endfacet
  facet normal -0.866025403784438 0.5000000000000009 -5.931161381685471e-16
    outer loop
      vertex 31.47213595499958 -4.702282018339785 134.37
      vertex 32.30836366114081 -3.2538931446064017 134.37
      vertex 32.30836366114081 -3.2538931446064017 134.27
    endloop
  endfacet
  facet normal 0.9510565162951533 -0.3090169943749483 0
    outer loop
      vertex 17.691636338859194 3.2538931446064017 134.27
      vertex 17.174819194129554 1.6632935265420747 0
      vertex 17.691636338859194 3.2538931446064017 0
    endloop
  endfacet
  facet normal 0.866025403784439 -0.4999999999999994 0
    outer loop
      vertex 18.52786404500042 4.702282018339785 134.27
      vertex 17.691636338859194 3.2538931446064017 0
      vertex 18.52786404500042 4.702282018339785 0
    endloop
  endfacet
  facet normal 0.7431448254773942 -0.6691306063588581 0
    outer loop
      vertex 19.646955149129134 5.945158603819154 134.27
      vertex 18.52786404500042 4.702282018339785 0
      vertex 19.646955149129134 5.945158603819154 0
    endloop
  endfacet
  facet normal 0.866025403784439 -0.4999999999999994 0
    outer loop
      vertex 17.691636338859194 3.2538931446064017 134.27
      vertex 17.691636338859194 3.2538931446064017 0
      vertex 18.52786404500042 4.702282018339785 134.27
    endloop
  endfacet
  facet normal 0.7431448254773938 -0.6691306063588586 0
    outer loop
      vertex 18.52786404500042 4.702282018339785 134.27
      vertex 18.52786404500042 4.702282018339785 0
      vertex 19.646128458500392 5.94424047086098 134.27
    endloop
  endfacet
  facet normal 0.7431448254778231 -0.669130606358382 -7.983007148625463e-15
    outer loop
      vertex 19.646955149129134 5.945158603819154 134.27
      vertex 19.646128458500392 5.94424047086098 134.27
      vertex 18.52786404500042 4.702282018339785 0
    endloop
  endfacet
  facet normal 0.743144825477823 -0.6691306063583818 0
    outer loop
      vertex 19.646955149129134 5.945158603819154 134.37
      vertex 19.646128458500392 5.94424047086098 134.27
      vertex 19.646955149129134 5.945158603819154 134.27
    endloop
  endfacet
  facet normal 0.5877852522924728 -0.8090169943749476 0
    outer loop
      vertex 21 6.928203230275509 134.27
      vertex 19.646955149129134 5.945158603819154 0
      vertex 21 6.928203230275509 0
    endloop
  endfacet
  facet normal 0.40673664307580026 -0.9135454576426009 0
    outer loop
      vertex 22.52786404500042 7.608452130361228 134.27
      vertex 21 6.928203230275509 0
      vertex 22.52786404500042 7.608452130361228 0
    endloop
  endfacet
  facet normal 0.20791169081775912 -0.9781476007338057 0
    outer loop
      vertex 24.163772293858774 7.956175162946186 134.27
      vertex 22.52786404500042 7.608452130361228 0
      vertex 24.163772293858774 7.956175162946186 0
    endloop
  endfacet
  facet normal 0 -1 0
    outer loop
      vertex 25.836227706141226 7.956175162946186 134.27
      vertex 24.163772293858774 7.956175162946186 0
      vertex 25.836227706141226 7.956175162946186 0
    endloop
  endfacet
  facet normal -0.20791169081775912 -0.9781476007338057 0
    outer loop
      vertex 27.47213595499958 7.608452130361228 134.27
      vertex 25.836227706141226 7.956175162946186 0
      vertex 27.47213595499958 7.608452130361228 0
    endloop
  endfacet
  facet normal -0.5877852522924728 -0.8090169943749476 0
    outer loop
      vertex 30.353044850870866 5.945158603819154 134.27
      vertex 29 6.928203230275509 0
      vertex 30.353044850870866 5.945158603819154 0
    endloop
  endfacet
  facet normal -0.40673664307580026 -0.9135454576426009 0
    outer loop
      vertex 29 6.928203230275509 134.27
      vertex 27.47213595499958 7.608452130361228 0
      vertex 29 6.928203230275509 0
    endloop
  endfacet
  facet normal 0.5877852522924728 -0.8090169943749476 0
    outer loop
      vertex 19.646955149129134 5.945158603819154 134.27
      vertex 19.646955149129134 5.945158603819154 0
      vertex 21 6.928203230275509 134.27
    endloop
  endfacet
  facet normal 0.40673664307586155 -0.9135454576425736 8.238069795309235e-24
    outer loop
      vertex 21.00112865778607 6.9287057410977635 134.27
      vertex 21 6.928203230275509 134.27
      vertex 21 6.928203230275509 0
    endloop
  endfacet
  facet normal 0.40673664307580026 -0.9135454576426009 6.17650211274649e-19
    outer loop
      vertex 21.00112865778607 6.9287057410977635 134.27
      vertex 21 6.928203230275509 0
      vertex 22.52786404500042 7.608452130361228 134.27
    endloop
  endfacet
  facet normal 0.20791169081775912 -0.9781476007338057 0
    outer loop
      vertex 22.52786404500042 7.608452130361228 134.27
      vertex 22.52786404500042 7.608452130361228 0
      vertex 24.163772293858774 7.956175162946186 134.27
    endloop
  endfacet
  facet normal 0 -1 0
    outer loop
      vertex 24.163772293858774 7.956175162946186 134.27
      vertex 24.163772293858774 7.956175162946186 0
      vertex 25.836227706141226 7.956175162946186 134.27
    endloop
  endfacet
  facet normal -0.20791169081775912 -0.9781476007338057 0
    outer loop
      vertex 25.836227706141226 7.956175162946186 134.27
      vertex 25.836227706141226 7.956175162946186 0
      vertex 27.47213595499958 7.608452130361228 134.27
    endloop
  endfacet
  facet normal -0.5877852522924728 -0.8090169943749476 2.6055315067280606e-19
    outer loop
      vertex 30.353044850870866 5.945158603819154 134.27
      vertex 29 6.928203230275509 134.27
      vertex 29 6.928203230275509 0
    endloop
  endfacet
  facet normal -0.40673664307580026 -0.9135454576426009 0
    outer loop
      vertex 27.47213595499958 7.608452130361228 134.27
      vertex 27.47213595499958 7.608452130361228 0
      vertex 29 6.928203230275509 134.27
    endloop
  endfacet
  facet normal -0.8660254037844382 -0.500000000000001 0
    outer loop
      vertex 32.30836366114081 3.2538931446064017 134.27
      vertex 31.47213595499958 4.702282018339785 0
      vertex 32.30836366114081 3.2538931446064017 0
    endloop
  endfacet
  facet normal -0.7431448254773942 -0.6691306063588581 0
    outer loop
      vertex 31.47213595499958 4.702282018339785 134.27
      vertex 30.353044850870866 5.945158603819154 0
      vertex 31.47213595499958 4.702282018339785 0
    endloop
  endfacet
  facet normal -0.951056516295154 -0.30901699437494634 6.835328203791703e-21
    outer loop
      vertex 32.825180805870446 1.6632935265420747 134.27
      vertex 32.30836366114081 3.2538931446064017 134.27
      vertex 32.30836366114081 3.2538931446064017 0
    endloop
  endfacet
  facet normal -0.8660254037844382 -0.500000000000001 4.417339228185844e-19
    outer loop
      vertex 32.30836366114081 3.2538931446064017 134.27
      vertex 31.47213595499958 4.702282018339785 134.27
      vertex 31.47213595499958 4.702282018339785 0
    endloop
  endfacet
  facet normal -0.7431448254773942 -0.6691306063588581 -8.214005002470128e-20
    outer loop
      vertex 31.47213595499958 4.702282018339785 134.27
      vertex 30.353044850870866 5.945158603819154 134.27
      vertex 30.353044850870866 5.945158603819154 0
    endloop
  endfacet
  facet normal 0.40673664307580026 -0.9135454576426009 -8.282352308282039e-16
    outer loop
      vertex 21.00112865778607 6.9287057410977635 134.27
      vertex 22.52786404500042 7.608452130361228 134.37
      vertex 21 6.928203230275509 134.37
    endloop
  endfacet
  facet normal 0.40673664307580026 -0.913545457642601 6.0506076940698e-16
    outer loop
      vertex 21.00112865778607 6.9287057410977635 134.27
      vertex 22.52786404500042 7.608452130361228 134.27
      vertex 22.52786404500042 7.608452130361228 134.37
    endloop
  endfacet
  facet normal 1 0 0
    outer loop
      vertex -29.95 9.450000000000001 327.6
      vertex -29.95 9.77115521854852 327.6
      vertex -29.95 9.450000000000001 332.55
    endloop
  endfacet
  facet normal 1 0 0
    outer loop
      vertex -29.95 9.450000000000001 332.55
      vertex -29.95 9.5 332.75
      vertex -29.95 9.450000000000001 332.75
    endloop
  endfacet
  facet normal 0 1 0
    outer loop
      vertex -29.95 9.450000000000001 327.6
      vertex -29.95 9.450000000000001 332.55
      vertex -20.05 9.450000000000001 332.55
    endloop
  endfacet
  facet normal 0 1 0
    outer loop
      vertex -29.95 9.450000000000001 327.6
      vertex -20.05 9.450000000000001 332.55
      vertex -20.05 9.450000000000001 327.6
    endloop
  endfacet
  facet normal -1 7.105427357601153e-14 0
    outer loop
      vertex -20.05 9.450000000000001 327.6
      vertex -20.05 9.450000000000001 332.55
      vertex -20.049999999999997 9.5 332.55
    endloop
  endfacet
  facet normal -1 0 7.177199351112139e-16
    outer loop
      vertex -20.05 9.450000000000001 327.6
      vertex -20.049999999999997 9.5 332.55
      vertex -20.05 9.77115521854852 327.6
    endloop
  endfacet
  facet normal -1 -3.3738010914493235e-13 -1.7763568394003508e-14
    outer loop
      vertex -20.05 9.77115521854852 327.6
      vertex -20.049999999999997 9.5 332.55
      vertex -20.05 9.5 332.75
    endloop
  endfacet
  facet normal 1 0 0
    outer loop
      vertex -29.95 9.77115521854852 327.6
      vertex -29.95 9.77115521854852 327.55
      vertex -29.95 11.1 327.55
    endloop
  endfacet
  facet normal 0 0 1
    outer loop
      vertex -29.95 9.77115521854852 327.55
      vertex -28.399186938124423 10.461621679246688 327.55
      vertex -29.95 11.1 327.55
    endloop
  endfacet
  facet normal 1 0 0
    outer loop
      vertex -29.95 9.450000000000001 332.55
      vertex -29.95 12.990381056766578 327.55
      vertex -29.95 9.5 332.75
    endloop
  endfacet
  facet normal 1 0 0
    outer loop
      vertex -29.95 9.77115521854852 327.6
      vertex -29.95 12.990381056766578 327.55
      vertex -29.95 9.450000000000001 332.55
    endloop
  endfacet
  facet normal 1 0 0
    outer loop
      vertex -29.95 9.77115521854852 327.6
      vertex -29.95 11.1 327.55
      vertex -29.95 12.990381056766578 327.55
    endloop
  endfacet
  facet normal 0 0 1
    outer loop
      vertex -29.95 11.1 327.55
      vertex -28.399186938124423 10.461621679246688 327.55
      vertex -26.14981309594419 10.939740849051006 327.55
    endloop
  endfacet
  facet normal 0 0 -1
    outer loop
      vertex -29.95 9.5 332.75
      vertex -29.95 12.990381056766578 332.75
      vertex -20.05 9.5 332.75
    endloop
  endfacet
  facet normal 0 0 1
    outer loop
      vertex -29.95 11.1 327.55
      vertex -26.14981309594419 10.939740849051006 327.55
      vertex -20.05 11.1 327.55
    endloop
  endfacet
  facet normal 1 0 0
    outer loop
      vertex -29.95 9.5 332.75
      vertex -29.95 12.990381056766578 327.55
      vertex -29.95 12.990381056766578 332.75
    endloop
  endfacet
  facet normal 0 0 1
    outer loop
      vertex -26.14981309594419 10.939740849051006 327.55
      vertex -23.85018690405581 10.939740849051006 327.55
      vertex -20.05 11.1 327.55
    endloop
  endfacet
  facet normal -1 0 0
    outer loop
      vertex -20.05 9.77115521854852 327.6
      vertex -20.05 11.1 327.55
      vertex -20.05 9.77115521854852 327.55
    endloop
  endfacet
  facet normal -1 0 0
    outer loop
      vertex -20.05 9.77115521854852 327.6
      vertex -20.05 9.5 332.75
      vertex -20.05 11.1 327.55
    endloop
  endfacet
  facet normal 0 0 1
    outer loop
      vertex -21.600813061875577 10.461621679246688 327.55
      vertex -20.05 9.77115521854852 327.55
      vertex -20.05 11.1 327.55
    endloop
  endfacet
  facet normal 0 0 1
    outer loop
      vertex -23.85018690405581 10.939740849051006 327.55
      vertex -21.600813061875577 10.461621679246688 327.55
      vertex -20.05 11.1 327.55
    endloop
  endfacet
  facet normal -1 0 0
    outer loop
      vertex -20.05 9.5 332.75
      vertex -20.05 12.990381056766578 332.75
      vertex -20.05 11.1 327.55
    endloop
  endfacet
  facet normal 0 0 -1
    outer loop
      vertex -20.05 9.5 332.75
      vertex -29.95 12.990381056766578 332.75
      vertex -20.05 12.990381056766578 332.75
    endloop
  endfacet
  facet normal -1 0 0
    outer loop
      vertex -20.05 11.1 327.55
      vertex -20.05 12.990381056766578 332.75
      vertex -20.05 12.990381056766578 327.55
    endloop
  endfacet
  facet normal 1 0 0
    outer loop
      vertex -29.95 11.1 327.55
      vertex -29.95 12.990381056766578 326.22634093396323
      vertex -29.95 12.990381056766578 327.55
    endloop
  endfacet
  facet normal 1.6313017960851133e-18 0.5735764363510423 0.8191520442889945
    outer loop
      vertex -29.95 11.1 327.55
      vertex -20.05 12.990381056766578 326.22634093396323
      vertex -29.95 12.990381056766578 326.22634093396323
    endloop
  endfacet
  facet normal 0 0.5735764363510423 0.8191520442889945
    outer loop
      vertex -29.95 11.1 327.55
      vertex -20.05 11.1 327.55
      vertex -20.05 12.990381056766578 326.22634093396323
    endloop
  endfacet
  facet normal -1 0 0
    outer loop
      vertex -20.05 11.1 327.55
      vertex -20.05 12.990381056766578 327.55
      vertex -20.05 12.990381056766578 326.22634093396323
    endloop
  endfacet
  facet normal 0 1 0
    outer loop
      vertex -4.275 7.95 327.6
      vertex -4.275 7.95 332.75
      vertex 4.275 7.95 332.75
    endloop
  endfacet
  facet normal 1 0 0
    outer loop
      vertex -4.275 7.95 327.6
      vertex -4.275 8.43872496147372 327.6
      vertex -4.275 7.95 332.75
    endloop
  endfacet
  facet normal 1 0 0
    outer loop
      vertex -4.275 8.43872496147372 327.6
      vertex -4.275 8.43872496147372 327.55
      vertex -4.275 9.6 327.55
    endloop
  endfacet
  facet normal 1 0 0
    outer loop
      vertex -4.275 7.95 332.75
      vertex -4.275 9.6 327.55
      vertex -4.275 8.10216802168022 332.75
    endloop
  endfacet
  facet normal 1 0 0
    outer loop
      vertex -4.275 7.95 332.75
      vertex -4.275 8.43872496147372 327.6
      vertex -4.275 9.6 327.55
    endloop
  endfacet
  facet normal 0 0 1
    outer loop
      vertex -4.275 8.43872496147372 327.55
      vertex -2.9356614465620003 9.035036904803958 327.55
      vertex -4.275 9.6 327.55
    endloop
  endfacet
  facet normal 1 0 0
    outer loop
      vertex -4.275 8.10216802168022 332.75
      vertex -4.275 9.6 327.55
      vertex -4.275 9.5 332.75
    endloop
  endfacet
  facet normal 0 0 1
    outer loop
      vertex -4.275 9.6 327.55
      vertex -2.9356614465620003 9.035036904803958 327.55
      vertex -0.993020401042708 9.447958005998597 327.55
    endloop
  endfacet
  facet normal 0 0 -1
    outer loop
      vertex -4.275 7.95 332.75
      vertex -4.275 8.10216802168022 332.75
      vertex 4.275 8.10216802168022 332.75
    endloop
  endfacet
  facet normal 0 0 1
    outer loop
      vertex -4.275 9.6 327.55
      vertex -0.993020401042708 9.447958005998597 327.55
      vertex 4.275 9.6 327.55
    endloop
  endfacet
  facet normal 1 0 0
    outer loop
      vertex -4.275 9.6 327.55
      vertex -4.275 12.990381056766578 332.3919659483174
      vertex -4.275 9.5 332.75
    endloop
  endfacet
  facet normal 0 0 -1
    outer loop
      vertex -4.275 9.5 332.75
      vertex -4.275 12.990381056766578 332.75
      vertex 4.275 9.5 332.75
    endloop
  endfacet
  facet normal 1 0 0
    outer loop
      vertex -4.275 9.5 332.75
      vertex -4.275 12.990381056766578 332.3919659483174
      vertex -4.275 12.990381056766578 332.75
    endloop
  endfacet
  facet normal 0 1 0
    outer loop
      vertex -4.275 7.95 327.6
      vertex 4.275 7.95 332.75
      vertex 4.275 7.95 327.6
    endloop
  endfacet
  facet normal 0 0 -1
    outer loop
      vertex -4.275 7.95 332.75
      vertex 4.275 8.10216802168022 332.75
      vertex 4.275 7.95 332.75
    endloop
  endfacet
  facet normal 0 0 1
    outer loop
      vertex -0.993020401042708 9.447958005998597 327.55
      vertex 0.993020401042708 9.447958005998597 327.55
      vertex 4.275 9.6 327.55
    endloop
  endfacet
  facet normal -1 0 0
    outer loop
      vertex 4.275 7.95 332.75
      vertex 4.275 8.10216802168022 332.75
      vertex 4.275 7.95 327.6
    endloop
  endfacet
  facet normal -1 0 0
    outer loop
      vertex 4.275 8.43872496147372 327.6
      vertex 4.275 9.6 327.55
      vertex 4.275 8.43872496147372 327.55
    endloop
  endfacet
  facet normal -1 0 0
    outer loop
      vertex 4.275 8.10216802168022 332.75
      vertex 4.275 9.5 332.75
      vertex 4.275 7.95 327.6
    endloop
  endfacet
  facet normal 0 0 1
    outer loop
      vertex 0.993020401042708 9.447958005998597 327.55
      vertex 2.9356614465620003 9.035036904803958 327.55
      vertex 4.275 9.6 327.55
    endloop
  endfacet
  facet normal 0 0 1
    outer loop
      vertex 2.9356614465620003 9.035036904803958 327.55
      vertex 4.275 8.43872496147372 327.55
      vertex 4.275 9.6 327.55
    endloop
  endfacet
  facet normal -1 0 0
    outer loop
      vertex 4.275 7.95 327.6
      vertex 4.275 12.990381056766578 332.75
      vertex 4.275 8.43872496147372 327.6
    endloop
  endfacet
  facet normal -1 0 0
    outer loop
      vertex 4.275 7.95 327.6
      vertex 4.275 9.5 332.75
      vertex 4.275 12.990381056766578 332.75
    endloop
  endfacet
  facet normal -1 0 0
    outer loop
      vertex 4.275 8.43872496147372 327.6
      vertex 4.275 12.990381056766578 332.75
      vertex 4.275 9.6 327.55
    endloop
  endfacet
  facet normal 0 0 -1
    outer loop
      vertex 4.275 9.5 332.75
      vertex -4.275 12.990381056766578 332.75
      vertex 4.275 12.990381056766578 332.75
    endloop
  endfacet
  facet normal -1 0 0
    outer loop
      vertex 4.275 9.6 327.55
      vertex 4.275 12.990381056766578 332.75
      vertex 4.275 12.990381056766578 327.55
    endloop
  endfacet
  facet normal 1 0 0
    outer loop
      vertex -4.275 9.6 327.55
      vertex -4.275 12.990381056766578 325.17602962664864
      vertex -4.275 12.990381056766578 332.3919659483174
    endloop
  endfacet
  facet normal -1.579615497326983e-17 0.5735764363510476 0.8191520442889908
    outer loop
      vertex -4.275 9.6 327.55
      vertex 4.275 12.990381056766578 325.17602962664864
      vertex -4.275 12.990381056766578 325.17602962664864
    endloop
  endfacet
  facet normal 0 0.5735764363510476 0.8191520442889908
    outer loop
      vertex -4.275 9.6 327.55
      vertex 4.275 9.6 327.55
      vertex 4.275 12.990381056766578 325.17602962664864
    endloop
  endfacet
  facet normal -1 0 0
    outer loop
      vertex 4.275 9.6 327.55
      vertex 4.275 12.990381056766578 327.55
      vertex 4.275 12.990381056766578 325.17602962664864
    endloop
  endfacet
  facet normal 1 0 0
    outer loop
      vertex 21.4 6.45 327.6
      vertex 21.4 7.106294704398922 327.6
      vertex 21.4 6.45 332.75
    endloop
  endfacet
  facet normal 1 0 0
    outer loop
      vertex 21.4 7.106294704398922 327.6
      vertex 21.4 7.106294704398922 327.55
      vertex 21.4 8.1 327.55
    endloop
  endfacet
  facet normal 1 0 0
    outer loop
      vertex 21.4 6.45 332.75
      vertex 21.4 7.106294704398922 327.6
      vertex 21.4 8.1 327.55
    endloop
  endfacet
  facet normal 0 0 1
    outer loop
      vertex 21.4 7.106294704398922 327.55
      vertex 22.52786404500042 7.608452130361228 327.55
      vertex 21.4 8.1 327.55
    endloop
  endfacet
  facet normal 1 0 0
    outer loop
      vertex 21.4 6.45 332.75
      vertex 21.4 8.1 327.55
      vertex 21.4 8.447 332.55
    endloop
  endfacet
  facet normal 1 0 0
    outer loop
      vertex 21.4 6.45 332.75
      vertex 21.4 8.447 332.55
      vertex 21.4 8.398363143631439 332.75
    endloop
  endfacet
  facet normal 0 1 0
    outer loop
      vertex 21.4 6.45 327.6
      vertex 21.4 6.45 332.75
      vertex 28.6 6.45 332.75
    endloop
  endfacet
  facet normal 0 0 1
    outer loop
      vertex 21.4 8.1 327.55
      vertex 22.52786404500042 7.608452130361228 327.55
      vertex 24.163772293858774 7.956175162946186 327.55
    endloop
  endfacet
  facet normal 0 0 -1
    outer loop
      vertex 21.4 6.45 332.75
      vertex 21.4 8.398363143631439 332.75
      vertex 28.52140921409214 8.398363143631437 332.75
    endloop
  endfacet
  facet normal 1 0 0
    outer loop
      vertex 21.4 8.1 327.55
      vertex 21.4 9.5 332.55
      vertex 21.4 8.447 332.55
    endloop
  endfacet
  facet normal 1 0 0
    outer loop
      vertex 21.4 8.1 327.55
      vertex 21.4 11.741079198690475 332.75
      vertex 21.4 9.5 332.55
    endloop
  endfacet
  facet normal 0 0 1
    outer loop
      vertex 21.4 8.1 327.55
      vertex 24.163772293858774 7.956175162946186 327.55
      vertex 28.6 8.1 327.55
    endloop
  endfacet
  facet normal 0 1 0
    outer loop
      vertex 21.4 6.45 327.6
      vertex 28.6 6.45 332.75
      vertex 28.6 6.45 327.6
    endloop
  endfacet
  facet normal 0 0 -1
    outer loop
      vertex 21.4 6.45 332.75
      vertex 28.52140921409214 8.398363143631437 332.75
      vertex 28.6 6.45 332.75
    endloop
  endfacet
  facet normal 0 0 1
    outer loop
      vertex 25.836227706141226 7.956175162946186 327.55
      vertex 27.47213595499958 7.608452130361228 327.55
      vertex 28.6 8.1 327.55
    endloop
  endfacet
  facet normal -1 0 0
    outer loop
      vertex 28.6 7.106294704398922 327.6
      vertex 28.6 8.1 327.55
      vertex 28.6 7.106294704398922 327.55
    endloop
  endfacet
  facet normal -1 -1.779025377466451e-15 0
    outer loop
      vertex 28.6 6.45 332.75
      vertex 28.599999999999998 8.447 332.75
      vertex 28.6 6.45 327.6
    endloop
  endfacet
  facet normal 0 0 1
    outer loop
      vertex 27.47213595499958 7.608452130361228 327.55
      vertex 28.6 7.106294704398922 327.55
      vertex 28.6 8.1 327.55
    endloop
  endfacet
  facet normal 0 0 -1
    outer loop
      vertex 28.6 6.45 332.75
      vertex 28.52140921409214 8.398363143631437 332.75
      vertex 28.599999999999998 8.447 332.75
    endloop
  endfacet
  facet normal 0 0 1
    outer loop
      vertex 24.163772293858774 7.956175162946186 327.55
      vertex 25.836227706141226 7.956175162946186 327.55
      vertex 28.6 8.1 327.55
    endloop
  endfacet
  facet normal -1 0 -6.89847316271945e-16
    outer loop
      vertex 28.599999999999998 8.447 332.75
      vertex 28.599999999999998 9.5 332.75
      vertex 28.6 6.45 327.6
    endloop
  endfacet
  facet normal -1 0 0
    outer loop
      vertex 28.6 6.45 327.6
      vertex 28.6 12.990381056766578 332.75
      vertex 28.6 7.106294704398922 327.6
    endloop
  endfacet
  facet normal -1 1.5852691332267288e-15 -1.628696026241177e-15
    outer loop
      vertex 28.599999999999998 9.5 332.75
      vertex 28.6 11.741079198690475 332.75
      vertex 28.6 6.45 327.6
    endloop
  endfacet
  facet normal -1 0 0
    outer loop
      vertex 28.6 7.106294704398922 327.6
      vertex 28.6 12.990381056766578 332.75
      vertex 28.6 8.1 327.55
    endloop
  endfacet
  facet normal 1 0 0
    outer loop
      vertex 21.4 9.5 332.55
      vertex 21.4 11.741079198690475 332.75
      vertex 21.4 9.5 332.75
    endloop
  endfacet
  facet normal 0 0 -1
    outer loop
      vertex 21.4 9.5 332.75
      vertex 21.4 11.741079198690475 332.75
      vertex 28.6 11.741079198690475 332.75
    endloop
  endfacet
  facet normal 0 0 -1
    outer loop
      vertex 21.4 9.5 332.75
      vertex 28.6 11.741079198690475 332.75
      vertex 28.599999999999998 9.5 332.75
    endloop
  endfacet
  facet normal -1 0 0
    outer loop
      vertex 28.6 6.45 327.6
      vertex 28.6 11.741079198690475 332.75
      vertex 28.6 12.990381056766578 332.75
    endloop
  endfacet
  facet normal -1 0 0
    outer loop
      vertex 28.6 8.1 327.55
      vertex 28.6 12.990381056766578 332.75
      vertex 28.6 12.990381056766578 327.55
    endloop
  endfacet
  facet normal 0 0.5735764363510432 0.8191520442889938
    outer loop
      vertex 21.4 8.1 327.55
      vertex 28.6 8.1 327.55
      vertex 28.6 12.990381056766578 324.1257183193341
    endloop
  endfacet
  facet normal 1 0 0
    outer loop
      vertex 21.4 8.1 327.55
      vertex 21.4 12.990381056766578 324.1257183193341
      vertex 21.4 11.741079198690475 332.75
    endloop
  endfacet
  facet normal -2.719847430972816e-17 0.5735764363510432 0.8191520442889938
    outer loop
      vertex 21.4 8.1 327.55
      vertex 28.6 12.990381056766578 324.1257183193341
      vertex 21.4 12.990381056766578 324.1257183193341
    endloop
  endfacet
  facet normal 1 0 0
    outer loop
      vertex 21.4 11.741079198690475 332.75
      vertex 21.4 12.990381056766578 324.1257183193341
      vertex 21.4 12.990381056766578 332.75
    endloop
  endfacet
  facet normal 1 0 0
    outer loop
      vertex 21.4 11.741079198690475 332.75
      vertex 21.4 12.990381056766578 332.75
      vertex 21.4 12.990381056766578 333.75
    endloop
  endfacet
  facet normal 1 0 0
    outer loop
      vertex 21.4 11.741079198690475 332.75
      vertex 21.4 12.990381056766578 333.75
      vertex 21.4 12.860145187190907 334.3481918608898
    endloop
  endfacet
  facet normal 0 0.8191520442889961 -0.5735764363510397
    outer loop
      vertex 21.4 11.741079198690475 332.75
      vertex 21.4 12.860145187190907 334.3481918608898
      vertex 28.6 11.741079198690475 332.75
    endloop
  endfacet
  facet normal -1 0 0
    outer loop
      vertex 28.6 8.1 327.55
      vertex 28.6 12.990381056766578 327.55
      vertex 28.6 12.990381056766578 324.1257183193341
    endloop
  endfacet
  facet normal 4.068981838173129e-18 0.8191520442889961 -0.5735764363510397
    outer loop
      vertex 28.6 11.741079198690475 332.75
      vertex 21.4 12.860145187190907 334.3481918608898
      vertex 28.6 12.860145187190907 334.3481918608898
    endloop
  endfacet
  facet normal -1 0 0
    outer loop
      vertex 28.6 11.741079198690475 332.75
      vertex 28.6 12.990381056766578 333.75
      vertex 28.6 12.990381056766578 332.75
    endloop
  endfacet
  facet normal -1 0 0
    outer loop
      vertex 28.6 11.741079198690475 332.75
      vertex 28.6 12.860145187190907 334.3481918608898
      vertex 28.6 12.990381056766578 333.75
    endloop
  endfacet
  facet normal 0 1 0
    outer loop
      vertex -4.275 -0.675 369.45
      vertex -4.275 -0.675 369.55
      vertex 4.275 -0.675 369.45
    endloop
  endfacet
  facet normal 1 0 0
    outer loop
      vertex -4.275 -0.675 369.45
      vertex -4.275 8.10216802168022 332.75
      vertex -4.275 -0.675 369.55
    endloop
  endfacet
  facet normal 1 0 0
    outer loop
      vertex -4.275 8.10216802168022 332.75
      vertex -4.275 0.936657681940693 369.55
      vertex -4.275 -0.675 369.55
    endloop
  endfacet
  facet normal 6.737381665891219e-17 -0.9728554302662337 -0.23141372431535095
    outer loop
      vertex -4.275 9.5 333.55
      vertex 4.275 0.9366576819406919 369.55
      vertex -4.275 0.936657681940693 369.55
    endloop
  endfacet
  facet normal 2.132876063186137e-17 0.9725724110190545 0.2326003123914136
    outer loop
      vertex -4.275 -0.675 369.45
      vertex 4.275 8.10216802168022 332.75
      vertex -4.275 8.10216802168022 332.75
    endloop
  endfacet
  facet normal 1 0 0
    outer loop
      vertex -4.275 8.10216802168022 332.75
      vertex -4.275 9.5 333.55
      vertex -4.275 0.936657681940693 369.55
    endloop
  endfacet
  facet normal 1 0 0
    outer loop
      vertex -4.275 8.10216802168022 332.75
      vertex -4.275 9.5 332.75
      vertex -4.275 9.5 333.55
    endloop
  endfacet
  facet normal 0 -1 0
    outer loop
      vertex -4.275 9.5 332.75
      vertex 4.275 9.5 333.55
      vertex -4.275 9.5 333.55
    endloop
  endfacet
  facet normal 0 1 0
    outer loop
      vertex 4.275 -0.675 369.45
      vertex -4.275 -0.675 369.55
      vertex 4.275 -0.675 369.55
    endloop
  endfacet
  facet normal 0 0.9725724110190545 0.2326003123914136
    outer loop
      vertex -4.275 -0.675 369.45
      vertex 4.275 -0.675 369.45
      vertex 4.275 8.10216802168022 332.75
    endloop
  endfacet
  facet normal -1 0 0
    outer loop
      vertex 4.275 -0.675 369.45
      vertex 4.275 -0.675 369.55
      vertex 4.275 9.5 332.75
    endloop
  endfacet
  facet normal -1 0 0
    outer loop
      vertex 4.275 9.5 333.55
      vertex 4.275 -0.675 369.55
      vertex 4.275 0.9366576819406919 369.55
    endloop
  endfacet
  facet normal -1 0 0
    outer loop
      vertex 4.275 -0.675 369.45
      vertex 4.275 9.5 332.75
      vertex 4.275 8.10216802168022 332.75
    endloop
  endfacet
  facet normal 0 -0.9728554302662337 -0.23141372431535095
    outer loop
      vertex -4.275 9.5 333.55
      vertex 4.275 9.5 333.55
      vertex 4.275 0.9366576819406919 369.55
    endloop
  endfacet
  facet normal -1 0 0
    outer loop
      vertex 4.275 9.5 332.75
      vertex 4.275 -0.675 369.55
      vertex 4.275 9.5 333.55
    endloop
  endfacet
  facet normal 0 -1 0
    outer loop
      vertex -4.275 9.5 332.75
      vertex 4.275 9.5 332.75
      vertex 4.275 9.5 333.55
    endloop
  endfacet
  facet normal 0.5262405427944348 0.8503357519941278 0
    outer loop
      vertex -15.45 -0.5265000000000001 369.45
      vertex -15.879919137466294 -0.26043935309973865 369.55
      vertex -15.45 -0.5265000000000001 369.55
    endloop
  endfacet
  facet normal 0 1 0
    outer loop
      vertex -15.45 -0.5265000000000001 369.45
      vertex -15.45 -0.5265000000000001 369.55
      vertex -5.549999999999999 -0.5265000000000001 369.45
    endloop
  endfacet
  facet normal 0 1 0
    outer loop
      vertex -5.549999999999999 -0.5265000000000001 369.45
      vertex -15.45 -0.5265000000000001 369.55
      vertex -5.549999999999999 -0.5265000000000001 369.55
    endloop
  endfacet
  facet normal -1 0 0
    outer loop
      vertex -5.549999999999999 -0.5265000000000001 369.45
      vertex -5.549999999999999 -0.5265000000000001 369.55
      vertex -5.549999999999999 0.5265000000000001 369.45
    endloop
  endfacet
  facet normal -1 0 0
    outer loop
      vertex -5.549999999999999 0.5265000000000001 369.45
      vertex -5.549999999999999 -0.5265000000000001 369.55
      vertex -5.549999999999999 0.5265000000000001 369.55
    endloop
  endfacet
  facet normal -0.5262405427944346 -0.8503357519941279 0
    outer loop
      vertex -5.549999999999999 0.5265000000000001 369.45
      vertex -5.549999999999999 0.5265000000000001 369.55
      vertex -5.979919137466292 0.7925606469002608 369.55
    endloop
  endfacet
  facet normal 0.5262405427944348 0.8503357519941277 0
    outer loop
      vertex -29.95 8.447 332.55
      vertex -29.95 8.447 333.55
      vertex -15.879919137466294 -0.26043935309973865 369.55
    endloop
  endfacet
  facet normal 0.5262405427944357 0.8503357519941273 -6.539828915122812e-16
    outer loop
      vertex -29.95 8.447 332.55
      vertex -15.879919137466294 -0.26043935309973865 369.55
      vertex -15.45 -0.5265000000000001 369.45
    endloop
  endfacet
  facet normal 0.9313908626506685 6.110255198465149e-15 -0.3640206875588853
    outer loop
      vertex -29.95 8.447 333.55
      vertex -15.8799191374663 0.7925606469002666 369.55
      vertex -15.879919137466294 -0.26043935309973865 369.55
    endloop
  endfacet
  facet normal 0.931390862650668 0 -0.36402068755888656
    outer loop
      vertex -29.95 8.447 333.55
      vertex -29.95 9.5 333.55
      vertex -15.8799191374663 0.7925606469002666 369.55
    endloop
  endfacet
  facet normal 1 0 0
    outer loop
      vertex -29.95 8.447 332.55
      vertex -29.95 9.5 333.55
      vertex -29.95 8.447 333.55
    endloop
  endfacet
  facet normal 1 0 0
    outer loop
      vertex -29.95 8.447 332.55
      vertex -29.95 9.450000000000001 332.55
      vertex -29.95 9.450000000000001 332.75
    endloop
  endfacet
  facet normal 1 0 0
    outer loop
      vertex -29.95 8.447 332.55
      vertex -29.95 9.450000000000001 332.75
      vertex -29.95 9.5 333.55
    endloop
  endfacet
  facet normal 1 0 0
    outer loop
      vertex -29.95 9.450000000000001 332.75
      vertex -29.95 9.5 332.75
      vertex -29.95 9.5 333.55
    endloop
  endfacet
  facet normal 0 0 1
    outer loop
      vertex -29.95 8.447 332.55
      vertex -20.05 9.450000000000001 332.55
      vertex -29.95 9.450000000000001 332.55
    endloop
  endfacet
  facet normal 0 -1 0
    outer loop
      vertex -29.95 9.5 332.75
      vertex -20.049999999999997 9.5 333.55
      vertex -29.95 9.5 333.55
    endloop
  endfacet
  facet normal 0 -0.9719725831958994 -0.23509423114038833
    outer loop
      vertex -29.95 9.5 333.55
      vertex -20.049999999999997 9.5 333.55
      vertex -15.8799191374663 0.7925606469002666 369.55
    endloop
  endfacet
  facet normal 0 0 1
    outer loop
      vertex -29.95 8.447 332.55
      vertex -20.049999999999997 8.447 332.55
      vertex -20.05 9.450000000000001 332.55
    endloop
  endfacet
  facet normal 0 -1 0
    outer loop
      vertex -29.95 9.5 332.75
      vertex -20.05 9.5 332.75
      vertex -20.049999999999997 9.5 333.55
    endloop
  endfacet
  facet normal 6.690830743849743e-17 0.9716807589820278 0.2362974875535294
    outer loop
      vertex -29.95 8.447 332.55
      vertex -15.45 -0.5265000000000001 369.45
      vertex -5.549999999999999 -0.5265000000000001 369.45
    endloop
  endfacet
  facet normal 0 0.971680758982028 0.23629748755352936
    outer loop
      vertex -29.95 8.447 332.55
      vertex -5.549999999999999 -0.5265000000000001 369.45
      vertex -20.049999999999997 8.447 332.55
    endloop
  endfacet
  facet normal -5.619588578026638e-16 -0.9719725831958995 -0.23509423114038824
    outer loop
      vertex -20.049999999999997 9.5 333.55
      vertex -5.979919137466292 0.7925606469002608 369.55
      vertex -15.8799191374663 0.7925606469002666 369.55
    endloop
  endfacet
  facet normal -0.9307208326379813 -2.0849276557830533e-16 0.36573040848918037
    outer loop
      vertex -20.049999999999997 8.447 332.55
      vertex -5.549999999999999 -0.5265000000000001 369.45
      vertex -5.549999999999999 0.5265000000000001 369.45
    endloop
  endfacet
  facet normal -0.5262405427944356 -0.8503357519941274 -3.392933490531475e-16
    outer loop
      vertex -20.049999999999997 9.5 333.55
      vertex -5.549999999999999 0.5265000000000001 369.45
      vertex -5.979919137466292 0.7925606469002608 369.55
    endloop
  endfacet
  facet normal -0.9307208326379817 -3.2966945496087166e-15 0.36573040848917926
    outer loop
      vertex -20.049999999999997 8.447 332.55
      vertex -5.549999999999999 0.5265000000000001 369.45
      vertex -20.05 9.450000000000001 332.55
    endloop
  endfacet
  facet normal -0.930720832637976 6.613169266515199e-14 0.3657304084891938
    outer loop
      vertex -20.05 9.450000000000001 332.55
      vertex -5.549999999999999 0.5265000000000001 369.45
      vertex -20.049999999999997 9.5 332.55
    endloop
  endfacet
  facet normal -0.5262405427944177 -0.8503357519941382 -9.347909873626171e-15
    outer loop
      vertex -20.049999999999997 9.5 332.55
      vertex -5.549999999999999 0.5265000000000001 369.45
      vertex -20.05 9.5 332.75
    endloop
  endfacet
  facet normal -0.526240542794439 -0.8503357519941251 2.3369774684064714e-15
    outer loop
      vertex -20.05 9.5 332.75
      vertex -5.549999999999999 0.5265000000000001 369.45
      vertex -20.049999999999997 9.5 333.55
    endloop
  endfacet
  facet normal 1 0 0
    outer loop
      vertex 6.9 -0.5265000000000001 369.45
      vertex 6.9 0.5265000000000001 369.55
      vertex 6.9 -0.5265000000000001 369.55
    endloop
  endfacet
  facet normal 1 0 0
    outer loop
      vertex 6.9 -0.5265000000000001 369.45
      vertex 6.9 0.5265000000000001 369.45
      vertex 6.9 0.5265000000000001 369.55
    endloop
  endfacet
  facet normal 0 1 0
    outer loop
      vertex 6.9 -0.5265000000000001 369.45
      vertex 6.9 -0.5265000000000001 369.55
      vertex 14.100000000000001 -0.5265000000000001 369.45
    endloop
  endfacet
  facet normal 0.5262405427944343 -0.8503357519941279 0
    outer loop
      vertex 6.9 0.5265000000000001 369.45
      vertex 7.329919137466295 0.7925606469002613 369.55
      vertex 6.9 0.5265000000000001 369.55
    endloop
  endfacet
  facet normal 0 1 0
    outer loop
      vertex 14.100000000000001 -0.5265000000000001 369.45
      vertex 6.9 -0.5265000000000001 369.55
      vertex 14.100000000000001 -0.5265000000000001 369.55
    endloop
  endfacet
  facet normal 0.9307208326379816 0 0.3657304084891799
    outer loop
      vertex 6.9 -0.5265000000000001 369.45
      vertex 21.4 8.447 332.55
      vertex 6.9 0.5265000000000001 369.45
    endloop
  endfacet
  facet normal 0.5262405427944344 -0.8503357519941279 -2.2788971381958675e-16
    outer loop
      vertex 6.9 0.5265000000000001 369.45
      vertex 21.4 9.5 333.55
      vertex 7.329919137466295 0.7925606469002613 369.55
    endloop
  endfacet
  facet normal -1.5986760609903382e-16 -0.9719725831958994 -0.23509423114038855
    outer loop
      vertex 21.4 9.5 333.55
      vertex 14.529919137466292 0.7925606469002595 369.55
      vertex 7.329919137466295 0.7925606469002613 369.55
    endloop
  endfacet
  facet normal 0 0.971680758982028 0.2362974875535293
    outer loop
      vertex 6.9 -0.5265000000000001 369.45
      vertex 14.100000000000001 -0.5265000000000001 369.45
      vertex 28.52140921409214 8.398363143631437 332.75
    endloop
  endfacet
  facet normal -0.5262405427944349 0.8503357519941276 0
    outer loop
      vertex 14.100000000000001 -0.5265000000000001 369.45
      vertex 14.100000000000001 -0.5265000000000001 369.55
      vertex 28.599999999999998 8.447 332.75
    endloop
  endfacet
  facet normal -0.526240542794435 0.8503357519941276 -1.1140448470332452e-15
    outer loop
      vertex 28.599999999999998 8.447 333.55
      vertex 14.100000000000001 -0.5265000000000001 369.55
      vertex 14.529919137466296 -0.26043935309973854 369.55
    endloop
  endfacet
  facet normal -0.9313908626506676 -3.316995679166818e-15 -0.36402068755888745
    outer loop
      vertex 28.599999999999998 9.5 333.55
      vertex 14.529919137466296 -0.26043935309973854 369.55
      vertex 14.529919137466292 0.7925606469002595 369.55
    endloop
  endfacet
  facet normal -8.607493830545722e-15 0.9716807589820282 0.2362974875535277
    outer loop
      vertex 6.9 -0.5265000000000001 369.45
      vertex 21.4 8.398363143631439 332.75
      vertex 21.4 8.447 332.55
    endloop
  endfacet
  facet normal 2.226886559328909e-16 0.9716807589820278 0.23629748755352945
    outer loop
      vertex 6.9 -0.5265000000000001 369.45
      vertex 28.52140921409214 8.398363143631437 332.75
      vertex 21.4 8.398363143631439 332.75
    endloop
  endfacet
  facet normal 0.9307208326379817 2.084927655783051e-16 0.36573040848917954
    outer loop
      vertex 6.9 0.5265000000000001 369.45
      vertex 21.4 8.447 332.55
      vertex 21.4 9.5 332.55
    endloop
  endfacet
  facet normal 0.5262405427944375 -0.8503357519941259 -3.892661973619371e-15
    outer loop
      vertex 6.9 0.5265000000000001 369.45
      vertex 21.4 9.5 332.55
      vertex 21.4 9.5 332.75
    endloop
  endfacet
  facet normal 0.5262405427944352 -0.8503357519941275 -9.731654934047827e-16
    outer loop
      vertex 6.9 0.5265000000000001 369.45
      vertex 21.4 9.5 332.75
      vertex 21.4 9.5 333.55
    endloop
  endfacet
  facet normal -0.5262405427944282 0.8503357519941317 -1.4924029684895296e-15
    outer loop
      vertex 14.100000000000001 -0.5265000000000001 369.45
      vertex 28.599999999999998 8.447 332.75
      vertex 28.52140921409214 8.398363143631437 332.75
    endloop
  endfacet
  facet normal -0.5262405427944349 0.8503357519941276 0
    outer loop
      vertex 28.599999999999998 8.447 332.75
      vertex 14.100000000000001 -0.5265000000000001 369.55
      vertex 28.599999999999998 8.447 333.55
    endloop
  endfacet
  facet normal -0.931390862650668 0 -0.3640206875588866
    outer loop
      vertex 28.599999999999998 8.447 333.55
      vertex 14.529919137466296 -0.26043935309973854 369.55
      vertex 28.599999999999998 9.5 333.55
    endloop
  endfacet
  facet normal 0 -0.9719725831958994 -0.2350942311403885
    outer loop
      vertex 21.4 9.5 333.55
      vertex 28.599999999999998 9.5 333.55
      vertex 14.529919137466292 0.7925606469002595 369.55
    endloop
  endfacet
  facet normal 0 -1 0
    outer loop
      vertex 21.4 9.5 332.75
      vertex 28.599999999999998 9.5 333.55
      vertex 21.4 9.5 333.55
    endloop
  endfacet
  facet normal 0 -1 0
    outer loop
      vertex 21.4 9.5 332.75
      vertex 28.599999999999998 9.5 332.75
      vertex 28.599999999999998 9.5 333.55
    endloop
  endfacet
  facet normal -1 0 0
    outer loop
      vertex 28.599999999999998 8.447 332.75
      vertex 28.599999999999998 8.447 333.55
      vertex 28.599999999999998 9.5 332.75
    endloop
  endfacet
  facet normal -1 0 0
    outer loop
      vertex 28.599999999999998 8.447 333.55
      vertex 28.599999999999998 9.5 333.55
      vertex 28.599999999999998 9.5 332.75
    endloop
  endfacet
  facet normal 0.9945218953682734 0 0.10452846326765258
    outer loop
      vertex -3.42351660256832 8.817829795074273 65.05230908213784
      vertex -3.42351660256832 12.990381056766578 65.05230908213784
      vertex -3.5 8.783777192587836 65.78
    endloop
  endfacet
  facet normal 0.9945218953682734 0 -0.1045284632676526
    outer loop
      vertex -3.5 8.783777192587836 65.78
      vertex -3.5 12.990381056766578 65.78
      vertex -3.42351660256832 8.817829795074273 66.50769091786216
    endloop
  endfacet
  facet normal 0.9510565162951532 0 0.30901699437494906
    outer loop
      vertex -3.42351660256832 8.817829795074273 65.05230908213784
      vertex -3.197409101749103 8.918499340402413 64.3564217492347
      vertex -3.42351660256832 12.990381056766578 65.05230908213784
    endloop
  endfacet
  facet normal 0.9510565162951532 0 -0.30901699437494906
    outer loop
      vertex -3.42351660256832 8.817829795074273 66.50769091786216
      vertex -3.42351660256832 12.990381056766578 66.50769091786216
      vertex -3.197409101749103 8.918499340402413 67.2035782507653
    endloop
  endfacet
  facet normal 0.8660254037844376 0 0.5000000000000018
    outer loop
      vertex -3.197409101749103 8.918499340402413 64.3564217492347
      vertex -2.9356614465620003 9.035036904803958 63.90306151168862
      vertex -3.197409101749103 12.990381056766578 64.3564217492347
    endloop
  endfacet
  facet normal 0.8660254037844376 0 -0.5000000000000018
    outer loop
      vertex -3.197409101749103 8.918499340402413 67.2035782507653
      vertex -3.197409101749103 12.990381056766578 67.2035782507653
      vertex -2.9356614465620003 9.035036904803958 67.65693848831138
    endloop
  endfacet
  facet normal 0.8660254037844384 -1.5042205131096546e-18 0.5000000000000004
    outer loop
      vertex -2.9356614465620003 9.035036904803958 63.90306151168862
      vertex -2.831559480312316 9.05716446081308 63.722751616976346
      vertex -2.831559480312316 12.990381056766578 63.722751616976346
    endloop
  endfacet
  facet normal 0.7431448254773965 0 0.6691306063588556
    outer loop
      vertex -2.831559480312316 9.05716446081308 63.722751616976346
      vertex -2.341957122256004 9.161232654627065 63.17899311082912
      vertex -2.831559480312316 12.990381056766578 63.722751616976346
    endloop
  endfacet
  facet normal 0.8660254037844468 2.437362108256165e-15 -0.49999999999998584
    outer loop
      vertex -2.9356614465620003 9.035036904803958 67.65693848831138
      vertex -3.197409101749103 12.990381056766578 67.2035782507653
      vertex -2.831559480312316 9.05716446081308 67.83724838302366
    endloop
  endfacet
  facet normal 0.7431448254773878 0 -0.6691306063588653
    outer loop
      vertex -2.831559480312316 9.05716446081308 67.83724838302366
      vertex -2.831559480312316 12.990381056766578 67.83724838302366
      vertex -2.341957122256004 9.161232654627065 68.38100688917088
    endloop
  endfacet
  facet normal 0.7431448254773966 0 0.6691306063588557
    outer loop
      vertex -2.341957122256004 9.161232654627065 63.17899311082912
      vertex -2.341957122256004 12.990381056766578 63.17899311082912
      vertex -2.831559480312316 12.990381056766578 63.722751616976346
    endloop
  endfacet
  facet normal 0.9945218953682734 0 0.1045284632676526
    outer loop
      vertex -3.5 8.783777192587836 65.78
      vertex -3.42351660256832 12.990381056766578 65.05230908213784
      vertex -3.5 12.990381056766578 65.78
    endloop
  endfacet
  facet normal 0.9945218953682734 0 -0.10452846326765258
    outer loop
      vertex -3.42351660256832 8.817829795074273 66.50769091786216
      vertex -3.5 12.990381056766578 65.78
      vertex -3.42351660256832 12.990381056766578 66.50769091786216
    endloop
  endfacet
  facet normal 0.9510565162951531 0 0.309016994374949
    outer loop
      vertex -3.197409101749103 8.918499340402413 64.3564217492347
      vertex -3.197409101749103 12.990381056766578 64.3564217492347
      vertex -3.42351660256832 12.990381056766578 65.05230908213784
    endloop
  endfacet
  facet normal 0.9510565162951531 0 -0.309016994374949
    outer loop
      vertex -3.197409101749103 8.918499340402413 67.2035782507653
      vertex -3.42351660256832 12.990381056766578 66.50769091786216
      vertex -3.197409101749103 12.990381056766578 67.2035782507653
    endloop
  endfacet
  facet normal 0.8660254037844378 5.870512979443377e-17 0.5000000000000013
    outer loop
      vertex -2.9356614465620003 9.035036904803958 63.90306151168862
      vertex -2.831559480312316 12.990381056766578 63.722751616976346
      vertex -3.197409101749103 12.990381056766578 64.3564217492347
    endloop
  endfacet
  facet normal 0.8660254037844403 0 -0.4999999999999972
    outer loop
      vertex -2.831559480312316 9.05716446081308 67.83724838302366
      vertex -3.197409101749103 12.990381056766578 67.2035782507653
      vertex -2.831559480312316 12.990381056766578 67.83724838302366
    endloop
  endfacet
  facet normal 0.7431448254773878 0 -0.6691306063588653
    outer loop
      vertex -2.341957122256004 9.161232654627065 68.38100688917088
      vertex -2.831559480312316 12.990381056766578 67.83724838302366
      vertex -2.341957122256004 12.990381056766578 68.38100688917088
    endloop
  endfacet
  facet normal 0.5877852522924685 0 0.8090169943749507
    outer loop
      vertex -1.75 9.287057025189883 62.74891108675447
      vertex -1.75 12.990381056766578 62.74891108675447
      vertex -2.341957122256004 9.161232654627065 63.17899311082912
    endloop
  endfacet
  facet normal 0.40673664307580304 4.1502802139900945e-19 0.9135454576425995
    outer loop
      vertex -1.75 9.287057025189883 62.74891108675447
      vertex -1.0815594803123159 9.429138443735619 62.45130219296696
      vertex -1.0815594803123159 12.990381056766578 62.45130219296696
    endloop
  endfacet
  facet normal 0.5877852522924812 0 -0.8090169943749416
    outer loop
      vertex -2.341957122256004 9.161232654627065 68.38100688917088
      vertex -2.341957122256004 12.990381056766578 68.38100688917088
      vertex -1.75 9.287057025189883 68.81108891324554
    endloop
  endfacet
  facet normal 0.40673664307579493 0 -0.9135454576426033
    outer loop
      vertex -1.75 9.287057025189883 68.81108891324554
      vertex -1.75 12.990381056766578 68.81108891324554
      vertex -1.0815594803123159 9.429138443735619 69.10869780703304
    endloop
  endfacet
  facet normal 0.20791169081774802 0 0.978147600733808
    outer loop
      vertex -1.0815594803123159 9.429138443735619 62.45130219296696
      vertex -0.993020401042708 9.447958005998597 62.43248263070399
      vertex -1.0815594803123159 12.990381056766578 62.45130219296696
    endloop
  endfacet
  facet normal 0.20791169081776215 -1.3426537676199338e-19 0.9781476007338049
    outer loop
      vertex -0.993020401042708 9.447958005998597 62.43248263070399
      vertex -0.3658496214367871 9.447958005998597 62.29917336621104
      vertex -0.3658496214367871 12.990381056766578 62.29917336621104
    endloop
  endfacet
  facet normal 0.20791169081774802 0 -0.978147600733808
    outer loop
      vertex -1.0815594803123159 9.429138443735619 69.10869780703304
      vertex -1.0815594803123159 12.990381056766578 69.10869780703304
      vertex -0.993020401042708 9.447958005998597 69.12751736929602
    endloop
  endfacet
  facet normal 0.20791169081775154 9.342385053270483e-17 -0.9781476007338072
    outer loop
      vertex -0.993020401042708 9.447958005998597 69.12751736929602
      vertex -1.0815594803123159 12.990381056766578 69.10869780703304
      vertex -0.3658496214367871 9.447958005998597 69.26082663378895
    endloop
  endfacet
  facet normal 0 0 -1
    outer loop
      vertex -0.3658496214367871 9.447958005998597 69.26082663378895
      vertex -0.3658496214367871 12.990381056766578 69.26082663378895
      vertex 0.3658496214367871 9.447958005998597 69.26082663378895
    endloop
  endfacet
  facet normal 0.5877852522924685 0 0.8090169943749508
    outer loop
      vertex -2.341957122256004 9.161232654627065 63.17899311082912
      vertex -1.75 12.990381056766578 62.74891108675447
      vertex -2.341957122256004 12.990381056766578 63.17899311082912
    endloop
  endfacet
  facet normal 0.4067366430758031 0 0.9135454576425996
    outer loop
      vertex -1.75 9.287057025189883 62.74891108675447
      vertex -1.0815594803123159 12.990381056766578 62.45130219296696
      vertex -1.75 12.990381056766578 62.74891108675447
    endloop
  endfacet
  facet normal 0.5877852522924812 0 -0.8090169943749416
    outer loop
      vertex -1.75 9.287057025189883 68.81108891324554
      vertex -2.341957122256004 12.990381056766578 68.38100688917088
      vertex -1.75 12.990381056766578 68.81108891324554
    endloop
  endfacet
  facet normal 0.4067366430757949 0 -0.9135454576426033
    outer loop
      vertex -1.0815594803123159 9.429138443735619 69.10869780703304
      vertex -1.75 12.990381056766578 68.81108891324554
      vertex -1.0815594803123159 12.990381056766578 69.10869780703304
    endloop
  endfacet
  facet normal 0.20791169081776043 3.243107173910776e-16 0.9781476007338055
    outer loop
      vertex -0.993020401042708 9.447958005998597 62.43248263070399
      vertex -0.3658496214367871 12.990381056766578 62.29917336621104
      vertex -1.0815594803123159 12.990381056766578 62.45130219296696
    endloop
  endfacet
  facet normal 0 0 1
    outer loop
      vertex -0.3658496214367871 9.447958005998597 62.29917336621104
      vertex 0.3658496214367871 12.990381056766578 62.29917336621104
      vertex -0.3658496214367871 12.990381056766578 62.29917336621104
    endloop
  endfacet
  facet normal 0.20791169081775113 0 -0.9781476007338074
    outer loop
      vertex -0.3658496214367871 9.447958005998597 69.26082663378895
      vertex -1.0815594803123159 12.990381056766578 69.10869780703304
      vertex -0.3658496214367871 12.990381056766578 69.26082663378895
    endloop
  endfacet
  facet normal 0.7431448254773966 3.2322385161885633e-18 0.6691306063588557
    outer loop
      vertex -2.831559480312316 14.5 63.722751616976346
      vertex -2.341957122256004 14.5 63.17899311082912
      vertex -2.341957122256004 17.5 63.17899311082912
    endloop
  endfacet
  facet normal 0.9945218953682733 -5.85200309527553e-19 0.10452846326765257
    outer loop
      vertex -3.5 14.5 65.78
      vertex -3.42351660256832 14.5 65.05230908213784
      vertex -3.42351660256832 17.5 65.05230908213784
    endloop
  endfacet
  facet normal 0.9945218953682733 0 -0.10452846326765257
    outer loop
      vertex -3.5 17.5 65.78
      vertex -3.42351660256832 14.5 66.50769091786216
      vertex -3.5 14.5 65.78
    endloop
  endfacet
  facet normal 0.951056516295153 0 0.30901699437494895
    outer loop
      vertex -3.197409101749103 14.5 64.3564217492347
      vertex -3.197409101749103 17.5 64.3564217492347
      vertex -3.42351660256832 14.5 65.05230908213784
    endloop
  endfacet
  facet normal 0.951056516295153 0 -0.30901699437494895
    outer loop
      vertex -3.42351660256832 17.5 66.50769091786216
      vertex -3.197409101749103 14.5 67.2035782507653
      vertex -3.42351660256832 14.5 66.50769091786216
    endloop
  endfacet
  facet normal 0.8660254037844378 0 0.5000000000000014
    outer loop
      vertex -2.831559480312316 14.5 63.722751616976346
      vertex -2.831559480312316 17.5 63.722751616976346
      vertex -3.197409101749103 14.5 64.3564217492347
    endloop
  endfacet
  facet normal 0.8660254037844404 0 -0.4999999999999973
    outer loop
      vertex -3.197409101749103 17.5 67.2035782507653
      vertex -2.831559480312316 14.5 67.83724838302366
      vertex -3.197409101749103 14.5 67.2035782507653
    endloop
  endfacet
  facet normal 0.7431448254773878 -1.1784966901148965e-17 -0.6691306063588652
    outer loop
      vertex -2.341957122256004 14.5 68.38100688917088
      vertex -2.831559480312316 14.5 67.83724838302366
      vertex -2.831559480312316 17.5 67.83724838302366
    endloop
  endfacet
  facet normal 0.5877852522924686 -3.629606695341768e-18 0.8090169943749508
    outer loop
      vertex -2.341957122256004 14.5 63.17899311082912
      vertex -1.75 14.5 62.74891108675447
      vertex -1.75 17.5 62.74891108675447
    endloop
  endfacet
  facet normal 0.4067366430758031 4.92671825136026e-19 0.9135454576425996
    outer loop
      vertex -1.75 14.5 62.74891108675447
      vertex -1.0815594803123159 14.5 62.45130219296696
      vertex -1.0815594803123159 17.5 62.45130219296696
    endloop
  endfacet
  facet normal 0.5877852522924811 -7.977313948714358e-18 -0.8090169943749415
    outer loop
      vertex -1.75 14.5 68.81108891324554
      vertex -2.341957122256004 14.5 68.38100688917088
      vertex -2.341957122256004 17.5 68.38100688917088
    endloop
  endfacet
  facet normal 0.40673664307579493 0 -0.9135454576426032
    outer loop
      vertex -1.75 14.5 68.81108891324554
      vertex -1.75 17.5 68.81108891324554
      vertex -1.0815594803123159 14.5 69.10869780703304
    endloop
  endfacet
  facet normal 0.2079116908177604 1.6855959418158831e-18 0.9781476007338052
    outer loop
      vertex -1.0815594803123159 14.5 62.45130219296696
      vertex -0.3658496214367871 14.5 62.29917336621104
      vertex -0.3658496214367871 17.5 62.29917336621104
    endloop
  endfacet
  facet normal 0.20791169081775115 0 -0.9781476007338075
    outer loop
      vertex -1.0815594803123159 17.5 69.10869780703304
      vertex -0.3658496214367871 14.5 69.26082663378895
      vertex -1.0815594803123159 14.5 69.10869780703304
    endloop
  endfacet
  facet normal 0 0 -1
    outer loop
      vertex 0.3658496214367871 14.5 69.26082663378895
      vertex -0.3658496214367871 14.5 69.26082663378895
      vertex -0.3658496214367871 17.5 69.26082663378895
    endloop
  endfacet
  facet normal 0.9945218953682733 0 0.10452846326765257
    outer loop
      vertex -3.5 14.5 65.78
      vertex -3.42351660256832 17.5 65.05230908213784
      vertex -3.5 17.5 65.78
    endloop
  endfacet
  facet normal 0.9945218953682733 5.85200309527553e-19 -0.10452846326765257
    outer loop
      vertex -3.5 17.5 65.78
      vertex -3.42351660256832 17.5 66.50769091786216
      vertex -3.42351660256832 14.5 66.50769091786216
    endloop
  endfacet
  facet normal 0.951056516295153 -7.328247372738421e-19 0.30901699437494895
    outer loop
      vertex -3.197409101749103 17.5 64.3564217492347
      vertex -3.42351660256832 17.5 65.05230908213784
      vertex -3.42351660256832 14.5 65.05230908213784
    endloop
  endfacet
  facet normal 0.951056516295153 7.328247372738421e-19 -0.30901699437494895
    outer loop
      vertex -3.42351660256832 17.5 66.50769091786216
      vertex -3.197409101749103 17.5 67.2035782507653
      vertex -3.197409101749103 14.5 67.2035782507653
    endloop
  endfacet
  facet normal 0.8660254037844378 0 0.5000000000000014
    outer loop
      vertex -3.197409101749103 14.5 64.3564217492347
      vertex -2.831559480312316 17.5 63.722751616976346
      vertex -3.197409101749103 17.5 64.3564217492347
    endloop
  endfacet
  facet normal 0.7431448254773966 0 0.6691306063588557
    outer loop
      vertex -2.831559480312316 14.5 63.722751616976346
      vertex -2.341957122256004 17.5 63.17899311082912
      vertex -2.831559480312316 17.5 63.722751616976346
    endloop
  endfacet
  facet normal 0.8660254037844404 0 -0.4999999999999973
    outer loop
      vertex -2.831559480312316 17.5 67.83724838302366
      vertex -2.831559480312316 14.5 67.83724838302366
      vertex -3.197409101749103 17.5 67.2035782507653
    endloop
  endfacet
  facet normal 0.7431448254773878 0 -0.6691306063588652
    outer loop
      vertex -2.341957122256004 14.5 68.38100688917088
      vertex -2.831559480312316 17.5 67.83724838302366
      vertex -2.341957122256004 17.5 68.38100688917088
    endloop
  endfacet
  facet normal 0.5877852522924686 0 0.8090169943749508
    outer loop
      vertex -2.341957122256004 14.5 63.17899311082912
      vertex -1.75 17.5 62.74891108675447
      vertex -2.341957122256004 17.5 63.17899311082912
    endloop
  endfacet
  facet normal 0.4067366430758031 0 0.9135454576425996
    outer loop
      vertex -1.75 17.5 62.74891108675447
      vertex -1.75 14.5 62.74891108675447
      vertex -1.0815594803123159 17.5 62.45130219296696
    endloop
  endfacet
  facet normal 0.5877852522924811 0 -0.8090169943749415
    outer loop
      vertex -1.75 14.5 68.81108891324554
      vertex -2.341957122256004 17.5 68.38100688917088
      vertex -1.75 17.5 68.81108891324554
    endloop
  endfacet
  facet normal 0.40673664307579493 0 -0.9135454576426032
    outer loop
      vertex -1.0815594803123159 14.5 69.10869780703304
      vertex -1.75 17.5 68.81108891324554
      vertex -1.0815594803123159 17.5 69.10869780703304
    endloop
  endfacet
  facet normal 0.2079116908177604 0 0.9781476007338052
    outer loop
      vertex -1.0815594803123159 14.5 62.45130219296696
      vertex -0.3658496214367871 17.5 62.29917336621104
      vertex -1.0815594803123159 17.5 62.45130219296696
    endloop
  endfacet
  facet normal 0 0 1
    outer loop
      vertex -0.3658496214367871 14.5 62.29917336621104
      vertex 0.3658496214367871 17.5 62.29917336621104
      vertex -0.3658496214367871 17.5 62.29917336621104
    endloop
  endfacet
  facet normal 0.20791169081775115 0 -0.9781476007338075
    outer loop
      vertex -0.3658496214367871 14.5 69.26082663378895
      vertex -1.0815594803123159 17.5 69.10869780703304
      vertex -0.3658496214367871 17.5 69.26082663378895
    endloop
  endfacet
  facet normal 0 0 1
    outer loop
      vertex -0.3658496214367871 9.447958005998597 62.29917336621104
      vertex 0.3658496214367871 9.447958005998597 62.29917336621104
      vertex 0.3658496214367871 12.990381056766578 62.29917336621104
    endloop
  endfacet
  facet normal -0.20791169081776215 3.687011504027532e-16 0.9781476007338049
    outer loop
      vertex 0.3658496214367871 9.447958005998597 62.29917336621104
      vertex 0.993020401042708 9.447958005998597 62.43248263070399
      vertex 1.0815594803123159 12.990381056766578 62.45130219296696
    endloop
  endfacet
  facet normal -0.20791169081774796 3.2928206728712844e-19 0.978147600733808
    outer loop
      vertex 0.993020401042708 9.447958005998597 62.43248263070399
      vertex 1.0815594803123159 9.429138443735619 62.45130219296696
      vertex 1.0815594803123159 12.990381056766578 62.45130219296696
    endloop
  endfacet
  facet normal -0.20791169081775154 0 -0.9781476007338072
    outer loop
      vertex 0.3658496214367871 9.447958005998597 69.26082663378895
      vertex 0.3658496214367871 12.990381056766578 69.26082663378895
      vertex 0.993020401042708 9.447958005998597 69.12751736929602
    endloop
  endfacet
  facet normal -0.20791169081774802 -3.2928206728712844e-19 -0.978147600733808
    outer loop
      vertex 0.993020401042708 9.447958005998597 69.12751736929602
      vertex 1.0815594803123159 12.990381056766578 69.10869780703304
      vertex 1.0815594803123159 9.429138443735619 69.10869780703304
    endloop
  endfacet
  facet normal -0.406736643075803 -3.991050912114786e-19 0.9135454576425996
    outer loop
      vertex 1.0815594803123159 9.429138443735619 62.45130219296696
      vertex 1.75 9.287057025189883 62.74891108675447
      vertex 1.75 12.990381056766578 62.74891108675447
    endloop
  endfacet
  facet normal -0.5877852522924686 2.8436662522510863e-18 0.8090169943749508
    outer loop
      vertex 1.75 9.287057025189883 62.74891108675447
      vertex 2.341957122256004 9.161232654627065 63.17899311082912
      vertex 2.341957122256004 12.990381056766578 63.17899311082912
    endloop
  endfacet
  facet normal -0.4067366430757949 0 -0.9135454576426033
    outer loop
      vertex 1.0815594803123159 9.429138443735619 69.10869780703304
      vertex 1.0815594803123159 12.990381056766578 69.10869780703304
      vertex 1.75 9.287057025189883 68.81108891324554
    endloop
  endfacet
  facet normal -0.5877852522924812 6.462286757001391e-18 -0.8090169943749416
    outer loop
      vertex 2.341957122256004 9.161232654627065 68.38100688917088
      vertex 1.75 9.287057025189883 68.81108891324554
      vertex 1.75 12.990381056766578 68.81108891324554
    endloop
  endfacet
  facet normal -0.5877852522924685 0 0.8090169943749507
    outer loop
      vertex 1.75 9.287057025189883 62.74891108675447
      vertex 2.341957122256004 12.990381056766578 63.17899311082912
      vertex 1.75 12.990381056766578 62.74891108675447
    endloop
  endfacet
  facet normal -0.40673664307579493 0 -0.9135454576426033
    outer loop
      vertex 1.75 9.287057025189883 68.81108891324554
      vertex 1.0815594803123159 12.990381056766578 69.10869780703304
      vertex 1.75 12.990381056766578 68.81108891324554
    endloop
  endfacet
  facet normal -0.5877852522924812 0 -0.8090169943749416
    outer loop
      vertex 2.341957122256004 9.161232654627065 68.38100688917088
      vertex 1.75 12.990381056766578 68.81108891324554
      vertex 2.341957122256004 12.990381056766578 68.38100688917088
    endloop
  endfacet
  facet normal -0.8660254037844376 -3.5941520259353906e-19 0.5000000000000018
    outer loop
      vertex 2.9356614465620003 9.035036904803958 63.90306151168862
      vertex 3.197409101749103 8.918499340402413 64.3564217492347
      vertex 3.197409101749103 12.990381056766578 64.3564217492347
    endloop
  endfacet
  facet normal -0.8660254037844376 3.5941520259353906e-19 -0.5000000000000018
    outer loop
      vertex 2.9356614465620003 9.035036904803958 67.65693848831138
      vertex 3.197409101749103 12.990381056766578 67.2035782507653
      vertex 3.197409101749103 8.918499340402413 67.2035782507653
    endloop
  endfacet
  facet normal -0.9510565162951532 5.268896830592486e-19 0.30901699437494906
    outer loop
      vertex 3.197409101749103 8.918499340402413 64.3564217492347
      vertex 3.42351660256832 8.817829795074273 65.05230908213784
      vertex 3.42351660256832 12.990381056766578 65.05230908213784
    endloop
  endfacet
  facet normal -0.9945218953682734 4.1734401081415026e-19 0.1045284632676526
    outer loop
      vertex 3.42351660256832 8.817829795074273 65.05230908213784
      vertex 3.5 8.783777192587836 65.78
      vertex 3.5 12.990381056766578 65.78
    endloop
  endfacet
  facet normal -0.9945218953682734 -4.2074999645914997e-19 -0.10452846326765258
    outer loop
      vertex 3.5 8.783777192587836 65.78
      vertex 3.42351660256832 8.817829795074273 66.50769091786216
      vertex 3.42351660256832 12.990381056766578 66.50769091786216
    endloop
  endfacet
  facet normal -0.9510565162951532 -5.268896830592486e-19 -0.30901699437494906
    outer loop
      vertex 3.197409101749103 8.918499340402413 67.2035782507653
      vertex 3.42351660256832 12.990381056766578 66.50769091786216
      vertex 3.42351660256832 8.817829795074273 66.50769091786216
    endloop
  endfacet
  facet normal -0.7431448254773965 -2.4653398336978675e-18 0.6691306063588556
    outer loop
      vertex 2.341957122256004 9.161232654627065 63.17899311082912
      vertex 2.831559480312316 9.05716446081308 63.722751616976346
      vertex 2.831559480312316 12.990381056766578 63.722751616976346
    endloop
  endfacet
  facet normal -0.8660254037844384 2.0492308047861386e-16 0.5000000000000004
    outer loop
      vertex 2.831559480312316 9.05716446081308 63.722751616976346
      vertex 2.9356614465620003 9.035036904803958 63.90306151168862
      vertex 3.197409101749103 12.990381056766578 64.3564217492347
    endloop
  endfacet
  facet normal -0.7431448254773879 8.988800855722033e-18 -0.6691306063588653
    outer loop
      vertex 2.341957122256004 9.161232654627065 68.38100688917088
      vertex 2.831559480312316 12.990381056766578 67.83724838302366
      vertex 2.831559480312316 9.05716446081308 67.83724838302366
    endloop
  endfacet
  facet normal -0.8660254037844469 0 -0.4999999999999856
    outer loop
      vertex 2.831559480312316 9.05716446081308 67.83724838302366
      vertex 2.831559480312316 12.990381056766578 67.83724838302366
      vertex 2.9356614465620003 9.035036904803958 67.65693848831138
    endloop
  endfacet
  facet normal -0.7431448254773966 0 0.6691306063588557
    outer loop
      vertex 2.341957122256004 9.161232654627065 63.17899311082912
      vertex 2.831559480312316 12.990381056766578 63.722751616976346
      vertex 2.341957122256004 12.990381056766578 63.17899311082912
    endloop
  endfacet
  facet normal -0.8660254037844377 0 0.5000000000000014
    outer loop
      vertex 2.831559480312316 9.05716446081308 63.722751616976346
      vertex 3.197409101749103 12.990381056766578 64.3564217492347
      vertex 2.831559480312316 12.990381056766578 63.722751616976346
    endloop
  endfacet
  facet normal -0.7431448254773878 0 -0.6691306063588653
    outer loop
      vertex 2.341957122256004 9.161232654627065 68.38100688917088
      vertex 2.341957122256004 12.990381056766578 68.38100688917088
      vertex 2.831559480312316 12.990381056766578 67.83724838302366
    endloop
  endfacet
  facet normal -0.8660254037844404 7.013279160773038e-16 -0.49999999999999717
    outer loop
      vertex 2.9356614465620003 9.035036904803958 67.65693848831138
      vertex 2.831559480312316 12.990381056766578 67.83724838302366
      vertex 3.197409101749103 12.990381056766578 67.2035782507653
    endloop
  endfacet
  facet normal -0.9510565162951531 0 0.309016994374949
    outer loop
      vertex 3.197409101749103 8.918499340402413 64.3564217492347
      vertex 3.42351660256832 12.990381056766578 65.05230908213784
      vertex 3.197409101749103 12.990381056766578 64.3564217492347
    endloop
  endfacet
  facet normal -0.9945218953682734 0 0.10452846326765258
    outer loop
      vertex 3.42351660256832 8.817829795074273 65.05230908213784
      vertex 3.5 12.990381056766578 65.78
      vertex 3.42351660256832 12.990381056766578 65.05230908213784
    endloop
  endfacet
  facet normal -0.9945218953682734 0 -0.1045284632676526
    outer loop
      vertex 3.5 8.783777192587836 65.78
      vertex 3.42351660256832 12.990381056766578 66.50769091786216
      vertex 3.5 12.990381056766578 65.78
    endloop
  endfacet
  facet normal -0.9510565162951531 0 -0.309016994374949
    outer loop
      vertex 3.197409101749103 8.918499340402413 67.2035782507653
      vertex 3.197409101749103 12.990381056766578 67.2035782507653
      vertex 3.42351660256832 12.990381056766578 66.50769091786216
    endloop
  endfacet
  facet normal -0.20791169081776043 0 0.9781476007338055
    outer loop
      vertex 0.3658496214367871 9.447958005998597 62.29917336621104
      vertex 1.0815594803123159 12.990381056766578 62.45130219296696
      vertex 0.3658496214367871 12.990381056766578 62.29917336621104
    endloop
  endfacet
  facet normal 0 0 -1
    outer loop
      vertex 0.3658496214367871 9.447958005998597 69.26082663378895
      vertex -0.3658496214367871 12.990381056766578 69.26082663378895
      vertex 0.3658496214367871 12.990381056766578 69.26082663378895
    endloop
  endfacet
  facet normal -0.2079116908177511 8.159820022737527e-17 -0.9781476007338074
    outer loop
      vertex 0.993020401042708 9.447958005998597 69.12751736929602
      vertex 0.3658496214367871 12.990381056766578 69.26082663378895
      vertex 1.0815594803123159 12.990381056766578 69.10869780703304
    endloop
  endfacet
  facet normal -0.40673664307580304 0 0.9135454576425998
    outer loop
      vertex 1.0815594803123159 9.429138443735619 62.45130219296696
      vertex 1.75 12.990381056766578 62.74891108675447
      vertex 1.0815594803123159 12.990381056766578 62.45130219296696
    endloop
  endfacet
  facet normal 0 0 1
    outer loop
      vertex -0.3658496214367871 14.5 62.29917336621104
      vertex 0.3658496214367871 14.5 62.29917336621104
      vertex 0.3658496214367871 17.5 62.29917336621104
    endloop
  endfacet
  facet normal -0.2079116908177604 0 0.9781476007338052
    outer loop
      vertex 1.0815594803123159 17.5 62.45130219296696
      vertex 0.3658496214367871 14.5 62.29917336621104
      vertex 1.0815594803123159 14.5 62.45130219296696
    endloop
  endfacet
  facet normal -0.20791169081775115 -1.8330237571005225e-18 -0.9781476007338075
    outer loop
      vertex 1.0815594803123159 14.5 69.10869780703304
      vertex 0.3658496214367871 14.5 69.26082663378895
      vertex 0.3658496214367871 17.5 69.26082663378895
    endloop
  endfacet
  facet normal -0.4067366430758031 -4.92671825136026e-19 0.9135454576425996
    outer loop
      vertex 1.0815594803123159 14.5 62.45130219296696
      vertex 1.75 14.5 62.74891108675447
      vertex 1.75 17.5 62.74891108675447
    endloop
  endfacet
  facet normal -0.5877852522924686 3.629606695341768e-18 0.8090169943749508
    outer loop
      vertex 1.75 14.5 62.74891108675447
      vertex 2.341957122256004 14.5 63.17899311082912
      vertex 2.341957122256004 17.5 63.17899311082912
    endloop
  endfacet
  facet normal -0.40673664307579493 0 -0.9135454576426032
    outer loop
      vertex 1.0815594803123159 14.5 69.10869780703304
      vertex 1.0815594803123159 17.5 69.10869780703304
      vertex 1.75 14.5 68.81108891324554
    endloop
  endfacet
  facet normal -0.5877852522924811 7.977313948714358e-18 -0.8090169943749415
    outer loop
      vertex 2.341957122256004 14.5 68.38100688917088
      vertex 1.75 14.5 68.81108891324554
      vertex 1.75 17.5 68.81108891324554
    endloop
  endfacet
  facet normal -0.7431448254773966 -3.2322385161885633e-18 0.6691306063588557
    outer loop
      vertex 2.341957122256004 14.5 63.17899311082912
      vertex 2.831559480312316 14.5 63.722751616976346
      vertex 2.831559480312316 17.5 63.722751616976346
    endloop
  endfacet
  facet normal -0.8660254037844378 -2.485808761103062e-18 0.5000000000000014
    outer loop
      vertex 2.831559480312316 14.5 63.722751616976346
      vertex 3.197409101749103 14.5 64.3564217492347
      vertex 3.197409101749103 17.5 64.3564217492347
    endloop
  endfacet
  facet normal -0.7431448254773878 0 -0.6691306063588652
    outer loop
      vertex 2.341957122256004 14.5 68.38100688917088
      vertex 2.341957122256004 17.5 68.38100688917088
      vertex 2.831559480312316 14.5 67.83724838302366
    endloop
  endfacet
  facet normal -0.8660254037844404 0 -0.4999999999999973
    outer loop
      vertex 2.831559480312316 14.5 67.83724838302366
      vertex 2.831559480312316 17.5 67.83724838302366
      vertex 3.197409101749103 14.5 67.2035782507653
    endloop
  endfacet
  facet normal -0.951056516295153 7.328247372738421e-19 0.30901699437494895
    outer loop
      vertex 3.197409101749103 14.5 64.3564217492347
      vertex 3.42351660256832 14.5 65.05230908213784
      vertex 3.42351660256832 17.5 65.05230908213784
    endloop
  endfacet
  facet normal -0.9945218953682733 5.85200309527553e-19 0.10452846326765257
    outer loop
      vertex 3.42351660256832 14.5 65.05230908213784
      vertex 3.5 14.5 65.78
      vertex 3.5 17.5 65.78
    endloop
  endfacet
  facet normal -0.9945218953682733 0 -0.10452846326765257
    outer loop
      vertex 3.42351660256832 14.5 66.50769091786216
      vertex 3.42351660256832 17.5 66.50769091786216
      vertex 3.5 14.5 65.78
    endloop
  endfacet
  facet normal -0.951056516295153 0 -0.30901699437494895
    outer loop
      vertex 3.197409101749103 14.5 67.2035782507653
      vertex 3.197409101749103 17.5 67.2035782507653
      vertex 3.42351660256832 14.5 66.50769091786216
    endloop
  endfacet
  facet normal -0.2079116908177604 0 0.9781476007338052
    outer loop
      vertex 0.3658496214367871 14.5 62.29917336621104
      vertex 1.0815594803123159 17.5 62.45130219296696
      vertex 0.3658496214367871 17.5 62.29917336621104
    endloop
  endfacet
  facet normal 0 0 -1
    outer loop
      vertex 0.3658496214367871 14.5 69.26082663378895
      vertex -0.3658496214367871 17.5 69.26082663378895
      vertex 0.3658496214367871 17.5 69.26082663378895
    endloop
  endfacet
  facet normal -0.20791169081775115 0 -0.9781476007338075
    outer loop
      vertex 1.0815594803123159 14.5 69.10869780703304
      vertex 0.3658496214367871 17.5 69.26082663378895
      vertex 1.0815594803123159 17.5 69.10869780703304
    endloop
  endfacet
  facet normal -0.4067366430758031 0 0.9135454576425996
    outer loop
      vertex 1.0815594803123159 14.5 62.45130219296696
      vertex 1.75 17.5 62.74891108675447
      vertex 1.0815594803123159 17.5 62.45130219296696
    endloop
  endfacet
  facet normal -0.5877852522924686 0 0.8090169943749508
    outer loop
      vertex 1.75 14.5 62.74891108675447
      vertex 2.341957122256004 17.5 63.17899311082912
      vertex 1.75 17.5 62.74891108675447
    endloop
  endfacet
  facet normal -0.40673664307579493 0 -0.9135454576426032
    outer loop
      vertex 1.75 14.5 68.81108891324554
      vertex 1.0815594803123159 17.5 69.10869780703304
      vertex 1.75 17.5 68.81108891324554
    endloop
  endfacet
  facet normal -0.5877852522924811 0 -0.8090169943749415
    outer loop
      vertex 2.341957122256004 14.5 68.38100688917088
      vertex 1.75 17.5 68.81108891324554
      vertex 2.341957122256004 17.5 68.38100688917088
    endloop
  endfacet
  facet normal -0.7431448254773966 0 0.6691306063588557
    outer loop
      vertex 2.341957122256004 14.5 63.17899311082912
      vertex 2.831559480312316 17.5 63.722751616976346
      vertex 2.341957122256004 17.5 63.17899311082912
    endloop
  endfacet
  facet normal -0.8660254037844378 0 0.5000000000000014
    outer loop
      vertex 2.831559480312316 14.5 63.722751616976346
      vertex 3.197409101749103 17.5 64.3564217492347
      vertex 2.831559480312316 17.5 63.722751616976346
    endloop
  endfacet
  facet normal -0.7431448254773878 0 -0.6691306063588652
    outer loop
      vertex 2.831559480312316 14.5 67.83724838302366
      vertex 2.341957122256004 17.5 68.38100688917088
      vertex 2.831559480312316 17.5 67.83724838302366
    endloop
  endfacet
  facet normal -0.8660254037844404 -5.8278879064674904e-18 -0.4999999999999973
    outer loop
      vertex 2.831559480312316 17.5 67.83724838302366
      vertex 3.197409101749103 17.5 67.2035782507653
      vertex 3.197409101749103 14.5 67.2035782507653
    endloop
  endfacet
  facet normal -0.951056516295153 0 0.30901699437494895
    outer loop
      vertex 3.197409101749103 14.5 64.3564217492347
      vertex 3.42351660256832 17.5 65.05230908213784
      vertex 3.197409101749103 17.5 64.3564217492347
    endloop
  endfacet
  facet normal -0.9945218953682733 0 0.10452846326765257
    outer loop
      vertex 3.42351660256832 14.5 65.05230908213784
      vertex 3.5 17.5 65.78
      vertex 3.42351660256832 17.5 65.05230908213784
    endloop
  endfacet
  facet normal -0.9945218953682733 -5.85200309527553e-19 -0.10452846326765257
    outer loop
      vertex 3.42351660256832 17.5 66.50769091786216
      vertex 3.5 17.5 65.78
      vertex 3.5 14.5 65.78
    endloop
  endfacet
  facet normal -0.951056516295153 -7.328247372738421e-19 -0.30901699437494895
    outer loop
      vertex 3.197409101749103 17.5 67.2035782507653
      vertex 3.42351660256832 17.5 66.50769091786216
      vertex 3.42351660256832 14.5 66.50769091786216
    endloop
  endfacet
  facet normal 0.8660254037844376 0 0.5000000000000018
    outer loop
      vertex -3.197409101749103 8.918499340402413 80.7564217492347
      vertex -2.9356614465620003 9.035036904803958 80.30306151168863
      vertex -3.197409101749103 12.990381056766578 80.7564217492347
    endloop
  endfacet
  facet normal 0.8660254037844469 0 0.4999999999999856
    outer loop
      vertex -2.831559480312316 9.05716446081308 80.12275161697634
      vertex -2.831559480312316 12.990381056766578 80.12275161697634
      vertex -2.9356614465620003 9.035036904803958 80.30306151168863
    endloop
  endfacet
  facet normal 0.7431448254773878 0 0.6691306063588653
    outer loop
      vertex -2.831559480312316 9.05716446081308 80.12275161697634
      vertex -2.341957122256004 9.161232654627065 79.57899311082913
      vertex -2.831559480312316 12.990381056766578 80.12275161697634
    endloop
  endfacet
  facet normal 0.9945218953682734 0 0.10452846326765258
    outer loop
      vertex -3.42351660256832 8.817829795074273 81.45230908213784
      vertex -3.42351660256832 12.990381056766578 81.45230908213784
      vertex -3.5 8.783777192587836 82.18
    endloop
  endfacet
  facet normal 0.9945218953682734 0 -0.1045284632676526
    outer loop
      vertex -3.5 8.783777192587836 82.18
      vertex -3.5 12.990381056766578 82.18
      vertex -3.42351660256832 8.817829795074273 82.90769091786217
    endloop
  endfacet
  facet normal 0.9510565162951532 0 0.30901699437494906
    outer loop
      vertex -3.42351660256832 8.817829795074273 81.45230908213784
      vertex -3.197409101749103 8.918499340402413 80.7564217492347
      vertex -3.42351660256832 12.990381056766578 81.45230908213784
    endloop
  endfacet
  facet normal 0.9510565162951532 0 -0.30901699437494906
    outer loop
      vertex -3.42351660256832 8.817829795074273 82.90769091786217
      vertex -3.42351660256832 12.990381056766578 82.90769091786217
      vertex -3.197409101749103 8.918499340402413 83.60357825076531
    endloop
  endfacet
  facet normal 0.8660254037844376 0 -0.5000000000000018
    outer loop
      vertex -3.197409101749103 8.918499340402413 83.60357825076531
      vertex -3.197409101749103 12.990381056766578 83.60357825076531
      vertex -2.9356614465620003 9.035036904803958 84.05693848831139
    endloop
  endfacet
  facet normal 0.8660254037844468 2.437362108256165e-15 -0.49999999999998584
    outer loop
      vertex -2.9356614465620003 9.035036904803958 84.05693848831139
      vertex -3.197409101749103 12.990381056766578 83.60357825076531
      vertex -2.831559480312316 9.05716446081308 84.23724838302367
    endloop
  endfacet
  facet normal 0.7431448254773878 0 -0.6691306063588653
    outer loop
      vertex -2.831559480312316 9.05716446081308 84.23724838302367
      vertex -2.831559480312316 12.990381056766578 84.23724838302367
      vertex -2.341957122256004 9.161232654627065 84.78100688917088
    endloop
  endfacet
  facet normal 0.8660254037844404 7.013279160773038e-16 0.49999999999999717
    outer loop
      vertex -2.9356614465620003 9.035036904803958 80.30306151168863
      vertex -2.831559480312316 12.990381056766578 80.12275161697634
      vertex -3.197409101749103 12.990381056766578 80.7564217492347
    endloop
  endfacet
  facet normal 0.7431448254773878 0 0.6691306063588653
    outer loop
      vertex -2.341957122256004 9.161232654627065 79.57899311082913
      vertex -2.341957122256004 12.990381056766578 79.57899311082913
      vertex -2.831559480312316 12.990381056766578 80.12275161697634
    endloop
  endfacet
  facet normal 0.9945218953682734 0 0.1045284632676526
    outer loop
      vertex -3.5 8.783777192587836 82.18
      vertex -3.42351660256832 12.990381056766578 81.45230908213784
      vertex -3.5 12.990381056766578 82.18
    endloop
  endfacet
  facet normal 0.9945218953682734 0 -0.10452846326765258
    outer loop
      vertex -3.42351660256832 8.817829795074273 82.90769091786217
      vertex -3.5 12.990381056766578 82.18
      vertex -3.42351660256832 12.990381056766578 82.90769091786217
    endloop
  endfacet
  facet normal 0.9510565162951531 0 0.309016994374949
    outer loop
      vertex -3.197409101749103 8.918499340402413 80.7564217492347
      vertex -3.197409101749103 12.990381056766578 80.7564217492347
      vertex -3.42351660256832 12.990381056766578 81.45230908213784
    endloop
  endfacet
  facet normal 0.9510565162951531 0 -0.309016994374949
    outer loop
      vertex -3.197409101749103 8.918499340402413 83.60357825076531
      vertex -3.42351660256832 12.990381056766578 82.90769091786217
      vertex -3.197409101749103 12.990381056766578 83.60357825076531
    endloop
  endfacet
  facet normal 0.8660254037844403 0 -0.4999999999999972
    outer loop
      vertex -2.831559480312316 9.05716446081308 84.23724838302367
      vertex -3.197409101749103 12.990381056766578 83.60357825076531
      vertex -2.831559480312316 12.990381056766578 84.23724838302367
    endloop
  endfacet
  facet normal 0.7431448254773878 0 -0.6691306063588653
    outer loop
      vertex -2.341957122256004 9.161232654627065 84.78100688917088
      vertex -2.831559480312316 12.990381056766578 84.23724838302367
      vertex -2.341957122256004 12.990381056766578 84.78100688917088
    endloop
  endfacet
  facet normal 0.5877852522924812 6.462286757001391e-18 0.8090169943749416
    outer loop
      vertex -2.341957122256004 9.161232654627065 79.57899311082913
      vertex -1.75 9.287057025189883 79.14891108675447
      vertex -1.75 12.990381056766578 79.14891108675447
    endloop
  endfacet
  facet normal 0.4067366430757949 1.7014577557514571e-18 0.9135454576426033
    outer loop
      vertex -1.75 9.287057025189883 79.14891108675447
      vertex -1.0815594803123159 9.429138443735619 78.85130219296697
      vertex -1.0815594803123159 12.990381056766578 78.85130219296697
    endloop
  endfacet
  facet normal 0.20791169081774802 -3.2928206728712844e-19 0.978147600733808
    outer loop
      vertex -0.993020401042708 9.447958005998597 78.83248263070399
      vertex -1.0815594803123159 12.990381056766578 78.85130219296697
      vertex -1.0815594803123159 9.429138443735619 78.85130219296697
    endloop
  endfacet
  facet normal 0.20791169081775154 5.466234672231661e-19 0.9781476007338072
    outer loop
      vertex -0.993020401042708 9.447958005998597 78.83248263070399
      vertex -0.3658496214367871 9.447958005998597 78.69917336621106
      vertex -0.3658496214367871 12.990381056766578 78.69917336621106
    endloop
  endfacet
  facet normal 0.5877852522924812 0 -0.8090169943749416
    outer loop
      vertex -2.341957122256004 9.161232654627065 84.78100688917088
      vertex -2.341957122256004 12.990381056766578 84.78100688917088
      vertex -1.75 9.287057025189883 85.21108891324555
    endloop
  endfacet
  facet normal 0.40673664307579493 0 -0.9135454576426033
    outer loop
      vertex -1.75 9.287057025189883 85.21108891324555
      vertex -1.75 12.990381056766578 85.21108891324555
      vertex -1.0815594803123159 9.429138443735619 85.50869780703304
    endloop
  endfacet
  facet normal 0.20791169081774802 0 -0.978147600733808
    outer loop
      vertex -1.0815594803123159 9.429138443735619 85.50869780703304
      vertex -1.0815594803123159 12.990381056766578 85.50869780703304
      vertex -0.993020401042708 9.447958005998597 85.52751736929602
    endloop
  endfacet
  facet normal 0.20791169081775154 9.342385053270483e-17 -0.9781476007338072
    outer loop
      vertex -0.993020401042708 9.447958005998597 85.52751736929602
      vertex -1.0815594803123159 12.990381056766578 85.50869780703304
      vertex -0.3658496214367871 9.447958005998597 85.66082663378896
    endloop
  endfacet
  facet normal 0 0 -1
    outer loop
      vertex -0.3658496214367871 9.447958005998597 85.66082663378896
      vertex -0.3658496214367871 12.990381056766578 85.66082663378896
      vertex 0.3658496214367871 9.447958005998597 85.66082663378896
    endloop
  endfacet
  facet normal 0.5877852522924812 0 0.8090169943749416
    outer loop
      vertex -2.341957122256004 9.161232654627065 79.57899311082913
      vertex -1.75 12.990381056766578 79.14891108675447
      vertex -2.341957122256004 12.990381056766578 79.57899311082913
    endloop
  endfacet
  facet normal 0.40673664307579493 0 0.9135454576426033
    outer loop
      vertex -1.75 9.287057025189883 79.14891108675447
      vertex -1.0815594803123159 12.990381056766578 78.85130219296697
      vertex -1.75 12.990381056766578 79.14891108675447
    endloop
  endfacet
  facet normal 0.5877852522924812 0 -0.8090169943749416
    outer loop
      vertex -1.75 9.287057025189883 85.21108891324555
      vertex -2.341957122256004 12.990381056766578 84.78100688917088
      vertex -1.75 12.990381056766578 85.21108891324555
    endloop
  endfacet
  facet normal 0.2079116908177511 8.159820022737527e-17 0.9781476007338074
    outer loop
      vertex -0.993020401042708 9.447958005998597 78.83248263070399
      vertex -0.3658496214367871 12.990381056766578 78.69917336621106
      vertex -1.0815594803123159 12.990381056766578 78.85130219296697
    endloop
  endfacet
  facet normal 0 0 1
    outer loop
      vertex -0.3658496214367871 9.447958005998597 78.69917336621106
      vertex 0.3658496214367871 12.990381056766578 78.69917336621106
      vertex -0.3658496214367871 12.990381056766578 78.69917336621106
    endloop
  endfacet
  facet normal 0.4067366430757949 0 -0.9135454576426033
    outer loop
      vertex -1.0815594803123159 9.429138443735619 85.50869780703304
      vertex -1.75 12.990381056766578 85.21108891324555
      vertex -1.0815594803123159 12.990381056766578 85.50869780703304
    endloop
  endfacet
  facet normal 0.20791169081775113 0 -0.9781476007338074
    outer loop
      vertex -0.3658496214367871 9.447958005998597 85.66082663378896
      vertex -1.0815594803123159 12.990381056766578 85.50869780703304
      vertex -0.3658496214367871 12.990381056766578 85.66082663378896
    endloop
  endfacet
  facet normal 0.8660254037844404 0 0.4999999999999973
    outer loop
      vertex -2.831559480312316 14.5 80.12275161697634
      vertex -2.831559480312316 17.5 80.12275161697634
      vertex -3.197409101749103 14.5 80.7564217492347
    endloop
  endfacet
  facet normal 0.7431448254773878 1.1784966901148965e-17 0.6691306063588652
    outer loop
      vertex -2.831559480312316 14.5 80.12275161697634
      vertex -2.341957122256004 14.5 79.57899311082913
      vertex -2.341957122256004 17.5 79.57899311082913
    endloop
  endfacet
  facet normal 0.9945218953682733 -5.85200309527553e-19 0.10452846326765257
    outer loop
      vertex -3.5 14.5 82.18
      vertex -3.42351660256832 14.5 81.45230908213784
      vertex -3.42351660256832 17.5 81.45230908213784
    endloop
  endfacet
  facet normal 0.9945218953682733 0 -0.10452846326765257
    outer loop
      vertex -3.5 17.5 82.18
      vertex -3.42351660256832 14.5 82.90769091786217
      vertex -3.5 14.5 82.18
    endloop
  endfacet
  facet normal 0.951056516295153 0 0.30901699437494895
    outer loop
      vertex -3.197409101749103 14.5 80.7564217492347
      vertex -3.197409101749103 17.5 80.7564217492347
      vertex -3.42351660256832 14.5 81.45230908213784
    endloop
  endfacet
  facet normal 0.951056516295153 0 -0.30901699437494895
    outer loop
      vertex -3.42351660256832 17.5 82.90769091786217
      vertex -3.197409101749103 14.5 83.60357825076531
      vertex -3.42351660256832 14.5 82.90769091786217
    endloop
  endfacet
  facet normal 0.8660254037844404 0 -0.4999999999999973
    outer loop
      vertex -3.197409101749103 17.5 83.60357825076531
      vertex -2.831559480312316 14.5 84.23724838302367
      vertex -3.197409101749103 14.5 83.60357825076531
    endloop
  endfacet
  facet normal 0.7431448254773878 -1.1784966901148965e-17 -0.6691306063588652
    outer loop
      vertex -2.341957122256004 14.5 84.78100688917088
      vertex -2.831559480312316 14.5 84.23724838302367
      vertex -2.831559480312316 17.5 84.23724838302367
    endloop
  endfacet
  facet normal 0.5877852522924811 7.977313948714358e-18 0.8090169943749415
    outer loop
      vertex -2.341957122256004 14.5 79.57899311082913
      vertex -1.75 14.5 79.14891108675447
      vertex -1.75 17.5 79.14891108675447
    endloop
  endfacet
  facet normal 0.40673664307579493 2.0197679546847035e-18 0.9135454576426032
    outer loop
      vertex -1.75 14.5 79.14891108675447
      vertex -1.0815594803123159 14.5 78.85130219296697
      vertex -1.0815594803123159 17.5 78.85130219296697
    endloop
  endfacet
  facet normal 0.20791169081775115 -1.8330237571005225e-18 0.9781476007338075
    outer loop
      vertex -1.0815594803123159 14.5 78.85130219296697
      vertex -0.3658496214367871 14.5 78.69917336621106
      vertex -0.3658496214367871 17.5 78.69917336621106
    endloop
  endfacet
  facet normal 0.5877852522924811 -7.977313948714358e-18 -0.8090169943749415
    outer loop
      vertex -1.75 14.5 85.21108891324555
      vertex -2.341957122256004 14.5 84.78100688917088
      vertex -2.341957122256004 17.5 84.78100688917088
    endloop
  endfacet
  facet normal 0.40673664307579493 0 -0.9135454576426032
    outer loop
      vertex -1.75 14.5 85.21108891324555
      vertex -1.75 17.5 85.21108891324555
      vertex -1.0815594803123159 14.5 85.50869780703304
    endloop
  endfacet
  facet normal 0.20791169081775115 0 -0.9781476007338075
    outer loop
      vertex -1.0815594803123159 17.5 85.50869780703304
      vertex -0.3658496214367871 14.5 85.66082663378896
      vertex -1.0815594803123159 14.5 85.50869780703304
    endloop
  endfacet
  facet normal 0 0 -1
    outer loop
      vertex 0.3658496214367871 14.5 85.66082663378896
      vertex -0.3658496214367871 14.5 85.66082663378896
      vertex -0.3658496214367871 17.5 85.66082663378896
    endloop
  endfacet
  facet normal 0.8660254037844404 0 0.4999999999999973
    outer loop
      vertex -3.197409101749103 14.5 80.7564217492347
      vertex -2.831559480312316 17.5 80.12275161697634
      vertex -3.197409101749103 17.5 80.7564217492347
    endloop
  endfacet
  facet normal 0.7431448254773878 0 0.6691306063588652
    outer loop
      vertex -2.831559480312316 14.5 80.12275161697634
      vertex -2.341957122256004 17.5 79.57899311082913
      vertex -2.831559480312316 17.5 80.12275161697634
    endloop
  endfacet
  facet normal 0.9945218953682733 0 0.10452846326765257
    outer loop
      vertex -3.5 14.5 82.18
      vertex -3.42351660256832 17.5 81.45230908213784
      vertex -3.5 17.5 82.18
    endloop
  endfacet
  facet normal 0.9945218953682733 5.85200309527553e-19 -0.10452846326765257
    outer loop
      vertex -3.5 17.5 82.18
      vertex -3.42351660256832 17.5 82.90769091786217
      vertex -3.42351660256832 14.5 82.90769091786217
    endloop
  endfacet
  facet normal 0.951056516295153 -7.328247372738421e-19 0.30901699437494895
    outer loop
      vertex -3.197409101749103 17.5 80.7564217492347
      vertex -3.42351660256832 17.5 81.45230908213784
      vertex -3.42351660256832 14.5 81.45230908213784
    endloop
  endfacet
  facet normal 0.951056516295153 7.328247372738421e-19 -0.30901699437494895
    outer loop
      vertex -3.42351660256832 17.5 82.90769091786217
      vertex -3.197409101749103 17.5 83.60357825076531
      vertex -3.197409101749103 14.5 83.60357825076531
    endloop
  endfacet
  facet normal 0.8660254037844404 0 -0.4999999999999973
    outer loop
      vertex -2.831559480312316 17.5 84.23724838302367
      vertex -2.831559480312316 14.5 84.23724838302367
      vertex -3.197409101749103 17.5 83.60357825076531
    endloop
  endfacet
  facet normal 0.7431448254773878 0 -0.6691306063588652
    outer loop
      vertex -2.341957122256004 14.5 84.78100688917088
      vertex -2.831559480312316 17.5 84.23724838302367
      vertex -2.341957122256004 17.5 84.78100688917088
    endloop
  endfacet
  facet normal 0.5877852522924811 0 0.8090169943749415
    outer loop
      vertex -2.341957122256004 14.5 79.57899311082913
      vertex -1.75 17.5 79.14891108675447
      vertex -2.341957122256004 17.5 79.57899311082913
    endloop
  endfacet
  facet normal 0.40673664307579493 0 0.9135454576426032
    outer loop
      vertex -1.75 17.5 79.14891108675447
      vertex -1.75 14.5 79.14891108675447
      vertex -1.0815594803123159 17.5 78.85130219296697
    endloop
  endfacet
  facet normal 0.20791169081775115 0 0.9781476007338075
    outer loop
      vertex -1.0815594803123159 14.5 78.85130219296697
      vertex -0.3658496214367871 17.5 78.69917336621106
      vertex -1.0815594803123159 17.5 78.85130219296697
    endloop
  endfacet
  facet normal 0 0 1
    outer loop
      vertex -0.3658496214367871 14.5 78.69917336621106
      vertex 0.3658496214367871 17.5 78.69917336621106
      vertex -0.3658496214367871 17.5 78.69917336621106
    endloop
  endfacet
  facet normal 0.5877852522924811 0 -0.8090169943749415
    outer loop
      vertex -1.75 14.5 85.21108891324555
      vertex -2.341957122256004 17.5 84.78100688917088
      vertex -1.75 17.5 85.21108891324555
    endloop
  endfacet
  facet normal 0.40673664307579493 0 -0.9135454576426032
    outer loop
      vertex -1.0815594803123159 14.5 85.50869780703304
      vertex -1.75 17.5 85.21108891324555
      vertex -1.0815594803123159 17.5 85.50869780703304
    endloop
  endfacet
  facet normal 0.20791169081775115 0 -0.9781476007338075
    outer loop
      vertex -0.3658496214367871 14.5 85.66082663378896
      vertex -1.0815594803123159 17.5 85.50869780703304
      vertex -0.3658496214367871 17.5 85.66082663378896
    endloop
  endfacet
  facet normal 0 0 1
    outer loop
      vertex -0.3658496214367871 9.447958005998597 78.69917336621106
      vertex 0.3658496214367871 9.447958005998597 78.69917336621106
      vertex 0.3658496214367871 12.990381056766578 78.69917336621106
    endloop
  endfacet
  facet normal -0.20791169081775154 9.104348417174052e-17 0.9781476007338072
    outer loop
      vertex 0.3658496214367871 9.447958005998597 78.69917336621106
      vertex 0.993020401042708 9.447958005998597 78.83248263070399
      vertex 1.0815594803123159 12.990381056766578 78.85130219296697
    endloop
  endfacet
  facet normal -0.20791169081774796 3.2928206728712844e-19 0.978147600733808
    outer loop
      vertex 0.993020401042708 9.447958005998597 78.83248263070399
      vertex 1.0815594803123159 9.429138443735619 78.85130219296697
      vertex 1.0815594803123159 12.990381056766578 78.85130219296697
    endloop
  endfacet
  facet normal -0.40673664307579493 -1.6361797704950906e-18 0.9135454576426033
    outer loop
      vertex 1.0815594803123159 9.429138443735619 78.85130219296697
      vertex 1.75 9.287057025189883 79.14891108675447
      vertex 1.75 12.990381056766578 79.14891108675447
    endloop
  endfacet
  facet normal -0.5877852522924812 -6.249938454401834e-18 0.8090169943749416
    outer loop
      vertex 1.75 9.287057025189883 79.14891108675447
      vertex 2.341957122256004 9.161232654627065 79.57899311082913
      vertex 2.341957122256004 12.990381056766578 79.57899311082913
    endloop
  endfacet
  facet normal -0.20791169081775154 0 -0.9781476007338072
    outer loop
      vertex 0.3658496214367871 9.447958005998597 85.66082663378896
      vertex 0.3658496214367871 12.990381056766578 85.66082663378896
      vertex 0.993020401042708 9.447958005998597 85.52751736929602
    endloop
  endfacet
  facet normal -0.20791169081774802 -3.2928206728712844e-19 -0.978147600733808
    outer loop
      vertex 0.993020401042708 9.447958005998597 85.52751736929602
      vertex 1.0815594803123159 12.990381056766578 85.50869780703304
      vertex 1.0815594803123159 9.429138443735619 85.50869780703304
    endloop
  endfacet
  facet normal -0.4067366430757949 0 -0.9135454576426033
    outer loop
      vertex 1.0815594803123159 9.429138443735619 85.50869780703304
      vertex 1.0815594803123159 12.990381056766578 85.50869780703304
      vertex 1.75 9.287057025189883 85.21108891324555
    endloop
  endfacet
  facet normal -0.5877852522924812 0 -0.8090169943749416
    outer loop
      vertex 1.75 9.287057025189883 85.21108891324555
      vertex 1.75 12.990381056766578 85.21108891324555
      vertex 2.341957122256004 9.161232654627065 84.78100688917088
    endloop
  endfacet
  facet normal -0.5877852522924812 0 0.8090169943749416
    outer loop
      vertex 1.75 9.287057025189883 79.14891108675447
      vertex 2.341957122256004 12.990381056766578 79.57899311082913
      vertex 1.75 12.990381056766578 79.14891108675447
    endloop
  endfacet
  facet normal -0.40673664307579493 0 -0.9135454576426033
    outer loop
      vertex 1.75 9.287057025189883 85.21108891324555
      vertex 1.0815594803123159 12.990381056766578 85.50869780703304
      vertex 1.75 12.990381056766578 85.21108891324555
    endloop
  endfacet
  facet normal -0.5877852522924812 0 -0.8090169943749416
    outer loop
      vertex 2.341957122256004 9.161232654627065 84.78100688917088
      vertex 1.75 12.990381056766578 85.21108891324555
      vertex 2.341957122256004 12.990381056766578 84.78100688917088
    endloop
  endfacet
  facet normal -0.8660254037844376 -3.5941520259353906e-19 0.5000000000000018
    outer loop
      vertex 2.9356614465620003 9.035036904803958 80.30306151168863
      vertex 3.197409101749103 8.918499340402413 80.7564217492347
      vertex 3.197409101749103 12.990381056766578 80.7564217492347
    endloop
  endfacet
  facet normal -0.7431448254773878 -8.988800855722031e-18 0.6691306063588653
    outer loop
      vertex 2.341957122256004 9.161232654627065 79.57899311082913
      vertex 2.831559480312316 9.05716446081308 80.12275161697634
      vertex 2.831559480312316 12.990381056766578 80.12275161697634
    endloop
  endfacet
  facet normal -0.8660254037844468 2.4369802735165277e-15 0.49999999999998584
    outer loop
      vertex 2.831559480312316 9.05716446081308 80.12275161697634
      vertex 2.9356614465620003 9.035036904803958 80.30306151168863
      vertex 3.197409101749103 12.990381056766578 80.7564217492347
    endloop
  endfacet
  facet normal -0.8660254037844376 3.5941520259353906e-19 -0.5000000000000018
    outer loop
      vertex 2.9356614465620003 9.035036904803958 84.05693848831139
      vertex 3.197409101749103 12.990381056766578 83.60357825076531
      vertex 3.197409101749103 8.918499340402413 83.60357825076531
    endloop
  endfacet
  facet normal -0.9510565162951532 5.268896830592486e-19 0.30901699437494906
    outer loop
      vertex 3.197409101749103 8.918499340402413 80.7564217492347
      vertex 3.42351660256832 8.817829795074273 81.45230908213784
      vertex 3.42351660256832 12.990381056766578 81.45230908213784
    endloop
  endfacet
  facet normal -0.9510565162951532 -5.268896830592486e-19 -0.30901699437494906
    outer loop
      vertex 3.197409101749103 8.918499340402413 83.60357825076531
      vertex 3.42351660256832 12.990381056766578 82.90769091786217
      vertex 3.42351660256832 8.817829795074273 82.90769091786217
    endloop
  endfacet
  facet normal -0.9945218953682734 4.1734401081415026e-19 0.1045284632676526
    outer loop
      vertex 3.42351660256832 8.817829795074273 81.45230908213784
      vertex 3.5 8.783777192587836 82.18
      vertex 3.5 12.990381056766578 82.18
    endloop
  endfacet
  facet normal -0.9945218953682734 0 -0.10452846326765258
    outer loop
      vertex 3.42351660256832 8.817829795074273 82.90769091786217
      vertex 3.42351660256832 12.990381056766578 82.90769091786217
      vertex 3.5 8.783777192587836 82.18
    endloop
  endfacet
  facet normal -0.7431448254773879 8.988800855722033e-18 -0.6691306063588653
    outer loop
      vertex 2.341957122256004 9.161232654627065 84.78100688917088
      vertex 2.831559480312316 12.990381056766578 84.23724838302367
      vertex 2.831559480312316 9.05716446081308 84.23724838302367
    endloop
  endfacet
  facet normal -0.8660254037844469 0 -0.4999999999999856
    outer loop
      vertex 2.831559480312316 9.05716446081308 84.23724838302367
      vertex 2.831559480312316 12.990381056766578 84.23724838302367
      vertex 2.9356614465620003 9.035036904803958 84.05693848831139
    endloop
  endfacet
  facet normal -0.7431448254773878 0 0.6691306063588653
    outer loop
      vertex 2.341957122256004 9.161232654627065 79.57899311082913
      vertex 2.831559480312316 12.990381056766578 80.12275161697634
      vertex 2.341957122256004 12.990381056766578 79.57899311082913
    endloop
  endfacet
  facet normal -0.8660254037844403 0 0.4999999999999972
    outer loop
      vertex 2.831559480312316 9.05716446081308 80.12275161697634
      vertex 3.197409101749103 12.990381056766578 80.7564217492347
      vertex 2.831559480312316 12.990381056766578 80.12275161697634
    endloop
  endfacet
  facet normal -0.7431448254773878 0 -0.6691306063588653
    outer loop
      vertex 2.341957122256004 9.161232654627065 84.78100688917088
      vertex 2.341957122256004 12.990381056766578 84.78100688917088
      vertex 2.831559480312316 12.990381056766578 84.23724838302367
    endloop
  endfacet
  facet normal -0.8660254037844404 7.013279160773038e-16 -0.49999999999999717
    outer loop
      vertex 2.9356614465620003 9.035036904803958 84.05693848831139
      vertex 2.831559480312316 12.990381056766578 84.23724838302367
      vertex 3.197409101749103 12.990381056766578 83.60357825076531
    endloop
  endfacet
  facet normal -0.9510565162951531 0 0.309016994374949
    outer loop
      vertex 3.197409101749103 8.918499340402413 80.7564217492347
      vertex 3.42351660256832 12.990381056766578 81.45230908213784
      vertex 3.197409101749103 12.990381056766578 80.7564217492347
    endloop
  endfacet
  facet normal -0.9510565162951531 0 -0.309016994374949
    outer loop
      vertex 3.197409101749103 8.918499340402413 83.60357825076531
      vertex 3.197409101749103 12.990381056766578 83.60357825076531
      vertex 3.42351660256832 12.990381056766578 82.90769091786217
    endloop
  endfacet
  facet normal -0.9945218953682734 0 0.10452846326765258
    outer loop
      vertex 3.42351660256832 8.817829795074273 81.45230908213784
      vertex 3.5 12.990381056766578 82.18
      vertex 3.42351660256832 12.990381056766578 81.45230908213784
    endloop
  endfacet
  facet normal -0.9945218953682734 0 -0.1045284632676526
    outer loop
      vertex 3.5 8.783777192587836 82.18
      vertex 3.42351660256832 12.990381056766578 82.90769091786217
      vertex 3.5 12.990381056766578 82.18
    endloop
  endfacet
  facet normal -0.20791169081775113 0 0.9781476007338074
    outer loop
      vertex 0.3658496214367871 9.447958005998597 78.69917336621106
      vertex 1.0815594803123159 12.990381056766578 78.85130219296697
      vertex 0.3658496214367871 12.990381056766578 78.69917336621106
    endloop
  endfacet
  facet normal -0.4067366430757949 0 0.9135454576426033
    outer loop
      vertex 1.0815594803123159 9.429138443735619 78.85130219296697
      vertex 1.75 12.990381056766578 79.14891108675447
      vertex 1.0815594803123159 12.990381056766578 78.85130219296697
    endloop
  endfacet
  facet normal 0 0 -1
    outer loop
      vertex 0.3658496214367871 9.447958005998597 85.66082663378896
      vertex -0.3658496214367871 12.990381056766578 85.66082663378896
      vertex 0.3658496214367871 12.990381056766578 85.66082663378896
    endloop
  endfacet
  facet normal -0.2079116908177511 8.159820022737527e-17 -0.9781476007338074
    outer loop
      vertex 0.993020401042708 9.447958005998597 85.52751736929602
      vertex 0.3658496214367871 12.990381056766578 85.66082663378896
      vertex 1.0815594803123159 12.990381056766578 85.50869780703304
    endloop
  endfacet
  facet normal 0 0 1
    outer loop
      vertex -0.3658496214367871 14.5 78.69917336621106
      vertex 0.3658496214367871 14.5 78.69917336621106
      vertex 0.3658496214367871 17.5 78.69917336621106
    endloop
  endfacet
  facet normal -0.20791169081775115 0 0.9781476007338075
    outer loop
      vertex 1.0815594803123159 17.5 78.85130219296697
      vertex 0.3658496214367871 14.5 78.69917336621106
      vertex 1.0815594803123159 14.5 78.85130219296697
    endloop
  endfacet
  facet normal -0.40673664307579493 -2.0197679546847035e-18 0.9135454576426032
    outer loop
      vertex 1.0815594803123159 14.5 78.85130219296697
      vertex 1.75 14.5 79.14891108675447
      vertex 1.75 17.5 79.14891108675447
    endloop
  endfacet
  facet normal -0.5877852522924811 -7.977313948714358e-18 0.8090169943749415
    outer loop
      vertex 1.75 14.5 79.14891108675447
      vertex 2.341957122256004 14.5 79.57899311082913
      vertex 2.341957122256004 17.5 79.57899311082913
    endloop
  endfacet
  facet normal -0.20791169081775115 -1.8330237571005225e-18 -0.9781476007338075
    outer loop
      vertex 1.0815594803123159 14.5 85.50869780703304
      vertex 0.3658496214367871 14.5 85.66082663378896
      vertex 0.3658496214367871 17.5 85.66082663378896
    endloop
  endfacet
  facet normal -0.40673664307579493 0 -0.9135454576426032
    outer loop
      vertex 1.0815594803123159 14.5 85.50869780703304
      vertex 1.0815594803123159 17.5 85.50869780703304
      vertex 1.75 14.5 85.21108891324555
    endloop
  endfacet
  facet normal -0.5877852522924811 7.977313948714358e-18 -0.8090169943749415
    outer loop
      vertex 2.341957122256004 14.5 84.78100688917088
      vertex 1.75 14.5 85.21108891324555
      vertex 1.75 17.5 85.21108891324555
    endloop
  endfacet
  facet normal -0.7431448254773878 -1.1784966901148965e-17 0.6691306063588652
    outer loop
      vertex 2.341957122256004 14.5 79.57899311082913
      vertex 2.831559480312316 14.5 80.12275161697634
      vertex 2.831559480312316 17.5 80.12275161697634
    endloop
  endfacet
  facet normal -0.8660254037844404 5.8278879064674904e-18 0.4999999999999973
    outer loop
      vertex 2.831559480312316 14.5 80.12275161697634
      vertex 3.197409101749103 14.5 80.7564217492347
      vertex 3.197409101749103 17.5 80.7564217492347
    endloop
  endfacet
  facet normal -0.7431448254773878 0 -0.6691306063588652
    outer loop
      vertex 2.341957122256004 14.5 84.78100688917088
      vertex 2.341957122256004 17.5 84.78100688917088
      vertex 2.831559480312316 14.5 84.23724838302367
    endloop
  endfacet
  facet normal -0.8660254037844404 0 -0.4999999999999973
    outer loop
      vertex 2.831559480312316 14.5 84.23724838302367
      vertex 2.831559480312316 17.5 84.23724838302367
      vertex 3.197409101749103 14.5 83.60357825076531
    endloop
  endfacet
  facet normal -0.951056516295153 7.328247372738421e-19 0.30901699437494895
    outer loop
      vertex 3.197409101749103 14.5 80.7564217492347
      vertex 3.42351660256832 14.5 81.45230908213784
      vertex 3.42351660256832 17.5 81.45230908213784
    endloop
  endfacet
  facet normal -0.951056516295153 0 -0.30901699437494895
    outer loop
      vertex 3.197409101749103 14.5 83.60357825076531
      vertex 3.197409101749103 17.5 83.60357825076531
      vertex 3.42351660256832 14.5 82.90769091786217
    endloop
  endfacet
  facet normal -0.9945218953682733 5.85200309527553e-19 0.10452846326765257
    outer loop
      vertex 3.42351660256832 14.5 81.45230908213784
      vertex 3.5 14.5 82.18
      vertex 3.5 17.5 82.18
    endloop
  endfacet
  facet normal -0.9945218953682733 0 -0.10452846326765257
    outer loop
      vertex 3.42351660256832 14.5 82.90769091786217
      vertex 3.42351660256832 17.5 82.90769091786217
      vertex 3.5 14.5 82.18
    endloop
  endfacet
  facet normal -0.20791169081775115 0 0.9781476007338075
    outer loop
      vertex 0.3658496214367871 14.5 78.69917336621106
      vertex 1.0815594803123159 17.5 78.85130219296697
      vertex 0.3658496214367871 17.5 78.69917336621106
    endloop
  endfacet
  facet normal -0.40673664307579493 0 0.9135454576426032
    outer loop
      vertex 1.0815594803123159 14.5 78.85130219296697
      vertex 1.75 17.5 79.14891108675447
      vertex 1.0815594803123159 17.5 78.85130219296697
    endloop
  endfacet
  facet normal -0.5877852522924811 0 0.8090169943749415
    outer loop
      vertex 1.75 14.5 79.14891108675447
      vertex 2.341957122256004 17.5 79.57899311082913
      vertex 1.75 17.5 79.14891108675447
    endloop
  endfacet
  facet normal 0 0 -1
    outer loop
      vertex 0.3658496214367871 14.5 85.66082663378896
      vertex -0.3658496214367871 17.5 85.66082663378896
      vertex 0.3658496214367871 17.5 85.66082663378896
    endloop
  endfacet
  facet normal -0.20791169081775115 0 -0.9781476007338075
    outer loop
      vertex 1.0815594803123159 14.5 85.50869780703304
      vertex 0.3658496214367871 17.5 85.66082663378896
      vertex 1.0815594803123159 17.5 85.50869780703304
    endloop
  endfacet
  facet normal -0.40673664307579493 0 -0.9135454576426032
    outer loop
      vertex 1.75 14.5 85.21108891324555
      vertex 1.0815594803123159 17.5 85.50869780703304
      vertex 1.75 17.5 85.21108891324555
    endloop
  endfacet
  facet normal -0.5877852522924811 0 -0.8090169943749415
    outer loop
      vertex 2.341957122256004 14.5 84.78100688917088
      vertex 1.75 17.5 85.21108891324555
      vertex 2.341957122256004 17.5 84.78100688917088
    endloop
  endfacet
  facet normal -0.7431448254773878 0 0.6691306063588652
    outer loop
      vertex 2.341957122256004 14.5 79.57899311082913
      vertex 2.831559480312316 17.5 80.12275161697634
      vertex 2.341957122256004 17.5 79.57899311082913
    endloop
  endfacet
  facet normal -0.8660254037844404 0 0.4999999999999973
    outer loop
      vertex 2.831559480312316 14.5 80.12275161697634
      vertex 3.197409101749103 17.5 80.7564217492347
      vertex 2.831559480312316 17.5 80.12275161697634
    endloop
  endfacet
  facet normal -0.7431448254773878 0 -0.6691306063588652
    outer loop
      vertex 2.831559480312316 14.5 84.23724838302367
      vertex 2.341957122256004 17.5 84.78100688917088
      vertex 2.831559480312316 17.5 84.23724838302367
    endloop
  endfacet
  facet normal -0.8660254037844404 -5.8278879064674904e-18 -0.4999999999999973
    outer loop
      vertex 2.831559480312316 17.5 84.23724838302367
      vertex 3.197409101749103 17.5 83.60357825076531
      vertex 3.197409101749103 14.5 83.60357825076531
    endloop
  endfacet
  facet normal -0.951056516295153 0 0.30901699437494895
    outer loop
      vertex 3.197409101749103 14.5 80.7564217492347
      vertex 3.42351660256832 17.5 81.45230908213784
      vertex 3.197409101749103 17.5 80.7564217492347
    endloop
  endfacet
  facet normal -0.951056516295153 -7.328247372738421e-19 -0.30901699437494895
    outer loop
      vertex 3.197409101749103 17.5 83.60357825076531
      vertex 3.42351660256832 17.5 82.90769091786217
      vertex 3.42351660256832 14.5 82.90769091786217
    endloop
  endfacet
  facet normal -0.9945218953682733 0 0.10452846326765257
    outer loop
      vertex 3.42351660256832 14.5 81.45230908213784
      vertex 3.5 17.5 82.18
      vertex 3.42351660256832 17.5 81.45230908213784
    endloop
  endfacet
  facet normal -0.9945218953682733 -5.85200309527553e-19 -0.10452846326765257
    outer loop
      vertex 3.42351660256832 17.5 82.90769091786217
      vertex 3.5 17.5 82.18
      vertex 3.5 14.5 82.18
    endloop
  endfacet
  facet normal 0.9945218953682734 0 0.10452846326765258
    outer loop
      vertex -3.42351660256832 8.817829795074273 111.53230908213784
      vertex -3.42351660256832 12.990381056766578 111.53230908213784
      vertex -3.5 8.783777192587836 112.26
    endloop
  endfacet
  facet normal 0.9945218953682734 0 -0.1045284632676526
    outer loop
      vertex -3.5 8.783777192587836 112.26
      vertex -3.5 12.990381056766578 112.26
      vertex -3.42351660256832 8.817829795074273 112.98769091786217
    endloop
  endfacet
  facet normal 0.9510565162951532 0 0.30901699437494906
    outer loop
      vertex -3.42351660256832 8.817829795074273 111.53230908213784
      vertex -3.197409101749103 8.918499340402413 110.8364217492347
      vertex -3.42351660256832 12.990381056766578 111.53230908213784
    endloop
  endfacet
  facet normal 0.9510565162951532 0 -0.30901699437494906
    outer loop
      vertex -3.42351660256832 8.817829795074273 112.98769091786217
      vertex -3.42351660256832 12.990381056766578 112.98769091786217
      vertex -3.197409101749103 8.918499340402413 113.68357825076531
    endloop
  endfacet
  facet normal 0.8660254037844376 0 0.5000000000000018
    outer loop
      vertex -3.197409101749103 8.918499340402413 110.8364217492347
      vertex -2.9356614465620003 9.035036904803958 110.38306151168862
      vertex -3.197409101749103 12.990381056766578 110.8364217492347
    endloop
  endfacet
  facet normal 0.8660254037844376 0 -0.5000000000000018
    outer loop
      vertex -3.197409101749103 8.918499340402413 113.68357825076531
      vertex -3.197409101749103 12.990381056766578 113.68357825076531
      vertex -2.9356614465620003 9.035036904803958 114.13693848831139
    endloop
  endfacet
  facet normal 0.8660254037844469 1.8816030950832093e-18 0.4999999999999856
    outer loop
      vertex -2.9356614465620003 9.035036904803958 110.38306151168862
      vertex -2.831559480312316 9.05716446081308 110.20275161697634
      vertex -2.831559480312316 12.990381056766578 110.20275161697634
    endloop
  endfacet
  facet normal 0.7431448254773878 0 0.6691306063588653
    outer loop
      vertex -2.831559480312316 9.05716446081308 110.20275161697634
      vertex -2.341957122256004 9.161232654627065 109.65899311082913
      vertex -2.831559480312316 12.990381056766578 110.20275161697634
    endloop
  endfacet
  facet normal 0.8660254037844468 2.437362108256165e-15 -0.49999999999998584
    outer loop
      vertex -2.9356614465620003 9.035036904803958 114.13693848831139
      vertex -3.197409101749103 12.990381056766578 113.68357825076531
      vertex -2.831559480312316 9.05716446081308 114.31724838302367
    endloop
  endfacet
  facet normal 0.7431448254773878 0 -0.6691306063588653
    outer loop
      vertex -2.831559480312316 9.05716446081308 114.31724838302367
      vertex -2.831559480312316 12.990381056766578 114.31724838302367
      vertex -2.341957122256004 9.161232654627065 114.86100688917088
    endloop
  endfacet
  facet normal 0.9945218953682734 0 0.1045284632676526
    outer loop
      vertex -3.5 8.783777192587836 112.26
      vertex -3.42351660256832 12.990381056766578 111.53230908213784
      vertex -3.5 12.990381056766578 112.26
    endloop
  endfacet
  facet normal 0.9510565162951531 0 0.309016994374949
    outer loop
      vertex -3.197409101749103 8.918499340402413 110.8364217492347
      vertex -3.197409101749103 12.990381056766578 110.8364217492347
      vertex -3.42351660256832 12.990381056766578 111.53230908213784
    endloop
  endfacet
  facet normal 0.9945218953682734 0 -0.10452846326765258
    outer loop
      vertex -3.42351660256832 8.817829795074273 112.98769091786217
      vertex -3.5 12.990381056766578 112.26
      vertex -3.42351660256832 12.990381056766578 112.98769091786217
    endloop
  endfacet
  facet normal 0.9510565162951531 0 -0.309016994374949
    outer loop
      vertex -3.197409101749103 8.918499340402413 113.68357825076531
      vertex -3.42351660256832 12.990381056766578 112.98769091786217
      vertex -3.197409101749103 12.990381056766578 113.68357825076531
    endloop
  endfacet
  facet normal 0.8660254037844404 7.013279160773038e-16 0.49999999999999717
    outer loop
      vertex -2.9356614465620003 9.035036904803958 110.38306151168862
      vertex -2.831559480312316 12.990381056766578 110.20275161697634
      vertex -3.197409101749103 12.990381056766578 110.8364217492347
    endloop
  endfacet
  facet normal 0.7431448254773878 0 0.6691306063588653
    outer loop
      vertex -2.341957122256004 9.161232654627065 109.65899311082913
      vertex -2.341957122256004 12.990381056766578 109.65899311082913
      vertex -2.831559480312316 12.990381056766578 110.20275161697634
    endloop
  endfacet
  facet normal 0.8660254037844403 0 -0.4999999999999972
    outer loop
      vertex -2.831559480312316 9.05716446081308 114.31724838302367
      vertex -3.197409101749103 12.990381056766578 113.68357825076531
      vertex -2.831559480312316 12.990381056766578 114.31724838302367
    endloop
  endfacet
  facet normal 0.7431448254773878 0 -0.6691306063588653
    outer loop
      vertex -2.341957122256004 9.161232654627065 114.86100688917088
      vertex -2.831559480312316 12.990381056766578 114.31724838302367
      vertex -2.341957122256004 12.990381056766578 114.86100688917088
    endloop
  endfacet
  facet normal 0.5877852522924812 0 0.8090169943749416
    outer loop
      vertex -1.75 9.287057025189883 109.22891108675447
      vertex -1.75 12.990381056766578 109.22891108675447
      vertex -2.341957122256004 9.161232654627065 109.65899311082913
    endloop
  endfacet
  facet normal 0.4067366430757949 1.7014577557514571e-18 0.9135454576426033
    outer loop
      vertex -1.75 9.287057025189883 109.22891108675447
      vertex -1.0815594803123159 9.429138443735619 108.93130219296697
      vertex -1.0815594803123159 12.990381056766578 108.93130219296697
    endloop
  endfacet
  facet normal 0.5877852522924812 0 -0.8090169943749416
    outer loop
      vertex -2.341957122256004 9.161232654627065 114.86100688917088
      vertex -2.341957122256004 12.990381056766578 114.86100688917088
      vertex -1.75 9.287057025189883 115.29108891324555
    endloop
  endfacet
  facet normal 0.40673664307579493 0 -0.9135454576426033
    outer loop
      vertex -1.75 9.287057025189883 115.29108891324555
      vertex -1.75 12.990381056766578 115.29108891324555
      vertex -1.0815594803123159 9.429138443735619 115.58869780703304
    endloop
  endfacet
  facet normal 0.20791169081774802 0 0.978147600733808
    outer loop
      vertex -1.0815594803123159 9.429138443735619 108.93130219296697
      vertex -0.993020401042708 9.447958005998597 108.91248263070399
      vertex -1.0815594803123159 12.990381056766578 108.93130219296697
    endloop
  endfacet
  facet normal 0.20791169081775154 5.466234672231661e-19 0.9781476007338072
    outer loop
      vertex -0.993020401042708 9.447958005998597 108.91248263070399
      vertex -0.3658496214367871 9.447958005998597 108.77917336621105
      vertex -0.3658496214367871 12.990381056766578 108.77917336621105
    endloop
  endfacet
  facet normal 0.5877852522924812 0 0.8090169943749416
    outer loop
      vertex -2.341957122256004 9.161232654627065 109.65899311082913
      vertex -1.75 12.990381056766578 109.22891108675447
      vertex -2.341957122256004 12.990381056766578 109.65899311082913
    endloop
  endfacet
  facet normal 0.40673664307579493 0 0.9135454576426033
    outer loop
      vertex -1.75 9.287057025189883 109.22891108675447
      vertex -1.0815594803123159 12.990381056766578 108.93130219296697
      vertex -1.75 12.990381056766578 109.22891108675447
    endloop
  endfacet
  facet normal 0.5877852522924812 0 -0.8090169943749416
    outer loop
      vertex -1.75 9.287057025189883 115.29108891324555
      vertex -2.341957122256004 12.990381056766578 114.86100688917088
      vertex -1.75 12.990381056766578 115.29108891324555
    endloop
  endfacet
  facet normal 0.20791169081774802 0 -0.978147600733808
    outer loop
      vertex -1.0815594803123159 9.429138443735619 115.58869780703304
      vertex -1.0815594803123159 12.990381056766578 115.58869780703304
      vertex -0.993020401042708 9.447958005998597 115.60751736929602
    endloop
  endfacet
  facet normal 0.20791169081775154 9.342385053270483e-17 -0.9781476007338072
    outer loop
      vertex -0.993020401042708 9.447958005998597 115.60751736929602
      vertex -1.0815594803123159 12.990381056766578 115.58869780703304
      vertex -0.3658496214367871 9.447958005998597 115.74082663378896
    endloop
  endfacet
  facet normal 0 0 -1
    outer loop
      vertex -0.3658496214367871 9.447958005998597 115.74082663378896
      vertex -0.3658496214367871 12.990381056766578 115.74082663378896
      vertex 0.3658496214367871 9.447958005998597 115.74082663378896
    endloop
  endfacet
  facet normal 0.2079116908177511 8.159820022737527e-17 0.9781476007338074
    outer loop
      vertex -0.993020401042708 9.447958005998597 108.91248263070399
      vertex -0.3658496214367871 12.990381056766578 108.77917336621105
      vertex -1.0815594803123159 12.990381056766578 108.93130219296697
    endloop
  endfacet
  facet normal 0 0 1
    outer loop
      vertex -0.3658496214367871 9.447958005998597 108.77917336621105
      vertex 0.3658496214367871 12.990381056766578 108.77917336621105
      vertex -0.3658496214367871 12.990381056766578 108.77917336621105
    endloop
  endfacet
  facet normal 0.4067366430757949 0 -0.9135454576426033
    outer loop
      vertex -1.0815594803123159 9.429138443735619 115.58869780703304
      vertex -1.75 12.990381056766578 115.29108891324555
      vertex -1.0815594803123159 12.990381056766578 115.58869780703304
    endloop
  endfacet
  facet normal 0.20791169081775113 0 -0.9781476007338074
    outer loop
      vertex -0.3658496214367871 9.447958005998597 115.74082663378896
      vertex -1.0815594803123159 12.990381056766578 115.58869780703304
      vertex -0.3658496214367871 12.990381056766578 115.74082663378896
    endloop
  endfacet
  facet normal 0.9945218953682733 0 0.10452846326765257
    outer loop
      vertex -3.42351660256832 14.5 111.53230908213784
      vertex -3.42351660256832 17.5 111.53230908213784
      vertex -3.5 14.5 112.26
    endloop
  endfacet
  facet normal 0.9945218953682733 0 -0.10452846326765257
    outer loop
      vertex -3.5 14.5 112.26
      vertex -3.5 17.5 112.26
      vertex -3.42351660256832 14.5 112.98769091786217
    endloop
  endfacet
  facet normal 0.951056516295153 0 0.30901699437494895
    outer loop
      vertex -3.197409101749103 14.5 110.8364217492347
      vertex -3.197409101749103 17.5 110.8364217492347
      vertex -3.42351660256832 14.5 111.53230908213784
    endloop
  endfacet
  facet normal 0.951056516295153 0 -0.30901699437494895
    outer loop
      vertex -3.42351660256832 17.5 112.98769091786217
      vertex -3.197409101749103 14.5 113.68357825076531
      vertex -3.42351660256832 14.5 112.98769091786217
    endloop
  endfacet
  facet normal 0.8660254037844404 0 0.4999999999999973
    outer loop
      vertex -2.831559480312316 14.5 110.20275161697634
      vertex -2.831559480312316 17.5 110.20275161697634
      vertex -3.197409101749103 14.5 110.8364217492347
    endloop
  endfacet
  facet normal 0.7431448254773878 1.1784966901148965e-17 0.6691306063588652
    outer loop
      vertex -2.831559480312316 14.5 110.20275161697634
      vertex -2.341957122256004 14.5 109.65899311082913
      vertex -2.341957122256004 17.5 109.65899311082913
    endloop
  endfacet
  facet normal 0.8660254037844404 0 -0.4999999999999973
    outer loop
      vertex -3.197409101749103 14.5 113.68357825076531
      vertex -3.197409101749103 17.5 113.68357825076531
      vertex -2.831559480312316 14.5 114.31724838302367
    endloop
  endfacet
  facet normal 0.7431448254773878 -1.1784966901148965e-17 -0.6691306063588652
    outer loop
      vertex -2.341957122256004 14.5 114.86100688917088
      vertex -2.831559480312316 14.5 114.31724838302367
      vertex -2.831559480312316 17.5 114.31724838302367
    endloop
  endfacet
  facet normal 0.5877852522924811 7.977313948714358e-18 0.8090169943749415
    outer loop
      vertex -2.341957122256004 14.5 109.65899311082913
      vertex -1.75 14.5 109.22891108675447
      vertex -1.75 17.5 109.22891108675447
    endloop
  endfacet
  facet normal 0.40673664307579493 2.0197679546847035e-18 0.9135454576426032
    outer loop
      vertex -1.75 14.5 109.22891108675447
      vertex -1.0815594803123159 14.5 108.93130219296697
      vertex -1.0815594803123159 17.5 108.93130219296697
    endloop
  endfacet
  facet normal 0.5877852522924811 -7.977313948714358e-18 -0.8090169943749415
    outer loop
      vertex -1.75 14.5 115.29108891324555
      vertex -2.341957122256004 14.5 114.86100688917088
      vertex -2.341957122256004 17.5 114.86100688917088
    endloop
  endfacet
  facet normal 0.40673664307579493 0 -0.9135454576426032
    outer loop
      vertex -1.75 14.5 115.29108891324555
      vertex -1.75 17.5 115.29108891324555
      vertex -1.0815594803123159 14.5 115.58869780703304
    endloop
  endfacet
  facet normal 0.20791169081775115 -1.8330237571005225e-18 0.9781476007338075
    outer loop
      vertex -1.0815594803123159 14.5 108.93130219296697
      vertex -0.3658496214367871 14.5 108.77917336621105
      vertex -0.3658496214367871 17.5 108.77917336621105
    endloop
  endfacet
  facet normal 0.20791169081775115 0 -0.9781476007338075
    outer loop
      vertex -1.0815594803123159 17.5 115.58869780703304
      vertex -0.3658496214367871 14.5 115.74082663378896
      vertex -1.0815594803123159 14.5 115.58869780703304
    endloop
  endfacet
  facet normal 0 0 -1
    outer loop
      vertex 0.3658496214367871 14.5 115.74082663378896
      vertex -0.3658496214367871 14.5 115.74082663378896
      vertex -0.3658496214367871 17.5 115.74082663378896
    endloop
  endfacet
  facet normal 0.9945218953682733 0 0.10452846326765257
    outer loop
      vertex -3.5 14.5 112.26
      vertex -3.42351660256832 17.5 111.53230908213784
      vertex -3.5 17.5 112.26
    endloop
  endfacet
  facet normal 0.951056516295153 -7.328247372738421e-19 0.30901699437494895
    outer loop
      vertex -3.197409101749103 17.5 110.8364217492347
      vertex -3.42351660256832 17.5 111.53230908213784
      vertex -3.42351660256832 14.5 111.53230908213784
    endloop
  endfacet
  facet normal 0.9945218953682733 5.85200309527553e-19 -0.10452846326765257
    outer loop
      vertex -3.5 17.5 112.26
      vertex -3.42351660256832 17.5 112.98769091786217
      vertex -3.42351660256832 14.5 112.98769091786217
    endloop
  endfacet
  facet normal 0.951056516295153 0 -0.30901699437494895
    outer loop
      vertex -3.197409101749103 17.5 113.68357825076531
      vertex -3.197409101749103 14.5 113.68357825076531
      vertex -3.42351660256832 17.5 112.98769091786217
    endloop
  endfacet
  facet normal 0.8660254037844404 0 0.4999999999999973
    outer loop
      vertex -3.197409101749103 14.5 110.8364217492347
      vertex -2.831559480312316 17.5 110.20275161697634
      vertex -3.197409101749103 17.5 110.8364217492347
    endloop
  endfacet
  facet normal 0.7431448254773878 0 0.6691306063588652
    outer loop
      vertex -2.831559480312316 14.5 110.20275161697634
      vertex -2.341957122256004 17.5 109.65899311082913
      vertex -2.831559480312316 17.5 110.20275161697634
    endloop
  endfacet
  facet normal 0.8660254037844404 0 -0.4999999999999973
    outer loop
      vertex -2.831559480312316 17.5 114.31724838302367
      vertex -2.831559480312316 14.5 114.31724838302367
      vertex -3.197409101749103 17.5 113.68357825076531
    endloop
  endfacet
  facet normal 0.7431448254773878 0 -0.6691306063588652
    outer loop
      vertex -2.341957122256004 14.5 114.86100688917088
      vertex -2.831559480312316 17.5 114.31724838302367
      vertex -2.341957122256004 17.5 114.86100688917088
    endloop
  endfacet
  facet normal 0.5877852522924811 0 0.8090169943749415
    outer loop
      vertex -2.341957122256004 14.5 109.65899311082913
      vertex -1.75 17.5 109.22891108675447
      vertex -2.341957122256004 17.5 109.65899311082913
    endloop
  endfacet
  facet normal 0.40673664307579493 0 0.9135454576426032
    outer loop
      vertex -1.75 17.5 109.22891108675447
      vertex -1.75 14.5 109.22891108675447
      vertex -1.0815594803123159 17.5 108.93130219296697
    endloop
  endfacet
  facet normal 0.5877852522924811 0 -0.8090169943749415
    outer loop
      vertex -1.75 14.5 115.29108891324555
      vertex -2.341957122256004 17.5 114.86100688917088
      vertex -1.75 17.5 115.29108891324555
    endloop
  endfacet
  facet normal 0.20791169081775115 0 0.9781476007338075
    outer loop
      vertex -1.0815594803123159 14.5 108.93130219296697
      vertex -0.3658496214367871 17.5 108.77917336621105
      vertex -1.0815594803123159 17.5 108.93130219296697
    endloop
  endfacet
  facet normal 0 0 1
    outer loop
      vertex -0.3658496214367871 14.5 108.77917336621105
      vertex 0.3658496214367871 17.5 108.77917336621105
      vertex -0.3658496214367871 17.5 108.77917336621105
    endloop
  endfacet
  facet normal 0.40673664307579493 0 -0.9135454576426032
    outer loop
      vertex -1.0815594803123159 14.5 115.58869780703304
      vertex -1.75 17.5 115.29108891324555
      vertex -1.0815594803123159 17.5 115.58869780703304
    endloop
  endfacet
  facet normal 0.20791169081775115 0 -0.9781476007338075
    outer loop
      vertex -0.3658496214367871 14.5 115.74082663378896
      vertex -1.0815594803123159 17.5 115.58869780703304
      vertex -0.3658496214367871 17.5 115.74082663378896
    endloop
  endfacet
  facet normal 0 0 1
    outer loop
      vertex -0.3658496214367871 9.447958005998597 108.77917336621105
      vertex 0.3658496214367871 9.447958005998597 108.77917336621105
      vertex 0.3658496214367871 12.990381056766578 108.77917336621105
    endloop
  endfacet
  facet normal -0.20791169081775154 9.104348417174052e-17 0.9781476007338072
    outer loop
      vertex 0.3658496214367871 9.447958005998597 108.77917336621105
      vertex 0.993020401042708 9.447958005998597 108.91248263070399
      vertex 1.0815594803123159 12.990381056766578 108.93130219296697
    endloop
  endfacet
  facet normal -0.20791169081774796 3.2928206728712844e-19 0.978147600733808
    outer loop
      vertex 0.993020401042708 9.447958005998597 108.91248263070399
      vertex 1.0815594803123159 9.429138443735619 108.93130219296697
      vertex 1.0815594803123159 12.990381056766578 108.93130219296697
    endloop
  endfacet
  facet normal -0.40673664307579493 -1.6361797704950906e-18 0.9135454576426033
    outer loop
      vertex 1.0815594803123159 9.429138443735619 108.93130219296697
      vertex 1.75 9.287057025189883 109.22891108675447
      vertex 1.75 12.990381056766578 109.22891108675447
    endloop
  endfacet
  facet normal -0.5877852522924812 -6.249938454401834e-18 0.8090169943749416
    outer loop
      vertex 1.75 9.287057025189883 109.22891108675447
      vertex 2.341957122256004 9.161232654627065 109.65899311082913
      vertex 2.341957122256004 12.990381056766578 109.65899311082913
    endloop
  endfacet
  facet normal -0.5877852522924812 6.462286757001391e-18 -0.8090169943749416
    outer loop
      vertex 2.341957122256004 9.161232654627065 114.86100688917088
      vertex 1.75 9.287057025189883 115.29108891324555
      vertex 1.75 12.990381056766578 115.29108891324555
    endloop
  endfacet
  facet normal -0.5877852522924812 0 0.8090169943749416
    outer loop
      vertex 1.75 9.287057025189883 109.22891108675447
      vertex 2.341957122256004 12.990381056766578 109.65899311082913
      vertex 1.75 12.990381056766578 109.22891108675447
    endloop
  endfacet
  facet normal -0.40673664307579493 0 -0.9135454576426033
    outer loop
      vertex 1.75 9.287057025189883 115.29108891324555
      vertex 1.0815594803123159 12.990381056766578 115.58869780703304
      vertex 1.75 12.990381056766578 115.29108891324555
    endloop
  endfacet
  facet normal -0.5877852522924812 0 -0.8090169943749416
    outer loop
      vertex 2.341957122256004 9.161232654627065 114.86100688917088
      vertex 1.75 12.990381056766578 115.29108891324555
      vertex 2.341957122256004 12.990381056766578 114.86100688917088
    endloop
  endfacet
  facet normal -0.8660254037844376 -3.5941520259353906e-19 0.5000000000000018
    outer loop
      vertex 2.9356614465620003 9.035036904803958 110.38306151168862
      vertex 3.197409101749103 8.918499340402413 110.8364217492347
      vertex 3.197409101749103 12.990381056766578 110.8364217492347
    endloop
  endfacet
  facet normal -0.8660254037844376 3.5941520259353906e-19 -0.5000000000000018
    outer loop
      vertex 2.9356614465620003 9.035036904803958 114.13693848831139
      vertex 3.197409101749103 12.990381056766578 113.68357825076531
      vertex 3.197409101749103 8.918499340402413 113.68357825076531
    endloop
  endfacet
  facet normal -0.9510565162951532 5.268896830592486e-19 0.30901699437494906
    outer loop
      vertex 3.197409101749103 8.918499340402413 110.8364217492347
      vertex 3.42351660256832 8.817829795074273 111.53230908213784
      vertex 3.42351660256832 12.990381056766578 111.53230908213784
    endloop
  endfacet
  facet normal -0.9945218953682734 4.1734401081415026e-19 0.1045284632676526
    outer loop
      vertex 3.42351660256832 8.817829795074273 111.53230908213784
      vertex 3.5 8.783777192587836 112.26
      vertex 3.5 12.990381056766578 112.26
    endloop
  endfacet
  facet normal -0.9510565162951532 -5.268896830592486e-19 -0.30901699437494906
    outer loop
      vertex 3.197409101749103 8.918499340402413 113.68357825076531
      vertex 3.42351660256832 12.990381056766578 112.98769091786217
      vertex 3.42351660256832 8.817829795074273 112.98769091786217
    endloop
  endfacet
  facet normal -0.9945218953682734 0 -0.10452846326765258
    outer loop
      vertex 3.42351660256832 8.817829795074273 112.98769091786217
      vertex 3.42351660256832 12.990381056766578 112.98769091786217
      vertex 3.5 8.783777192587836 112.26
    endloop
  endfacet
  facet normal -0.7431448254773878 -8.988800855722031e-18 0.6691306063588653
    outer loop
      vertex 2.341957122256004 9.161232654627065 109.65899311082913
      vertex 2.831559480312316 9.05716446081308 110.20275161697634
      vertex 2.831559480312316 12.990381056766578 110.20275161697634
    endloop
  endfacet
  facet normal -0.8660254037844468 2.4369802735165277e-15 0.49999999999998584
    outer loop
      vertex 2.831559480312316 9.05716446081308 110.20275161697634
      vertex 2.9356614465620003 9.035036904803958 110.38306151168862
      vertex 3.197409101749103 12.990381056766578 110.8364217492347
    endloop
  endfacet
  facet normal -0.7431448254773879 8.988800855722033e-18 -0.6691306063588653
    outer loop
      vertex 2.341957122256004 9.161232654627065 114.86100688917088
      vertex 2.831559480312316 12.990381056766578 114.31724838302367
      vertex 2.831559480312316 9.05716446081308 114.31724838302367
    endloop
  endfacet
  facet normal -0.8660254037844469 0 -0.4999999999999856
    outer loop
      vertex 2.831559480312316 9.05716446081308 114.31724838302367
      vertex 2.831559480312316 12.990381056766578 114.31724838302367
      vertex 2.9356614465620003 9.035036904803958 114.13693848831139
    endloop
  endfacet
  facet normal -0.7431448254773878 0 0.6691306063588653
    outer loop
      vertex 2.341957122256004 9.161232654627065 109.65899311082913
      vertex 2.831559480312316 12.990381056766578 110.20275161697634
      vertex 2.341957122256004 12.990381056766578 109.65899311082913
    endloop
  endfacet
  facet normal -0.8660254037844403 0 0.4999999999999972
    outer loop
      vertex 2.831559480312316 9.05716446081308 110.20275161697634
      vertex 3.197409101749103 12.990381056766578 110.8364217492347
      vertex 2.831559480312316 12.990381056766578 110.20275161697634
    endloop
  endfacet
  facet normal -0.7431448254773878 0 -0.6691306063588653
    outer loop
      vertex 2.341957122256004 9.161232654627065 114.86100688917088
      vertex 2.341957122256004 12.990381056766578 114.86100688917088
      vertex 2.831559480312316 12.990381056766578 114.31724838302367
    endloop
  endfacet
  facet normal -0.8660254037844404 7.013279160773038e-16 -0.49999999999999717
    outer loop
      vertex 2.9356614465620003 9.035036904803958 114.13693848831139
      vertex 2.831559480312316 12.990381056766578 114.31724838302367
      vertex 3.197409101749103 12.990381056766578 113.68357825076531
    endloop
  endfacet
  facet normal -0.9510565162951531 0 0.309016994374949
    outer loop
      vertex 3.197409101749103 8.918499340402413 110.8364217492347
      vertex 3.42351660256832 12.990381056766578 111.53230908213784
      vertex 3.197409101749103 12.990381056766578 110.8364217492347
    endloop
  endfacet
  facet normal -0.9945218953682734 0 0.10452846326765258
    outer loop
      vertex 3.42351660256832 8.817829795074273 111.53230908213784
      vertex 3.5 12.990381056766578 112.26
      vertex 3.42351660256832 12.990381056766578 111.53230908213784
    endloop
  endfacet
  facet normal -0.9945218953682734 0 -0.1045284632676526
    outer loop
      vertex 3.5 8.783777192587836 112.26
      vertex 3.42351660256832 12.990381056766578 112.98769091786217
      vertex 3.5 12.990381056766578 112.26
    endloop
  endfacet
  facet normal -0.9510565162951531 0 -0.309016994374949
    outer loop
      vertex 3.197409101749103 8.918499340402413 113.68357825076531
      vertex 3.197409101749103 12.990381056766578 113.68357825076531
      vertex 3.42351660256832 12.990381056766578 112.98769091786217
    endloop
  endfacet
  facet normal -0.20791169081775154 0 -0.9781476007338072
    outer loop
      vertex 0.3658496214367871 9.447958005998597 115.74082663378896
      vertex 0.3658496214367871 12.990381056766578 115.74082663378896
      vertex 0.993020401042708 9.447958005998597 115.60751736929602
    endloop
  endfacet
  facet normal -0.20791169081774802 -3.2928206728712844e-19 -0.978147600733808
    outer loop
      vertex 0.993020401042708 9.447958005998597 115.60751736929602
      vertex 1.0815594803123159 12.990381056766578 115.58869780703304
      vertex 1.0815594803123159 9.429138443735619 115.58869780703304
    endloop
  endfacet
  facet normal -0.4067366430757949 0 -0.9135454576426033
    outer loop
      vertex 1.0815594803123159 9.429138443735619 115.58869780703304
      vertex 1.0815594803123159 12.990381056766578 115.58869780703304
      vertex 1.75 9.287057025189883 115.29108891324555
    endloop
  endfacet
  facet normal -0.20791169081775113 0 0.9781476007338074
    outer loop
      vertex 0.3658496214367871 9.447958005998597 108.77917336621105
      vertex 1.0815594803123159 12.990381056766578 108.93130219296697
      vertex 0.3658496214367871 12.990381056766578 108.77917336621105
    endloop
  endfacet
  facet normal -0.4067366430757949 0 0.9135454576426033
    outer loop
      vertex 1.0815594803123159 9.429138443735619 108.93130219296697
      vertex 1.75 12.990381056766578 109.22891108675447
      vertex 1.0815594803123159 12.990381056766578 108.93130219296697
    endloop
  endfacet
  facet normal 0 0 -1
    outer loop
      vertex 0.3658496214367871 9.447958005998597 115.74082663378896
      vertex -0.3658496214367871 12.990381056766578 115.74082663378896
      vertex 0.3658496214367871 12.990381056766578 115.74082663378896
    endloop
  endfacet
  facet normal -0.2079116908177511 8.159820022737527e-17 -0.9781476007338074
    outer loop
      vertex 0.993020401042708 9.447958005998597 115.60751736929602
      vertex 0.3658496214367871 12.990381056766578 115.74082663378896
      vertex 1.0815594803123159 12.990381056766578 115.58869780703304
    endloop
  endfacet
  facet normal 0 0 1
    outer loop
      vertex -0.3658496214367871 14.5 108.77917336621105
      vertex 0.3658496214367871 14.5 108.77917336621105
      vertex 0.3658496214367871 17.5 108.77917336621105
    endloop
  endfacet
  facet normal -0.20791169081775115 0 0.9781476007338075
    outer loop
      vertex 1.0815594803123159 17.5 108.93130219296697
      vertex 0.3658496214367871 14.5 108.77917336621105
      vertex 1.0815594803123159 14.5 108.93130219296697
    endloop
  endfacet
  facet normal -0.40673664307579493 -2.0197679546847035e-18 0.9135454576426032
    outer loop
      vertex 1.0815594803123159 14.5 108.93130219296697
      vertex 1.75 14.5 109.22891108675447
      vertex 1.75 17.5 109.22891108675447
    endloop
  endfacet
  facet normal -0.5877852522924811 -7.977313948714358e-18 0.8090169943749415
    outer loop
      vertex 1.75 14.5 109.22891108675447
      vertex 2.341957122256004 14.5 109.65899311082913
      vertex 2.341957122256004 17.5 109.65899311082913
    endloop
  endfacet
  facet normal -0.5877852522924811 7.977313948714358e-18 -0.8090169943749415
    outer loop
      vertex 2.341957122256004 14.5 114.86100688917088
      vertex 1.75 14.5 115.29108891324555
      vertex 1.75 17.5 115.29108891324555
    endloop
  endfacet
  facet normal -0.7431448254773878 -1.1784966901148965e-17 0.6691306063588652
    outer loop
      vertex 2.341957122256004 14.5 109.65899311082913
      vertex 2.831559480312316 14.5 110.20275161697634
      vertex 2.831559480312316 17.5 110.20275161697634
    endloop
  endfacet
  facet normal -0.8660254037844404 5.8278879064674904e-18 0.4999999999999973
    outer loop
      vertex 2.831559480312316 14.5 110.20275161697634
      vertex 3.197409101749103 14.5 110.8364217492347
      vertex 3.197409101749103 17.5 110.8364217492347
    endloop
  endfacet
  facet normal -0.7431448254773878 0 -0.6691306063588652
    outer loop
      vertex 2.341957122256004 14.5 114.86100688917088
      vertex 2.341957122256004 17.5 114.86100688917088
      vertex 2.831559480312316 14.5 114.31724838302367
    endloop
  endfacet
  facet normal -0.8660254037844404 0 -0.4999999999999973
    outer loop
      vertex 2.831559480312316 14.5 114.31724838302367
      vertex 2.831559480312316 17.5 114.31724838302367
      vertex 3.197409101749103 14.5 113.68357825076531
    endloop
  endfacet
  facet normal -0.951056516295153 7.328247372738421e-19 0.30901699437494895
    outer loop
      vertex 3.197409101749103 14.5 110.8364217492347
      vertex 3.42351660256832 14.5 111.53230908213784
      vertex 3.42351660256832 17.5 111.53230908213784
    endloop
  endfacet
  facet normal -0.9945218953682733 5.85200309527553e-19 0.10452846326765257
    outer loop
      vertex 3.42351660256832 14.5 111.53230908213784
      vertex 3.5 14.5 112.26
      vertex 3.5 17.5 112.26
    endloop
  endfacet
  facet normal -0.951056516295153 0 -0.30901699437494895
    outer loop
      vertex 3.197409101749103 14.5 113.68357825076531
      vertex 3.197409101749103 17.5 113.68357825076531
      vertex 3.42351660256832 14.5 112.98769091786217
    endloop
  endfacet
  facet normal -0.9945218953682733 0 -0.10452846326765257
    outer loop
      vertex 3.42351660256832 14.5 112.98769091786217
      vertex 3.42351660256832 17.5 112.98769091786217
      vertex 3.5 14.5 112.26
    endloop
  endfacet
  facet normal -0.20791169081775115 -1.8330237571005225e-18 -0.9781476007338075
    outer loop
      vertex 1.0815594803123159 14.5 115.58869780703304
      vertex 0.3658496214367871 14.5 115.74082663378896
      vertex 0.3658496214367871 17.5 115.74082663378896
    endloop
  endfacet
  facet normal -0.40673664307579493 0 -0.9135454576426032
    outer loop
      vertex 1.0815594803123159 14.5 115.58869780703304
      vertex 1.0815594803123159 17.5 115.58869780703304
      vertex 1.75 14.5 115.29108891324555
    endloop
  endfacet
  facet normal -0.20791169081775115 0 0.9781476007338075
    outer loop
      vertex 0.3658496214367871 14.5 108.77917336621105
      vertex 1.0815594803123159 17.5 108.93130219296697
      vertex 0.3658496214367871 17.5 108.77917336621105
    endloop
  endfacet
  facet normal -0.40673664307579493 0 0.9135454576426032
    outer loop
      vertex 1.0815594803123159 14.5 108.93130219296697
      vertex 1.75 17.5 109.22891108675447
      vertex 1.0815594803123159 17.5 108.93130219296697
    endloop
  endfacet
  facet normal -0.5877852522924811 0 0.8090169943749415
    outer loop
      vertex 1.75 14.5 109.22891108675447
      vertex 2.341957122256004 17.5 109.65899311082913
      vertex 1.75 17.5 109.22891108675447
    endloop
  endfacet
  facet normal -0.40673664307579493 0 -0.9135454576426032
    outer loop
      vertex 1.75 14.5 115.29108891324555
      vertex 1.0815594803123159 17.5 115.58869780703304
      vertex 1.75 17.5 115.29108891324555
    endloop
  endfacet
  facet normal -0.5877852522924811 0 -0.8090169943749415
    outer loop
      vertex 2.341957122256004 14.5 114.86100688917088
      vertex 1.75 17.5 115.29108891324555
      vertex 2.341957122256004 17.5 114.86100688917088
    endloop
  endfacet
  facet normal -0.7431448254773878 0 0.6691306063588652
    outer loop
      vertex 2.341957122256004 14.5 109.65899311082913
      vertex 2.831559480312316 17.5 110.20275161697634
      vertex 2.341957122256004 17.5 109.65899311082913
    endloop
  endfacet
  facet normal -0.8660254037844404 0 0.4999999999999973
    outer loop
      vertex 2.831559480312316 14.5 110.20275161697634
      vertex 3.197409101749103 17.5 110.8364217492347
      vertex 2.831559480312316 17.5 110.20275161697634
    endloop
  endfacet
  facet normal -0.7431448254773878 0 -0.6691306063588652
    outer loop
      vertex 2.831559480312316 14.5 114.31724838302367
      vertex 2.341957122256004 17.5 114.86100688917088
      vertex 2.831559480312316 17.5 114.31724838302367
    endloop
  endfacet
  facet normal -0.8660254037844404 -5.8278879064674904e-18 -0.4999999999999973
    outer loop
      vertex 2.831559480312316 17.5 114.31724838302367
      vertex 3.197409101749103 17.5 113.68357825076531
      vertex 3.197409101749103 14.5 113.68357825076531
    endloop
  endfacet
  facet normal -0.951056516295153 0 0.30901699437494895
    outer loop
      vertex 3.197409101749103 14.5 110.8364217492347
      vertex 3.42351660256832 17.5 111.53230908213784
      vertex 3.197409101749103 17.5 110.8364217492347
    endloop
  endfacet
  facet normal -0.9945218953682733 0 0.10452846326765257
    outer loop
      vertex 3.42351660256832 14.5 111.53230908213784
      vertex 3.5 17.5 112.26
      vertex 3.42351660256832 17.5 111.53230908213784
    endloop
  endfacet
  facet normal -0.9945218953682733 -5.85200309527553e-19 -0.10452846326765257
    outer loop
      vertex 3.42351660256832 17.5 112.98769091786217
      vertex 3.5 17.5 112.26
      vertex 3.5 14.5 112.26
    endloop
  endfacet
  facet normal -0.951056516295153 -7.328247372738421e-19 -0.30901699437494895
    outer loop
      vertex 3.197409101749103 17.5 113.68357825076531
      vertex 3.42351660256832 17.5 112.98769091786217
      vertex 3.42351660256832 14.5 112.98769091786217
    endloop
  endfacet
  facet normal 0 0 -1
    outer loop
      vertex 0.3658496214367871 14.5 115.74082663378896
      vertex -0.3658496214367871 17.5 115.74082663378896
      vertex 0.3658496214367871 17.5 115.74082663378896
    endloop
  endfacet
  facet normal -0.20791169081775115 0 -0.9781476007338075
    outer loop
      vertex 1.0815594803123159 14.5 115.58869780703304
      vertex 0.3658496214367871 17.5 115.74082663378896
      vertex 1.0815594803123159 17.5 115.58869780703304
    endloop
  endfacet
  facet normal 0.9510565162951532 0 0.30901699437494906
    outer loop
      vertex -3.42351660256832 8.817829795074273 138.34230908213783
      vertex -3.197409101749103 8.918499340402413 137.6464217492347
      vertex -3.42351660256832 12.990381056766578 138.34230908213783
    endloop
  endfacet
  facet normal 0.8660254037844309 0 0.5000000000000135
    outer loop
      vertex -3.197409101749103 8.918499340402413 137.6464217492347
      vertex -2.9356614465620003 9.035036904803958 137.19306151168863
      vertex -3.197409101749103 12.990381056766578 137.6464217492347
    endloop
  endfacet
  facet normal 0.8660254037844469 1.8816030950832093e-18 0.4999999999999856
    outer loop
      vertex -2.9356614465620003 9.035036904803958 137.19306151168863
      vertex -2.831559480312316 9.05716446081308 137.01275161697635
      vertex -2.831559480312316 12.990381056766578 137.01275161697635
    endloop
  endfacet
  facet normal 0.7431448254774052 0 0.669130606358846
    outer loop
      vertex -2.831559480312316 9.05716446081308 137.01275161697635
      vertex -2.341957122256004 9.161232654627065 136.4689931108291
      vertex -2.831559480312316 12.990381056766578 137.01275161697635
    endloop
  endfacet
  facet normal 0.9510565162951531 0 0.309016994374949
    outer loop
      vertex -3.197409101749103 8.918499340402413 137.6464217492347
      vertex -3.197409101749103 12.990381056766578 137.6464217492347
      vertex -3.42351660256832 12.990381056766578 138.34230908213783
    endloop
  endfacet
  facet normal 0.8660254037844355 1.2144103398953533e-15 0.5000000000000056
    outer loop
      vertex -2.9356614465620003 9.035036904803958 137.19306151168863
      vertex -2.831559480312316 12.990381056766578 137.01275161697635
      vertex -3.197409101749103 12.990381056766578 137.6464217492347
    endloop
  endfacet
  facet normal 0.7431448254774052 0 0.669130606358846
    outer loop
      vertex -2.341957122256004 9.161232654627065 136.4689931108291
      vertex -2.341957122256004 12.990381056766578 136.4689931108291
      vertex -2.831559480312316 12.990381056766578 137.01275161697635
    endloop
  endfacet
  facet normal 0.5877852522924557 8.143088453271134e-18 0.80901699437496
    outer loop
      vertex -2.341957122256004 9.161232654627065 136.4689931108291
      vertex -1.75 9.287057025189883 136.03891108675447
      vertex -1.75 12.990381056766578 136.03891108675447
    endloop
  endfacet
  facet normal 0.4067366430757949 1.7014577557514571e-18 0.9135454576426033
    outer loop
      vertex -1.75 9.287057025189883 136.03891108675447
      vertex -1.0815594803123159 9.429138443735619 135.74130219296697
      vertex -1.0815594803123159 12.990381056766578 135.74130219296697
    endloop
  endfacet
  facet normal 0.20791169081789818 0 0.978147600733776
    outer loop
      vertex -1.0815594803123159 9.429138443735619 135.74130219296697
      vertex -0.993020401042708 9.447958005998597 135.72248263070398
      vertex -1.0815594803123159 12.990381056766578 135.74130219296697
    endloop
  endfacet
  facet normal 0.20791169081775154 5.466234672231661e-19 0.9781476007338072
    outer loop
      vertex -0.993020401042708 9.447958005998597 135.72248263070398
      vertex -0.3658496214367871 9.447958005998597 135.58917336621104
      vertex -0.3658496214367871 12.990381056766578 135.58917336621104
    endloop
  endfacet
  facet normal 0.5877852522924558 0 0.80901699437496
    outer loop
      vertex -2.341957122256004 9.161232654627065 136.4689931108291
      vertex -1.75 12.990381056766578 136.03891108675447
      vertex -2.341957122256004 12.990381056766578 136.4689931108291
    endloop
  endfacet
  facet normal 0.40673664307579493 0 0.9135454576426033
    outer loop
      vertex -1.75 9.287057025189883 136.03891108675447
      vertex -1.0815594803123159 12.990381056766578 135.74130219296697
      vertex -1.75 12.990381056766578 136.03891108675447
    endloop
  endfacet
  facet normal 0.20791169081776972 -3.3564090697999076e-15 0.9781476007338035
    outer loop
      vertex -0.993020401042708 9.447958005998597 135.72248263070398
      vertex -0.3658496214367871 12.990381056766578 135.58917336621104
      vertex -1.0815594803123159 12.990381056766578 135.74130219296697
    endloop
  endfacet
  facet normal 0 0 1
    outer loop
      vertex -0.3658496214367871 9.447958005998597 135.58917336621104
      vertex 0.3658496214367871 12.990381056766578 135.58917336621104
      vertex -0.3658496214367871 12.990381056766578 135.58917336621104
    endloop
  endfacet
  facet normal 0.9945218953682734 0 0.10452846326765258
    outer loop
      vertex -3.42351660256832 8.817829795074273 138.34230908213783
      vertex -3.42351660256832 12.990381056766578 138.34230908213783
      vertex -3.5 8.783777192587836 139.07
    endloop
  endfacet
  facet normal 0.9945218953682734 0 -0.1045284632676526
    outer loop
      vertex -3.5 8.783777192587836 139.07
      vertex -3.5 12.990381056766578 139.07
      vertex -3.42351660256832 8.817829795074273 139.79769091786216
    endloop
  endfacet
  facet normal 0.9510565162951532 0 -0.30901699437494906
    outer loop
      vertex -3.42351660256832 8.817829795074273 139.79769091786216
      vertex -3.42351660256832 12.990381056766578 139.79769091786216
      vertex -3.197409101749103 8.918499340402413 140.4935782507653
    endloop
  endfacet
  facet normal 0.8660254037844309 0 -0.5000000000000135
    outer loop
      vertex -3.197409101749103 8.918499340402413 140.4935782507653
      vertex -3.197409101749103 12.990381056766578 140.4935782507653
      vertex -2.9356614465620003 9.035036904803958 140.94693848831136
    endloop
  endfacet
  facet normal 0.8660254037844467 4.208856049057617e-15 -0.49999999999998607
    outer loop
      vertex -2.9356614465620003 9.035036904803958 140.94693848831136
      vertex -3.197409101749103 12.990381056766578 140.4935782507653
      vertex -2.831559480312316 9.05716446081308 141.12724838302364
    endloop
  endfacet
  facet normal 0.7431448254774052 0 -0.669130606358846
    outer loop
      vertex -2.831559480312316 9.05716446081308 141.12724838302364
      vertex -2.831559480312316 12.990381056766578 141.12724838302364
      vertex -2.341957122256004 9.161232654627065 141.67100688917088
    endloop
  endfacet
  facet normal 0.9945218953682734 0 0.1045284632676526
    outer loop
      vertex -3.5 8.783777192587836 139.07
      vertex -3.42351660256832 12.990381056766578 138.34230908213783
      vertex -3.5 12.990381056766578 139.07
    endloop
  endfacet
  facet normal 0.9945218953682734 0 -0.10452846326765258
    outer loop
      vertex -3.42351660256832 8.817829795074273 139.79769091786216
      vertex -3.5 12.990381056766578 139.07
      vertex -3.42351660256832 12.990381056766578 139.79769091786216
    endloop
  endfacet
  facet normal 0.9510565162951531 0 -0.309016994374949
    outer loop
      vertex -3.197409101749103 8.918499340402413 140.4935782507653
      vertex -3.42351660256832 12.990381056766578 139.79769091786216
      vertex -3.197409101749103 12.990381056766578 140.4935782507653
    endloop
  endfacet
  facet normal 0.8660254037844354 0 -0.5000000000000056
    outer loop
      vertex -2.831559480312316 9.05716446081308 141.12724838302364
      vertex -3.197409101749103 12.990381056766578 140.4935782507653
      vertex -2.831559480312316 12.990381056766578 141.12724838302364
    endloop
  endfacet
  facet normal 0.7431448254774052 0 -0.669130606358846
    outer loop
      vertex -2.341957122256004 9.161232654627065 141.67100688917088
      vertex -2.831559480312316 12.990381056766578 141.12724838302364
      vertex -2.341957122256004 12.990381056766578 141.67100688917088
    endloop
  endfacet
  facet normal 0.5877852522924558 0 -0.80901699437496
    outer loop
      vertex -2.341957122256004 9.161232654627065 141.67100688917088
      vertex -2.341957122256004 12.990381056766578 141.67100688917088
      vertex -1.75 9.287057025189883 142.10108891324552
    endloop
  endfacet
  facet normal 0.40673664307579493 0 -0.9135454576426033
    outer loop
      vertex -1.75 9.287057025189883 142.10108891324552
      vertex -1.75 12.990381056766578 142.10108891324552
      vertex -1.0815594803123159 9.429138443735619 142.39869780703302
    endloop
  endfacet
  facet normal 0.20791169081789818 0 -0.978147600733776
    outer loop
      vertex -1.0815594803123159 9.429138443735619 142.39869780703302
      vertex -1.0815594803123159 12.990381056766578 142.39869780703302
      vertex -0.993020401042708 9.447958005998597 142.417517369296
    endloop
  endfacet
  facet normal 0.20791169081775154 -3.830532505001405e-15 -0.9781476007338072
    outer loop
      vertex -0.993020401042708 9.447958005998597 142.417517369296
      vertex -1.0815594803123159 12.990381056766578 142.39869780703302
      vertex -0.3658496214367871 9.447958005998597 142.55082663378894
    endloop
  endfacet
  facet normal 0 0 -1
    outer loop
      vertex -0.3658496214367871 9.447958005998597 142.55082663378894
      vertex -0.3658496214367871 12.990381056766578 142.55082663378894
      vertex 0.3658496214367871 9.447958005998597 142.55082663378894
    endloop
  endfacet
  facet normal 0.5877852522924558 0 -0.80901699437496
    outer loop
      vertex -1.75 9.287057025189883 142.10108891324552
      vertex -2.341957122256004 12.990381056766578 141.67100688917088
      vertex -1.75 12.990381056766578 142.10108891324552
    endloop
  endfacet
  facet normal 0.4067366430757949 0 -0.9135454576426033
    outer loop
      vertex -1.0815594803123159 9.429138443735619 142.39869780703302
      vertex -1.75 12.990381056766578 142.10108891324552
      vertex -1.0815594803123159 12.990381056766578 142.39869780703302
    endloop
  endfacet
  facet normal 0.20791169081776972 0 -0.9781476007338035
    outer loop
      vertex -0.3658496214367871 9.447958005998597 142.55082663378894
      vertex -1.0815594803123159 12.990381056766578 142.39869780703302
      vertex -0.3658496214367871 12.990381056766578 142.55082663378894
    endloop
  endfacet
  facet normal 0.951056516295153 0 0.30901699437494895
    outer loop
      vertex -3.197409101749103 14.5 137.6464217492347
      vertex -3.197409101749103 17.5 137.6464217492347
      vertex -3.42351660256832 14.5 138.34230908213783
    endloop
  endfacet
  facet normal 0.8660254037844355 0 0.5000000000000057
    outer loop
      vertex -2.831559480312316 14.5 137.01275161697635
      vertex -2.831559480312316 17.5 137.01275161697635
      vertex -3.197409101749103 14.5 137.6464217492347
    endloop
  endfacet
  facet normal 0.7431448254774052 -5.320489868771593e-18 0.669130606358846
    outer loop
      vertex -2.831559480312316 14.5 137.01275161697635
      vertex -2.341957122256004 14.5 136.4689931108291
      vertex -2.341957122256004 17.5 136.4689931108291
    endloop
  endfacet
  facet normal 0.5877852522924558 1.0052165053417896e-17 0.80901699437496
    outer loop
      vertex -2.341957122256004 14.5 136.4689931108291
      vertex -1.75 14.5 136.03891108675447
      vertex -1.75 17.5 136.03891108675447
    endloop
  endfacet
  facet normal 0.40673664307579493 2.0197679546847035e-18 0.9135454576426032
    outer loop
      vertex -1.75 14.5 136.03891108675447
      vertex -1.0815594803123159 14.5 135.74130219296697
      vertex -1.0815594803123159 17.5 135.74130219296697
    endloop
  endfacet
  facet normal 0.2079116908177697 -1.1179574574716287e-18 0.9781476007338032
    outer loop
      vertex -1.0815594803123159 14.5 135.74130219296697
      vertex -0.3658496214367871 14.5 135.58917336621104
      vertex -0.3658496214367871 17.5 135.58917336621104
    endloop
  endfacet
  facet normal 0.951056516295153 -7.328247372738421e-19 0.30901699437494895
    outer loop
      vertex -3.197409101749103 17.5 137.6464217492347
      vertex -3.42351660256832 17.5 138.34230908213783
      vertex -3.42351660256832 14.5 138.34230908213783
    endloop
  endfacet
  facet normal 0.8660254037844355 0 0.5000000000000057
    outer loop
      vertex -3.197409101749103 14.5 137.6464217492347
      vertex -2.831559480312316 17.5 137.01275161697635
      vertex -3.197409101749103 17.5 137.6464217492347
    endloop
  endfacet
  facet normal 0.7431448254774052 0 0.669130606358846
    outer loop
      vertex -2.831559480312316 14.5 137.01275161697635
      vertex -2.341957122256004 17.5 136.4689931108291
      vertex -2.831559480312316 17.5 137.01275161697635
    endloop
  endfacet
  facet normal 0.5877852522924558 0 0.80901699437496
    outer loop
      vertex -2.341957122256004 14.5 136.4689931108291
      vertex -1.75 17.5 136.03891108675447
      vertex -2.341957122256004 17.5 136.4689931108291
    endloop
  endfacet
  facet normal 0.40673664307579493 0 0.9135454576426032
    outer loop
      vertex -1.75 17.5 136.03891108675447
      vertex -1.75 14.5 136.03891108675447
      vertex -1.0815594803123159 17.5 135.74130219296697
    endloop
  endfacet
  facet normal 0.2079116908177697 0 0.9781476007338032
    outer loop
      vertex -1.0815594803123159 14.5 135.74130219296697
      vertex -0.3658496214367871 17.5 135.58917336621104
      vertex -1.0815594803123159 17.5 135.74130219296697
    endloop
  endfacet
  facet normal 0 0 1
    outer loop
      vertex -0.3658496214367871 14.5 135.58917336621104
      vertex 0.3658496214367871 17.5 135.58917336621104
      vertex -0.3658496214367871 17.5 135.58917336621104
    endloop
  endfacet
  facet normal 0.9945218953682733 0 0.10452846326765257
    outer loop
      vertex -3.42351660256832 14.5 138.34230908213783
      vertex -3.42351660256832 17.5 138.34230908213783
      vertex -3.5 14.5 139.07
    endloop
  endfacet
  facet normal 0.9945218953682733 0 -0.10452846326765257
    outer loop
      vertex -3.5 17.5 139.07
      vertex -3.42351660256832 14.5 139.79769091786216
      vertex -3.5 14.5 139.07
    endloop
  endfacet
  facet normal 0.951056516295153 0 -0.30901699437494895
    outer loop
      vertex -3.42351660256832 17.5 139.79769091786216
      vertex -3.197409101749103 14.5 140.4935782507653
      vertex -3.42351660256832 14.5 139.79769091786216
    endloop
  endfacet
  facet normal 0.8660254037844355 0 -0.5000000000000057
    outer loop
      vertex -3.197409101749103 17.5 140.4935782507653
      vertex -2.831559480312316 14.5 141.12724838302364
      vertex -3.197409101749103 14.5 140.4935782507653
    endloop
  endfacet
  facet normal 0.7431448254774052 5.320489868771593e-18 -0.669130606358846
    outer loop
      vertex -2.341957122256004 14.5 141.67100688917088
      vertex -2.831559480312316 14.5 141.12724838302364
      vertex -2.831559480312316 17.5 141.12724838302364
    endloop
  endfacet
  facet normal 0.5877852522924558 -1.0052165053417896e-17 -0.80901699437496
    outer loop
      vertex -1.75 14.5 142.10108891324552
      vertex -2.341957122256004 14.5 141.67100688917088
      vertex -2.341957122256004 17.5 141.67100688917088
    endloop
  endfacet
  facet normal 0.40673664307579493 0 -0.9135454576426032
    outer loop
      vertex -1.75 14.5 142.10108891324552
      vertex -1.75 17.5 142.10108891324552
      vertex -1.0815594803123159 14.5 142.39869780703302
    endloop
  endfacet
  facet normal 0.2079116908177697 0 -0.9781476007338032
    outer loop
      vertex -1.0815594803123159 17.5 142.39869780703302
      vertex -0.3658496214367871 14.5 142.55082663378894
      vertex -1.0815594803123159 14.5 142.39869780703302
    endloop
  endfacet
  facet normal 0 0 -1
    outer loop
      vertex 0.3658496214367871 14.5 142.55082663378894
      vertex -0.3658496214367871 14.5 142.55082663378894
      vertex -0.3658496214367871 17.5 142.55082663378894
    endloop
  endfacet
  facet normal 0.9945218953682733 0 0.10452846326765257
    outer loop
      vertex -3.5 14.5 139.07
      vertex -3.42351660256832 17.5 138.34230908213783
      vertex -3.5 17.5 139.07
    endloop
  endfacet
  facet normal 0.9945218953682733 5.85200309527553e-19 -0.10452846326765257
    outer loop
      vertex -3.5 17.5 139.07
      vertex -3.42351660256832 17.5 139.79769091786216
      vertex -3.42351660256832 14.5 139.79769091786216
    endloop
  endfacet
  facet normal 0.951056516295153 7.328247372738421e-19 -0.30901699437494895
    outer loop
      vertex -3.42351660256832 17.5 139.79769091786216
      vertex -3.197409101749103 17.5 140.4935782507653
      vertex -3.197409101749103 14.5 140.4935782507653
    endloop
  endfacet
  facet normal 0.8660254037844355 0 -0.5000000000000057
    outer loop
      vertex -2.831559480312316 17.5 141.12724838302364
      vertex -2.831559480312316 14.5 141.12724838302364
      vertex -3.197409101749103 17.5 140.4935782507653
    endloop
  endfacet
  facet normal 0.7431448254774052 0 -0.669130606358846
    outer loop
      vertex -2.341957122256004 14.5 141.67100688917088
      vertex -2.831559480312316 17.5 141.12724838302364
      vertex -2.341957122256004 17.5 141.67100688917088
    endloop
  endfacet
  facet normal 0.5877852522924558 0 -0.80901699437496
    outer loop
      vertex -1.75 14.5 142.10108891324552
      vertex -2.341957122256004 17.5 141.67100688917088
      vertex -1.75 17.5 142.10108891324552
    endloop
  endfacet
  facet normal 0.40673664307579493 0 -0.9135454576426032
    outer loop
      vertex -1.0815594803123159 14.5 142.39869780703302
      vertex -1.75 17.5 142.10108891324552
      vertex -1.0815594803123159 17.5 142.39869780703302
    endloop
  endfacet
  facet normal 0.2079116908177697 0 -0.9781476007338032
    outer loop
      vertex -0.3658496214367871 14.5 142.55082663378894
      vertex -1.0815594803123159 17.5 142.39869780703302
      vertex -0.3658496214367871 17.5 142.55082663378894
    endloop
  endfacet
  facet normal 0 0 1
    outer loop
      vertex -0.3658496214367871 9.447958005998597 135.58917336621104
      vertex 0.3658496214367871 9.447958005998597 135.58917336621104
      vertex 0.3658496214367871 12.990381056766578 135.58917336621104
    endloop
  endfacet
  facet normal -0.20791169081775154 -3.831551093674399e-15 0.9781476007338072
    outer loop
      vertex 0.3658496214367871 9.447958005998597 135.58917336621104
      vertex 0.993020401042708 9.447958005998597 135.72248263070398
      vertex 1.0815594803123159 12.990381056766578 135.74130219296697
    endloop
  endfacet
  facet normal -0.2079116908178982 -9.009045010612542e-21 0.978147600733776
    outer loop
      vertex 0.993020401042708 9.447958005998597 135.72248263070398
      vertex 1.0815594803123159 9.429138443735619 135.74130219296697
      vertex 1.0815594803123159 12.990381056766578 135.74130219296697
    endloop
  endfacet
  facet normal -0.40673664307579493 -1.6361797704950906e-18 0.9135454576426033
    outer loop
      vertex 1.0815594803123159 9.429138443735619 135.74130219296697
      vertex 1.75 9.287057025189883 136.03891108675447
      vertex 1.75 12.990381056766578 136.03891108675447
    endloop
  endfacet
  facet normal -0.5877852522924558 -7.875509641622649e-18 0.80901699437496
    outer loop
      vertex 1.75 9.287057025189883 136.03891108675447
      vertex 2.341957122256004 9.161232654627065 136.4689931108291
      vertex 2.341957122256004 12.990381056766578 136.4689931108291
    endloop
  endfacet
  facet normal -0.5877852522924558 0 0.80901699437496
    outer loop
      vertex 1.75 9.287057025189883 136.03891108675447
      vertex 2.341957122256004 12.990381056766578 136.4689931108291
      vertex 1.75 12.990381056766578 136.03891108675447
    endloop
  endfacet
  facet normal -0.8660254037844309 -5.521180070555304e-19 0.5000000000000135
    outer loop
      vertex 2.9356614465620003 9.035036904803958 137.19306151168863
      vertex 3.197409101749103 8.918499340402413 137.6464217492347
      vertex 3.197409101749103 12.990381056766578 137.6464217492347
    endloop
  endfacet
  facet normal -0.9510565162951532 5.268896830592486e-19 0.30901699437494906
    outer loop
      vertex 3.197409101749103 8.918499340402413 137.6464217492347
      vertex 3.42351660256832 8.817829795074273 138.34230908213783
      vertex 3.42351660256832 12.990381056766578 138.34230908213783
    endloop
  endfacet
  facet normal -0.7431448254774052 4.058121188326108e-18 0.6691306063588461
    outer loop
      vertex 2.341957122256004 9.161232654627065 136.4689931108291
      vertex 2.831559480312316 9.05716446081308 137.01275161697635
      vertex 2.831559480312316 12.990381056766578 137.01275161697635
    endloop
  endfacet
  facet normal -0.8660254037844467 4.198496497196226e-15 0.49999999999998607
    outer loop
      vertex 2.831559480312316 9.05716446081308 137.01275161697635
      vertex 2.9356614465620003 9.035036904803958 137.19306151168863
      vertex 3.197409101749103 12.990381056766578 137.6464217492347
    endloop
  endfacet
  facet normal -0.7431448254774052 0 0.669130606358846
    outer loop
      vertex 2.341957122256004 9.161232654627065 136.4689931108291
      vertex 2.831559480312316 12.990381056766578 137.01275161697635
      vertex 2.341957122256004 12.990381056766578 136.4689931108291
    endloop
  endfacet
  facet normal -0.8660254037844354 0 0.5000000000000056
    outer loop
      vertex 2.831559480312316 9.05716446081308 137.01275161697635
      vertex 3.197409101749103 12.990381056766578 137.6464217492347
      vertex 2.831559480312316 12.990381056766578 137.01275161697635
    endloop
  endfacet
  facet normal -0.9510565162951531 0 0.309016994374949
    outer loop
      vertex 3.197409101749103 8.918499340402413 137.6464217492347
      vertex 3.42351660256832 12.990381056766578 138.34230908213783
      vertex 3.197409101749103 12.990381056766578 137.6464217492347
    endloop
  endfacet
  facet normal -0.20791169081776972 0 0.9781476007338035
    outer loop
      vertex 0.3658496214367871 9.447958005998597 135.58917336621104
      vertex 1.0815594803123159 12.990381056766578 135.74130219296697
      vertex 0.3658496214367871 12.990381056766578 135.58917336621104
    endloop
  endfacet
  facet normal -0.4067366430757949 0 0.9135454576426033
    outer loop
      vertex 1.0815594803123159 9.429138443735619 135.74130219296697
      vertex 1.75 12.990381056766578 136.03891108675447
      vertex 1.0815594803123159 12.990381056766578 135.74130219296697
    endloop
  endfacet
  facet normal -0.20791169081775154 0 -0.9781476007338072
    outer loop
      vertex 0.3658496214367871 9.447958005998597 142.55082663378894
      vertex 0.3658496214367871 12.990381056766578 142.55082663378894
      vertex 0.993020401042708 9.447958005998597 142.417517369296
    endloop
  endfacet
  facet normal -0.20791169081789818 9.009045010612542e-21 -0.978147600733776
    outer loop
      vertex 0.993020401042708 9.447958005998597 142.417517369296
      vertex 1.0815594803123159 12.990381056766578 142.39869780703302
      vertex 1.0815594803123159 9.429138443735619 142.39869780703302
    endloop
  endfacet
  facet normal -0.4067366430757949 0 -0.9135454576426033
    outer loop
      vertex 1.0815594803123159 9.429138443735619 142.39869780703302
      vertex 1.0815594803123159 12.990381056766578 142.39869780703302
      vertex 1.75 9.287057025189883 142.10108891324552
    endloop
  endfacet
  facet normal -0.5877852522924558 0 -0.80901699437496
    outer loop
      vertex 1.75 9.287057025189883 142.10108891324552
      vertex 1.75 12.990381056766578 142.10108891324552
      vertex 2.341957122256004 9.161232654627065 141.67100688917088
    endloop
  endfacet
  facet normal -0.40673664307579493 0 -0.9135454576426033
    outer loop
      vertex 1.75 9.287057025189883 142.10108891324552
      vertex 1.0815594803123159 12.990381056766578 142.39869780703302
      vertex 1.75 12.990381056766578 142.10108891324552
    endloop
  endfacet
  facet normal -0.5877852522924558 0 -0.80901699437496
    outer loop
      vertex 2.341957122256004 9.161232654627065 141.67100688917088
      vertex 1.75 12.990381056766578 142.10108891324552
      vertex 2.341957122256004 12.990381056766578 141.67100688917088
    endloop
  endfacet
  facet normal -0.8660254037844309 5.521180070555304e-19 -0.5000000000000135
    outer loop
      vertex 2.9356614465620003 9.035036904803958 140.94693848831136
      vertex 3.197409101749103 12.990381056766578 140.4935782507653
      vertex 3.197409101749103 8.918499340402413 140.4935782507653
    endloop
  endfacet
  facet normal -0.9510565162951532 -5.268896830592486e-19 -0.30901699437494906
    outer loop
      vertex 3.197409101749103 8.918499340402413 140.4935782507653
      vertex 3.42351660256832 12.990381056766578 139.79769091786216
      vertex 3.42351660256832 8.817829795074273 139.79769091786216
    endloop
  endfacet
  facet normal -0.9945218953682734 4.1734401081415026e-19 0.1045284632676526
    outer loop
      vertex 3.42351660256832 8.817829795074273 138.34230908213783
      vertex 3.5 8.783777192587836 139.07
      vertex 3.5 12.990381056766578 139.07
    endloop
  endfacet
  facet normal -0.9945218953682734 0 -0.10452846326765258
    outer loop
      vertex 3.42351660256832 8.817829795074273 139.79769091786216
      vertex 3.42351660256832 12.990381056766578 139.79769091786216
      vertex 3.5 8.783777192587836 139.07
    endloop
  endfacet
  facet normal -0.7431448254774052 -4.058121188326108e-18 -0.6691306063588459
    outer loop
      vertex 2.341957122256004 9.161232654627065 141.67100688917088
      vertex 2.831559480312316 12.990381056766578 141.12724838302364
      vertex 2.831559480312316 9.05716446081308 141.12724838302364
    endloop
  endfacet
  facet normal -0.8660254037844469 0 -0.4999999999999856
    outer loop
      vertex 2.831559480312316 9.05716446081308 141.12724838302364
      vertex 2.831559480312316 12.990381056766578 141.12724838302364
      vertex 2.9356614465620003 9.035036904803958 140.94693848831136
    endloop
  endfacet
  facet normal -0.8660254037844355 1.2144103398953533e-15 -0.5000000000000056
    outer loop
      vertex 2.9356614465620003 9.035036904803958 140.94693848831136
      vertex 2.831559480312316 12.990381056766578 141.12724838302364
      vertex 3.197409101749103 12.990381056766578 140.4935782507653
    endloop
  endfacet
  facet normal -0.7431448254774052 0 -0.669130606358846
    outer loop
      vertex 2.341957122256004 9.161232654627065 141.67100688917088
      vertex 2.341957122256004 12.990381056766578 141.67100688917088
      vertex 2.831559480312316 12.990381056766578 141.12724838302364
    endloop
  endfacet
  facet normal -0.9510565162951531 0 -0.309016994374949
    outer loop
      vertex 3.197409101749103 8.918499340402413 140.4935782507653
      vertex 3.197409101749103 12.990381056766578 140.4935782507653
      vertex 3.42351660256832 12.990381056766578 139.79769091786216
    endloop
  endfacet
  facet normal -0.9945218953682734 0 0.10452846326765258
    outer loop
      vertex 3.42351660256832 8.817829795074273 138.34230908213783
      vertex 3.5 12.990381056766578 139.07
      vertex 3.42351660256832 12.990381056766578 138.34230908213783
    endloop
  endfacet
  facet normal -0.9945218953682734 0 -0.1045284632676526
    outer loop
      vertex 3.5 8.783777192587836 139.07
      vertex 3.42351660256832 12.990381056766578 139.79769091786216
      vertex 3.5 12.990381056766578 139.07
    endloop
  endfacet
  facet normal 0 0 -1
    outer loop
      vertex 0.3658496214367871 9.447958005998597 142.55082663378894
      vertex -0.3658496214367871 12.990381056766578 142.55082663378894
      vertex 0.3658496214367871 12.990381056766578 142.55082663378894
    endloop
  endfacet
  facet normal -0.20791169081776972 -3.3564090697999076e-15 -0.9781476007338035
    outer loop
      vertex 0.993020401042708 9.447958005998597 142.417517369296
      vertex 0.3658496214367871 12.990381056766578 142.55082663378894
      vertex 1.0815594803123159 12.990381056766578 142.39869780703302
    endloop
  endfacet
  facet normal 0 0 1
    outer loop
      vertex -0.3658496214367871 14.5 135.58917336621104
      vertex 0.3658496214367871 14.5 135.58917336621104
      vertex 0.3658496214367871 17.5 135.58917336621104
    endloop
  endfacet
  facet normal -0.2079116908177697 0 0.9781476007338032
    outer loop
      vertex 1.0815594803123159 17.5 135.74130219296697
      vertex 0.3658496214367871 14.5 135.58917336621104
      vertex 1.0815594803123159 14.5 135.74130219296697
    endloop
  endfacet
  facet normal -0.40673664307579493 -2.0197679546847035e-18 0.9135454576426032
    outer loop
      vertex 1.0815594803123159 14.5 135.74130219296697
      vertex 1.75 14.5 136.03891108675447
      vertex 1.75 17.5 136.03891108675447
    endloop
  endfacet
  facet normal -0.5877852522924558 -1.0052165053417896e-17 0.80901699437496
    outer loop
      vertex 1.75 14.5 136.03891108675447
      vertex 2.341957122256004 14.5 136.4689931108291
      vertex 2.341957122256004 17.5 136.4689931108291
    endloop
  endfacet
  facet normal -0.7431448254774052 5.320489868771593e-18 0.669130606358846
    outer loop
      vertex 2.341957122256004 14.5 136.4689931108291
      vertex 2.831559480312316 14.5 137.01275161697635
      vertex 2.831559480312316 17.5 137.01275161697635
    endloop
  endfacet
  facet normal -0.8660254037844355 1.8448407677342354e-18 0.5000000000000057
    outer loop
      vertex 2.831559480312316 14.5 137.01275161697635
      vertex 3.197409101749103 14.5 137.6464217492347
      vertex 3.197409101749103 17.5 137.6464217492347
    endloop
  endfacet
  facet normal -0.951056516295153 7.328247372738421e-19 0.30901699437494895
    outer loop
      vertex 3.197409101749103 14.5 137.6464217492347
      vertex 3.42351660256832 14.5 138.34230908213783
      vertex 3.42351660256832 17.5 138.34230908213783
    endloop
  endfacet
  facet normal -0.2079116908177697 0 0.9781476007338032
    outer loop
      vertex 0.3658496214367871 14.5 135.58917336621104
      vertex 1.0815594803123159 17.5 135.74130219296697
      vertex 0.3658496214367871 17.5 135.58917336621104
    endloop
  endfacet
  facet normal -0.40673664307579493 0 0.9135454576426032
    outer loop
      vertex 1.0815594803123159 14.5 135.74130219296697
      vertex 1.75 17.5 136.03891108675447
      vertex 1.0815594803123159 17.5 135.74130219296697
    endloop
  endfacet
  facet normal -0.5877852522924558 0 0.80901699437496
    outer loop
      vertex 1.75 14.5 136.03891108675447
      vertex 2.341957122256004 17.5 136.4689931108291
      vertex 1.75 17.5 136.03891108675447
    endloop
  endfacet
  facet normal -0.7431448254774052 0 0.669130606358846
    outer loop
      vertex 2.341957122256004 14.5 136.4689931108291
      vertex 2.831559480312316 17.5 137.01275161697635
      vertex 2.341957122256004 17.5 136.4689931108291
    endloop
  endfacet
  facet normal -0.8660254037844355 0 0.5000000000000057
    outer loop
      vertex 2.831559480312316 14.5 137.01275161697635
      vertex 3.197409101749103 17.5 137.6464217492347
      vertex 2.831559480312316 17.5 137.01275161697635
    endloop
  endfacet
  facet normal -0.951056516295153 0 0.30901699437494895
    outer loop
      vertex 3.197409101749103 14.5 137.6464217492347
      vertex 3.42351660256832 17.5 138.34230908213783
      vertex 3.197409101749103 17.5 137.6464217492347
    endloop
  endfacet
  facet normal -0.2079116908177697 -1.1179574574716287e-18 -0.9781476007338032
    outer loop
      vertex 1.0815594803123159 14.5 142.39869780703302
      vertex 0.3658496214367871 14.5 142.55082663378894
      vertex 0.3658496214367871 17.5 142.55082663378894
    endloop
  endfacet
  facet normal -0.40673664307579493 0 -0.9135454576426032
    outer loop
      vertex 1.0815594803123159 14.5 142.39869780703302
      vertex 1.0815594803123159 17.5 142.39869780703302
      vertex 1.75 14.5 142.10108891324552
    endloop
  endfacet
  facet normal -0.5877852522924558 1.0052165053417896e-17 -0.80901699437496
    outer loop
      vertex 2.341957122256004 14.5 141.67100688917088
      vertex 1.75 14.5 142.10108891324552
      vertex 1.75 17.5 142.10108891324552
    endloop
  endfacet
  facet normal -0.8660254037844355 0 -0.5000000000000057
    outer loop
      vertex 2.831559480312316 14.5 141.12724838302364
      vertex 2.831559480312316 17.5 141.12724838302364
      vertex 3.197409101749103 14.5 140.4935782507653
    endloop
  endfacet
  facet normal -0.7431448254774052 0 -0.669130606358846
    outer loop
      vertex 2.341957122256004 14.5 141.67100688917088
      vertex 2.341957122256004 17.5 141.67100688917088
      vertex 2.831559480312316 14.5 141.12724838302364
    endloop
  endfacet
  facet normal -0.951056516295153 0 -0.30901699437494895
    outer loop
      vertex 3.197409101749103 14.5 140.4935782507653
      vertex 3.197409101749103 17.5 140.4935782507653
      vertex 3.42351660256832 14.5 139.79769091786216
    endloop
  endfacet
  facet normal -0.9945218953682733 5.85200309527553e-19 0.10452846326765257
    outer loop
      vertex 3.42351660256832 14.5 138.34230908213783
      vertex 3.5 14.5 139.07
      vertex 3.5 17.5 139.07
    endloop
  endfacet
  facet normal -0.9945218953682733 0 -0.10452846326765257
    outer loop
      vertex 3.42351660256832 14.5 139.79769091786216
      vertex 3.42351660256832 17.5 139.79769091786216
      vertex 3.5 14.5 139.07
    endloop
  endfacet
  facet normal 0 0 -1
    outer loop
      vertex 0.3658496214367871 14.5 142.55082663378894
      vertex -0.3658496214367871 17.5 142.55082663378894
      vertex 0.3658496214367871 17.5 142.55082663378894
    endloop
  endfacet
  facet normal -0.2079116908177697 0 -0.9781476007338032
    outer loop
      vertex 1.0815594803123159 14.5 142.39869780703302
      vertex 0.3658496214367871 17.5 142.55082663378894
      vertex 1.0815594803123159 17.5 142.39869780703302
    endloop
  endfacet
  facet normal -0.40673664307579493 0 -0.9135454576426032
    outer loop
      vertex 1.75 14.5 142.10108891324552
      vertex 1.0815594803123159 17.5 142.39869780703302
      vertex 1.75 17.5 142.10108891324552
    endloop
  endfacet
  facet normal -0.5877852522924558 0 -0.80901699437496
    outer loop
      vertex 2.341957122256004 14.5 141.67100688917088
      vertex 1.75 17.5 142.10108891324552
      vertex 2.341957122256004 17.5 141.67100688917088
    endloop
  endfacet
  facet normal -0.7431448254774052 0 -0.669130606358846
    outer loop
      vertex 2.831559480312316 14.5 141.12724838302364
      vertex 2.341957122256004 17.5 141.67100688917088
      vertex 2.831559480312316 17.5 141.12724838302364
    endloop
  endfacet
  facet normal -0.8660254037844355 -1.8448407677342354e-18 -0.5000000000000057
    outer loop
      vertex 2.831559480312316 17.5 141.12724838302364
      vertex 3.197409101749103 17.5 140.4935782507653
      vertex 3.197409101749103 14.5 140.4935782507653
    endloop
  endfacet
  facet normal -0.951056516295153 -7.328247372738421e-19 -0.30901699437494895
    outer loop
      vertex 3.197409101749103 17.5 140.4935782507653
      vertex 3.42351660256832 17.5 139.79769091786216
      vertex 3.42351660256832 14.5 139.79769091786216
    endloop
  endfacet
  facet normal -0.9945218953682733 0 0.10452846326765257
    outer loop
      vertex 3.42351660256832 14.5 138.34230908213783
      vertex 3.5 17.5 139.07
      vertex 3.42351660256832 17.5 138.34230908213783
    endloop
  endfacet
  facet normal -0.9945218953682733 -5.85200309527553e-19 -0.10452846326765257
    outer loop
      vertex 3.42351660256832 17.5 139.79769091786216
      vertex 3.5 17.5 139.07
      vertex 3.5 14.5 139.07
    endloop
  endfacet
  facet normal 0.8660254037844309 0 0.5000000000000135
    outer loop
      vertex -3.197409101749103 8.918499340402413 161.5264217492347
      vertex -2.9356614465620003 9.035036904803958 161.07306151168862
      vertex -3.197409101749103 12.990381056766578 161.5264217492347
    endloop
  endfacet
  facet normal 0.8660254037844469 1.8816030950832093e-18 0.4999999999999856
    outer loop
      vertex -2.9356614465620003 9.035036904803958 161.07306151168862
      vertex -2.831559480312316 9.05716446081308 160.89275161697634
      vertex -2.831559480312316 12.990381056766578 160.89275161697634
    endloop
  endfacet
  facet normal 0.7431448254774052 0 0.669130606358846
    outer loop
      vertex -2.831559480312316 9.05716446081308 160.89275161697634
      vertex -2.341957122256004 9.161232654627065 160.3489931108291
      vertex -2.831559480312316 12.990381056766578 160.89275161697634
    endloop
  endfacet
  facet normal 0.8660254037844355 1.2144103398953533e-15 0.5000000000000056
    outer loop
      vertex -2.9356614465620003 9.035036904803958 161.07306151168862
      vertex -2.831559480312316 12.990381056766578 160.89275161697634
      vertex -3.197409101749103 12.990381056766578 161.5264217492347
    endloop
  endfacet
  facet normal 0.7431448254774052 0 0.669130606358846
    outer loop
      vertex -2.341957122256004 9.161232654627065 160.3489931108291
      vertex -2.341957122256004 12.990381056766578 160.3489931108291
      vertex -2.831559480312316 12.990381056766578 160.89275161697634
    endloop
  endfacet
  facet normal 0.5877852522924557 8.143088453271134e-18 0.80901699437496
    outer loop
      vertex -2.341957122256004 9.161232654627065 160.3489931108291
      vertex -1.75 9.287057025189883 159.91891108675446
      vertex -1.75 12.990381056766578 159.91891108675446
    endloop
  endfacet
  facet normal 0.4067366430757949 1.7014577557514571e-18 0.9135454576426033
    outer loop
      vertex -1.75 9.287057025189883 159.91891108675446
      vertex -1.0815594803123159 9.429138443735619 159.62130219296697
      vertex -1.0815594803123159 12.990381056766578 159.62130219296697
    endloop
  endfacet
  facet normal 0.20791169081789818 0 0.978147600733776
    outer loop
      vertex -1.0815594803123159 9.429138443735619 159.62130219296697
      vertex -0.993020401042708 9.447958005998597 159.60248263070397
      vertex -1.0815594803123159 12.990381056766578 159.62130219296697
    endloop
  endfacet
  facet normal 0.20791169081775154 5.466234672231661e-19 0.9781476007338072
    outer loop
      vertex -0.993020401042708 9.447958005998597 159.60248263070397
      vertex -0.3658496214367871 9.447958005998597 159.46917336621104
      vertex -0.3658496214367871 12.990381056766578 159.46917336621104
    endloop
  endfacet
  facet normal 0.5877852522924558 0 0.80901699437496
    outer loop
      vertex -2.341957122256004 9.161232654627065 160.3489931108291
      vertex -1.75 12.990381056766578 159.91891108675446
      vertex -2.341957122256004 12.990381056766578 160.3489931108291
    endloop
  endfacet
  facet normal 0.40673664307579493 0 0.9135454576426033
    outer loop
      vertex -1.75 9.287057025189883 159.91891108675446
      vertex -1.0815594803123159 12.990381056766578 159.62130219296697
      vertex -1.75 12.990381056766578 159.91891108675446
    endloop
  endfacet
  facet normal 0.9945218953682734 0 0.10452846326765258
    outer loop
      vertex -3.42351660256832 8.817829795074273 162.22230908213783
      vertex -3.42351660256832 12.990381056766578 162.22230908213783
      vertex -3.5 8.783777192587836 162.95
    endloop
  endfacet
  facet normal 0.9945218953682734 0 -0.1045284632676526
    outer loop
      vertex -3.5 8.783777192587836 162.95
      vertex -3.5 12.990381056766578 162.95
      vertex -3.42351660256832 8.817829795074273 163.67769091786215
    endloop
  endfacet
  facet normal 0.9510565162951532 -5.268896830592486e-19 0.30901699437494906
    outer loop
      vertex -3.197409101749103 8.918499340402413 161.5264217492347
      vertex -3.42351660256832 12.990381056766578 162.22230908213783
      vertex -3.42351660256832 8.817829795074273 162.22230908213783
    endloop
  endfacet
  facet normal 0.9510565162951532 0 -0.30901699437494906
    outer loop
      vertex -3.42351660256832 8.817829795074273 163.67769091786215
      vertex -3.42351660256832 12.990381056766578 163.67769091786215
      vertex -3.197409101749103 8.918499340402413 164.3735782507653
    endloop
  endfacet
  facet normal 0.8660254037844309 0 -0.5000000000000135
    outer loop
      vertex -3.197409101749103 8.918499340402413 164.3735782507653
      vertex -3.197409101749103 12.990381056766578 164.3735782507653
      vertex -2.9356614465620003 9.035036904803958 164.82693848831136
    endloop
  endfacet
  facet normal 0.8660254037844467 4.208856049057617e-15 -0.49999999999998607
    outer loop
      vertex -2.9356614465620003 9.035036904803958 164.82693848831136
      vertex -3.197409101749103 12.990381056766578 164.3735782507653
      vertex -2.831559480312316 9.05716446081308 165.00724838302364
    endloop
  endfacet
  facet normal 0.7431448254774052 0 -0.669130606358846
    outer loop
      vertex -2.831559480312316 9.05716446081308 165.00724838302364
      vertex -2.831559480312316 12.990381056766578 165.00724838302364
      vertex -2.341957122256004 9.161232654627065 165.55100688917088
    endloop
  endfacet
  facet normal 0.9945218953682734 0 0.1045284632676526
    outer loop
      vertex -3.5 8.783777192587836 162.95
      vertex -3.42351660256832 12.990381056766578 162.22230908213783
      vertex -3.5 12.990381056766578 162.95
    endloop
  endfacet
  facet normal 0.9945218953682734 0 -0.10452846326765258
    outer loop
      vertex -3.42351660256832 8.817829795074273 163.67769091786215
      vertex -3.5 12.990381056766578 162.95
      vertex -3.42351660256832 12.990381056766578 163.67769091786215
    endloop
  endfacet
  facet normal 0.9510565162951531 0 0.309016994374949
    outer loop
      vertex -3.197409101749103 8.918499340402413 161.5264217492347
      vertex -3.197409101749103 12.990381056766578 161.5264217492347
      vertex -3.42351660256832 12.990381056766578 162.22230908213783
    endloop
  endfacet
  facet normal 0.9510565162951531 0 -0.309016994374949
    outer loop
      vertex -3.197409101749103 8.918499340402413 164.3735782507653
      vertex -3.42351660256832 12.990381056766578 163.67769091786215
      vertex -3.197409101749103 12.990381056766578 164.3735782507653
    endloop
  endfacet
  facet normal 0.8660254037844354 0 -0.5000000000000056
    outer loop
      vertex -2.831559480312316 9.05716446081308 165.00724838302364
      vertex -3.197409101749103 12.990381056766578 164.3735782507653
      vertex -2.831559480312316 12.990381056766578 165.00724838302364
    endloop
  endfacet
  facet normal 0.7431448254774052 0 -0.669130606358846
    outer loop
      vertex -2.341957122256004 9.161232654627065 165.55100688917088
      vertex -2.831559480312316 12.990381056766578 165.00724838302364
      vertex -2.341957122256004 12.990381056766578 165.55100688917088
    endloop
  endfacet
  facet normal 0.5877852522924558 0 -0.80901699437496
    outer loop
      vertex -2.341957122256004 9.161232654627065 165.55100688917088
      vertex -2.341957122256004 12.990381056766578 165.55100688917088
      vertex -1.75 9.287057025189883 165.98108891324551
    endloop
  endfacet
  facet normal 0.40673664307579493 0 -0.9135454576426033
    outer loop
      vertex -1.75 9.287057025189883 165.98108891324551
      vertex -1.75 12.990381056766578 165.98108891324551
      vertex -1.0815594803123159 9.429138443735619 166.278697807033
    endloop
  endfacet
  facet normal 0.20791169081789818 0 -0.978147600733776
    outer loop
      vertex -1.0815594803123159 9.429138443735619 166.278697807033
      vertex -1.0815594803123159 12.990381056766578 166.278697807033
      vertex -0.993020401042708 9.447958005998597 166.297517369296
    endloop
  endfacet
  facet normal 0.20791169081775154 -3.830532505001405e-15 -0.9781476007338072
    outer loop
      vertex -0.993020401042708 9.447958005998597 166.297517369296
      vertex -1.0815594803123159 12.990381056766578 166.278697807033
      vertex -0.3658496214367871 9.447958005998597 166.43082663378894
    endloop
  endfacet
  facet normal 0 0 -1
    outer loop
      vertex -0.3658496214367871 9.447958005998597 166.43082663378894
      vertex -0.3658496214367871 12.990381056766578 166.43082663378894
      vertex 0.3658496214367871 9.447958005998597 166.43082663378894
    endloop
  endfacet
  facet normal 0.5877852522924558 0 -0.80901699437496
    outer loop
      vertex -1.75 9.287057025189883 165.98108891324551
      vertex -2.341957122256004 12.990381056766578 165.55100688917088
      vertex -1.75 12.990381056766578 165.98108891324551
    endloop
  endfacet
  facet normal 0.20791169081776972 -3.3564090697999076e-15 0.9781476007338035
    outer loop
      vertex -0.993020401042708 9.447958005998597 159.60248263070397
      vertex -0.3658496214367871 12.990381056766578 159.46917336621104
      vertex -1.0815594803123159 12.990381056766578 159.62130219296697
    endloop
  endfacet
  facet normal 0 0 1
    outer loop
      vertex -0.3658496214367871 9.447958005998597 159.46917336621104
      vertex 0.3658496214367871 12.990381056766578 159.46917336621104
      vertex -0.3658496214367871 12.990381056766578 159.46917336621104
    endloop
  endfacet
  facet normal 0.4067366430757949 0 -0.9135454576426033
    outer loop
      vertex -1.0815594803123159 9.429138443735619 166.278697807033
      vertex -1.75 12.990381056766578 165.98108891324551
      vertex -1.0815594803123159 12.990381056766578 166.278697807033
    endloop
  endfacet
  facet normal 0.20791169081776972 0 -0.9781476007338035
    outer loop
      vertex -0.3658496214367871 9.447958005998597 166.43082663378894
      vertex -1.0815594803123159 12.990381056766578 166.278697807033
      vertex -0.3658496214367871 12.990381056766578 166.43082663378894
    endloop
  endfacet
  facet normal 0.8660254037844355 0 0.5000000000000057
    outer loop
      vertex -2.831559480312316 14.5 160.89275161697634
      vertex -2.831559480312316 17.5 160.89275161697634
      vertex -3.197409101749103 14.5 161.5264217492347
    endloop
  endfacet
  facet normal 0.7431448254774052 -5.320489868771593e-18 0.669130606358846
    outer loop
      vertex -2.831559480312316 14.5 160.89275161697634
      vertex -2.341957122256004 14.5 160.3489931108291
      vertex -2.341957122256004 17.5 160.3489931108291
    endloop
  endfacet
  facet normal 0.5877852522924558 1.0052165053417896e-17 0.80901699437496
    outer loop
      vertex -2.341957122256004 14.5 160.3489931108291
      vertex -1.75 14.5 159.91891108675446
      vertex -1.75 17.5 159.91891108675446
    endloop
  endfacet
  facet normal 0.40673664307579493 2.0197679546847035e-18 0.9135454576426032
    outer loop
      vertex -1.75 14.5 159.91891108675446
      vertex -1.0815594803123159 14.5 159.62130219296697
      vertex -1.0815594803123159 17.5 159.62130219296697
    endloop
  endfacet
  facet normal 0.2079116908177697 -1.1179574574716287e-18 0.9781476007338032
    outer loop
      vertex -1.0815594803123159 14.5 159.62130219296697
      vertex -0.3658496214367871 14.5 159.46917336621104
      vertex -0.3658496214367871 17.5 159.46917336621104
    endloop
  endfacet
  facet normal 0.9945218953682733 -5.85200309527553e-19 0.10452846326765257
    outer loop
      vertex -3.5 14.5 162.95
      vertex -3.42351660256832 14.5 162.22230908213783
      vertex -3.42351660256832 17.5 162.22230908213783
    endloop
  endfacet
  facet normal 0.9945218953682733 0 -0.10452846326765257
    outer loop
      vertex -3.5 17.5 162.95
      vertex -3.42351660256832 14.5 163.67769091786215
      vertex -3.5 14.5 162.95
    endloop
  endfacet
  facet normal 0.951056516295153 0 0.30901699437494895
    outer loop
      vertex -3.197409101749103 14.5 161.5264217492347
      vertex -3.197409101749103 17.5 161.5264217492347
      vertex -3.42351660256832 14.5 162.22230908213783
    endloop
  endfacet
  facet normal 0.951056516295153 0 -0.30901699437494895
    outer loop
      vertex -3.42351660256832 17.5 163.67769091786215
      vertex -3.197409101749103 14.5 164.3735782507653
      vertex -3.42351660256832 14.5 163.67769091786215
    endloop
  endfacet
  facet normal 0.8660254037844355 0 -0.5000000000000057
    outer loop
      vertex -3.197409101749103 17.5 164.3735782507653
      vertex -2.831559480312316 14.5 165.00724838302364
      vertex -3.197409101749103 14.5 164.3735782507653
    endloop
  endfacet
  facet normal 0.7431448254774052 5.320489868771593e-18 -0.669130606358846
    outer loop
      vertex -2.341957122256004 14.5 165.55100688917088
      vertex -2.831559480312316 14.5 165.00724838302364
      vertex -2.831559480312316 17.5 165.00724838302364
    endloop
  endfacet
  facet normal 0.5877852522924558 -1.0052165053417896e-17 -0.80901699437496
    outer loop
      vertex -1.75 14.5 165.98108891324551
      vertex -2.341957122256004 14.5 165.55100688917088
      vertex -2.341957122256004 17.5 165.55100688917088
    endloop
  endfacet
  facet normal 0.40673664307579493 0 -0.9135454576426032
    outer loop
      vertex -1.75 14.5 165.98108891324551
      vertex -1.75 17.5 165.98108891324551
      vertex -1.0815594803123159 14.5 166.278697807033
    endloop
  endfacet
  facet normal 0.2079116908177697 0 -0.9781476007338032
    outer loop
      vertex -1.0815594803123159 17.5 166.278697807033
      vertex -0.3658496214367871 14.5 166.43082663378894
      vertex -1.0815594803123159 14.5 166.278697807033
    endloop
  endfacet
  facet normal 0 0 -1
    outer loop
      vertex 0.3658496214367871 14.5 166.43082663378894
      vertex -0.3658496214367871 14.5 166.43082663378894
      vertex -0.3658496214367871 17.5 166.43082663378894
    endloop
  endfacet
  facet normal 0.8660254037844355 0 0.5000000000000057
    outer loop
      vertex -3.197409101749103 14.5 161.5264217492347
      vertex -2.831559480312316 17.5 160.89275161697634
      vertex -3.197409101749103 17.5 161.5264217492347
    endloop
  endfacet
  facet normal 0.7431448254774052 0 0.669130606358846
    outer loop
      vertex -2.831559480312316 14.5 160.89275161697634
      vertex -2.341957122256004 17.5 160.3489931108291
      vertex -2.831559480312316 17.5 160.89275161697634
    endloop
  endfacet
  facet normal 0.5877852522924558 0 0.80901699437496
    outer loop
      vertex -2.341957122256004 14.5 160.3489931108291
      vertex -1.75 17.5 159.91891108675446
      vertex -2.341957122256004 17.5 160.3489931108291
    endloop
  endfacet
  facet normal 0.40673664307579493 0 0.9135454576426032
    outer loop
      vertex -1.75 17.5 159.91891108675446
      vertex -1.75 14.5 159.91891108675446
      vertex -1.0815594803123159 17.5 159.62130219296697
    endloop
  endfacet
  facet normal 0.2079116908177697 0 0.9781476007338032
    outer loop
      vertex -1.0815594803123159 14.5 159.62130219296697
      vertex -0.3658496214367871 17.5 159.46917336621104
      vertex -1.0815594803123159 17.5 159.62130219296697
    endloop
  endfacet
  facet normal 0 0 1
    outer loop
      vertex -0.3658496214367871 14.5 159.46917336621104
      vertex 0.3658496214367871 17.5 159.46917336621104
      vertex -0.3658496214367871 17.5 159.46917336621104
    endloop
  endfacet
  facet normal 0.9945218953682733 0 0.10452846326765257
    outer loop
      vertex -3.5 14.5 162.95
      vertex -3.42351660256832 17.5 162.22230908213783
      vertex -3.5 17.5 162.95
    endloop
  endfacet
  facet normal 0.9945218953682733 5.85200309527553e-19 -0.10452846326765257
    outer loop
      vertex -3.5 17.5 162.95
      vertex -3.42351660256832 17.5 163.67769091786215
      vertex -3.42351660256832 14.5 163.67769091786215
    endloop
  endfacet
  facet normal 0.951056516295153 -7.328247372738421e-19 0.30901699437494895
    outer loop
      vertex -3.197409101749103 17.5 161.5264217492347
      vertex -3.42351660256832 17.5 162.22230908213783
      vertex -3.42351660256832 14.5 162.22230908213783
    endloop
  endfacet
  facet normal 0.951056516295153 7.328247372738421e-19 -0.30901699437494895
    outer loop
      vertex -3.42351660256832 17.5 163.67769091786215
      vertex -3.197409101749103 17.5 164.3735782507653
      vertex -3.197409101749103 14.5 164.3735782507653
    endloop
  endfacet
  facet normal 0.8660254037844355 0 -0.5000000000000057
    outer loop
      vertex -2.831559480312316 14.5 165.00724838302364
      vertex -3.197409101749103 17.5 164.3735782507653
      vertex -2.831559480312316 17.5 165.00724838302364
    endloop
  endfacet
  facet normal 0.7431448254774052 0 -0.669130606358846
    outer loop
      vertex -2.341957122256004 14.5 165.55100688917088
      vertex -2.831559480312316 17.5 165.00724838302364
      vertex -2.341957122256004 17.5 165.55100688917088
    endloop
  endfacet
  facet normal 0.5877852522924558 0 -0.80901699437496
    outer loop
      vertex -1.75 14.5 165.98108891324551
      vertex -2.341957122256004 17.5 165.55100688917088
      vertex -1.75 17.5 165.98108891324551
    endloop
  endfacet
  facet normal 0.40673664307579493 0 -0.9135454576426032
    outer loop
      vertex -1.0815594803123159 14.5 166.278697807033
      vertex -1.75 17.5 165.98108891324551
      vertex -1.0815594803123159 17.5 166.278697807033
    endloop
  endfacet
  facet normal 0.2079116908177697 0 -0.9781476007338032
    outer loop
      vertex -0.3658496214367871 14.5 166.43082663378894
      vertex -1.0815594803123159 17.5 166.278697807033
      vertex -0.3658496214367871 17.5 166.43082663378894
    endloop
  endfacet
  facet normal 0 0 1
    outer loop
      vertex -0.3658496214367871 9.447958005998597 159.46917336621104
      vertex 0.3658496214367871 9.447958005998597 159.46917336621104
      vertex 0.3658496214367871 12.990381056766578 159.46917336621104
    endloop
  endfacet
  facet normal -0.20791169081775154 -3.831551093674399e-15 0.9781476007338072
    outer loop
      vertex 0.3658496214367871 9.447958005998597 159.46917336621104
      vertex 0.993020401042708 9.447958005998597 159.60248263070397
      vertex 1.0815594803123159 12.990381056766578 159.62130219296697
    endloop
  endfacet
  facet normal -0.2079116908178982 -9.009045010612542e-21 0.978147600733776
    outer loop
      vertex 0.993020401042708 9.447958005998597 159.60248263070397
      vertex 1.0815594803123159 9.429138443735619 159.62130219296697
      vertex 1.0815594803123159 12.990381056766578 159.62130219296697
    endloop
  endfacet
  facet normal -0.40673664307579493 -1.6361797704950906e-18 0.9135454576426033
    outer loop
      vertex 1.0815594803123159 9.429138443735619 159.62130219296697
      vertex 1.75 9.287057025189883 159.91891108675446
      vertex 1.75 12.990381056766578 159.91891108675446
    endloop
  endfacet
  facet normal -0.5877852522924558 -7.875509641622649e-18 0.80901699437496
    outer loop
      vertex 1.75 9.287057025189883 159.91891108675446
      vertex 2.341957122256004 9.161232654627065 160.3489931108291
      vertex 2.341957122256004 12.990381056766578 160.3489931108291
    endloop
  endfacet
  facet normal -0.5877852522924558 0 0.80901699437496
    outer loop
      vertex 1.75 9.287057025189883 159.91891108675446
      vertex 2.341957122256004 12.990381056766578 160.3489931108291
      vertex 1.75 12.990381056766578 159.91891108675446
    endloop
  endfacet
  facet normal -0.8660254037844309 -5.521180070555304e-19 0.5000000000000135
    outer loop
      vertex 2.9356614465620003 9.035036904803958 161.07306151168862
      vertex 3.197409101749103 8.918499340402413 161.5264217492347
      vertex 3.197409101749103 12.990381056766578 161.5264217492347
    endloop
  endfacet
  facet normal -0.7431448254774052 4.058121188326108e-18 0.6691306063588461
    outer loop
      vertex 2.341957122256004 9.161232654627065 160.3489931108291
      vertex 2.831559480312316 9.05716446081308 160.89275161697634
      vertex 2.831559480312316 12.990381056766578 160.89275161697634
    endloop
  endfacet
  facet normal -0.8660254037844467 4.198496497196226e-15 0.49999999999998607
    outer loop
      vertex 2.831559480312316 9.05716446081308 160.89275161697634
      vertex 2.9356614465620003 9.035036904803958 161.07306151168862
      vertex 3.197409101749103 12.990381056766578 161.5264217492347
    endloop
  endfacet
  facet normal -0.7431448254774052 0 0.669130606358846
    outer loop
      vertex 2.341957122256004 9.161232654627065 160.3489931108291
      vertex 2.831559480312316 12.990381056766578 160.89275161697634
      vertex 2.341957122256004 12.990381056766578 160.3489931108291
    endloop
  endfacet
  facet normal -0.8660254037844354 0 0.5000000000000056
    outer loop
      vertex 2.831559480312316 9.05716446081308 160.89275161697634
      vertex 3.197409101749103 12.990381056766578 161.5264217492347
      vertex 2.831559480312316 12.990381056766578 160.89275161697634
    endloop
  endfacet
  facet normal -0.20791169081775154 0 -0.9781476007338072
    outer loop
      vertex 0.3658496214367871 9.447958005998597 166.43082663378894
      vertex 0.3658496214367871 12.990381056766578 166.43082663378894
      vertex 0.993020401042708 9.447958005998597 166.297517369296
    endloop
  endfacet
  facet normal -0.20791169081789818 9.009045010612542e-21 -0.978147600733776
    outer loop
      vertex 0.993020401042708 9.447958005998597 166.297517369296
      vertex 1.0815594803123159 12.990381056766578 166.278697807033
      vertex 1.0815594803123159 9.429138443735619 166.278697807033
    endloop
  endfacet
  facet normal -0.4067366430757949 0 -0.9135454576426033
    outer loop
      vertex 1.0815594803123159 9.429138443735619 166.278697807033
      vertex 1.0815594803123159 12.990381056766578 166.278697807033
      vertex 1.75 9.287057025189883 165.98108891324551
    endloop
  endfacet
  facet normal -0.5877852522924558 0 -0.80901699437496
    outer loop
      vertex 1.75 9.287057025189883 165.98108891324551
      vertex 1.75 12.990381056766578 165.98108891324551
      vertex 2.341957122256004 9.161232654627065 165.55100688917088
    endloop
  endfacet
  facet normal -0.40673664307579493 0 -0.9135454576426033
    outer loop
      vertex 1.75 9.287057025189883 165.98108891324551
      vertex 1.0815594803123159 12.990381056766578 166.278697807033
      vertex 1.75 12.990381056766578 165.98108891324551
    endloop
  endfacet
  facet normal -0.5877852522924558 0 -0.80901699437496
    outer loop
      vertex 2.341957122256004 9.161232654627065 165.55100688917088
      vertex 1.75 12.990381056766578 165.98108891324551
      vertex 2.341957122256004 12.990381056766578 165.55100688917088
    endloop
  endfacet
  facet normal -0.8660254037844309 0 -0.5000000000000135
    outer loop
      vertex 3.197409101749103 8.918499340402413 164.3735782507653
      vertex 2.9356614465620003 9.035036904803958 164.82693848831136
      vertex 3.197409101749103 12.990381056766578 164.3735782507653
    endloop
  endfacet
  facet normal -0.9510565162951532 5.268896830592486e-19 0.30901699437494906
    outer loop
      vertex 3.197409101749103 8.918499340402413 161.5264217492347
      vertex 3.42351660256832 8.817829795074273 162.22230908213783
      vertex 3.42351660256832 12.990381056766578 162.22230908213783
    endloop
  endfacet
  facet normal -0.9510565162951532 -5.268896830592486e-19 -0.30901699437494906
    outer loop
      vertex 3.197409101749103 8.918499340402413 164.3735782507653
      vertex 3.42351660256832 12.990381056766578 163.67769091786215
      vertex 3.42351660256832 8.817829795074273 163.67769091786215
    endloop
  endfacet
  facet normal -0.9945218953682734 4.1734401081415026e-19 0.1045284632676526
    outer loop
      vertex 3.42351660256832 8.817829795074273 162.22230908213783
      vertex 3.5 8.783777192587836 162.95
      vertex 3.5 12.990381056766578 162.95
    endloop
  endfacet
  facet normal -0.9945218953682734 -4.2074999645914997e-19 -0.10452846326765258
    outer loop
      vertex 3.5 8.783777192587836 162.95
      vertex 3.42351660256832 8.817829795074273 163.67769091786215
      vertex 3.42351660256832 12.990381056766578 163.67769091786215
    endloop
  endfacet
  facet normal -0.7431448254774052 -4.058121188326108e-18 -0.6691306063588459
    outer loop
      vertex 2.341957122256004 9.161232654627065 165.55100688917088
      vertex 2.831559480312316 12.990381056766578 165.00724838302364
      vertex 2.831559480312316 9.05716446081308 165.00724838302364
    endloop
  endfacet
  facet normal -0.8660254037844469 0 -0.4999999999999856
    outer loop
      vertex 2.831559480312316 9.05716446081308 165.00724838302364
      vertex 2.831559480312316 12.990381056766578 165.00724838302364
      vertex 2.9356614465620003 9.035036904803958 164.82693848831136
    endloop
  endfacet
  facet normal -0.7431448254774052 0 -0.669130606358846
    outer loop
      vertex 2.341957122256004 9.161232654627065 165.55100688917088
      vertex 2.341957122256004 12.990381056766578 165.55100688917088
      vertex 2.831559480312316 12.990381056766578 165.00724838302364
    endloop
  endfacet
  facet normal -0.8660254037844355 1.2144103398953533e-15 -0.5000000000000056
    outer loop
      vertex 2.9356614465620003 9.035036904803958 164.82693848831136
      vertex 2.831559480312316 12.990381056766578 165.00724838302364
      vertex 3.197409101749103 12.990381056766578 164.3735782507653
    endloop
  endfacet
  facet normal -0.9510565162951531 0 0.309016994374949
    outer loop
      vertex 3.197409101749103 8.918499340402413 161.5264217492347
      vertex 3.42351660256832 12.990381056766578 162.22230908213783
      vertex 3.197409101749103 12.990381056766578 161.5264217492347
    endloop
  endfacet
  facet normal -0.9510565162951531 0 -0.309016994374949
    outer loop
      vertex 3.197409101749103 8.918499340402413 164.3735782507653
      vertex 3.197409101749103 12.990381056766578 164.3735782507653
      vertex 3.42351660256832 12.990381056766578 163.67769091786215
    endloop
  endfacet
  facet normal -0.9945218953682734 0 0.10452846326765258
    outer loop
      vertex 3.42351660256832 8.817829795074273 162.22230908213783
      vertex 3.5 12.990381056766578 162.95
      vertex 3.42351660256832 12.990381056766578 162.22230908213783
    endloop
  endfacet
  facet normal -0.9945218953682734 0 -0.1045284632676526
    outer loop
      vertex 3.5 8.783777192587836 162.95
      vertex 3.42351660256832 12.990381056766578 163.67769091786215
      vertex 3.5 12.990381056766578 162.95
    endloop
  endfacet
  facet normal -0.20791169081776972 0 0.9781476007338035
    outer loop
      vertex 0.3658496214367871 9.447958005998597 159.46917336621104
      vertex 1.0815594803123159 12.990381056766578 159.62130219296697
      vertex 0.3658496214367871 12.990381056766578 159.46917336621104
    endloop
  endfacet
  facet normal -0.4067366430757949 0 0.9135454576426033
    outer loop
      vertex 1.0815594803123159 9.429138443735619 159.62130219296697
      vertex 1.75 12.990381056766578 159.91891108675446
      vertex 1.0815594803123159 12.990381056766578 159.62130219296697
    endloop
  endfacet
  facet normal 0 0 -1
    outer loop
      vertex 0.3658496214367871 9.447958005998597 166.43082663378894
      vertex -0.3658496214367871 12.990381056766578 166.43082663378894
      vertex 0.3658496214367871 12.990381056766578 166.43082663378894
    endloop
  endfacet
  facet normal -0.20791169081776972 -3.3564090697999076e-15 -0.9781476007338035
    outer loop
      vertex 0.993020401042708 9.447958005998597 166.297517369296
      vertex 0.3658496214367871 12.990381056766578 166.43082663378894
      vertex 1.0815594803123159 12.990381056766578 166.278697807033
    endloop
  endfacet
  facet normal 0 0 1
    outer loop
      vertex -0.3658496214367871 14.5 159.46917336621104
      vertex 0.3658496214367871 14.5 159.46917336621104
      vertex 0.3658496214367871 17.5 159.46917336621104
    endloop
  endfacet
  facet normal -0.2079116908177697 0 0.9781476007338032
    outer loop
      vertex 1.0815594803123159 17.5 159.62130219296697
      vertex 0.3658496214367871 14.5 159.46917336621104
      vertex 1.0815594803123159 14.5 159.62130219296697
    endloop
  endfacet
  facet normal -0.40673664307579493 -2.0197679546847035e-18 0.9135454576426032
    outer loop
      vertex 1.0815594803123159 14.5 159.62130219296697
      vertex 1.75 14.5 159.91891108675446
      vertex 1.75 17.5 159.91891108675446
    endloop
  endfacet
  facet normal -0.5877852522924558 -1.0052165053417896e-17 0.80901699437496
    outer loop
      vertex 1.75 14.5 159.91891108675446
      vertex 2.341957122256004 14.5 160.3489931108291
      vertex 2.341957122256004 17.5 160.3489931108291
    endloop
  endfacet
  facet normal -0.7431448254774052 5.320489868771593e-18 0.669130606358846
    outer loop
      vertex 2.341957122256004 14.5 160.3489931108291
      vertex 2.831559480312316 14.5 160.89275161697634
      vertex 2.831559480312316 17.5 160.89275161697634
    endloop
  endfacet
  facet normal -0.8660254037844355 1.8448407677342354e-18 0.5000000000000057
    outer loop
      vertex 2.831559480312316 14.5 160.89275161697634
      vertex 3.197409101749103 14.5 161.5264217492347
      vertex 3.197409101749103 17.5 161.5264217492347
    endloop
  endfacet
  facet normal -0.2079116908177697 -1.1179574574716287e-18 -0.9781476007338032
    outer loop
      vertex 1.0815594803123159 14.5 166.278697807033
      vertex 0.3658496214367871 14.5 166.43082663378894
      vertex 0.3658496214367871 17.5 166.43082663378894
    endloop
  endfacet
  facet normal -0.40673664307579493 0 -0.9135454576426032
    outer loop
      vertex 1.0815594803123159 14.5 166.278697807033
      vertex 1.0815594803123159 17.5 166.278697807033
      vertex 1.75 14.5 165.98108891324551
    endloop
  endfacet
  facet normal -0.5877852522924558 1.0052165053417896e-17 -0.80901699437496
    outer loop
      vertex 2.341957122256004 14.5 165.55100688917088
      vertex 1.75 14.5 165.98108891324551
      vertex 1.75 17.5 165.98108891324551
    endloop
  endfacet
  facet normal -0.7431448254774052 0 -0.669130606358846
    outer loop
      vertex 2.341957122256004 14.5 165.55100688917088
      vertex 2.341957122256004 17.5 165.55100688917088
      vertex 2.831559480312316 14.5 165.00724838302364
    endloop
  endfacet
  facet normal -0.8660254037844355 0 -0.5000000000000057
    outer loop
      vertex 2.831559480312316 14.5 165.00724838302364
      vertex 2.831559480312316 17.5 165.00724838302364
      vertex 3.197409101749103 14.5 164.3735782507653
    endloop
  endfacet
  facet normal -0.951056516295153 7.328247372738421e-19 0.30901699437494895
    outer loop
      vertex 3.197409101749103 14.5 161.5264217492347
      vertex 3.42351660256832 14.5 162.22230908213783
      vertex 3.42351660256832 17.5 162.22230908213783
    endloop
  endfacet
  facet normal -0.951056516295153 0 -0.30901699437494895
    outer loop
      vertex 3.197409101749103 14.5 164.3735782507653
      vertex 3.197409101749103 17.5 164.3735782507653
      vertex 3.42351660256832 14.5 163.67769091786215
    endloop
  endfacet
  facet normal -0.9945218953682733 5.85200309527553e-19 0.10452846326765257
    outer loop
      vertex 3.42351660256832 14.5 162.22230908213783
      vertex 3.5 14.5 162.95
      vertex 3.5 17.5 162.95
    endloop
  endfacet
  facet normal -0.9945218953682733 0 -0.10452846326765257
    outer loop
      vertex 3.42351660256832 14.5 163.67769091786215
      vertex 3.42351660256832 17.5 163.67769091786215
      vertex 3.5 14.5 162.95
    endloop
  endfacet
  facet normal -0.2079116908177697 0 0.9781476007338032
    outer loop
      vertex 0.3658496214367871 14.5 159.46917336621104
      vertex 1.0815594803123159 17.5 159.62130219296697
      vertex 0.3658496214367871 17.5 159.46917336621104
    endloop
  endfacet
  facet normal -0.40673664307579493 0 0.9135454576426032
    outer loop
      vertex 1.0815594803123159 14.5 159.62130219296697
      vertex 1.75 17.5 159.91891108675446
      vertex 1.0815594803123159 17.5 159.62130219296697
    endloop
  endfacet
  facet normal -0.5877852522924558 0 0.80901699437496
    outer loop
      vertex 1.75 14.5 159.91891108675446
      vertex 2.341957122256004 17.5 160.3489931108291
      vertex 1.75 17.5 159.91891108675446
    endloop
  endfacet
  facet normal -0.7431448254774052 0 0.669130606358846
    outer loop
      vertex 2.341957122256004 14.5 160.3489931108291
      vertex 2.831559480312316 17.5 160.89275161697634
      vertex 2.341957122256004 17.5 160.3489931108291
    endloop
  endfacet
  facet normal -0.8660254037844355 0 0.5000000000000057
    outer loop
      vertex 2.831559480312316 14.5 160.89275161697634
      vertex 3.197409101749103 17.5 161.5264217492347
      vertex 2.831559480312316 17.5 160.89275161697634
    endloop
  endfacet
  facet normal 0 0 -1
    outer loop
      vertex 0.3658496214367871 14.5 166.43082663378894
      vertex -0.3658496214367871 17.5 166.43082663378894
      vertex 0.3658496214367871 17.5 166.43082663378894
    endloop
  endfacet
  facet normal -0.2079116908177697 0 -0.9781476007338032
    outer loop
      vertex 1.0815594803123159 14.5 166.278697807033
      vertex 0.3658496214367871 17.5 166.43082663378894
      vertex 1.0815594803123159 17.5 166.278697807033
    endloop
  endfacet
  facet normal -0.40673664307579493 0 -0.9135454576426032
    outer loop
      vertex 1.75 14.5 165.98108891324551
      vertex 1.0815594803123159 17.5 166.278697807033
      vertex 1.75 17.5 165.98108891324551
    endloop
  endfacet
  facet normal -0.5877852522924558 0 -0.80901699437496
    outer loop
      vertex 2.341957122256004 14.5 165.55100688917088
      vertex 1.75 17.5 165.98108891324551
      vertex 2.341957122256004 17.5 165.55100688917088
    endloop
  endfacet
  facet normal -0.7431448254774052 0 -0.669130606358846
    outer loop
      vertex 2.831559480312316 14.5 165.00724838302364
      vertex 2.341957122256004 17.5 165.55100688917088
      vertex 2.831559480312316 17.5 165.00724838302364
    endloop
  endfacet
  facet normal -0.8660254037844355 -1.8448407677342354e-18 -0.5000000000000057
    outer loop
      vertex 2.831559480312316 17.5 165.00724838302364
      vertex 3.197409101749103 17.5 164.3735782507653
      vertex 3.197409101749103 14.5 164.3735782507653
    endloop
  endfacet
  facet normal -0.951056516295153 0 0.30901699437494895
    outer loop
      vertex 3.197409101749103 14.5 161.5264217492347
      vertex 3.42351660256832 17.5 162.22230908213783
      vertex 3.197409101749103 17.5 161.5264217492347
    endloop
  endfacet
  facet normal -0.951056516295153 -7.328247372738421e-19 -0.30901699437494895
    outer loop
      vertex 3.197409101749103 17.5 164.3735782507653
      vertex 3.42351660256832 17.5 163.67769091786215
      vertex 3.42351660256832 14.5 163.67769091786215
    endloop
  endfacet
  facet normal -0.9945218953682733 0 0.10452846326765257
    outer loop
      vertex 3.42351660256832 14.5 162.22230908213783
      vertex 3.5 17.5 162.95
      vertex 3.42351660256832 17.5 162.22230908213783
    endloop
  endfacet
  facet normal -0.9945218953682733 -5.85200309527553e-19 -0.10452846326765257
    outer loop
      vertex 3.42351660256832 17.5 163.67769091786215
      vertex 3.5 17.5 162.95
      vertex 3.5 14.5 162.95
    endloop
  endfacet
  facet normal 0.9510565162951532 0 0.30901699437494906
    outer loop
      vertex -3.42351660256832 8.817829795074273 173.16230908213782
      vertex -3.197409101749103 8.918499340402413 172.46642174923468
      vertex -3.42351660256832 12.990381056766578 173.16230908213782
    endloop
  endfacet
  facet normal 0.8660254037844309 0 0.5000000000000135
    outer loop
      vertex -3.197409101749103 8.918499340402413 172.46642174923468
      vertex -2.9356614465620003 9.035036904803958 172.01306151168862
      vertex -3.197409101749103 12.990381056766578 172.46642174923468
    endloop
  endfacet
  facet normal 0.8660254037844469 1.8816030950832093e-18 0.4999999999999856
    outer loop
      vertex -2.9356614465620003 9.035036904803958 172.01306151168862
      vertex -2.831559480312316 9.05716446081308 171.83275161697634
      vertex -2.831559480312316 12.990381056766578 171.83275161697634
    endloop
  endfacet
  facet normal 0.7431448254774052 0 0.669130606358846
    outer loop
      vertex -2.831559480312316 9.05716446081308 171.83275161697634
      vertex -2.341957122256004 9.161232654627065 171.2889931108291
      vertex -2.831559480312316 12.990381056766578 171.83275161697634
    endloop
  endfacet
  facet normal 0.9945218953682734 0 0.10452846326765258
    outer loop
      vertex -3.42351660256832 8.817829795074273 173.16230908213782
      vertex -3.42351660256832 12.990381056766578 173.16230908213782
      vertex -3.5 8.783777192587836 173.89
    endloop
  endfacet
  facet normal 0.9945218953682734 0 -0.1045284632676526
    outer loop
      vertex -3.5 8.783777192587836 173.89
      vertex -3.5 12.990381056766578 173.89
      vertex -3.42351660256832 8.817829795074273 174.61769091786215
    endloop
  endfacet
  facet normal 0.9510565162951532 0 -0.30901699437494906
    outer loop
      vertex -3.42351660256832 8.817829795074273 174.61769091786215
      vertex -3.42351660256832 12.990381056766578 174.61769091786215
      vertex -3.197409101749103 8.918499340402413 175.3135782507653
    endloop
  endfacet
  facet normal 0.8660254037844309 0 -0.5000000000000135
    outer loop
      vertex -3.197409101749103 8.918499340402413 175.3135782507653
      vertex -3.197409101749103 12.990381056766578 175.3135782507653
      vertex -2.9356614465620003 9.035036904803958 175.76693848831135
    endloop
  endfacet
  facet normal 0.8660254037844467 4.208856049057617e-15 -0.49999999999998607
    outer loop
      vertex -2.9356614465620003 9.035036904803958 175.76693848831135
      vertex -3.197409101749103 12.990381056766578 175.3135782507653
      vertex -2.831559480312316 9.05716446081308 175.94724838302363
    endloop
  endfacet
  facet normal 0.7431448254774052 0 -0.669130606358846
    outer loop
      vertex -2.831559480312316 9.05716446081308 175.94724838302363
      vertex -2.831559480312316 12.990381056766578 175.94724838302363
      vertex -2.341957122256004 9.161232654627065 176.49100688917088
    endloop
  endfacet
  facet normal 0.9510565162951531 0 0.309016994374949
    outer loop
      vertex -3.197409101749103 8.918499340402413 172.46642174923468
      vertex -3.197409101749103 12.990381056766578 172.46642174923468
      vertex -3.42351660256832 12.990381056766578 173.16230908213782
    endloop
  endfacet
  facet normal 0.8660254037844355 1.2144103398953533e-15 0.5000000000000056
    outer loop
      vertex -2.9356614465620003 9.035036904803958 172.01306151168862
      vertex -2.831559480312316 12.990381056766578 171.83275161697634
      vertex -3.197409101749103 12.990381056766578 172.46642174923468
    endloop
  endfacet
  facet normal 0.7431448254774052 0 0.669130606358846
    outer loop
      vertex -2.341957122256004 9.161232654627065 171.2889931108291
      vertex -2.341957122256004 12.990381056766578 171.2889931108291
      vertex -2.831559480312316 12.990381056766578 171.83275161697634
    endloop
  endfacet
  facet normal 0.9945218953682734 0 0.1045284632676526
    outer loop
      vertex -3.5 8.783777192587836 173.89
      vertex -3.42351660256832 12.990381056766578 173.16230908213782
      vertex -3.5 12.990381056766578 173.89
    endloop
  endfacet
  facet normal 0.9945218953682734 0 -0.10452846326765258
    outer loop
      vertex -3.42351660256832 8.817829795074273 174.61769091786215
      vertex -3.5 12.990381056766578 173.89
      vertex -3.42351660256832 12.990381056766578 174.61769091786215
    endloop
  endfacet
  facet normal 0.9510565162951531 0 -0.309016994374949
    outer loop
      vertex -3.197409101749103 8.918499340402413 175.3135782507653
      vertex -3.42351660256832 12.990381056766578 174.61769091786215
      vertex -3.197409101749103 12.990381056766578 175.3135782507653
    endloop
  endfacet
  facet normal 0.8660254037844354 0 -0.5000000000000056
    outer loop
      vertex -2.831559480312316 9.05716446081308 175.94724838302363
      vertex -3.197409101749103 12.990381056766578 175.3135782507653
      vertex -2.831559480312316 12.990381056766578 175.94724838302363
    endloop
  endfacet
  facet normal 0.7431448254774052 0 -0.669130606358846
    outer loop
      vertex -2.341957122256004 9.161232654627065 176.49100688917088
      vertex -2.831559480312316 12.990381056766578 175.94724838302363
      vertex -2.341957122256004 12.990381056766578 176.49100688917088
    endloop
  endfacet
  facet normal 0.5877852522924557 8.143088453271134e-18 0.80901699437496
    outer loop
      vertex -2.341957122256004 9.161232654627065 171.2889931108291
      vertex -1.75 9.287057025189883 170.85891108675446
      vertex -1.75 12.990381056766578 170.85891108675446
    endloop
  endfacet
  facet normal 0.4067366430757949 1.7014577557514571e-18 0.9135454576426033
    outer loop
      vertex -1.75 9.287057025189883 170.85891108675446
      vertex -1.0815594803123159 9.429138443735619 170.56130219296696
      vertex -1.0815594803123159 12.990381056766578 170.56130219296696
    endloop
  endfacet
  facet normal 0.20791169081789818 0 0.978147600733776
    outer loop
      vertex -1.0815594803123159 9.429138443735619 170.56130219296696
      vertex -0.993020401042708 9.447958005998597 170.54248263070397
      vertex -1.0815594803123159 12.990381056766578 170.56130219296696
    endloop
  endfacet
  facet normal 0.20791169081775154 5.466234672231661e-19 0.9781476007338072
    outer loop
      vertex -0.993020401042708 9.447958005998597 170.54248263070397
      vertex -0.3658496214367871 9.447958005998597 170.40917336621104
      vertex -0.3658496214367871 12.990381056766578 170.40917336621104
    endloop
  endfacet
  facet normal 0.5877852522924558 0 -0.80901699437496
    outer loop
      vertex -2.341957122256004 9.161232654627065 176.49100688917088
      vertex -2.341957122256004 12.990381056766578 176.49100688917088
      vertex -1.75 9.287057025189883 176.9210889132455
    endloop
  endfacet
  facet normal 0.40673664307579493 0 -0.9135454576426033
    outer loop
      vertex -1.75 9.287057025189883 176.9210889132455
      vertex -1.75 12.990381056766578 176.9210889132455
      vertex -1.0815594803123159 9.429138443735619 177.218697807033
    endloop
  endfacet
  facet normal 0.20791169081789818 0 -0.978147600733776
    outer loop
      vertex -1.0815594803123159 9.429138443735619 177.218697807033
      vertex -1.0815594803123159 12.990381056766578 177.218697807033
      vertex -0.993020401042708 9.447958005998597 177.237517369296
    endloop
  endfacet
  facet normal 0.20791169081775154 -3.830532505001405e-15 -0.9781476007338072
    outer loop
      vertex -0.993020401042708 9.447958005998597 177.237517369296
      vertex -1.0815594803123159 12.990381056766578 177.218697807033
      vertex -0.3658496214367871 9.447958005998597 177.37082663378894
    endloop
  endfacet
  facet normal 0.5877852522924558 0 0.80901699437496
    outer loop
      vertex -2.341957122256004 9.161232654627065 171.2889931108291
      vertex -1.75 12.990381056766578 170.85891108675446
      vertex -2.341957122256004 12.990381056766578 171.2889931108291
    endloop
  endfacet
  facet normal 0.40673664307579493 0 0.9135454576426033
    outer loop
      vertex -1.75 9.287057025189883 170.85891108675446
      vertex -1.0815594803123159 12.990381056766578 170.56130219296696
      vertex -1.75 12.990381056766578 170.85891108675446
    endloop
  endfacet
  facet normal 0.5877852522924558 0 -0.80901699437496
    outer loop
      vertex -1.75 9.287057025189883 176.9210889132455
      vertex -2.341957122256004 12.990381056766578 176.49100688917088
      vertex -1.75 12.990381056766578 176.9210889132455
    endloop
  endfacet
  facet normal 0.20791169081776972 -3.3564090697999076e-15 0.9781476007338035
    outer loop
      vertex -0.993020401042708 9.447958005998597 170.54248263070397
      vertex -0.3658496214367871 12.990381056766578 170.40917336621104
      vertex -1.0815594803123159 12.990381056766578 170.56130219296696
    endloop
  endfacet
  facet normal 0 0 1
    outer loop
      vertex -0.3658496214367871 9.447958005998597 170.40917336621104
      vertex 0.3658496214367871 12.990381056766578 170.40917336621104
      vertex -0.3658496214367871 12.990381056766578 170.40917336621104
    endloop
  endfacet
  facet normal 0.4067366430757949 0 -0.9135454576426033
    outer loop
      vertex -1.0815594803123159 9.429138443735619 177.218697807033
      vertex -1.75 12.990381056766578 176.9210889132455
      vertex -1.0815594803123159 12.990381056766578 177.218697807033
    endloop
  endfacet
  facet normal 0.20791169081776972 0 -0.9781476007338035
    outer loop
      vertex -0.3658496214367871 9.447958005998597 177.37082663378894
      vertex -1.0815594803123159 12.990381056766578 177.218697807033
      vertex -0.3658496214367871 12.990381056766578 177.37082663378894
    endloop
  endfacet
  facet normal 0 0 -1
    outer loop
      vertex -0.3658496214367871 9.447958005998597 177.37082663378894
      vertex -0.3658496214367871 12.990381056766578 177.37082663378894
      vertex 0.3658496214367871 12.990381056766578 177.37082663378894
    endloop
  endfacet
  facet normal 0.951056516295153 0 0.30901699437494895
    outer loop
      vertex -3.197409101749103 14.5 172.46642174923468
      vertex -3.197409101749103 17.5 172.46642174923468
      vertex -3.42351660256832 14.5 173.16230908213782
    endloop
  endfacet
  facet normal 0.8660254037844355 0 0.5000000000000057
    outer loop
      vertex -2.831559480312316 14.5 171.83275161697634
      vertex -2.831559480312316 17.5 171.83275161697634
      vertex -3.197409101749103 14.5 172.46642174923468
    endloop
  endfacet
  facet normal 0.7431448254774052 -5.320489868771593e-18 0.669130606358846
    outer loop
      vertex -2.831559480312316 14.5 171.83275161697634
      vertex -2.341957122256004 14.5 171.2889931108291
      vertex -2.341957122256004 17.5 171.2889931108291
    endloop
  endfacet
  facet normal 0.9945218953682733 0 0.10452846326765257
    outer loop
      vertex -3.42351660256832 14.5 173.16230908213782
      vertex -3.42351660256832 17.5 173.16230908213782
      vertex -3.5 14.5 173.89
    endloop
  endfacet
  facet normal 0.9945218953682733 0 -0.10452846326765257
    outer loop
      vertex -3.5 17.5 173.89
      vertex -3.42351660256832 14.5 174.61769091786215
      vertex -3.5 14.5 173.89
    endloop
  endfacet
  facet normal 0.951056516295153 0 -0.30901699437494895
    outer loop
      vertex -3.42351660256832 17.5 174.61769091786215
      vertex -3.197409101749103 14.5 175.3135782507653
      vertex -3.42351660256832 14.5 174.61769091786215
    endloop
  endfacet
  facet normal 0.8660254037844355 0 -0.5000000000000057
    outer loop
      vertex -3.197409101749103 17.5 175.3135782507653
      vertex -2.831559480312316 14.5 175.94724838302363
      vertex -3.197409101749103 14.5 175.3135782507653
    endloop
  endfacet
  facet normal 0.7431448254774052 5.320489868771593e-18 -0.669130606358846
    outer loop
      vertex -2.341957122256004 14.5 176.49100688917088
      vertex -2.831559480312316 14.5 175.94724838302363
      vertex -2.831559480312316 17.5 175.94724838302363
    endloop
  endfacet
  facet normal 0.5877852522924558 1.0052165053417896e-17 0.80901699437496
    outer loop
      vertex -2.341957122256004 14.5 171.2889931108291
      vertex -1.75 14.5 170.85891108675446
      vertex -1.75 17.5 170.85891108675446
    endloop
  endfacet
  facet normal 0.40673664307579493 2.0197679546847035e-18 0.9135454576426032
    outer loop
      vertex -1.75 14.5 170.85891108675446
      vertex -1.0815594803123159 14.5 170.56130219296696
      vertex -1.0815594803123159 17.5 170.56130219296696
    endloop
  endfacet
  facet normal 0.2079116908177697 -1.1179574574716287e-18 0.9781476007338032
    outer loop
      vertex -1.0815594803123159 14.5 170.56130219296696
      vertex -0.3658496214367871 14.5 170.40917336621104
      vertex -0.3658496214367871 17.5 170.40917336621104
    endloop
  endfacet
  facet normal 0.5877852522924558 -1.0052165053417896e-17 -0.80901699437496
    outer loop
      vertex -1.75 14.5 176.9210889132455
      vertex -2.341957122256004 14.5 176.49100688917088
      vertex -2.341957122256004 17.5 176.49100688917088
    endloop
  endfacet
  facet normal 0.40673664307579493 0 -0.9135454576426032
    outer loop
      vertex -1.75 14.5 176.9210889132455
      vertex -1.75 17.5 176.9210889132455
      vertex -1.0815594803123159 14.5 177.218697807033
    endloop
  endfacet
  facet normal 0.2079116908177697 0 -0.9781476007338032
    outer loop
      vertex -1.0815594803123159 17.5 177.218697807033
      vertex -0.3658496214367871 14.5 177.37082663378894
      vertex -1.0815594803123159 14.5 177.218697807033
    endloop
  endfacet
  facet normal 0 0 -1
    outer loop
      vertex 0.3658496214367871 14.5 177.37082663378894
      vertex -0.3658496214367871 14.5 177.37082663378894
      vertex -0.3658496214367871 17.5 177.37082663378894
    endloop
  endfacet
  facet normal 0.951056516295153 -7.328247372738421e-19 0.30901699437494895
    outer loop
      vertex -3.197409101749103 17.5 172.46642174923468
      vertex -3.42351660256832 17.5 173.16230908213782
      vertex -3.42351660256832 14.5 173.16230908213782
    endloop
  endfacet
  facet normal 0.8660254037844355 0 0.5000000000000057
    outer loop
      vertex -3.197409101749103 14.5 172.46642174923468
      vertex -2.831559480312316 17.5 171.83275161697634
      vertex -3.197409101749103 17.5 172.46642174923468
    endloop
  endfacet
  facet normal 0.7431448254774052 0 0.669130606358846
    outer loop
      vertex -2.831559480312316 14.5 171.83275161697634
      vertex -2.341957122256004 17.5 171.2889931108291
      vertex -2.831559480312316 17.5 171.83275161697634
    endloop
  endfacet
  facet normal 0.9945218953682733 0 0.10452846326765257
    outer loop
      vertex -3.5 14.5 173.89
      vertex -3.42351660256832 17.5 173.16230908213782
      vertex -3.5 17.5 173.89
    endloop
  endfacet
  facet normal 0.9945218953682733 5.85200309527553e-19 -0.10452846326765257
    outer loop
      vertex -3.5 17.5 173.89
      vertex -3.42351660256832 17.5 174.61769091786215
      vertex -3.42351660256832 14.5 174.61769091786215
    endloop
  endfacet
  facet normal 0.951056516295153 7.328247372738421e-19 -0.30901699437494895
    outer loop
      vertex -3.42351660256832 17.5 174.61769091786215
      vertex -3.197409101749103 17.5 175.3135782507653
      vertex -3.197409101749103 14.5 175.3135782507653
    endloop
  endfacet
  facet normal 0.8660254037844355 0 -0.5000000000000057
    outer loop
      vertex -2.831559480312316 17.5 175.94724838302363
      vertex -2.831559480312316 14.5 175.94724838302363
      vertex -3.197409101749103 17.5 175.3135782507653
    endloop
  endfacet
  facet normal 0.7431448254774052 0 -0.669130606358846
    outer loop
      vertex -2.341957122256004 14.5 176.49100688917088
      vertex -2.831559480312316 17.5 175.94724838302363
      vertex -2.341957122256004 17.5 176.49100688917088
    endloop
  endfacet
  facet normal 0.5877852522924558 0 0.80901699437496
    outer loop
      vertex -2.341957122256004 14.5 171.2889931108291
      vertex -1.75 17.5 170.85891108675446
      vertex -2.341957122256004 17.5 171.2889931108291
    endloop
  endfacet
  facet normal 0.40673664307579493 0 0.9135454576426032
    outer loop
      vertex -1.75 17.5 170.85891108675446
      vertex -1.75 14.5 170.85891108675446
      vertex -1.0815594803123159 17.5 170.56130219296696
    endloop
  endfacet
  facet normal 0.2079116908177697 0 0.9781476007338032
    outer loop
      vertex -1.0815594803123159 14.5 170.56130219296696
      vertex -0.3658496214367871 17.5 170.40917336621104
      vertex -1.0815594803123159 17.5 170.56130219296696
    endloop
  endfacet
  facet normal 0 0 1
    outer loop
      vertex -0.3658496214367871 14.5 170.40917336621104
      vertex 0.3658496214367871 17.5 170.40917336621104
      vertex -0.3658496214367871 17.5 170.40917336621104
    endloop
  endfacet
  facet normal 0.5877852522924558 0 -0.80901699437496
    outer loop
      vertex -1.75 14.5 176.9210889132455
      vertex -2.341957122256004 17.5 176.49100688917088
      vertex -1.75 17.5 176.9210889132455
    endloop
  endfacet
  facet normal 0.40673664307579493 0 -0.9135454576426032
    outer loop
      vertex -1.0815594803123159 14.5 177.218697807033
      vertex -1.75 17.5 176.9210889132455
      vertex -1.0815594803123159 17.5 177.218697807033
    endloop
  endfacet
  facet normal 0.2079116908177697 0 -0.9781476007338032
    outer loop
      vertex -0.3658496214367871 14.5 177.37082663378894
      vertex -1.0815594803123159 17.5 177.218697807033
      vertex -0.3658496214367871 17.5 177.37082663378894
    endloop
  endfacet
  facet normal 0 0 1
    outer loop
      vertex -0.3658496214367871 9.447958005998597 170.40917336621104
      vertex 0.3658496214367871 9.447958005998597 170.40917336621104
      vertex 0.3658496214367871 12.990381056766578 170.40917336621104
    endloop
  endfacet
  facet normal -0.20791169081775154 -3.831551093674399e-15 0.9781476007338072
    outer loop
      vertex 0.3658496214367871 9.447958005998597 170.40917336621104
      vertex 0.993020401042708 9.447958005998597 170.54248263070397
      vertex 1.0815594803123159 12.990381056766578 170.56130219296696
    endloop
  endfacet
  facet normal -0.2079116908178982 -9.009045010612542e-21 0.978147600733776
    outer loop
      vertex 0.993020401042708 9.447958005998597 170.54248263070397
      vertex 1.0815594803123159 9.429138443735619 170.56130219296696
      vertex 1.0815594803123159 12.990381056766578 170.56130219296696
    endloop
  endfacet
  facet normal -0.40673664307579493 -1.6361797704950906e-18 0.9135454576426033
    outer loop
      vertex 1.0815594803123159 9.429138443735619 170.56130219296696
      vertex 1.75 9.287057025189883 170.85891108675446
      vertex 1.75 12.990381056766578 170.85891108675446
    endloop
  endfacet
  facet normal -0.5877852522924558 -7.875509641622649e-18 0.80901699437496
    outer loop
      vertex 1.75 9.287057025189883 170.85891108675446
      vertex 2.341957122256004 9.161232654627065 171.2889931108291
      vertex 2.341957122256004 12.990381056766578 171.2889931108291
    endloop
  endfacet
  facet normal 0 0 -1
    outer loop
      vertex -0.3658496214367871 9.447958005998597 177.37082663378894
      vertex 0.3658496214367871 12.990381056766578 177.37082663378894
      vertex 0.3658496214367871 9.447958005998597 177.37082663378894
    endloop
  endfacet
  facet normal -0.20791169081775154 0 -0.9781476007338072
    outer loop
      vertex 0.3658496214367871 9.447958005998597 177.37082663378894
      vertex 0.3658496214367871 12.990381056766578 177.37082663378894
      vertex 0.993020401042708 9.447958005998597 177.237517369296
    endloop
  endfacet
  facet normal -0.20791169081789818 9.009045010612542e-21 -0.978147600733776
    outer loop
      vertex 0.993020401042708 9.447958005998597 177.237517369296
      vertex 1.0815594803123159 12.990381056766578 177.218697807033
      vertex 1.0815594803123159 9.429138443735619 177.218697807033
    endloop
  endfacet
  facet normal -0.4067366430757949 0 -0.9135454576426033
    outer loop
      vertex 1.0815594803123159 9.429138443735619 177.218697807033
      vertex 1.0815594803123159 12.990381056766578 177.218697807033
      vertex 1.75 9.287057025189883 176.9210889132455
    endloop
  endfacet
  facet normal -0.5877852522924558 0 -0.80901699437496
    outer loop
      vertex 1.75 9.287057025189883 176.9210889132455
      vertex 1.75 12.990381056766578 176.9210889132455
      vertex 2.341957122256004 9.161232654627065 176.49100688917088
    endloop
  endfacet
  facet normal -0.5877852522924558 0 0.80901699437496
    outer loop
      vertex 1.75 9.287057025189883 170.85891108675446
      vertex 2.341957122256004 12.990381056766578 171.2889931108291
      vertex 1.75 12.990381056766578 170.85891108675446
    endloop
  endfacet
  facet normal -0.40673664307579493 0 -0.9135454576426033
    outer loop
      vertex 1.75 9.287057025189883 176.9210889132455
      vertex 1.0815594803123159 12.990381056766578 177.218697807033
      vertex 1.75 12.990381056766578 176.9210889132455
    endloop
  endfacet
  facet normal -0.5877852522924558 0 -0.80901699437496
    outer loop
      vertex 2.341957122256004 9.161232654627065 176.49100688917088
      vertex 1.75 12.990381056766578 176.9210889132455
      vertex 2.341957122256004 12.990381056766578 176.49100688917088
    endloop
  endfacet
  facet normal -0.8660254037844309 -5.521180070555304e-19 0.5000000000000135
    outer loop
      vertex 2.9356614465620003 9.035036904803958 172.01306151168862
      vertex 3.197409101749103 8.918499340402413 172.46642174923468
      vertex 3.197409101749103 12.990381056766578 172.46642174923468
    endloop
  endfacet
  facet normal -0.9510565162951532 5.268896830592486e-19 0.30901699437494906
    outer loop
      vertex 3.197409101749103 8.918499340402413 172.46642174923468
      vertex 3.42351660256832 8.817829795074273 173.16230908213782
      vertex 3.42351660256832 12.990381056766578 173.16230908213782
    endloop
  endfacet
  facet normal -0.7431448254774052 4.058121188326108e-18 0.6691306063588461
    outer loop
      vertex 2.341957122256004 9.161232654627065 171.2889931108291
      vertex 2.831559480312316 9.05716446081308 171.83275161697634
      vertex 2.831559480312316 12.990381056766578 171.83275161697634
    endloop
  endfacet
  facet normal -0.8660254037844467 4.198496497196226e-15 0.49999999999998607
    outer loop
      vertex 2.831559480312316 9.05716446081308 171.83275161697634
      vertex 2.9356614465620003 9.035036904803958 172.01306151168862
      vertex 3.197409101749103 12.990381056766578 172.46642174923468
    endloop
  endfacet
  facet normal -0.8660254037844309 5.521180070555304e-19 -0.5000000000000135
    outer loop
      vertex 2.9356614465620003 9.035036904803958 175.76693848831135
      vertex 3.197409101749103 12.990381056766578 175.3135782507653
      vertex 3.197409101749103 8.918499340402413 175.3135782507653
    endloop
  endfacet
  facet normal -0.9510565162951532 -5.268896830592486e-19 -0.30901699437494906
    outer loop
      vertex 3.197409101749103 8.918499340402413 175.3135782507653
      vertex 3.42351660256832 12.990381056766578 174.61769091786215
      vertex 3.42351660256832 8.817829795074273 174.61769091786215
    endloop
  endfacet
  facet normal -0.9945218953682734 4.1734401081415026e-19 0.1045284632676526
    outer loop
      vertex 3.42351660256832 8.817829795074273 173.16230908213782
      vertex 3.5 8.783777192587836 173.89
      vertex 3.5 12.990381056766578 173.89
    endloop
  endfacet
  facet normal -0.9945218953682734 0 -0.10452846326765258
    outer loop
      vertex 3.42351660256832 8.817829795074273 174.61769091786215
      vertex 3.42351660256832 12.990381056766578 174.61769091786215
      vertex 3.5 8.783777192587836 173.89
    endloop
  endfacet
  facet normal -0.8660254037844469 0 -0.4999999999999856
    outer loop
      vertex 2.831559480312316 9.05716446081308 175.94724838302363
      vertex 2.831559480312316 12.990381056766578 175.94724838302363
      vertex 2.9356614465620003 9.035036904803958 175.76693848831135
    endloop
  endfacet
  facet normal -0.7431448254774052 -4.058121188326108e-18 -0.6691306063588459
    outer loop
      vertex 2.341957122256004 9.161232654627065 176.49100688917088
      vertex 2.831559480312316 12.990381056766578 175.94724838302363
      vertex 2.831559480312316 9.05716446081308 175.94724838302363
    endloop
  endfacet
  facet normal -0.7431448254774052 0 0.669130606358846
    outer loop
      vertex 2.341957122256004 9.161232654627065 171.2889931108291
      vertex 2.831559480312316 12.990381056766578 171.83275161697634
      vertex 2.341957122256004 12.990381056766578 171.2889931108291
    endloop
  endfacet
  facet normal -0.8660254037844354 0 0.5000000000000056
    outer loop
      vertex 2.831559480312316 9.05716446081308 171.83275161697634
      vertex 3.197409101749103 12.990381056766578 172.46642174923468
      vertex 2.831559480312316 12.990381056766578 171.83275161697634
    endloop
  endfacet
  facet normal -0.9510565162951531 0 0.309016994374949
    outer loop
      vertex 3.197409101749103 8.918499340402413 172.46642174923468
      vertex 3.42351660256832 12.990381056766578 173.16230908213782
      vertex 3.197409101749103 12.990381056766578 172.46642174923468
    endloop
  endfacet
  facet normal -0.8660254037844355 1.2144103398953533e-15 -0.5000000000000056
    outer loop
      vertex 2.9356614465620003 9.035036904803958 175.76693848831135
      vertex 2.831559480312316 12.990381056766578 175.94724838302363
      vertex 3.197409101749103 12.990381056766578 175.3135782507653
    endloop
  endfacet
  facet normal -0.7431448254774052 0 -0.669130606358846
    outer loop
      vertex 2.341957122256004 9.161232654627065 176.49100688917088
      vertex 2.341957122256004 12.990381056766578 176.49100688917088
      vertex 2.831559480312316 12.990381056766578 175.94724838302363
    endloop
  endfacet
  facet normal -0.9510565162951531 0 -0.309016994374949
    outer loop
      vertex 3.197409101749103 8.918499340402413 175.3135782507653
      vertex 3.197409101749103 12.990381056766578 175.3135782507653
      vertex 3.42351660256832 12.990381056766578 174.61769091786215
    endloop
  endfacet
  facet normal -0.9945218953682734 0 0.10452846326765258
    outer loop
      vertex 3.42351660256832 8.817829795074273 173.16230908213782
      vertex 3.5 12.990381056766578 173.89
      vertex 3.42351660256832 12.990381056766578 173.16230908213782
    endloop
  endfacet
  facet normal -0.9945218953682734 0 -0.1045284632676526
    outer loop
      vertex 3.5 8.783777192587836 173.89
      vertex 3.42351660256832 12.990381056766578 174.61769091786215
      vertex 3.5 12.990381056766578 173.89
    endloop
  endfacet
  facet normal -0.20791169081776972 0 0.9781476007338035
    outer loop
      vertex 0.3658496214367871 9.447958005998597 170.40917336621104
      vertex 1.0815594803123159 12.990381056766578 170.56130219296696
      vertex 0.3658496214367871 12.990381056766578 170.40917336621104
    endloop
  endfacet
  facet normal -0.4067366430757949 0 0.9135454576426033
    outer loop
      vertex 1.0815594803123159 9.429138443735619 170.56130219296696
      vertex 1.75 12.990381056766578 170.85891108675446
      vertex 1.0815594803123159 12.990381056766578 170.56130219296696
    endloop
  endfacet
  facet normal -0.20791169081776972 -3.3564090697999076e-15 -0.9781476007338035
    outer loop
      vertex 0.993020401042708 9.447958005998597 177.237517369296
      vertex 0.3658496214367871 12.990381056766578 177.37082663378894
      vertex 1.0815594803123159 12.990381056766578 177.218697807033
    endloop
  endfacet
  facet normal 0 0 1
    outer loop
      vertex -0.3658496214367871 14.5 170.40917336621104
      vertex 0.3658496214367871 14.5 170.40917336621104
      vertex 0.3658496214367871 17.5 170.40917336621104
    endloop
  endfacet
  facet normal -0.2079116908177697 0 0.9781476007338032
    outer loop
      vertex 1.0815594803123159 17.5 170.56130219296696
      vertex 0.3658496214367871 14.5 170.40917336621104
      vertex 1.0815594803123159 14.5 170.56130219296696
    endloop
  endfacet
  facet normal -0.40673664307579493 -2.0197679546847035e-18 0.9135454576426032
    outer loop
      vertex 1.0815594803123159 14.5 170.56130219296696
      vertex 1.75 14.5 170.85891108675446
      vertex 1.75 17.5 170.85891108675446
    endloop
  endfacet
  facet normal -0.5877852522924558 -1.0052165053417896e-17 0.80901699437496
    outer loop
      vertex 1.75 14.5 170.85891108675446
      vertex 2.341957122256004 14.5 171.2889931108291
      vertex 2.341957122256004 17.5 171.2889931108291
    endloop
  endfacet
  facet normal -0.2079116908177697 -1.1179574574716287e-18 -0.9781476007338032
    outer loop
      vertex 1.0815594803123159 14.5 177.218697807033
      vertex 0.3658496214367871 14.5 177.37082663378894
      vertex 0.3658496214367871 17.5 177.37082663378894
    endloop
  endfacet
  facet normal -0.40673664307579493 0 -0.9135454576426032
    outer loop
      vertex 1.0815594803123159 14.5 177.218697807033
      vertex 1.0815594803123159 17.5 177.218697807033
      vertex 1.75 14.5 176.9210889132455
    endloop
  endfacet
  facet normal -0.5877852522924558 1.0052165053417896e-17 -0.80901699437496
    outer loop
      vertex 2.341957122256004 14.5 176.49100688917088
      vertex 1.75 14.5 176.9210889132455
      vertex 1.75 17.5 176.9210889132455
    endloop
  endfacet
  facet normal -0.7431448254774052 5.320489868771593e-18 0.669130606358846
    outer loop
      vertex 2.341957122256004 14.5 171.2889931108291
      vertex 2.831559480312316 14.5 171.83275161697634
      vertex 2.831559480312316 17.5 171.83275161697634
    endloop
  endfacet
  facet normal -0.8660254037844355 1.8448407677342354e-18 0.5000000000000057
    outer loop
      vertex 2.831559480312316 14.5 171.83275161697634
      vertex 3.197409101749103 14.5 172.46642174923468
      vertex 3.197409101749103 17.5 172.46642174923468
    endloop
  endfacet
  facet normal -0.951056516295153 7.328247372738421e-19 0.30901699437494895
    outer loop
      vertex 3.197409101749103 14.5 172.46642174923468
      vertex 3.42351660256832 14.5 173.16230908213782
      vertex 3.42351660256832 17.5 173.16230908213782
    endloop
  endfacet
  facet normal -0.8660254037844355 0 -0.5000000000000057
    outer loop
      vertex 2.831559480312316 14.5 175.94724838302363
      vertex 2.831559480312316 17.5 175.94724838302363
      vertex 3.197409101749103 14.5 175.3135782507653
    endloop
  endfacet
  facet normal -0.7431448254774052 0 -0.669130606358846
    outer loop
      vertex 2.341957122256004 14.5 176.49100688917088
      vertex 2.341957122256004 17.5 176.49100688917088
      vertex 2.831559480312316 14.5 175.94724838302363
    endloop
  endfacet
  facet normal -0.951056516295153 0 -0.30901699437494895
    outer loop
      vertex 3.197409101749103 14.5 175.3135782507653
      vertex 3.197409101749103 17.5 175.3135782507653
      vertex 3.42351660256832 14.5 174.61769091786215
    endloop
  endfacet
  facet normal -0.9945218953682733 5.85200309527553e-19 0.10452846326765257
    outer loop
      vertex 3.42351660256832 14.5 173.16230908213782
      vertex 3.5 14.5 173.89
      vertex 3.5 17.5 173.89
    endloop
  endfacet
  facet normal -0.9945218953682733 0 -0.10452846326765257
    outer loop
      vertex 3.42351660256832 14.5 174.61769091786215
      vertex 3.42351660256832 17.5 174.61769091786215
      vertex 3.5 14.5 173.89
    endloop
  endfacet
  facet normal -0.2079116908177697 1.1179574574716287e-18 0.9781476007338032
    outer loop
      vertex 1.0815594803123159 17.5 170.56130219296696
      vertex 0.3658496214367871 17.5 170.40917336621104
      vertex 0.3658496214367871 14.5 170.40917336621104
    endloop
  endfacet
  facet normal -0.40673664307579493 0 0.9135454576426032
    outer loop
      vertex 1.0815594803123159 14.5 170.56130219296696
      vertex 1.75 17.5 170.85891108675446
      vertex 1.0815594803123159 17.5 170.56130219296696
    endloop
  endfacet
  facet normal -0.5877852522924558 0 0.80901699437496
    outer loop
      vertex 1.75 14.5 170.85891108675446
      vertex 2.341957122256004 17.5 171.2889931108291
      vertex 1.75 17.5 170.85891108675446
    endloop
  endfacet
  facet normal 0 0 -1
    outer loop
      vertex 0.3658496214367871 14.5 177.37082663378894
      vertex -0.3658496214367871 17.5 177.37082663378894
      vertex 0.3658496214367871 17.5 177.37082663378894
    endloop
  endfacet
  facet normal -0.2079116908177697 0 -0.9781476007338032
    outer loop
      vertex 1.0815594803123159 14.5 177.218697807033
      vertex 0.3658496214367871 17.5 177.37082663378894
      vertex 1.0815594803123159 17.5 177.218697807033
    endloop
  endfacet
  facet normal -0.40673664307579493 0 -0.9135454576426032
    outer loop
      vertex 1.75 14.5 176.9210889132455
      vertex 1.0815594803123159 17.5 177.218697807033
      vertex 1.75 17.5 176.9210889132455
    endloop
  endfacet
  facet normal -0.5877852522924558 0 -0.80901699437496
    outer loop
      vertex 2.341957122256004 14.5 176.49100688917088
      vertex 1.75 17.5 176.9210889132455
      vertex 2.341957122256004 17.5 176.49100688917088
    endloop
  endfacet
  facet normal -0.7431448254774052 0 0.669130606358846
    outer loop
      vertex 2.341957122256004 14.5 171.2889931108291
      vertex 2.831559480312316 17.5 171.83275161697634
      vertex 2.341957122256004 17.5 171.2889931108291
    endloop
  endfacet
  facet normal -0.8660254037844355 0 0.5000000000000057
    outer loop
      vertex 2.831559480312316 14.5 171.83275161697634
      vertex 3.197409101749103 17.5 172.46642174923468
      vertex 2.831559480312316 17.5 171.83275161697634
    endloop
  endfacet
  facet normal -0.951056516295153 0 0.30901699437494895
    outer loop
      vertex 3.197409101749103 14.5 172.46642174923468
      vertex 3.42351660256832 17.5 173.16230908213782
      vertex 3.197409101749103 17.5 172.46642174923468
    endloop
  endfacet
  facet normal -0.8660254037844355 -1.8448407677342354e-18 -0.5000000000000057
    outer loop
      vertex 2.831559480312316 17.5 175.94724838302363
      vertex 3.197409101749103 17.5 175.3135782507653
      vertex 3.197409101749103 14.5 175.3135782507653
    endloop
  endfacet
  facet normal -0.7431448254774052 0 -0.669130606358846
    outer loop
      vertex 2.831559480312316 14.5 175.94724838302363
      vertex 2.341957122256004 17.5 176.49100688917088
      vertex 2.831559480312316 17.5 175.94724838302363
    endloop
  endfacet
  facet normal -0.951056516295153 -7.328247372738421e-19 -0.30901699437494895
    outer loop
      vertex 3.197409101749103 17.5 175.3135782507653
      vertex 3.42351660256832 17.5 174.61769091786215
      vertex 3.42351660256832 14.5 174.61769091786215
    endloop
  endfacet
  facet normal -0.9945218953682733 0 0.10452846326765257
    outer loop
      vertex 3.42351660256832 14.5 173.16230908213782
      vertex 3.5 17.5 173.89
      vertex 3.42351660256832 17.5 173.16230908213782
    endloop
  endfacet
  facet normal -0.9945218953682733 -5.85200309527553e-19 -0.10452846326765257
    outer loop
      vertex 3.42351660256832 17.5 174.61769091786215
      vertex 3.5 17.5 173.89
      vertex 3.5 14.5 173.89
    endloop
  endfacet
  facet normal 0.9510565162951532 0 0.30901699437494906
    outer loop
      vertex -3.42351660256832 8.817829795074273 193.24230908213784
      vertex -3.197409101749103 8.918499340402413 192.5464217492347
      vertex -3.42351660256832 12.990381056766578 193.24230908213784
    endloop
  endfacet
  facet normal 0.9945218953682734 0 0.10452846326765258
    outer loop
      vertex -3.42351660256832 8.817829795074273 193.24230908213784
      vertex -3.42351660256832 12.990381056766578 193.24230908213784
      vertex -3.5 8.783777192587836 193.97
    endloop
  endfacet
  facet normal 0.9945218953682734 0 -0.1045284632676526
    outer loop
      vertex -3.5 8.783777192587836 193.97
      vertex -3.5 12.990381056766578 193.97
      vertex -3.42351660256832 8.817829795074273 194.69769091786216
    endloop
  endfacet
  facet normal 0.9510565162951532 0 -0.30901699437494906
    outer loop
      vertex -3.42351660256832 8.817829795074273 194.69769091786216
      vertex -3.42351660256832 12.990381056766578 194.69769091786216
      vertex -3.197409101749103 8.918499340402413 195.3935782507653
    endloop
  endfacet
  facet normal 0.8660254037844309 0 0.5000000000000135
    outer loop
      vertex -3.197409101749103 8.918499340402413 192.5464217492347
      vertex -2.9356614465620003 9.035036904803958 192.09306151168863
      vertex -3.197409101749103 12.990381056766578 192.5464217492347
    endloop
  endfacet
  facet normal 0.8660254037844309 0 -0.5000000000000135
    outer loop
      vertex -3.197409101749103 8.918499340402413 195.3935782507653
      vertex -3.197409101749103 12.990381056766578 195.3935782507653
      vertex -2.9356614465620003 9.035036904803958 195.84693848831137
    endloop
  endfacet
  facet normal 0.8660254037844469 1.8816030950832093e-18 0.4999999999999856
    outer loop
      vertex -2.9356614465620003 9.035036904803958 192.09306151168863
      vertex -2.831559480312316 9.05716446081308 191.91275161697635
      vertex -2.831559480312316 12.990381056766578 191.91275161697635
    endloop
  endfacet
  facet normal 0.7431448254774052 0 0.669130606358846
    outer loop
      vertex -2.831559480312316 9.05716446081308 191.91275161697635
      vertex -2.341957122256004 9.161232654627065 191.3689931108291
      vertex -2.831559480312316 12.990381056766578 191.91275161697635
    endloop
  endfacet
  facet normal 0.8660254037844467 4.208856049057617e-15 -0.49999999999998607
    outer loop
      vertex -2.9356614465620003 9.035036904803958 195.84693848831137
      vertex -3.197409101749103 12.990381056766578 195.3935782507653
      vertex -2.831559480312316 9.05716446081308 196.02724838302365
    endloop
  endfacet
  facet normal 0.7431448254774052 0 -0.669130606358846
    outer loop
      vertex -2.831559480312316 9.05716446081308 196.02724838302365
      vertex -2.831559480312316 12.990381056766578 196.02724838302365
      vertex -2.341957122256004 9.161232654627065 196.5710068891709
    endloop
  endfacet
  facet normal 0.9510565162951531 0 0.309016994374949
    outer loop
      vertex -3.197409101749103 8.918499340402413 192.5464217492347
      vertex -3.197409101749103 12.990381056766578 192.5464217492347
      vertex -3.42351660256832 12.990381056766578 193.24230908213784
    endloop
  endfacet
  facet normal 0.9945218953682734 0 0.1045284632676526
    outer loop
      vertex -3.5 8.783777192587836 193.97
      vertex -3.42351660256832 12.990381056766578 193.24230908213784
      vertex -3.5 12.990381056766578 193.97
    endloop
  endfacet
  facet normal 0.9945218953682734 0 -0.10452846326765258
    outer loop
      vertex -3.42351660256832 8.817829795074273 194.69769091786216
      vertex -3.5 12.990381056766578 193.97
      vertex -3.42351660256832 12.990381056766578 194.69769091786216
    endloop
  endfacet
  facet normal 0.9510565162951531 0 -0.309016994374949
    outer loop
      vertex -3.197409101749103 8.918499340402413 195.3935782507653
      vertex -3.42351660256832 12.990381056766578 194.69769091786216
      vertex -3.197409101749103 12.990381056766578 195.3935782507653
    endloop
  endfacet
  facet normal 0.8660254037844355 1.2144103398953533e-15 0.5000000000000056
    outer loop
      vertex -2.9356614465620003 9.035036904803958 192.09306151168863
      vertex -2.831559480312316 12.990381056766578 191.91275161697635
      vertex -3.197409101749103 12.990381056766578 192.5464217492347
    endloop
  endfacet
  facet normal 0.7431448254774052 0 0.669130606358846
    outer loop
      vertex -2.341957122256004 9.161232654627065 191.3689931108291
      vertex -2.341957122256004 12.990381056766578 191.3689931108291
      vertex -2.831559480312316 12.990381056766578 191.91275161697635
    endloop
  endfacet
  facet normal 0.8660254037844354 0 -0.5000000000000056
    outer loop
      vertex -2.831559480312316 9.05716446081308 196.02724838302365
      vertex -3.197409101749103 12.990381056766578 195.3935782507653
      vertex -2.831559480312316 12.990381056766578 196.02724838302365
    endloop
  endfacet
  facet normal 0.7431448254774052 0 -0.669130606358846
    outer loop
      vertex -2.341957122256004 9.161232654627065 196.5710068891709
      vertex -2.831559480312316 12.990381056766578 196.02724838302365
      vertex -2.341957122256004 12.990381056766578 196.5710068891709
    endloop
  endfacet
  facet normal 0.5877852522924557 8.143088453271134e-18 0.80901699437496
    outer loop
      vertex -2.341957122256004 9.161232654627065 191.3689931108291
      vertex -1.75 9.287057025189883 190.93891108675447
      vertex -1.75 12.990381056766578 190.93891108675447
    endloop
  endfacet
  facet normal 0.4067366430757949 1.7014577557514571e-18 0.9135454576426033
    outer loop
      vertex -1.75 9.287057025189883 190.93891108675447
      vertex -1.0815594803123159 9.429138443735619 190.64130219296698
      vertex -1.0815594803123159 12.990381056766578 190.64130219296698
    endloop
  endfacet
  facet normal 0.20791169081775154 5.466234672231661e-19 0.9781476007338072
    outer loop
      vertex -0.993020401042708 9.447958005998597 190.62248263070398
      vertex -0.3658496214367871 9.447958005998597 190.48917336621105
      vertex -0.3658496214367871 12.990381056766578 190.48917336621105
    endloop
  endfacet
  facet normal 0.20791169081789818 9.009045010612542e-21 0.978147600733776
    outer loop
      vertex -0.993020401042708 9.447958005998597 190.62248263070398
      vertex -1.0815594803123159 12.990381056766578 190.64130219296698
      vertex -1.0815594803123159 9.429138443735619 190.64130219296698
    endloop
  endfacet
  facet normal 0.5877852522924558 0 -0.80901699437496
    outer loop
      vertex -2.341957122256004 9.161232654627065 196.5710068891709
      vertex -2.341957122256004 12.990381056766578 196.5710068891709
      vertex -1.75 9.287057025189883 197.00108891324552
    endloop
  endfacet
  facet normal 0.40673664307579493 0 -0.9135454576426033
    outer loop
      vertex -1.75 9.287057025189883 197.00108891324552
      vertex -1.75 12.990381056766578 197.00108891324552
      vertex -1.0815594803123159 9.429138443735619 197.29869780703302
    endloop
  endfacet
  facet normal 0.20791169081789818 0 -0.978147600733776
    outer loop
      vertex -1.0815594803123159 9.429138443735619 197.29869780703302
      vertex -1.0815594803123159 12.990381056766578 197.29869780703302
      vertex -0.993020401042708 9.447958005998597 197.317517369296
    endloop
  endfacet
  facet normal 0.20791169081775154 -3.830532505001405e-15 -0.9781476007338072
    outer loop
      vertex -0.993020401042708 9.447958005998597 197.317517369296
      vertex -1.0815594803123159 12.990381056766578 197.29869780703302
      vertex -0.3658496214367871 9.447958005998597 197.45082663378895
    endloop
  endfacet
  facet normal 0 0 -1
    outer loop
      vertex -0.3658496214367871 9.447958005998597 197.45082663378895
      vertex -0.3658496214367871 12.990381056766578 197.45082663378895
      vertex 0.3658496214367871 9.447958005998597 197.45082663378895
    endloop
  endfacet
  facet normal 0.5877852522924558 0 0.80901699437496
    outer loop
      vertex -2.341957122256004 9.161232654627065 191.3689931108291
      vertex -1.75 12.990381056766578 190.93891108675447
      vertex -2.341957122256004 12.990381056766578 191.3689931108291
    endloop
  endfacet
  facet normal 0.40673664307579493 0 0.9135454576426033
    outer loop
      vertex -1.75 9.287057025189883 190.93891108675447
      vertex -1.0815594803123159 12.990381056766578 190.64130219296698
      vertex -1.75 12.990381056766578 190.93891108675447
    endloop
  endfacet
  facet normal 0.5877852522924558 0 -0.80901699437496
    outer loop
      vertex -1.75 9.287057025189883 197.00108891324552
      vertex -2.341957122256004 12.990381056766578 196.5710068891709
      vertex -1.75 12.990381056766578 197.00108891324552
    endloop
  endfacet
  facet normal 0 0 1
    outer loop
      vertex -0.3658496214367871 9.447958005998597 190.48917336621105
      vertex 0.3658496214367871 12.990381056766578 190.48917336621105
      vertex -0.3658496214367871 12.990381056766578 190.48917336621105
    endloop
  endfacet
  facet normal 0.20791169081776972 -3.3564090697999076e-15 0.9781476007338035
    outer loop
      vertex -0.993020401042708 9.447958005998597 190.62248263070398
      vertex -0.3658496214367871 12.990381056766578 190.48917336621105
      vertex -1.0815594803123159 12.990381056766578 190.64130219296698
    endloop
  endfacet
  facet normal 0.4067366430757949 0 -0.9135454576426033
    outer loop
      vertex -1.0815594803123159 9.429138443735619 197.29869780703302
      vertex -1.75 12.990381056766578 197.00108891324552
      vertex -1.0815594803123159 12.990381056766578 197.29869780703302
    endloop
  endfacet
  facet normal 0.20791169081776972 0 -0.9781476007338035
    outer loop
      vertex -0.3658496214367871 9.447958005998597 197.45082663378895
      vertex -1.0815594803123159 12.990381056766578 197.29869780703302
      vertex -0.3658496214367871 12.990381056766578 197.45082663378895
    endloop
  endfacet
  facet normal 0.951056516295153 0 0.30901699437494895
    outer loop
      vertex -3.197409101749103 14.5 192.5464217492347
      vertex -3.197409101749103 17.5 192.5464217492347
      vertex -3.42351660256832 14.5 193.24230908213784
    endloop
  endfacet
  facet normal 0.9945218953682733 -5.85200309527553e-19 0.10452846326765257
    outer loop
      vertex -3.5 14.5 193.97
      vertex -3.42351660256832 14.5 193.24230908213784
      vertex -3.42351660256832 17.5 193.24230908213784
    endloop
  endfacet
  facet normal 0.9945218953682733 0 -0.10452846326765257
    outer loop
      vertex -3.5 17.5 193.97
      vertex -3.42351660256832 14.5 194.69769091786216
      vertex -3.5 14.5 193.97
    endloop
  endfacet
  facet normal 0.951056516295153 0 -0.30901699437494895
    outer loop
      vertex -3.42351660256832 17.5 194.69769091786216
      vertex -3.197409101749103 14.5 195.3935782507653
      vertex -3.42351660256832 14.5 194.69769091786216
    endloop
  endfacet
  facet normal 0.8660254037844355 0 0.5000000000000057
    outer loop
      vertex -2.831559480312316 14.5 191.91275161697635
      vertex -2.831559480312316 17.5 191.91275161697635
      vertex -3.197409101749103 14.5 192.5464217492347
    endloop
  endfacet
  facet normal 0.7431448254774052 -5.320489868771593e-18 0.669130606358846
    outer loop
      vertex -2.831559480312316 14.5 191.91275161697635
      vertex -2.341957122256004 14.5 191.3689931108291
      vertex -2.341957122256004 17.5 191.3689931108291
    endloop
  endfacet
  facet normal 0.8660254037844355 0 -0.5000000000000057
    outer loop
      vertex -3.197409101749103 17.5 195.3935782507653
      vertex -2.831559480312316 14.5 196.02724838302365
      vertex -3.197409101749103 14.5 195.3935782507653
    endloop
  endfacet
  facet normal 0.7431448254774052 5.320489868771593e-18 -0.669130606358846
    outer loop
      vertex -2.341957122256004 14.5 196.5710068891709
      vertex -2.831559480312316 14.5 196.02724838302365
      vertex -2.831559480312316 17.5 196.02724838302365
    endloop
  endfacet
  facet normal 0.5877852522924558 1.0052165053417896e-17 0.80901699437496
    outer loop
      vertex -2.341957122256004 14.5 191.3689931108291
      vertex -1.75 14.5 190.93891108675447
      vertex -1.75 17.5 190.93891108675447
    endloop
  endfacet
  facet normal 0.40673664307579493 2.0197679546847035e-18 0.9135454576426032
    outer loop
      vertex -1.75 14.5 190.93891108675447
      vertex -1.0815594803123159 14.5 190.64130219296698
      vertex -1.0815594803123159 17.5 190.64130219296698
    endloop
  endfacet
  facet normal 0.2079116908177697 -1.1179574574716287e-18 0.9781476007338032
    outer loop
      vertex -1.0815594803123159 14.5 190.64130219296698
      vertex -0.3658496214367871 14.5 190.48917336621105
      vertex -0.3658496214367871 17.5 190.48917336621105
    endloop
  endfacet
  facet normal 0.5877852522924558 -1.0052165053417896e-17 -0.80901699437496
    outer loop
      vertex -1.75 14.5 197.00108891324552
      vertex -2.341957122256004 14.5 196.5710068891709
      vertex -2.341957122256004 17.5 196.5710068891709
    endloop
  endfacet
  facet normal 0.40673664307579493 0 -0.9135454576426032
    outer loop
      vertex -1.75 14.5 197.00108891324552
      vertex -1.75 17.5 197.00108891324552
      vertex -1.0815594803123159 14.5 197.29869780703302
    endloop
  endfacet
  facet normal 0.2079116908177697 0 -0.9781476007338032
    outer loop
      vertex -1.0815594803123159 17.5 197.29869780703302
      vertex -0.3658496214367871 14.5 197.45082663378895
      vertex -1.0815594803123159 14.5 197.29869780703302
    endloop
  endfacet
  facet normal 0 0 -1
    outer loop
      vertex 0.3658496214367871 14.5 197.45082663378895
      vertex -0.3658496214367871 14.5 197.45082663378895
      vertex -0.3658496214367871 17.5 197.45082663378895
    endloop
  endfacet
  facet normal 0.951056516295153 -7.328247372738421e-19 0.30901699437494895
    outer loop
      vertex -3.197409101749103 17.5 192.5464217492347
      vertex -3.42351660256832 17.5 193.24230908213784
      vertex -3.42351660256832 14.5 193.24230908213784
    endloop
  endfacet
  facet normal 0.9945218953682733 0 0.10452846326765257
    outer loop
      vertex -3.5 14.5 193.97
      vertex -3.42351660256832 17.5 193.24230908213784
      vertex -3.5 17.5 193.97
    endloop
  endfacet
  facet normal 0.9945218953682733 5.85200309527553e-19 -0.10452846326765257
    outer loop
      vertex -3.5 17.5 193.97
      vertex -3.42351660256832 17.5 194.69769091786216
      vertex -3.42351660256832 14.5 194.69769091786216
    endloop
  endfacet
  facet normal 0.951056516295153 7.328247372738421e-19 -0.30901699437494895
    outer loop
      vertex -3.42351660256832 17.5 194.69769091786216
      vertex -3.197409101749103 17.5 195.3935782507653
      vertex -3.197409101749103 14.5 195.3935782507653
    endloop
  endfacet
  facet normal 0.8660254037844355 0 0.5000000000000057
    outer loop
      vertex -3.197409101749103 14.5 192.5464217492347
      vertex -2.831559480312316 17.5 191.91275161697635
      vertex -3.197409101749103 17.5 192.5464217492347
    endloop
  endfacet
  facet normal 0.7431448254774052 0 0.669130606358846
    outer loop
      vertex -2.831559480312316 14.5 191.91275161697635
      vertex -2.341957122256004 17.5 191.3689931108291
      vertex -2.831559480312316 17.5 191.91275161697635
    endloop
  endfacet
  facet normal 0.8660254037844355 0 -0.5000000000000057
    outer loop
      vertex -2.831559480312316 17.5 196.02724838302365
      vertex -2.831559480312316 14.5 196.02724838302365
      vertex -3.197409101749103 17.5 195.3935782507653
    endloop
  endfacet
  facet normal 0.7431448254774052 0 -0.669130606358846
    outer loop
      vertex -2.341957122256004 14.5 196.5710068891709
      vertex -2.831559480312316 17.5 196.02724838302365
      vertex -2.341957122256004 17.5 196.5710068891709
    endloop
  endfacet
  facet normal 0.5877852522924558 0 0.80901699437496
    outer loop
      vertex -2.341957122256004 14.5 191.3689931108291
      vertex -1.75 17.5 190.93891108675447
      vertex -2.341957122256004 17.5 191.3689931108291
    endloop
  endfacet
  facet normal 0.40673664307579493 0 0.9135454576426032
    outer loop
      vertex -1.75 17.5 190.93891108675447
      vertex -1.75 14.5 190.93891108675447
      vertex -1.0815594803123159 17.5 190.64130219296698
    endloop
  endfacet
  facet normal 0 0 1
    outer loop
      vertex -0.3658496214367871 14.5 190.48917336621105
      vertex 0.3658496214367871 17.5 190.48917336621105
      vertex -0.3658496214367871 17.5 190.48917336621105
    endloop
  endfacet
  facet normal 0.2079116908177697 0 0.9781476007338032
    outer loop
      vertex -1.0815594803123159 14.5 190.64130219296698
      vertex -0.3658496214367871 17.5 190.48917336621105
      vertex -1.0815594803123159 17.5 190.64130219296698
    endloop
  endfacet
  facet normal 0.5877852522924558 0 -0.80901699437496
    outer loop
      vertex -1.75 14.5 197.00108891324552
      vertex -2.341957122256004 17.5 196.5710068891709
      vertex -1.75 17.5 197.00108891324552
    endloop
  endfacet
  facet normal 0.40673664307579493 0 -0.9135454576426032
    outer loop
      vertex -1.0815594803123159 14.5 197.29869780703302
      vertex -1.75 17.5 197.00108891324552
      vertex -1.0815594803123159 17.5 197.29869780703302
    endloop
  endfacet
  facet normal 0.2079116908177697 0 -0.9781476007338032
    outer loop
      vertex -0.3658496214367871 14.5 197.45082663378895
      vertex -1.0815594803123159 17.5 197.29869780703302
      vertex -0.3658496214367871 17.5 197.45082663378895
    endloop
  endfacet
  facet normal 0 0 1
    outer loop
      vertex -0.3658496214367871 9.447958005998597 190.48917336621105
      vertex 0.3658496214367871 9.447958005998597 190.48917336621105
      vertex 0.3658496214367871 12.990381056766578 190.48917336621105
    endloop
  endfacet
  facet normal -0.20791169081775154 -3.831551093674399e-15 0.9781476007338072
    outer loop
      vertex 0.3658496214367871 9.447958005998597 190.48917336621105
      vertex 0.993020401042708 9.447958005998597 190.62248263070398
      vertex 1.0815594803123159 12.990381056766578 190.64130219296698
    endloop
  endfacet
  facet normal -0.2079116908178982 -9.009045010612542e-21 0.978147600733776
    outer loop
      vertex 0.993020401042708 9.447958005998597 190.62248263070398
      vertex 1.0815594803123159 9.429138443735619 190.64130219296698
      vertex 1.0815594803123159 12.990381056766578 190.64130219296698
    endloop
  endfacet
  facet normal -0.40673664307579493 -1.6361797704950906e-18 0.9135454576426033
    outer loop
      vertex 1.0815594803123159 9.429138443735619 190.64130219296698
      vertex 1.75 9.287057025189883 190.93891108675447
      vertex 1.75 12.990381056766578 190.93891108675447
    endloop
  endfacet
  facet normal -0.5877852522924558 -7.875509641622649e-18 0.80901699437496
    outer loop
      vertex 1.75 9.287057025189883 190.93891108675447
      vertex 2.341957122256004 9.161232654627065 191.3689931108291
      vertex 2.341957122256004 12.990381056766578 191.3689931108291
    endloop
  endfacet
  facet normal -0.20791169081775154 0 -0.9781476007338072
    outer loop
      vertex 0.3658496214367871 9.447958005998597 197.45082663378895
      vertex 0.3658496214367871 12.990381056766578 197.45082663378895
      vertex 0.993020401042708 9.447958005998597 197.317517369296
    endloop
  endfacet
  facet normal -0.20791169081789818 9.009045010612542e-21 -0.978147600733776
    outer loop
      vertex 0.993020401042708 9.447958005998597 197.317517369296
      vertex 1.0815594803123159 12.990381056766578 197.29869780703302
      vertex 1.0815594803123159 9.429138443735619 197.29869780703302
    endloop
  endfacet
  facet normal -0.4067366430757949 0 -0.9135454576426033
    outer loop
      vertex 1.0815594803123159 9.429138443735619 197.29869780703302
      vertex 1.0815594803123159 12.990381056766578 197.29869780703302
      vertex 1.75 9.287057025189883 197.00108891324552
    endloop
  endfacet
  facet normal -0.5877852522924558 0 -0.80901699437496
    outer loop
      vertex 1.75 9.287057025189883 197.00108891324552
      vertex 1.75 12.990381056766578 197.00108891324552
      vertex 2.341957122256004 9.161232654627065 196.5710068891709
    endloop
  endfacet
  facet normal -0.5877852522924558 0 0.80901699437496
    outer loop
      vertex 1.75 9.287057025189883 190.93891108675447
      vertex 2.341957122256004 12.990381056766578 191.3689931108291
      vertex 1.75 12.990381056766578 190.93891108675447
    endloop
  endfacet
  facet normal -0.40673664307579493 0 -0.9135454576426033
    outer loop
      vertex 1.75 9.287057025189883 197.00108891324552
      vertex 1.0815594803123159 12.990381056766578 197.29869780703302
      vertex 1.75 12.990381056766578 197.00108891324552
    endloop
  endfacet
  facet normal -0.5877852522924558 0 -0.80901699437496
    outer loop
      vertex 2.341957122256004 9.161232654627065 196.5710068891709
      vertex 1.75 12.990381056766578 197.00108891324552
      vertex 2.341957122256004 12.990381056766578 196.5710068891709
    endloop
  endfacet
  facet normal -0.8660254037844309 -5.521180070555304e-19 0.5000000000000135
    outer loop
      vertex 2.9356614465620003 9.035036904803958 192.09306151168863
      vertex 3.197409101749103 8.918499340402413 192.5464217492347
      vertex 3.197409101749103 12.990381056766578 192.5464217492347
    endloop
  endfacet
  facet normal -0.8660254037844309 5.521180070555304e-19 -0.5000000000000135
    outer loop
      vertex 2.9356614465620003 9.035036904803958 195.84693848831137
      vertex 3.197409101749103 12.990381056766578 195.3935782507653
      vertex 3.197409101749103 8.918499340402413 195.3935782507653
    endloop
  endfacet
  facet normal -0.9510565162951532 5.268896830592486e-19 0.30901699437494906
    outer loop
      vertex 3.197409101749103 8.918499340402413 192.5464217492347
      vertex 3.42351660256832 8.817829795074273 193.24230908213784
      vertex 3.42351660256832 12.990381056766578 193.24230908213784
    endloop
  endfacet
  facet normal -0.9510565162951532 -5.268896830592486e-19 -0.30901699437494906
    outer loop
      vertex 3.197409101749103 8.918499340402413 195.3935782507653
      vertex 3.42351660256832 12.990381056766578 194.69769091786216
      vertex 3.42351660256832 8.817829795074273 194.69769091786216
    endloop
  endfacet
  facet normal -0.9945218953682734 4.1734401081415026e-19 0.1045284632676526
    outer loop
      vertex 3.42351660256832 8.817829795074273 193.24230908213784
      vertex 3.5 8.783777192587836 193.97
      vertex 3.5 12.990381056766578 193.97
    endloop
  endfacet
  facet normal -0.9945218953682734 0 -0.10452846326765258
    outer loop
      vertex 3.42351660256832 8.817829795074273 194.69769091786216
      vertex 3.42351660256832 12.990381056766578 194.69769091786216
      vertex 3.5 8.783777192587836 193.97
    endloop
  endfacet
  facet normal -0.7431448254774052 4.058121188326108e-18 0.6691306063588461
    outer loop
      vertex 2.341957122256004 9.161232654627065 191.3689931108291
      vertex 2.831559480312316 9.05716446081308 191.91275161697635
      vertex 2.831559480312316 12.990381056766578 191.91275161697635
    endloop
  endfacet
  facet normal -0.8660254037844467 4.198496497196226e-15 0.49999999999998607
    outer loop
      vertex 2.831559480312316 9.05716446081308 191.91275161697635
      vertex 2.9356614465620003 9.035036904803958 192.09306151168863
      vertex 3.197409101749103 12.990381056766578 192.5464217492347
    endloop
  endfacet
  facet normal -0.7431448254774052 -4.058121188326108e-18 -0.6691306063588459
    outer loop
      vertex 2.341957122256004 9.161232654627065 196.5710068891709
      vertex 2.831559480312316 12.990381056766578 196.02724838302365
      vertex 2.831559480312316 9.05716446081308 196.02724838302365
    endloop
  endfacet
  facet normal -0.8660254037844469 0 -0.4999999999999856
    outer loop
      vertex 2.831559480312316 9.05716446081308 196.02724838302365
      vertex 2.831559480312316 12.990381056766578 196.02724838302365
      vertex 2.9356614465620003 9.035036904803958 195.84693848831137
    endloop
  endfacet
  facet normal -0.7431448254774052 0 0.669130606358846
    outer loop
      vertex 2.341957122256004 9.161232654627065 191.3689931108291
      vertex 2.831559480312316 12.990381056766578 191.91275161697635
      vertex 2.341957122256004 12.990381056766578 191.3689931108291
    endloop
  endfacet
  facet normal -0.8660254037844354 0 0.5000000000000056
    outer loop
      vertex 2.831559480312316 9.05716446081308 191.91275161697635
      vertex 3.197409101749103 12.990381056766578 192.5464217492347
      vertex 2.831559480312316 12.990381056766578 191.91275161697635
    endloop
  endfacet
  facet normal -0.8660254037844355 1.2144103398953533e-15 -0.5000000000000056
    outer loop
      vertex 2.9356614465620003 9.035036904803958 195.84693848831137
      vertex 2.831559480312316 12.990381056766578 196.02724838302365
      vertex 3.197409101749103 12.990381056766578 195.3935782507653
    endloop
  endfacet
  facet normal -0.9510565162951531 0 0.309016994374949
    outer loop
      vertex 3.197409101749103 8.918499340402413 192.5464217492347
      vertex 3.42351660256832 12.990381056766578 193.24230908213784
      vertex 3.197409101749103 12.990381056766578 192.5464217492347
    endloop
  endfacet
  facet normal -0.9510565162951531 0 -0.309016994374949
    outer loop
      vertex 3.197409101749103 8.918499340402413 195.3935782507653
      vertex 3.197409101749103 12.990381056766578 195.3935782507653
      vertex 3.42351660256832 12.990381056766578 194.69769091786216
    endloop
  endfacet
  facet normal -0.9945218953682734 0 0.10452846326765258
    outer loop
      vertex 3.42351660256832 8.817829795074273 193.24230908213784
      vertex 3.5 12.990381056766578 193.97
      vertex 3.42351660256832 12.990381056766578 193.24230908213784
    endloop
  endfacet
  facet normal -0.9945218953682734 0 -0.1045284632676526
    outer loop
      vertex 3.5 8.783777192587836 193.97
      vertex 3.42351660256832 12.990381056766578 194.69769091786216
      vertex 3.5 12.990381056766578 193.97
    endloop
  endfacet
  facet normal -0.7431448254774052 0 -0.669130606358846
    outer loop
      vertex 2.341957122256004 9.161232654627065 196.5710068891709
      vertex 2.341957122256004 12.990381056766578 196.5710068891709
      vertex 2.831559480312316 12.990381056766578 196.02724838302365
    endloop
  endfacet
  facet normal -0.20791169081776972 0 0.9781476007338035
    outer loop
      vertex 0.3658496214367871 9.447958005998597 190.48917336621105
      vertex 1.0815594803123159 12.990381056766578 190.64130219296698
      vertex 0.3658496214367871 12.990381056766578 190.48917336621105
    endloop
  endfacet
  facet normal -0.4067366430757949 0 0.9135454576426033
    outer loop
      vertex 1.0815594803123159 9.429138443735619 190.64130219296698
      vertex 1.75 12.990381056766578 190.93891108675447
      vertex 1.0815594803123159 12.990381056766578 190.64130219296698
    endloop
  endfacet
  facet normal 0 0 -1
    outer loop
      vertex 0.3658496214367871 9.447958005998597 197.45082663378895
      vertex -0.3658496214367871 12.990381056766578 197.45082663378895
      vertex 0.3658496214367871 12.990381056766578 197.45082663378895
    endloop
  endfacet
  facet normal -0.20791169081776972 -3.3564090697999076e-15 -0.9781476007338035
    outer loop
      vertex 0.993020401042708 9.447958005998597 197.317517369296
      vertex 0.3658496214367871 12.990381056766578 197.45082663378895
      vertex 1.0815594803123159 12.990381056766578 197.29869780703302
    endloop
  endfacet
  facet normal 0 0 1
    outer loop
      vertex -0.3658496214367871 14.5 190.48917336621105
      vertex 0.3658496214367871 14.5 190.48917336621105
      vertex 0.3658496214367871 17.5 190.48917336621105
    endloop
  endfacet
  facet normal -0.2079116908177697 0 0.9781476007338032
    outer loop
      vertex 1.0815594803123159 17.5 190.64130219296698
      vertex 0.3658496214367871 14.5 190.48917336621105
      vertex 1.0815594803123159 14.5 190.64130219296698
    endloop
  endfacet
  facet normal -0.40673664307579493 -2.0197679546847035e-18 0.9135454576426032
    outer loop
      vertex 1.0815594803123159 14.5 190.64130219296698
      vertex 1.75 14.5 190.93891108675447
      vertex 1.75 17.5 190.93891108675447
    endloop
  endfacet
  facet normal -0.5877852522924558 -1.0052165053417896e-17 0.80901699437496
    outer loop
      vertex 1.75 14.5 190.93891108675447
      vertex 2.341957122256004 14.5 191.3689931108291
      vertex 2.341957122256004 17.5 191.3689931108291
    endloop
  endfacet
  facet normal -0.2079116908177697 -1.1179574574716287e-18 -0.9781476007338032
    outer loop
      vertex 1.0815594803123159 14.5 197.29869780703302
      vertex 0.3658496214367871 14.5 197.45082663378895
      vertex 0.3658496214367871 17.5 197.45082663378895
    endloop
  endfacet
  facet normal -0.40673664307579493 0 -0.9135454576426032
    outer loop
      vertex 1.0815594803123159 14.5 197.29869780703302
      vertex 1.0815594803123159 17.5 197.29869780703302
      vertex 1.75 14.5 197.00108891324552
    endloop
  endfacet
  facet normal -0.5877852522924558 1.0052165053417896e-17 -0.80901699437496
    outer loop
      vertex 2.341957122256004 14.5 196.5710068891709
      vertex 1.75 14.5 197.00108891324552
      vertex 1.75 17.5 197.00108891324552
    endloop
  endfacet
  facet normal -0.7431448254774052 5.320489868771593e-18 0.669130606358846
    outer loop
      vertex 2.341957122256004 14.5 191.3689931108291
      vertex 2.831559480312316 14.5 191.91275161697635
      vertex 2.831559480312316 17.5 191.91275161697635
    endloop
  endfacet
  facet normal -0.8660254037844355 1.8448407677342354e-18 0.5000000000000057
    outer loop
      vertex 2.831559480312316 14.5 191.91275161697635
      vertex 3.197409101749103 14.5 192.5464217492347
      vertex 3.197409101749103 17.5 192.5464217492347
    endloop
  endfacet
  facet normal -0.8660254037844355 0 -0.5000000000000057
    outer loop
      vertex 2.831559480312316 14.5 196.02724838302365
      vertex 2.831559480312316 17.5 196.02724838302365
      vertex 3.197409101749103 14.5 195.3935782507653
    endloop
  endfacet
  facet normal -0.951056516295153 7.328247372738421e-19 0.30901699437494895
    outer loop
      vertex 3.197409101749103 14.5 192.5464217492347
      vertex 3.42351660256832 14.5 193.24230908213784
      vertex 3.42351660256832 17.5 193.24230908213784
    endloop
  endfacet
  facet normal -0.951056516295153 0 -0.30901699437494895
    outer loop
      vertex 3.197409101749103 14.5 195.3935782507653
      vertex 3.197409101749103 17.5 195.3935782507653
      vertex 3.42351660256832 14.5 194.69769091786216
    endloop
  endfacet
  facet normal -0.9945218953682733 5.85200309527553e-19 0.10452846326765257
    outer loop
      vertex 3.42351660256832 14.5 193.24230908213784
      vertex 3.5 14.5 193.97
      vertex 3.5 17.5 193.97
    endloop
  endfacet
  facet normal -0.9945218953682733 0 -0.10452846326765257
    outer loop
      vertex 3.42351660256832 14.5 194.69769091786216
      vertex 3.42351660256832 17.5 194.69769091786216
      vertex 3.5 14.5 193.97
    endloop
  endfacet
  facet normal -0.7431448254774052 -5.320489868771593e-18 -0.669130606358846
    outer loop
      vertex 2.831559480312316 14.5 196.02724838302365
      vertex 2.341957122256004 14.5 196.5710068891709
      vertex 2.341957122256004 17.5 196.5710068891709
    endloop
  endfacet
  facet normal -0.2079116908177697 0 0.9781476007338032
    outer loop
      vertex 0.3658496214367871 14.5 190.48917336621105
      vertex 1.0815594803123159 17.5 190.64130219296698
      vertex 0.3658496214367871 17.5 190.48917336621105
    endloop
  endfacet
  facet normal -0.40673664307579493 0 0.9135454576426032
    outer loop
      vertex 1.0815594803123159 14.5 190.64130219296698
      vertex 1.75 17.5 190.93891108675447
      vertex 1.0815594803123159 17.5 190.64130219296698
    endloop
  endfacet
  facet normal -0.5877852522924558 0 0.80901699437496
    outer loop
      vertex 1.75 14.5 190.93891108675447
      vertex 2.341957122256004 17.5 191.3689931108291
      vertex 1.75 17.5 190.93891108675447
    endloop
  endfacet
  facet normal 0 0 -1
    outer loop
      vertex 0.3658496214367871 14.5 197.45082663378895
      vertex -0.3658496214367871 17.5 197.45082663378895
      vertex 0.3658496214367871 17.5 197.45082663378895
    endloop
  endfacet
  facet normal -0.2079116908177697 0 -0.9781476007338032
    outer loop
      vertex 1.0815594803123159 14.5 197.29869780703302
      vertex 0.3658496214367871 17.5 197.45082663378895
      vertex 1.0815594803123159 17.5 197.29869780703302
    endloop
  endfacet
  facet normal -0.40673664307579493 0 -0.9135454576426032
    outer loop
      vertex 1.75 14.5 197.00108891324552
      vertex 1.0815594803123159 17.5 197.29869780703302
      vertex 1.75 17.5 197.00108891324552
    endloop
  endfacet
  facet normal -0.5877852522924558 0 -0.80901699437496
    outer loop
      vertex 2.341957122256004 14.5 196.5710068891709
      vertex 1.75 17.5 197.00108891324552
      vertex 2.341957122256004 17.5 196.5710068891709
    endloop
  endfacet
  facet normal -0.7431448254774052 0 0.669130606358846
    outer loop
      vertex 2.341957122256004 14.5 191.3689931108291
      vertex 2.831559480312316 17.5 191.91275161697635
      vertex 2.341957122256004 17.5 191.3689931108291
    endloop
  endfacet
  facet normal -0.8660254037844355 0 0.5000000000000057
    outer loop
      vertex 2.831559480312316 14.5 191.91275161697635
      vertex 3.197409101749103 17.5 192.5464217492347
      vertex 2.831559480312316 17.5 191.91275161697635
    endloop
  endfacet
  facet normal -0.7431448254774052 0 -0.669130606358846
    outer loop
      vertex 2.831559480312316 14.5 196.02724838302365
      vertex 2.341957122256004 17.5 196.5710068891709
      vertex 2.831559480312316 17.5 196.02724838302365
    endloop
  endfacet
  facet normal -0.8660254037844355 -1.8448407677342354e-18 -0.5000000000000057
    outer loop
      vertex 2.831559480312316 17.5 196.02724838302365
      vertex 3.197409101749103 17.5 195.3935782507653
      vertex 3.197409101749103 14.5 195.3935782507653
    endloop
  endfacet
  facet normal -0.951056516295153 0 0.30901699437494895
    outer loop
      vertex 3.197409101749103 14.5 192.5464217492347
      vertex 3.42351660256832 17.5 193.24230908213784
      vertex 3.197409101749103 17.5 192.5464217492347
    endloop
  endfacet
  facet normal -0.951056516295153 -7.328247372738421e-19 -0.30901699437494895
    outer loop
      vertex 3.197409101749103 17.5 195.3935782507653
      vertex 3.42351660256832 17.5 194.69769091786216
      vertex 3.42351660256832 14.5 194.69769091786216
    endloop
  endfacet
  facet normal -0.9945218953682733 0 0.10452846326765257
    outer loop
      vertex 3.42351660256832 14.5 193.24230908213784
      vertex 3.5 17.5 193.97
      vertex 3.42351660256832 17.5 193.24230908213784
    endloop
  endfacet
  facet normal -0.9945218953682733 -5.85200309527553e-19 -0.10452846326765257
    outer loop
      vertex 3.42351660256832 17.5 194.69769091786216
      vertex 3.5 17.5 193.97
      vertex 3.5 14.5 193.97
    endloop
  endfacet
endsolid OpenSCAD_Model
